driver_id,driver_name,age,experience_years,license_type,employment_type,home_province,performance_rating
D000001,Dumisani Molefe,47,34,Code 10,Contract,North West,3.51
D000002,Mpho Modise,59,25,Code 10,Contract,Western Cape,3.28
D000003,Themba Naidoo,37,6,Code 14,Permanent,Free State,4.59
D000004,Tshepo Dlamini,38,23,Code 8,Contract,Western Cape,4.31
D000005,Nokuthula Ndlovu,50,3,Code 8,Owner Driver,Mpumalanga,3.8
D000006,Lerato Moyo,46,22,Code 8,Contract,Gauteng,4.6
D000007,Siyabonga Khumalo,45,9,Code 14,Contract,Limpopo,3.36
D000008,Lwazi Botha,52,20,Code 8,Permanent,Northern Cape,4.96
D000009,Thabo Mthembu,37,12,Code 8,Contract,Limpopo,3.71
D000010,Zanele Jacobs,41,21,Code 8,Permanent,Eastern Cape,3.14
D000011,Siyabonga Naidoo,63,13,Code 10,Permanent,North West,4.66
D000012,Themba Mokoena,55,9,Code 8,Permanent,Free State,4.93
D000013,Sipho Naidoo,24,30,Code 8,Permanent,Eastern Cape,4.45
D000014,Lerato Mkhize,40,15,Code 10,Permanent,Mpumalanga,3.24
D000015,Sibusiso Dlamini,31,6,Code 10,Permanent,KwaZulu-Natal,4.3
D000016,Lindelwa Botha,26,17,Code 10,Owner Driver,Western Cape,3.89
D000017,Kabelo Modise,46,21,Code 8,Permanent,Free State,3.46
D000018,Phumzile Naidoo,59,25,Code 14,Permanent,Limpopo,3.67
D000019,Lerato Mabena,60,26,Code 14,Permanent,North West,3.73
D000020,Karabo Modise,39,4,Code 14,Contract,Free State,4.17
D000021,Busisiwe Modise,23,3,Code 8,Permanent,Western Cape,4.1
D000022,Thabo Williams,53,27,Code 8,Permanent,Western Cape,3.4
D000023,Sibusiso Jacobs,40,23,Code 14,Owner Driver,Northern Cape,4.22
D000024,Precious Nkosi,63,2,Code 8,Owner Driver,Western Cape,3.97
D000025,Precious Mthembu,57,16,Code 8,Permanent,Gauteng,3.1
D000026,Nokuthula Nkosi,57,33,Code 10,Permanent,Western Cape,3.94
D000027,Amanda Botha,29,24,Code 10,Permanent,Eastern Cape,3.76
D000028,Nomsa Molefe,61,30,Code 10,Owner Driver,KwaZulu-Natal,4.89
D000029,Dumisani Jacobs,48,9,Code 10,Permanent,Gauteng,4.21
D000030,Sipho Adams,56,25,Code 10,Owner Driver,Mpumalanga,2.67
D000031,Lwazi Moyo,48,24,Code 10,Permanent,Eastern Cape,4.79
D000032,Nokuthula Dlamini,52,19,Code 8,Permanent,Limpopo,3.12
D000033,Bongani Mkhize,56,5,Code 14,Contract,Northern Cape,3.93
D000034,Lindelwa Pillay,37,28,Code 8,Permanent,North West,4.15
D000035,Mpho Naidoo,61,9,Code 10,Permanent,Mpumalanga,3.75
D000036,Kagiso Maseko,23,9,Code 14,Owner Driver,Limpopo,3.46
D000037,Lwazi Mokoena,33,25,Code 10,Contract,North West,3.92
D000038,Mpho Sithole,54,26,Code 8,Permanent,Gauteng,3.01
D000039,Sipho Zulu,32,27,Code 10,Owner Driver,Mpumalanga,4.67
D000040,Siyabonga Moyo,65,8,Code 8,Permanent,Northern Cape,3.13
D000041,Phumzile Mkhize,45,19,Code 10,Permanent,Limpopo,4.95
D000042,Sibusiso Botha,32,14,Code 14,Owner Driver,Western Cape,4.29
D000043,Nokuthula Naidoo,24,11,Code 10,Permanent,Northern Cape,3.35
D000044,Lindelwa Dlamini,60,5,Code 8,Permanent,Free State,3.17
D000045,Lwazi Maseko,40,34,Code 14,Permanent,Western Cape,4.52
D000046,Zanele Modise,65,4,Code 10,Contract,Northern Cape,4.1
D000047,Mandla Jacobs,46,11,Code 14,Permanent,Eastern Cape,3.44
D000048,Karabo Mthembu,56,15,Code 10,Permanent,KwaZulu-Natal,4.02
D000049,Zanele Mahlangu,28,24,Code 14,Permanent,Gauteng,3.66
D000050,Mandla Mahlangu,35,20,Code 8,Permanent,Gauteng,4.4
D000051,Sipho Mokoena,64,4,Code 8,Permanent,Free State,3.65
D000052,Mandla Khumalo,42,26,Code 8,Contract,Mpumalanga,4.14
D000053,Precious Jacobs,62,18,Code 10,Owner Driver,Northern Cape,3.52
D000054,Bongani Mabena,65,34,Code 10,Contract,KwaZulu-Natal,3.76
D000055,Siyabonga Cele,32,1,Code 8,Permanent,North West,3.11
D000056,Nokuthula Naidoo,43,26,Code 10,Permanent,North West,3.45
D000057,Themba Sithole,30,17,Code 8,Owner Driver,Free State,2.56
D000058,Precious Mabena,47,32,Code 10,Permanent,Gauteng,4.61
D000059,Nandi Modise,40,24,Code 14,Owner Driver,Northern Cape,3.88
D000060,Zanele Pillay,38,5,Code 14,Permanent,Gauteng,3.57
D000061,Mandla Pillay,36,21,Code 10,Permanent,Western Cape,4.03
D000062,Tshepo Zulu,29,33,Code 8,Permanent,Mpumalanga,3.85
D000063,Tshepo Modise,34,18,Code 10,Permanent,Free State,3.92
D000064,Kabelo Nkosi,62,28,Code 10,Permanent,Free State,3.37
D000065,Precious Khumalo,27,19,Code 8,Permanent,North West,3.52
D000066,Kagiso Zulu,40,6,Code 10,Owner Driver,Limpopo,3.95
D000067,Mandla Ndlovu,61,1,Code 14,Contract,Northern Cape,4.35
D000068,Zanele Ndlovu,50,13,Code 8,Permanent,Eastern Cape,3.52
D000069,Lwazi Modise,57,27,Code 8,Contract,KwaZulu-Natal,4.28
D000070,Dumisani Modise,50,16,Code 10,Contract,Northern Cape,4.27
D000071,Ayanda Adams,50,11,Code 10,Permanent,North West,4.11
D000072,Kabelo Adams,28,33,Code 10,Owner Driver,Mpumalanga,3.66
D000073,Tshepo Modise,33,3,Code 8,Owner Driver,North West,3.83
D000074,Lwazi Khumalo,63,16,Code 10,Permanent,Free State,4.34
D000075,Nomsa Jacobs,54,29,Code 14,Permanent,Gauteng,5.0
D000076,Lerato Dlamini,26,19,Code 8,Owner Driver,Free State,4.1
D000077,Nomsa Moyo,63,1,Code 8,Contract,Free State,3.81
D000078,Kagiso Mkhize,57,34,Code 8,Permanent,Northern Cape,4.57
D000079,Precious Williams,30,33,Code 10,Contract,KwaZulu-Natal,3.55
D000080,Tshepo Mokoena,52,6,Code 8,Permanent,Northern Cape,3.89
D000081,Lindelwa Williams,27,21,Code 10,Contract,Eastern Cape,3.5
D000082,Mpho Pillay,58,16,Code 8,Permanent,North West,3.75
D000083,Thabo Maseko,35,27,Code 10,Permanent,Limpopo,3.87
D000084,Bongani Mokoena,43,18,Code 10,Permanent,Mpumalanga,4.63
D000085,Nomsa Adams,45,27,Code 10,Permanent,Eastern Cape,3.64
D000086,Sibusiso Adams,60,14,Code 10,Owner Driver,Western Cape,3.92
D000087,Lindelwa Ngcobo,35,15,Code 14,Permanent,Eastern Cape,3.34
D000088,Mandla Van Wyk,36,3,Code 8,Owner Driver,Gauteng,3.46
D000089,Nomsa Zulu,37,22,Code 10,Permanent,Northern Cape,4.31
D000090,Kagiso Zulu,59,6,Code 10,Contract,Mpumalanga,4.93
D000091,Lindelwa Modise,63,27,Code 10,Owner Driver,Gauteng,3.73
D000092,Sibusiso Williams,23,9,Code 8,Owner Driver,Eastern Cape,3.1
D000093,Busisiwe Ndlovu,48,6,Code 8,Owner Driver,Northern Cape,3.4
D000094,Karabo Ndlovu,41,28,Code 10,Permanent,Free State,3.82
D000095,Mpho Mabena,61,25,Code 10,Permanent,Free State,4.2
D000096,Ayanda Khumalo,30,24,Code 10,Permanent,Northern Cape,4.65
D000097,Lwazi Jacobs,46,4,Code 14,Contract,Gauteng,3.43
D000098,Sibusiso Van Wyk,46,30,Code 10,Contract,Gauteng,4.53
D000099,Themba Mabena,38,19,Code 8,Owner Driver,North West,3.06
D000100,Themba Moyo,64,20,Code 8,Permanent,North West,4.49
D000101,Busisiwe Mthembu,27,15,Code 14,Permanent,Gauteng,4.0
D000102,Kagiso Dlamini,49,23,Code 14,Permanent,Eastern Cape,3.83
D000103,Phumzile Modise,30,2,Code 10,Owner Driver,Northern Cape,3.95
D000104,Kabelo Mahlangu,51,24,Code 8,Permanent,Western Cape,3.67
D000105,Amanda Mabena,31,19,Code 8,Contract,Eastern Cape,2.93
D000106,Nokuthula Moyo,36,24,Code 10,Contract,Free State,4.05
D000107,Thabo Khumalo,23,20,Code 14,Permanent,North West,4.64
D000108,Nandi Mahlangu,43,29,Code 10,Owner Driver,Western Cape,4.56
D000109,Karabo Khumalo,60,4,Code 10,Contract,Mpumalanga,4.05
D000110,Amanda Mkhize,38,16,Code 14,Permanent,Mpumalanga,3.36
D000111,Lwazi Nkosi,31,32,Code 10,Contract,Gauteng,4.96
D000112,Lindelwa Modise,60,26,Code 10,Contract,Gauteng,4.12
D000113,Ayanda Moyo,43,26,Code 14,Contract,KwaZulu-Natal,3.42
D000114,Nokuthula Mkhize,62,29,Code 8,Owner Driver,Western Cape,4.07
D000115,Bongani Mkhize,56,15,Code 8,Owner Driver,Western Cape,3.65
D000116,Lwazi Jacobs,42,1,Code 8,Owner Driver,Gauteng,2.78
D000117,Zanele Cele,65,30,Code 14,Permanent,Mpumalanga,3.17
D000118,Nomsa Maseko,33,30,Code 10,Permanent,Limpopo,4.1
D000119,Tshepo Dlamini,53,21,Code 8,Owner Driver,KwaZulu-Natal,5.0
D000120,Tshepo Nkosi,46,8,Code 10,Owner Driver,Northern Cape,4.08
D000121,Precious Botha,26,2,Code 8,Permanent,Mpumalanga,3.3
D000122,Mpho Mthembu,45,17,Code 14,Permanent,Western Cape,4.75
D000123,Tshepo Dlamini,49,9,Code 8,Contract,Gauteng,3.97
D000124,Nomsa Khumalo,23,15,Code 10,Owner Driver,KwaZulu-Natal,4.06
D000125,Karabo Mahlangu,25,29,Code 10,Owner Driver,KwaZulu-Natal,3.43
D000126,Mandla Moyo,47,9,Code 8,Permanent,Western Cape,3.19
D000127,Mandla Mkhize,42,6,Code 14,Contract,Mpumalanga,4.27
D000128,Lerato Mabena,27,33,Code 8,Permanent,Mpumalanga,4.62
D000129,Siyabonga Nkosi,45,21,Code 8,Contract,Northern Cape,4.34
D000130,Precious Mabena,56,33,Code 8,Permanent,Eastern Cape,4.28
D000131,Mandla Sithole,39,33,Code 8,Permanent,North West,3.75
D000132,Phumzile Ngcobo,62,14,Code 14,Permanent,Northern Cape,3.55
D000133,Karabo Naidoo,47,12,Code 10,Owner Driver,Mpumalanga,4.0
D000134,Themba Williams,47,26,Code 10,Owner Driver,KwaZulu-Natal,3.52
D000135,Sipho Mokoena,65,33,Code 10,Contract,Eastern Cape,3.96
D000136,Nandi Modise,55,14,Code 14,Permanent,Mpumalanga,4.55
D000137,Busisiwe Mahlangu,24,8,Code 8,Permanent,Free State,3.7
D000138,Kabelo Mthembu,57,9,Code 14,Permanent,Gauteng,4.61
D000139,Karabo Adams,56,26,Code 10,Owner Driver,Gauteng,4.13
D000140,Sipho Mabena,29,29,Code 8,Permanent,Northern Cape,4.22
D000141,Ayanda Williams,30,14,Code 10,Contract,Mpumalanga,4.13
D000142,Mandla Mahlangu,56,29,Code 8,Permanent,North West,2.89
D000143,Phumzile Pillay,54,25,Code 10,Contract,KwaZulu-Natal,3.97
D000144,Dumisani Botha,55,17,Code 14,Permanent,Free State,3.5
D000145,Precious Mabena,25,29,Code 8,Permanent,KwaZulu-Natal,3.62
D000146,Zanele Modise,45,3,Code 10,Permanent,Free State,3.74
D000147,Lindelwa Zulu,33,28,Code 8,Permanent,Limpopo,4.02
D000148,Sipho Ngcobo,33,29,Code 8,Permanent,Free State,3.78
D000149,Themba Naidoo,32,24,Code 8,Permanent,Western Cape,3.97
D000150,Amanda Maseko,44,12,Code 10,Permanent,Gauteng,4.25
D000151,Sipho Ngcobo,57,4,Code 14,Permanent,Limpopo,3.85
D000152,Themba Cele,42,17,Code 8,Contract,KwaZulu-Natal,3.95
D000153,Kagiso Jacobs,53,25,Code 10,Permanent,Western Cape,3.62
D000154,Mandla Mkhize,47,17,Code 14,Contract,KwaZulu-Natal,3.26
D000155,Busisiwe Mokoena,46,7,Code 10,Contract,Eastern Cape,4.57
D000156,Karabo Modise,32,1,Code 10,Contract,Gauteng,4.37
D000157,Kagiso Mabena,26,31,Code 8,Contract,Eastern Cape,4.69
D000158,Bongani Ngcobo,46,24,Code 10,Permanent,Gauteng,3.96
D000159,Sibusiso Sithole,26,17,Code 14,Permanent,KwaZulu-Natal,4.23
D000160,Sibusiso Ndlovu,45,19,Code 8,Contract,Gauteng,3.92
D000161,Siyabonga Mabena,48,27,Code 10,Permanent,Limpopo,2.85
D000162,Karabo Mabena,30,34,Code 14,Owner Driver,Mpumalanga,3.79
D000163,Amanda Dlamini,38,23,Code 14,Permanent,Gauteng,4.26
D000164,Ayanda Sithole,40,20,Code 8,Contract,Limpopo,4.62
D000165,Mandla Dlamini,53,5,Code 14,Contract,Limpopo,4.47
D000166,Themba Adams,31,33,Code 10,Permanent,Mpumalanga,3.98
D000167,Nandi Ngcobo,65,13,Code 8,Permanent,Northern Cape,4.55
D000168,Lindelwa Williams,34,30,Code 8,Permanent,Free State,4.08
D000169,Zanele Van Wyk,45,26,Code 10,Contract,Western Cape,3.33
D000170,Mpho Mahlangu,55,27,Code 10,Contract,North West,3.89
D000171,Precious Pillay,40,19,Code 8,Permanent,North West,4.16
D000172,Mpho Nkosi,60,24,Code 10,Permanent,North West,4.69
D000173,Precious Cele,29,34,Code 8,Permanent,Free State,3.35
D000174,Zanele Khumalo,30,23,Code 14,Owner Driver,Gauteng,4.49
D000175,Dumisani Adams,49,12,Code 10,Permanent,Eastern Cape,3.99
D000176,Lerato Naidoo,55,1,Code 8,Contract,North West,4.84
D000177,Ayanda Van Wyk,37,28,Code 8,Owner Driver,North West,3.57
D000178,Themba Mthembu,43,19,Code 8,Owner Driver,Mpumalanga,3.82
D000179,Themba Mokoena,52,24,Code 8,Permanent,KwaZulu-Natal,4.6
D000180,Nomsa Molefe,56,11,Code 10,Permanent,North West,3.56
D000181,Sibusiso Molefe,33,32,Code 10,Contract,North West,3.79
D000182,Sibusiso Moyo,52,12,Code 14,Permanent,Mpumalanga,3.77
D000183,Mandla Molefe,36,1,Code 14,Permanent,Free State,4.34
D000184,Mpho Naidoo,41,11,Code 14,Contract,North West,3.47
D000185,Kagiso Ngcobo,40,20,Code 10,Contract,Gauteng,5.0
D000186,Lindelwa Van Wyk,40,30,Code 8,Permanent,North West,3.44
D000187,Thabo Mabena,26,30,Code 10,Permanent,Limpopo,4.72
D000188,Kabelo Molefe,29,10,Code 8,Permanent,Western Cape,3.57
D000189,Sibusiso Moyo,63,5,Code 10,Permanent,Mpumalanga,4.56
D000190,Karabo Ndlovu,31,14,Code 8,Owner Driver,Northern Cape,3.91
D000191,Zanele Moyo,31,11,Code 10,Permanent,Eastern Cape,5.0
D000192,Thabo Zulu,24,31,Code 10,Permanent,Northern Cape,4.1
D000193,Sibusiso Williams,37,17,Code 8,Contract,Eastern Cape,5.0
D000194,Dumisani Mahlangu,28,31,Code 8,Owner Driver,Eastern Cape,3.61
D000195,Nokuthula Ngcobo,28,11,Code 8,Permanent,Eastern Cape,3.95
D000196,Ayanda Van Wyk,27,31,Code 8,Contract,Mpumalanga,3.16
D000197,Sipho Williams,28,5,Code 8,Owner Driver,Eastern Cape,3.89
D000198,Amanda Mahlangu,41,20,Code 8,Contract,Limpopo,3.64
D000199,Sipho Maseko,60,10,Code 14,Owner Driver,Western Cape,4.26
D000200,Siyabonga Mabena,29,27,Code 8,Permanent,Free State,3.69
D000201,Lindelwa Nkosi,41,3,Code 14,Permanent,North West,5.0
D000202,Precious Jacobs,58,8,Code 10,Owner Driver,Gauteng,3.78
D000203,Busisiwe Mahlangu,55,32,Code 10,Contract,Northern Cape,3.45
D000204,Themba Ngcobo,57,10,Code 8,Permanent,Gauteng,4.04
D000205,Zanele Van Wyk,48,9,Code 14,Permanent,Northern Cape,3.37
D000206,Zanele Sithole,48,5,Code 14,Permanent,Free State,4.62
D000207,Thabo Molefe,62,30,Code 10,Permanent,Mpumalanga,4.42
D000208,Themba Naidoo,61,9,Code 14,Permanent,Northern Cape,3.49
D000209,Nokuthula Botha,38,5,Code 8,Permanent,Gauteng,2.82
D000210,Mpho Naidoo,24,7,Code 8,Contract,Northern Cape,3.75
D000211,Nandi Ndlovu,44,34,Code 8,Permanent,Limpopo,4.25
D000212,Mpho Mkhize,38,27,Code 14,Owner Driver,Western Cape,4.09
D000213,Lwazi Zulu,45,27,Code 14,Permanent,North West,3.33
D000214,Amanda Maseko,62,21,Code 14,Owner Driver,Gauteng,4.72
D000215,Mandla Zulu,41,13,Code 8,Contract,Gauteng,4.06
D000216,Lerato Mabena,27,9,Code 10,Permanent,Free State,3.74
D000217,Sipho Mokoena,47,29,Code 10,Contract,Limpopo,2.77
D000218,Nandi Mahlangu,28,12,Code 10,Permanent,Western Cape,4.2
D000219,Themba Mthembu,54,5,Code 10,Permanent,Gauteng,5.0
D000220,Karabo Adams,24,14,Code 10,Permanent,Northern Cape,4.34
D000221,Mpho Ngcobo,47,15,Code 8,Permanent,Northern Cape,3.85
D000222,Lindelwa Mabena,47,16,Code 8,Permanent,Mpumalanga,4.84
D000223,Amanda Jacobs,55,2,Code 8,Owner Driver,Gauteng,3.5
D000224,Kagiso Williams,41,12,Code 8,Permanent,Gauteng,4.39
D000225,Siyabonga Adams,57,27,Code 10,Contract,Mpumalanga,4.76
D000226,Mpho Williams,42,20,Code 8,Permanent,KwaZulu-Natal,3.26
D000227,Nomsa Ndlovu,55,30,Code 8,Permanent,Gauteng,4.01
D000228,Lwazi Khumalo,24,5,Code 10,Contract,Gauteng,3.73
D000229,Themba Molefe,36,11,Code 10,Contract,Eastern Cape,4.62
D000230,Nokuthula Cele,26,27,Code 14,Owner Driver,Western Cape,3.22
D000231,Amanda Adams,62,17,Code 10,Contract,Eastern Cape,3.24
D000232,Dumisani Modise,62,23,Code 14,Contract,Free State,3.61
D000233,Mandla Molefe,49,4,Code 8,Contract,Western Cape,3.94
D000234,Precious Modise,61,8,Code 8,Contract,Eastern Cape,4.64
D000235,Sipho Mthembu,26,14,Code 10,Permanent,Northern Cape,4.75
D000236,Sibusiso Moyo,23,10,Code 10,Permanent,Mpumalanga,3.35
D000237,Ayanda Modise,48,9,Code 10,Permanent,Eastern Cape,3.47
D000238,Phumzile Jacobs,50,11,Code 10,Permanent,Limpopo,4.14
D000239,Lindelwa Pillay,28,32,Code 10,Owner Driver,Gauteng,4.31
D000240,Tshepo Khumalo,50,18,Code 14,Contract,KwaZulu-Natal,3.53
D000241,Lwazi Khumalo,57,20,Code 10,Permanent,Limpopo,3.22
D000242,Kabelo Mokoena,60,12,Code 8,Permanent,KwaZulu-Natal,3.46
D000243,Kagiso Jacobs,26,33,Code 10,Permanent,Western Cape,4.02
D000244,Karabo Molefe,60,23,Code 8,Permanent,Free State,5.0
D000245,Lindelwa Mokoena,64,32,Code 8,Permanent,Free State,3.55
D000246,Ayanda Pillay,33,30,Code 10,Permanent,Gauteng,3.74
D000247,Mpho Maseko,43,14,Code 14,Permanent,Western Cape,4.47
D000248,Tshepo Adams,46,29,Code 10,Contract,Northern Cape,4.7
D000249,Thabo Mkhize,61,3,Code 8,Owner Driver,Limpopo,4.95
D000250,Dumisani Mahlangu,42,33,Code 10,Contract,Mpumalanga,4.21
D000251,Sipho Nkosi,25,22,Code 8,Permanent,Eastern Cape,3.26
D000252,Sibusiso Sithole,31,21,Code 10,Permanent,Northern Cape,3.61
D000253,Mpho Cele,37,22,Code 10,Permanent,Mpumalanga,3.18
D000254,Busisiwe Mahlangu,37,30,Code 8,Permanent,Northern Cape,4.07
D000255,Sipho Maseko,27,34,Code 10,Permanent,Gauteng,3.69
D000256,Phumzile Naidoo,36,27,Code 14,Owner Driver,Free State,4.15
D000257,Dumisani Williams,64,29,Code 8,Contract,Limpopo,4.46
D000258,Nomsa Nkosi,48,29,Code 14,Contract,Limpopo,3.27
D000259,Lindelwa Molefe,60,6,Code 14,Contract,KwaZulu-Natal,3.89
D000260,Kabelo Cele,61,20,Code 8,Owner Driver,Mpumalanga,3.14
D000261,Themba Mokoena,57,27,Code 8,Permanent,North West,3.27
D000262,Tshepo Ndlovu,37,5,Code 10,Permanent,Free State,4.01
D000263,Amanda Molefe,52,7,Code 14,Permanent,Gauteng,3.91
D000264,Lerato Williams,41,25,Code 8,Permanent,Western Cape,3.38
D000265,Nomsa Sithole,35,12,Code 8,Permanent,KwaZulu-Natal,4.18
D000266,Nomsa Botha,63,31,Code 14,Owner Driver,KwaZulu-Natal,3.91
D000267,Dumisani Moyo,25,21,Code 10,Permanent,KwaZulu-Natal,3.66
D000268,Themba Ndlovu,28,30,Code 10,Permanent,Eastern Cape,3.28
D000269,Busisiwe Modise,37,29,Code 10,Permanent,Limpopo,4.42
D000270,Zanele Ngcobo,40,14,Code 10,Permanent,Gauteng,4.33
D000271,Nandi Mabena,53,10,Code 10,Permanent,Western Cape,4.06
D000272,Nandi Modise,54,10,Code 10,Owner Driver,Western Cape,3.68
D000273,Sibusiso Sithole,55,10,Code 10,Permanent,Mpumalanga,4.03
D000274,Nomsa Botha,53,33,Code 8,Contract,KwaZulu-Natal,3.84
D000275,Amanda Nkosi,52,11,Code 14,Permanent,Eastern Cape,3.51
D000276,Karabo Mabena,39,9,Code 10,Permanent,Eastern Cape,3.11
D000277,Mpho Cele,38,30,Code 10,Permanent,KwaZulu-Natal,3.95
D000278,Siyabonga Mabena,56,15,Code 8,Contract,North West,3.63
D000279,Sibusiso Botha,51,23,Code 8,Permanent,KwaZulu-Natal,4.01
D000280,Phumzile Khumalo,28,32,Code 8,Owner Driver,Gauteng,3.73
D000281,Tshepo Van Wyk,26,4,Code 8,Owner Driver,Mpumalanga,5.0
D000282,Lwazi Botha,25,1,Code 8,Permanent,Gauteng,3.84
D000283,Mpho Mokoena,58,14,Code 10,Permanent,Gauteng,5.0
D000284,Kabelo Van Wyk,59,30,Code 10,Owner Driver,Limpopo,2.92
D000285,Mandla Sithole,47,4,Code 8,Contract,Limpopo,3.71
D000286,Precious Jacobs,46,32,Code 10,Permanent,North West,4.36
D000287,Themba Pillay,56,24,Code 10,Permanent,Free State,3.84
D000288,Tshepo Naidoo,35,5,Code 8,Permanent,North West,4.32
D000289,Nokuthula Nkosi,35,28,Code 10,Permanent,Mpumalanga,4.34
D000290,Mpho Jacobs,56,25,Code 10,Permanent,Free State,3.39
D000291,Precious Maseko,35,28,Code 10,Permanent,Free State,3.84
D000292,Kagiso Mahlangu,58,34,Code 8,Permanent,Western Cape,5.0
D000293,Amanda Mabena,30,11,Code 14,Contract,Northern Cape,3.75
D000294,Sibusiso Nkosi,64,16,Code 8,Contract,North West,4.13
D000295,Ayanda Moyo,27,32,Code 14,Permanent,North West,4.36
D000296,Themba Cele,26,33,Code 14,Contract,Mpumalanga,4.16
D000297,Ayanda Botha,62,7,Code 14,Owner Driver,Mpumalanga,3.64
D000298,Kagiso Mabena,44,3,Code 8,Permanent,Free State,4.37
D000299,Zanele Cele,41,14,Code 8,Contract,Limpopo,3.43
D000300,Mandla Sithole,40,19,Code 10,Permanent,Northern Cape,3.66
D000301,Lindelwa Jacobs,30,25,Code 8,Owner Driver,Gauteng,3.56
D000302,Thabo Naidoo,32,4,Code 8,Contract,North West,3.88
D000303,Sipho Maseko,27,14,Code 10,Owner Driver,Eastern Cape,3.98
D000304,Nokuthula Maseko,57,33,Code 14,Owner Driver,Limpopo,3.93
D000305,Themba Jacobs,43,1,Code 14,Owner Driver,Northern Cape,3.84
D000306,Mandla Maseko,33,20,Code 14,Permanent,Eastern Cape,3.62
D000307,Kagiso Mabena,47,8,Code 14,Permanent,Western Cape,3.2
D000308,Busisiwe Maseko,50,34,Code 10,Permanent,Gauteng,4.39
D000309,Sipho Mokoena,62,14,Code 8,Permanent,Mpumalanga,4.08
D000310,Themba Mthembu,62,15,Code 10,Contract,Western Cape,3.27
D000311,Karabo Molefe,56,12,Code 10,Contract,Gauteng,4.17
D000312,Themba Ndlovu,48,32,Code 14,Permanent,Free State,4.06
D000313,Kabelo Jacobs,50,7,Code 8,Contract,North West,2.95
D000314,Lwazi Ndlovu,45,14,Code 10,Permanent,Mpumalanga,3.74
D000315,Themba Pillay,57,4,Code 8,Permanent,KwaZulu-Natal,3.43
D000316,Bongani Van Wyk,23,20,Code 10,Permanent,Free State,3.17
D000317,Kabelo Molefe,26,5,Code 10,Permanent,Gauteng,3.68
D000318,Mpho Modise,27,24,Code 14,Permanent,Eastern Cape,3.97
D000319,Phumzile Williams,25,18,Code 8,Permanent,North West,3.78
D000320,Nomsa Sithole,61,9,Code 14,Permanent,North West,4.48
D000321,Kabelo Nkosi,54,18,Code 14,Permanent,Western Cape,4.03
D000322,Themba Jacobs,51,14,Code 10,Permanent,Limpopo,4.21
D000323,Lerato Sithole,44,22,Code 8,Owner Driver,Mpumalanga,4.61
D000324,Kagiso Mthembu,42,22,Code 10,Permanent,Free State,3.15
D000325,Tshepo Ndlovu,42,25,Code 8,Permanent,Limpopo,4.48
D000326,Busisiwe Mkhize,32,5,Code 10,Owner Driver,Mpumalanga,4.61
D000327,Busisiwe Modise,56,13,Code 10,Contract,Mpumalanga,4.11
D000328,Lwazi Maseko,64,14,Code 10,Permanent,Western Cape,3.74
D000329,Karabo Dlamini,60,2,Code 8,Contract,North West,4.84
D000330,Siyabonga Dlamini,54,7,Code 14,Permanent,Gauteng,4.22
D000331,Lwazi Moyo,53,11,Code 10,Permanent,North West,4.49
D000332,Nomsa Khumalo,45,24,Code 8,Owner Driver,Limpopo,3.87
D000333,Mpho Ndlovu,62,24,Code 10,Contract,Limpopo,3.6
D000334,Karabo Mthembu,57,1,Code 10,Permanent,Free State,4.71
D000335,Phumzile Mokoena,53,3,Code 14,Contract,Mpumalanga,3.93
D000336,Lwazi Jacobs,28,4,Code 10,Permanent,Eastern Cape,4.01
D000337,Tshepo Mokoena,36,18,Code 10,Permanent,Mpumalanga,4.19
D000338,Mpho Molefe,29,32,Code 8,Permanent,North West,3.63
D000339,Sibusiso Naidoo,62,24,Code 8,Contract,Free State,3.56
D000340,Kagiso Mahlangu,61,27,Code 8,Permanent,North West,3.97
D000341,Tshepo Khumalo,33,5,Code 10,Contract,KwaZulu-Natal,3.5
D000342,Zanele Zulu,38,8,Code 10,Contract,Gauteng,3.93
D000343,Mandla Ngcobo,52,27,Code 10,Permanent,KwaZulu-Natal,3.94
D000344,Siyabonga Jacobs,25,7,Code 8,Permanent,Limpopo,4.14
D000345,Themba Cele,38,28,Code 10,Owner Driver,Mpumalanga,3.44
D000346,Lindelwa Moyo,30,26,Code 14,Contract,Gauteng,3.51
D000347,Mandla Mabena,26,8,Code 8,Permanent,Gauteng,3.24
D000348,Nandi Ndlovu,30,25,Code 14,Permanent,Limpopo,3.47
D000349,Phumzile Mabena,28,20,Code 10,Contract,Limpopo,4.51
D000350,Siyabonga Modise,61,17,Code 8,Permanent,Free State,3.96
D000351,Thabo Cele,26,11,Code 10,Contract,Gauteng,3.8
D000352,Bongani Nkosi,57,13,Code 10,Permanent,Limpopo,3.35
D000353,Kabelo Molefe,57,7,Code 10,Contract,Western Cape,4.36
D000354,Kabelo Cele,39,21,Code 10,Permanent,Western Cape,4.13
D000355,Busisiwe Maseko,49,4,Code 10,Permanent,Northern Cape,3.45
D000356,Tshepo Williams,58,29,Code 14,Contract,Western Cape,4.22
D000357,Sibusiso Ngcobo,53,4,Code 8,Contract,Mpumalanga,4.0
D000358,Nandi Cele,31,7,Code 8,Contract,Free State,4.47
D000359,Nokuthula Ngcobo,41,17,Code 10,Contract,Eastern Cape,4.28
D000360,Phumzile Williams,31,5,Code 8,Permanent,Gauteng,4.41
D000361,Lindelwa Mahlangu,41,24,Code 8,Permanent,Gauteng,5.0
D000362,Nandi Williams,65,22,Code 10,Permanent,Western Cape,4.7
D000363,Lwazi Nkosi,41,27,Code 10,Permanent,Eastern Cape,4.31
D000364,Nokuthula Nkosi,35,29,Code 14,Permanent,Limpopo,5.0
D000365,Thabo Adams,44,27,Code 10,Contract,Western Cape,4.41
D000366,Themba Khumalo,35,16,Code 14,Contract,Mpumalanga,4.06
D000367,Bongani Ndlovu,48,28,Code 10,Owner Driver,North West,3.0
D000368,Themba Mokoena,65,34,Code 8,Contract,Limpopo,4.83
D000369,Kagiso Naidoo,40,15,Code 8,Contract,Gauteng,4.42
D000370,Lerato Mabena,40,24,Code 10,Owner Driver,Free State,2.99
D000371,Sibusiso Naidoo,27,28,Code 10,Contract,KwaZulu-Natal,4.52
D000372,Phumzile Jacobs,40,5,Code 8,Contract,North West,4.99
D000373,Nokuthula Khumalo,24,6,Code 8,Permanent,Gauteng,4.32
D000374,Precious Mkhize,38,28,Code 10,Contract,Free State,4.34
D000375,Dumisani Ndlovu,35,28,Code 10,Permanent,Free State,3.46
D000376,Amanda Mabena,30,1,Code 10,Contract,Northern Cape,3.88
D000377,Lindelwa Maseko,64,10,Code 14,Owner Driver,KwaZulu-Natal,4.05
D000378,Busisiwe Mabena,43,32,Code 8,Permanent,Eastern Cape,4.89
D000379,Ayanda Khumalo,64,22,Code 8,Permanent,North West,4.45
D000380,Sipho Modise,56,8,Code 8,Permanent,Free State,3.8
D000381,Dumisani Molefe,57,31,Code 10,Contract,KwaZulu-Natal,3.6
D000382,Kabelo Naidoo,40,9,Code 14,Permanent,Eastern Cape,3.19
D000383,Tshepo Van Wyk,53,33,Code 8,Permanent,Gauteng,4.37
D000384,Tshepo Zulu,58,19,Code 10,Permanent,Northern Cape,3.82
D000385,Siyabonga Khumalo,62,13,Code 10,Permanent,KwaZulu-Natal,4.45
D000386,Nokuthula Naidoo,65,17,Code 14,Permanent,Western Cape,3.18
D000387,Busisiwe Jacobs,46,33,Code 10,Permanent,Northern Cape,4.4
D000388,Thabo Mabena,36,22,Code 10,Permanent,Mpumalanga,4.15
D000389,Lindelwa Sithole,30,9,Code 14,Owner Driver,Northern Cape,4.0
D000390,Tshepo Khumalo,30,1,Code 10,Contract,North West,3.9
D000391,Bongani Maseko,30,1,Code 8,Permanent,Eastern Cape,4.32
D000392,Lerato Nkosi,40,33,Code 8,Permanent,Free State,3.89
D000393,Lindelwa Ndlovu,46,32,Code 10,Permanent,Limpopo,3.95
D000394,Ayanda Mabena,38,23,Code 8,Permanent,Eastern Cape,5.0
D000395,Nokuthula Ngcobo,25,28,Code 10,Owner Driver,North West,3.68
D000396,Phumzile Moyo,26,32,Code 8,Permanent,Mpumalanga,4.63
D000397,Nokuthula Zulu,65,18,Code 10,Permanent,Eastern Cape,3.32
D000398,Lindelwa Mabena,42,12,Code 14,Contract,Northern Cape,3.82
D000399,Tshepo Jacobs,50,23,Code 10,Contract,Eastern Cape,3.56
D000400,Nokuthula Khumalo,23,11,Code 10,Contract,Eastern Cape,3.52
D000401,Sibusiso Mkhize,62,15,Code 10,Permanent,Free State,4.01
D000402,Zanele Mahlangu,45,28,Code 10,Permanent,Gauteng,4.57
D000403,Nandi Cele,40,5,Code 8,Permanent,Northern Cape,4.48
D000404,Tshepo Van Wyk,52,24,Code 10,Contract,North West,4.7
D000405,Phumzile Botha,48,27,Code 8,Owner Driver,Northern Cape,3.75
D000406,Precious Maseko,54,15,Code 8,Permanent,Gauteng,3.49
D000407,Ayanda Moyo,64,25,Code 8,Contract,Gauteng,4.58
D000408,Busisiwe Moyo,37,19,Code 8,Permanent,Free State,5.0
D000409,Ayanda Botha,34,19,Code 10,Contract,Eastern Cape,4.16
D000410,Nandi Zulu,58,8,Code 10,Contract,Mpumalanga,3.75
D000411,Sipho Molefe,61,3,Code 8,Permanent,Western Cape,3.81
D000412,Zanele Khumalo,31,8,Code 8,Contract,KwaZulu-Natal,3.77
D000413,Dumisani Molefe,26,22,Code 14,Permanent,Western Cape,4.03
D000414,Sipho Ndlovu,37,30,Code 10,Contract,Limpopo,3.89
D000415,Kabelo Mahlangu,23,21,Code 10,Permanent,Gauteng,4.27
D000416,Siyabonga Ndlovu,61,26,Code 14,Owner Driver,North West,4.45
D000417,Lindelwa Molefe,40,28,Code 10,Permanent,Northern Cape,4.37
D000418,Nandi Botha,55,7,Code 14,Permanent,KwaZulu-Natal,3.58
D000419,Kabelo Cele,49,13,Code 10,Permanent,Mpumalanga,4.57
D000420,Sipho Dlamini,27,6,Code 10,Contract,Eastern Cape,3.52
D000421,Busisiwe Ndlovu,40,28,Code 10,Permanent,North West,4.65
D000422,Lerato Ndlovu,30,34,Code 10,Contract,KwaZulu-Natal,4.69
D000423,Busisiwe Dlamini,48,12,Code 10,Permanent,KwaZulu-Natal,3.54
D000424,Lindelwa Modise,49,12,Code 8,Contract,Gauteng,5.0
D000425,Busisiwe Mokoena,37,33,Code 8,Owner Driver,Eastern Cape,4.46
D000426,Lindelwa Zulu,51,3,Code 8,Permanent,KwaZulu-Natal,3.94
D000427,Nandi Mabena,42,11,Code 10,Permanent,Eastern Cape,4.98
D000428,Nomsa Sithole,38,32,Code 10,Permanent,Limpopo,3.94
D000429,Lindelwa Van Wyk,62,25,Code 8,Owner Driver,Free State,3.46
D000430,Ayanda Adams,48,5,Code 10,Permanent,Gauteng,3.82
D000431,Precious Dlamini,43,25,Code 8,Permanent,Eastern Cape,4.33
D000432,Lindelwa Maseko,56,20,Code 10,Permanent,Northern Cape,3.93
D000433,Themba Zulu,25,10,Code 10,Contract,Gauteng,4.71
D000434,Sibusiso Van Wyk,30,22,Code 10,Permanent,Free State,4.92
D000435,Bongani Mabena,29,18,Code 10,Permanent,Free State,3.97
D000436,Tshepo Maseko,34,6,Code 8,Permanent,KwaZulu-Natal,3.57
D000437,Themba Jacobs,35,5,Code 8,Contract,Limpopo,4.45
D000438,Sipho Mahlangu,30,31,Code 10,Permanent,Western Cape,2.96
D000439,Bongani Mkhize,57,1,Code 10,Permanent,Eastern Cape,4.0
D000440,Kabelo Modise,48,18,Code 8,Contract,Northern Cape,4.04
D000441,Mandla Cele,24,10,Code 10,Owner Driver,Gauteng,3.98
D000442,Mandla Zulu,23,11,Code 8,Permanent,Gauteng,4.37
D000443,Mpho Naidoo,62,23,Code 14,Permanent,Limpopo,4.29
D000444,Kagiso Mkhize,56,23,Code 10,Contract,Northern Cape,4.08
D000445,Lindelwa Zulu,54,24,Code 8,Owner Driver,Free State,3.47
D000446,Sibusiso Zulu,40,32,Code 8,Contract,Free State,3.36
D000447,Siyabonga Molefe,26,6,Code 10,Permanent,Limpopo,3.87
D000448,Tshepo Mabena,28,26,Code 10,Permanent,Eastern Cape,4.09
D000449,Kabelo Modise,57,7,Code 14,Permanent,Western Cape,4.29
D000450,Themba Botha,37,26,Code 10,Permanent,KwaZulu-Natal,3.82
D000451,Kabelo Jacobs,48,17,Code 8,Permanent,Limpopo,4.33
D000452,Karabo Mahlangu,50,14,Code 8,Permanent,KwaZulu-Natal,4.64
D000453,Dumisani Botha,41,33,Code 10,Permanent,Western Cape,5.0
D000454,Lwazi Moyo,58,34,Code 10,Owner Driver,Northern Cape,3.43
D000455,Siyabonga Ndlovu,57,23,Code 10,Contract,Western Cape,2.71
D000456,Kagiso Adams,24,33,Code 10,Owner Driver,Gauteng,4.6
D000457,Siyabonga Van Wyk,40,10,Code 10,Contract,Limpopo,3.93
D000458,Lindelwa Williams,35,15,Code 8,Owner Driver,Western Cape,3.84
D000459,Mpho Molefe,27,14,Code 8,Contract,Northern Cape,4.13
D000460,Phumzile Sithole,42,22,Code 8,Permanent,North West,4.37
D000461,Ayanda Mthembu,56,21,Code 10,Permanent,Western Cape,4.39
D000462,Phumzile Mahlangu,24,19,Code 10,Owner Driver,Free State,4.47
D000463,Siyabonga Dlamini,37,20,Code 8,Permanent,Western Cape,3.01
D000464,Ayanda Pillay,33,13,Code 10,Permanent,Limpopo,4.09
D000465,Sibusiso Dlamini,46,30,Code 8,Permanent,North West,3.82
D000466,Sipho Moyo,57,8,Code 8,Owner Driver,North West,3.16
D000467,Siyabonga Mokoena,64,12,Code 8,Contract,KwaZulu-Natal,4.19
D000468,Nokuthula Mthembu,26,18,Code 10,Permanent,Mpumalanga,4.59
D000469,Nandi Dlamini,61,11,Code 10,Permanent,Free State,4.5
D000470,Nokuthula Naidoo,42,28,Code 8,Contract,Mpumalanga,4.08
D000471,Bongani Dlamini,56,7,Code 10,Permanent,Northern Cape,3.69
D000472,Zanele Molefe,28,16,Code 8,Owner Driver,Limpopo,4.2
D000473,Phumzile Pillay,56,11,Code 10,Owner Driver,Eastern Cape,3.88
D000474,Mandla Mokoena,47,5,Code 8,Owner Driver,Free State,3.53
D000475,Lwazi Nkosi,32,25,Code 8,Permanent,Gauteng,3.48
D000476,Amanda Mabena,51,17,Code 10,Contract,Mpumalanga,4.67
D000477,Busisiwe Botha,25,2,Code 10,Contract,Gauteng,3.98
D000478,Nokuthula Cele,27,14,Code 10,Contract,KwaZulu-Natal,4.48
D000479,Bongani Khumalo,33,16,Code 8,Owner Driver,Eastern Cape,4.16
D000480,Mandla Mahlangu,65,1,Code 8,Owner Driver,Limpopo,3.93
D000481,Sipho Molefe,28,27,Code 10,Permanent,Free State,4.84
D000482,Mpho Dlamini,54,11,Code 8,Contract,Eastern Cape,4.39
D000483,Karabo Jacobs,48,4,Code 14,Permanent,Limpopo,4.01
D000484,Themba Mkhize,61,4,Code 10,Permanent,Mpumalanga,4.15
D000485,Dumisani Jacobs,63,11,Code 14,Permanent,Gauteng,3.94
D000486,Zanele Adams,56,30,Code 10,Contract,Mpumalanga,3.63
D000487,Ayanda Botha,23,19,Code 8,Permanent,Mpumalanga,5.0
D000488,Siyabonga Molefe,63,15,Code 10,Permanent,Mpumalanga,4.35
D000489,Themba Modise,28,27,Code 8,Permanent,Gauteng,3.73
D000490,Ayanda Williams,52,15,Code 8,Permanent,Mpumalanga,4.05
D000491,Sipho Jacobs,24,12,Code 10,Permanent,Limpopo,3.9
D000492,Lwazi Zulu,29,15,Code 10,Permanent,Free State,3.22
D000493,Kagiso Dlamini,36,15,Code 10,Permanent,Mpumalanga,3.88
D000494,Nandi Zulu,54,31,Code 8,Permanent,Limpopo,4.56
D000495,Kabelo Moyo,57,21,Code 8,Contract,Mpumalanga,4.15
D000496,Themba Mabena,63,3,Code 8,Owner Driver,KwaZulu-Natal,3.71
D000497,Lerato Sithole,34,8,Code 10,Permanent,Mpumalanga,3.7
D000498,Lindelwa Mkhize,43,16,Code 14,Contract,Northern Cape,3.56
D000499,Dumisani Mabena,58,6,Code 10,Permanent,KwaZulu-Natal,4.84
D000500,Busisiwe Mokoena,31,32,Code 14,Permanent,Western Cape,3.83
D000501,Thabo Adams,27,27,Code 8,Owner Driver,Free State,3.71
D000502,Busisiwe Van Wyk,57,7,Code 14,Permanent,Limpopo,2.81
D000503,Amanda Cele,63,8,Code 8,Permanent,Gauteng,4.68
D000504,Mandla Moyo,25,32,Code 8,Contract,KwaZulu-Natal,5.0
D000505,Sibusiso Botha,60,7,Code 10,Permanent,Western Cape,3.75
D000506,Zanele Williams,60,23,Code 10,Contract,Gauteng,3.98
D000507,Kabelo Ngcobo,59,30,Code 10,Owner Driver,Mpumalanga,2.98
D000508,Busisiwe Khumalo,53,9,Code 10,Contract,Gauteng,3.88
D000509,Kagiso Naidoo,39,20,Code 14,Owner Driver,Eastern Cape,3.88
D000510,Sibusiso Moyo,46,23,Code 14,Owner Driver,Limpopo,4.11
D000511,Sibusiso Mkhize,59,6,Code 14,Contract,KwaZulu-Natal,3.26
D000512,Thabo Ngcobo,46,11,Code 8,Contract,Eastern Cape,4.49
D000513,Thabo Mkhize,28,20,Code 10,Permanent,Gauteng,4.45
D000514,Lerato Mkhize,26,33,Code 8,Permanent,KwaZulu-Natal,3.63
D000515,Sipho Mabena,56,17,Code 10,Contract,Mpumalanga,3.45
D000516,Nandi Williams,23,17,Code 8,Permanent,Northern Cape,4.34
D000517,Bongani Ngcobo,39,22,Code 14,Permanent,Free State,3.76
D000518,Amanda Ndlovu,26,20,Code 14,Permanent,Limpopo,3.51
D000519,Lindelwa Mokoena,51,16,Code 14,Contract,Gauteng,4.35
D000520,Sipho Dlamini,62,13,Code 8,Contract,KwaZulu-Natal,3.89
D000521,Sipho Ndlovu,40,25,Code 14,Contract,Western Cape,3.69
D000522,Amanda Moyo,31,22,Code 8,Permanent,Northern Cape,3.46
D000523,Sipho Modise,62,1,Code 8,Permanent,KwaZulu-Natal,3.62
D000524,Lwazi Jacobs,39,13,Code 8,Owner Driver,Northern Cape,2.78
D000525,Phumzile Sithole,34,20,Code 14,Owner Driver,Northern Cape,2.91
D000526,Themba Pillay,59,21,Code 14,Permanent,North West,4.13
D000527,Thabo Khumalo,44,8,Code 10,Permanent,Eastern Cape,4.26
D000528,Zanele Jacobs,27,2,Code 14,Owner Driver,Free State,4.2
D000529,Busisiwe Khumalo,58,19,Code 8,Permanent,Gauteng,4.54
D000530,Nandi Molefe,24,20,Code 8,Permanent,Northern Cape,4.7
D000531,Siyabonga Mahlangu,51,16,Code 8,Owner Driver,Limpopo,3.95
D000532,Mpho Jacobs,45,18,Code 8,Permanent,KwaZulu-Natal,3.91
D000533,Tshepo Mkhize,59,15,Code 8,Owner Driver,North West,4.73
D000534,Kagiso Nkosi,29,1,Code 10,Contract,Northern Cape,3.55
D000535,Ayanda Williams,30,16,Code 8,Permanent,North West,3.69
D000536,Amanda Mokoena,65,16,Code 8,Permanent,Gauteng,4.65
D000537,Siyabonga Moyo,49,32,Code 10,Permanent,Western Cape,4.31
D000538,Precious Cele,36,30,Code 8,Permanent,Western Cape,3.14
D000539,Lindelwa Pillay,52,11,Code 10,Owner Driver,Western Cape,3.28
D000540,Themba Adams,60,2,Code 8,Owner Driver,North West,4.0
D000541,Zanele Nkosi,45,1,Code 10,Permanent,Mpumalanga,4.17
D000542,Nandi Mokoena,34,8,Code 10,Permanent,Eastern Cape,4.18
D000543,Tshepo Cele,32,31,Code 10,Owner Driver,North West,4.22
D000544,Tshepo Ndlovu,42,28,Code 10,Permanent,Gauteng,3.75
D000545,Bongani Khumalo,24,11,Code 14,Owner Driver,Free State,3.57
D000546,Tshepo Khumalo,31,15,Code 8,Contract,Limpopo,3.51
D000547,Bongani Molefe,32,20,Code 8,Contract,Gauteng,3.74
D000548,Bongani Molefe,32,16,Code 8,Contract,Mpumalanga,3.92
D000549,Mpho Mokoena,51,6,Code 10,Permanent,North West,3.71
D000550,Kagiso Moyo,41,15,Code 8,Permanent,Northern Cape,3.81
D000551,Bongani Ngcobo,40,5,Code 10,Permanent,Northern Cape,4.19
D000552,Busisiwe Nkosi,27,12,Code 8,Contract,KwaZulu-Natal,2.98
D000553,Busisiwe Williams,40,23,Code 8,Owner Driver,North West,3.89
D000554,Ayanda Cele,60,3,Code 8,Permanent,Northern Cape,3.94
D000555,Mpho Pillay,43,32,Code 8,Permanent,Free State,4.39
D000556,Dumisani Nkosi,42,21,Code 8,Permanent,KwaZulu-Natal,3.46
D000557,Bongani Mahlangu,64,19,Code 14,Owner Driver,Free State,4.11
D000558,Tshepo Botha,39,34,Code 10,Permanent,Western Cape,3.38
D000559,Nandi Mabena,58,33,Code 10,Permanent,North West,3.58
D000560,Lerato Mokoena,30,16,Code 10,Permanent,Free State,4.68
D000561,Nomsa Ndlovu,44,11,Code 14,Owner Driver,Eastern Cape,3.95
D000562,Lwazi Naidoo,48,10,Code 10,Owner Driver,Northern Cape,3.63
D000563,Lerato Dlamini,50,34,Code 8,Permanent,Limpopo,3.47
D000564,Kagiso Maseko,33,29,Code 14,Owner Driver,KwaZulu-Natal,4.52
D000565,Nokuthula Molefe,29,24,Code 10,Permanent,Mpumalanga,3.65
D000566,Phumzile Molefe,41,18,Code 8,Permanent,Free State,4.3
D000567,Mandla Moyo,56,21,Code 10,Permanent,KwaZulu-Natal,3.12
D000568,Precious Naidoo,35,26,Code 10,Owner Driver,Limpopo,3.61
D000569,Zanele Botha,41,28,Code 10,Owner Driver,North West,5.0
D000570,Phumzile Botha,44,16,Code 14,Owner Driver,Mpumalanga,4.24
D000571,Karabo Adams,27,3,Code 8,Contract,Gauteng,4.11
D000572,Kagiso Modise,57,28,Code 8,Contract,Gauteng,4.86
D000573,Lerato Botha,42,19,Code 8,Contract,Free State,4.1
D000574,Lindelwa Pillay,51,11,Code 14,Owner Driver,KwaZulu-Natal,3.46
D000575,Amanda Ngcobo,23,9,Code 14,Contract,Free State,3.85
D000576,Precious Mkhize,37,31,Code 10,Permanent,Limpopo,4.57
D000577,Tshepo Ndlovu,43,3,Code 14,Permanent,Gauteng,4.13
D000578,Zanele Botha,32,5,Code 10,Contract,Western Cape,4.04
D000579,Busisiwe Khumalo,65,21,Code 10,Permanent,KwaZulu-Natal,3.74
D000580,Amanda Sithole,53,22,Code 10,Permanent,KwaZulu-Natal,4.25
D000581,Ayanda Mokoena,31,9,Code 14,Permanent,Limpopo,4.48
D000582,Kagiso Ngcobo,55,15,Code 14,Permanent,Limpopo,4.73
D000583,Lindelwa Cele,27,14,Code 14,Owner Driver,Eastern Cape,4.36
D000584,Lerato Van Wyk,25,31,Code 8,Owner Driver,North West,3.75
D000585,Sibusiso Moyo,34,26,Code 14,Permanent,Free State,3.71
D000586,Lindelwa Nkosi,49,12,Code 8,Permanent,Gauteng,4.84
D000587,Nokuthula Mokoena,51,23,Code 10,Permanent,Gauteng,4.71
D000588,Mandla Maseko,62,16,Code 8,Permanent,KwaZulu-Natal,3.61
D000589,Bongani Cele,50,16,Code 8,Permanent,North West,4.22
D000590,Lwazi Khumalo,38,1,Code 10,Contract,Eastern Cape,4.46
D000591,Mandla Mokoena,52,11,Code 8,Contract,Limpopo,4.34
D000592,Karabo Ngcobo,48,6,Code 14,Contract,Western Cape,3.56
D000593,Zanele Mabena,55,10,Code 8,Contract,KwaZulu-Natal,4.1
D000594,Nokuthula Williams,64,26,Code 10,Permanent,Western Cape,3.64
D000595,Kabelo Molefe,52,2,Code 8,Permanent,Mpumalanga,4.46
D000596,Nandi Moyo,33,27,Code 14,Permanent,KwaZulu-Natal,4.06
D000597,Siyabonga Mahlangu,39,9,Code 14,Permanent,Free State,3.91
D000598,Dumisani Mahlangu,45,32,Code 8,Contract,Gauteng,3.54
D000599,Sibusiso Cele,57,19,Code 8,Permanent,Eastern Cape,4.44
D000600,Karabo Mkhize,58,21,Code 14,Permanent,KwaZulu-Natal,4.63
D000601,Precious Pillay,27,18,Code 10,Contract,Western Cape,3.87
D000602,Siyabonga Modise,38,22,Code 10,Permanent,Gauteng,3.11
D000603,Dumisani Jacobs,60,18,Code 8,Permanent,Gauteng,3.04
D000604,Kabelo Zulu,61,27,Code 14,Permanent,KwaZulu-Natal,3.62
D000605,Sibusiso Khumalo,65,30,Code 8,Permanent,Limpopo,3.91
D000606,Sibusiso Modise,23,3,Code 10,Permanent,Limpopo,4.68
D000607,Amanda Sithole,60,2,Code 14,Contract,Mpumalanga,3.89
D000608,Karabo Williams,34,6,Code 10,Owner Driver,Northern Cape,4.15
D000609,Nomsa Nkosi,32,31,Code 10,Permanent,Eastern Cape,3.57
D000610,Mpho Adams,26,32,Code 8,Permanent,Mpumalanga,3.11
D000611,Lwazi Mokoena,26,13,Code 8,Permanent,Western Cape,4.58
D000612,Thabo Maseko,57,29,Code 10,Owner Driver,Northern Cape,4.65
D000613,Lerato Naidoo,58,2,Code 14,Permanent,Gauteng,3.64
D000614,Thabo Naidoo,31,3,Code 10,Contract,Eastern Cape,3.64
D000615,Ayanda Zulu,40,34,Code 8,Permanent,North West,4.24
D000616,Precious Ndlovu,36,2,Code 8,Owner Driver,North West,3.5
D000617,Dumisani Maseko,52,13,Code 8,Permanent,North West,4.23
D000618,Tshepo Mokoena,34,13,Code 10,Owner Driver,Mpumalanga,3.94
D000619,Nomsa Maseko,37,3,Code 10,Permanent,Western Cape,4.27
D000620,Dumisani Naidoo,26,31,Code 8,Owner Driver,Limpopo,3.08
D000621,Kagiso Dlamini,52,6,Code 8,Owner Driver,KwaZulu-Natal,4.92
D000622,Lindelwa Sithole,30,20,Code 14,Owner Driver,Free State,4.54
D000623,Kagiso Cele,29,24,Code 8,Contract,Northern Cape,3.72
D000624,Bongani Khumalo,30,4,Code 10,Permanent,Limpopo,4.3
D000625,Mpho Moyo,32,26,Code 10,Contract,North West,3.93
D000626,Zanele Mkhize,48,19,Code 14,Permanent,Free State,4.6
D000627,Lwazi Dlamini,24,29,Code 8,Permanent,Gauteng,4.36
D000628,Mpho Dlamini,28,27,Code 14,Permanent,Limpopo,4.33
D000629,Mpho Adams,31,5,Code 8,Owner Driver,Free State,3.12
D000630,Mpho Maseko,45,30,Code 14,Permanent,Gauteng,4.55
D000631,Lerato Ngcobo,61,10,Code 10,Permanent,North West,4.58
D000632,Nokuthula Mokoena,24,7,Code 10,Permanent,KwaZulu-Natal,5.0
D000633,Amanda Maseko,37,17,Code 10,Owner Driver,Limpopo,3.34
D000634,Ayanda Zulu,58,14,Code 10,Permanent,Eastern Cape,4.34
D000635,Siyabonga Mthembu,45,34,Code 8,Owner Driver,Gauteng,4.83
D000636,Bongani Van Wyk,51,26,Code 8,Permanent,Limpopo,4.77
D000637,Ayanda Mabena,51,9,Code 10,Contract,Northern Cape,4.15
D000638,Nomsa Dlamini,27,28,Code 8,Permanent,North West,4.05
D000639,Karabo Mabena,42,28,Code 10,Permanent,Northern Cape,3.35
D000640,Sipho Naidoo,47,12,Code 8,Contract,Free State,3.42
D000641,Dumisani Nkosi,50,33,Code 10,Contract,Limpopo,4.2
D000642,Lwazi Khumalo,62,22,Code 8,Owner Driver,Limpopo,3.83
D000643,Lindelwa Mthembu,39,6,Code 14,Permanent,KwaZulu-Natal,4.15
D000644,Dumisani Zulu,45,9,Code 10,Permanent,Free State,4.28
D000645,Zanele Khumalo,63,30,Code 8,Contract,Northern Cape,4.5
D000646,Kabelo Williams,58,8,Code 10,Permanent,Eastern Cape,3.85
D000647,Kabelo Ndlovu,52,8,Code 10,Permanent,Gauteng,4.27
D000648,Nokuthula Mkhize,41,32,Code 10,Permanent,North West,4.44
D000649,Nandi Modise,24,22,Code 14,Permanent,Western Cape,4.88
D000650,Dumisani Van Wyk,54,30,Code 10,Owner Driver,North West,3.73
D000651,Dumisani Mabena,25,20,Code 8,Permanent,Eastern Cape,3.56
D000652,Phumzile Moyo,44,18,Code 10,Owner Driver,Mpumalanga,4.19
D000653,Nokuthula Naidoo,55,34,Code 14,Permanent,Western Cape,4.53
D000654,Lindelwa Mthembu,62,31,Code 8,Contract,Gauteng,4.52
D000655,Sipho Naidoo,25,6,Code 8,Permanent,North West,3.99
D000656,Nokuthula Jacobs,44,23,Code 10,Permanent,KwaZulu-Natal,3.95
D000657,Mpho Cele,31,3,Code 10,Contract,KwaZulu-Natal,4.28
D000658,Busisiwe Khumalo,35,28,Code 10,Contract,Western Cape,4.2
D000659,Amanda Ndlovu,37,34,Code 14,Permanent,Gauteng,3.35
D000660,Bongani Zulu,59,30,Code 10,Contract,Free State,4.83
D000661,Themba Khumalo,42,17,Code 10,Contract,Eastern Cape,4.15
D000662,Sipho Jacobs,51,32,Code 10,Permanent,Northern Cape,4.66
D000663,Kagiso Adams,53,17,Code 10,Permanent,Eastern Cape,3.96
D000664,Nandi Zulu,52,12,Code 10,Contract,Free State,3.51
D000665,Dumisani Nkosi,62,30,Code 14,Contract,Northern Cape,3.83
D000666,Karabo Pillay,54,17,Code 10,Owner Driver,KwaZulu-Natal,3.64
D000667,Sipho Ngcobo,29,19,Code 8,Permanent,Western Cape,4.94
D000668,Sibusiso Ndlovu,65,20,Code 14,Contract,Western Cape,3.55
D000669,Siyabonga Moyo,34,20,Code 10,Owner Driver,Free State,3.82
D000670,Amanda Van Wyk,52,22,Code 14,Permanent,Eastern Cape,4.22
D000671,Kabelo Pillay,48,28,Code 10,Contract,North West,3.35
D000672,Kagiso Sithole,27,2,Code 8,Owner Driver,North West,4.24
D000673,Phumzile Dlamini,32,5,Code 8,Contract,Free State,3.89
D000674,Lerato Mabena,42,9,Code 14,Contract,North West,4.25
D000675,Tshepo Mokoena,24,12,Code 8,Contract,Mpumalanga,3.29
D000676,Dumisani Molefe,53,6,Code 10,Owner Driver,Mpumalanga,4.14
D000677,Kabelo Sithole,25,20,Code 8,Permanent,Western Cape,3.87
D000678,Nandi Williams,52,1,Code 14,Contract,Western Cape,3.82
D000679,Lerato Mokoena,25,19,Code 8,Permanent,Free State,3.83
D000680,Kagiso Jacobs,42,11,Code 8,Owner Driver,Western Cape,5.0
D000681,Siyabonga Mthembu,41,11,Code 8,Permanent,Free State,4.08
D000682,Dumisani Mthembu,32,12,Code 10,Permanent,North West,3.92
D000683,Phumzile Khumalo,55,33,Code 10,Permanent,Mpumalanga,4.32
D000684,Lwazi Ndlovu,62,5,Code 10,Permanent,Limpopo,3.73
D000685,Precious Pillay,49,22,Code 8,Permanent,Gauteng,3.64
D000686,Lindelwa Moyo,51,31,Code 14,Permanent,Western Cape,4.38
D000687,Lwazi Moyo,30,4,Code 10,Permanent,Western Cape,4.05
D000688,Amanda Dlamini,30,33,Code 10,Permanent,Free State,4.14
D000689,Kabelo Nkosi,53,33,Code 14,Permanent,Limpopo,3.65
D000690,Lindelwa Mabena,52,10,Code 8,Owner Driver,Mpumalanga,3.19
D000691,Precious Mabena,65,34,Code 10,Permanent,North West,4.3
D000692,Siyabonga Sithole,47,5,Code 8,Contract,Free State,3.2
D000693,Mandla Moyo,60,9,Code 10,Permanent,Eastern Cape,4.48
D000694,Amanda Mthembu,43,22,Code 8,Contract,Eastern Cape,4.63
D000695,Kabelo Maseko,28,21,Code 8,Contract,North West,3.81
D000696,Kabelo Mkhize,46,29,Code 10,Permanent,KwaZulu-Natal,5.0
D000697,Mpho Pillay,59,25,Code 10,Contract,Northern Cape,3.7
D000698,Precious Botha,31,6,Code 8,Contract,Limpopo,3.93
D000699,Ayanda Cele,53,7,Code 8,Permanent,Mpumalanga,5.0
D000700,Kagiso Modise,27,10,Code 8,Permanent,KwaZulu-Natal,4.12
D000701,Mpho Zulu,54,13,Code 10,Contract,Limpopo,4.16
D000702,Siyabonga Cele,35,5,Code 14,Permanent,Limpopo,3.87
D000703,Lerato Jacobs,60,23,Code 10,Owner Driver,Eastern Cape,3.89
D000704,Thabo Williams,60,8,Code 14,Permanent,North West,3.72
D000705,Thabo Botha,49,33,Code 8,Owner Driver,North West,4.26
D000706,Nandi Naidoo,57,18,Code 10,Permanent,Gauteng,4.65
D000707,Kagiso Khumalo,57,31,Code 10,Owner Driver,Western Cape,3.83
D000708,Nomsa Mahlangu,58,16,Code 10,Permanent,Eastern Cape,3.8
D000709,Lerato Van Wyk,43,27,Code 10,Permanent,North West,3.31
D000710,Themba Adams,32,18,Code 8,Permanent,Western Cape,3.94
D000711,Mandla Van Wyk,45,11,Code 8,Permanent,Eastern Cape,3.64
D000712,Lwazi Dlamini,58,31,Code 10,Permanent,Mpumalanga,2.9
D000713,Karabo Pillay,64,15,Code 10,Contract,KwaZulu-Natal,4.11
D000714,Themba Adams,51,28,Code 10,Contract,Free State,4.01
D000715,Lerato Cele,44,14,Code 14,Contract,North West,4.54
D000716,Siyabonga Williams,40,31,Code 8,Permanent,Free State,4.67
D000717,Thabo Cele,26,9,Code 14,Permanent,KwaZulu-Natal,3.37
D000718,Bongani Ndlovu,32,3,Code 10,Permanent,KwaZulu-Natal,2.96
D000719,Nandi Sithole,32,25,Code 8,Permanent,Western Cape,3.16
D000720,Mandla Ndlovu,47,33,Code 10,Permanent,Mpumalanga,3.86
D000721,Tshepo Adams,54,6,Code 14,Permanent,Western Cape,3.52
D000722,Lindelwa Jacobs,35,12,Code 10,Contract,Free State,4.58
D000723,Bongani Khumalo,34,3,Code 8,Permanent,Free State,3.67
D000724,Bongani Naidoo,29,16,Code 8,Permanent,Western Cape,3.4
D000725,Mandla Ndlovu,40,11,Code 8,Owner Driver,Mpumalanga,3.71
D000726,Mandla Van Wyk,31,28,Code 10,Permanent,Free State,4.59
D000727,Mandla Khumalo,57,29,Code 14,Owner Driver,Gauteng,3.78
D000728,Tshepo Moyo,38,23,Code 8,Contract,Northern Cape,4.44
D000729,Nokuthula Pillay,23,1,Code 10,Contract,North West,3.7
D000730,Precious Nkosi,58,5,Code 8,Permanent,Free State,3.97
D000731,Tshepo Modise,63,20,Code 10,Contract,North West,3.37
D000732,Tshepo Pillay,32,1,Code 8,Permanent,Gauteng,4.73
D000733,Nandi Cele,43,29,Code 10,Permanent,Mpumalanga,3.4
D000734,Siyabonga Cele,24,30,Code 14,Permanent,Northern Cape,4.76
D000735,Kagiso Mthembu,28,5,Code 8,Permanent,Northern Cape,4.32
D000736,Bongani Pillay,36,24,Code 10,Permanent,Free State,4.84
D000737,Bongani Mokoena,38,30,Code 10,Permanent,Limpopo,4.6
D000738,Ayanda Williams,30,33,Code 14,Permanent,KwaZulu-Natal,4.43
D000739,Busisiwe Khumalo,65,8,Code 8,Owner Driver,Western Cape,3.66
D000740,Lerato Molefe,44,4,Code 14,Permanent,North West,4.13
D000741,Mpho Naidoo,49,14,Code 14,Permanent,KwaZulu-Natal,3.23
D000742,Themba Modise,50,17,Code 14,Permanent,KwaZulu-Natal,4.64
D000743,Nandi Adams,53,10,Code 8,Contract,Western Cape,3.84
D000744,Amanda Adams,36,34,Code 14,Owner Driver,Eastern Cape,4.02
D000745,Themba Modise,38,16,Code 10,Permanent,Mpumalanga,3.64
D000746,Lwazi Mthembu,49,17,Code 10,Permanent,Free State,4.33
D000747,Nokuthula Nkosi,36,12,Code 14,Permanent,Mpumalanga,4.59
D000748,Ayanda Mahlangu,46,4,Code 10,Contract,KwaZulu-Natal,3.75
D000749,Busisiwe Mkhize,40,10,Code 10,Contract,Limpopo,3.11
D000750,Amanda Mahlangu,39,15,Code 10,Permanent,KwaZulu-Natal,4.02
D000751,Nomsa Van Wyk,37,19,Code 8,Permanent,Free State,4.25
D000752,Precious Zulu,42,30,Code 14,Permanent,KwaZulu-Natal,3.66
D000753,Thabo Pillay,41,16,Code 14,Owner Driver,Limpopo,3.51
D000754,Phumzile Khumalo,50,24,Code 8,Permanent,Gauteng,4.46
D000755,Busisiwe Mabena,31,23,Code 10,Permanent,Free State,4.98
D000756,Bongani Ngcobo,41,2,Code 10,Permanent,Western Cape,4.47
D000757,Zanele Jacobs,57,18,Code 14,Permanent,Free State,4.26
D000758,Kabelo Maseko,52,8,Code 10,Permanent,Free State,4.11
D000759,Karabo Naidoo,55,14,Code 14,Owner Driver,Free State,4.29
D000760,Themba Mahlangu,31,3,Code 8,Contract,KwaZulu-Natal,4.1
D000761,Nandi Botha,65,2,Code 8,Contract,Mpumalanga,2.79
D000762,Precious Mkhize,38,32,Code 8,Permanent,Free State,4.07
D000763,Karabo Nkosi,51,21,Code 10,Owner Driver,KwaZulu-Natal,3.71
D000764,Siyabonga Ndlovu,63,30,Code 10,Permanent,Northern Cape,4.0
D000765,Nomsa Botha,31,29,Code 14,Permanent,Western Cape,3.77
D000766,Karabo Williams,50,28,Code 10,Permanent,Eastern Cape,3.83
D000767,Nokuthula Khumalo,30,26,Code 14,Permanent,KwaZulu-Natal,4.47
D000768,Tshepo Nkosi,56,31,Code 10,Contract,Western Cape,3.14
D000769,Sipho Modise,55,30,Code 10,Owner Driver,Free State,3.8
D000770,Sibusiso Jacobs,29,34,Code 8,Permanent,KwaZulu-Natal,4.14
D000771,Mandla Ngcobo,33,30,Code 10,Permanent,Gauteng,4.04
D000772,Precious Mahlangu,25,17,Code 8,Contract,Limpopo,4.65
D000773,Themba Naidoo,41,9,Code 10,Permanent,Limpopo,3.35
D000774,Precious Modise,50,7,Code 8,Permanent,Western Cape,4.91
D000775,Siyabonga Ngcobo,36,13,Code 14,Permanent,Mpumalanga,3.26
D000776,Phumzile Pillay,46,8,Code 10,Owner Driver,KwaZulu-Natal,3.76
D000777,Nokuthula Cele,30,5,Code 14,Permanent,Northern Cape,3.71
D000778,Sibusiso Molefe,36,6,Code 10,Permanent,Mpumalanga,5.0
D000779,Nomsa Mahlangu,39,24,Code 14,Permanent,Gauteng,3.84
D000780,Nomsa Mokoena,24,14,Code 10,Permanent,Northern Cape,4.08
D000781,Phumzile Mokoena,28,32,Code 10,Contract,Free State,3.16
D000782,Lindelwa Khumalo,40,10,Code 8,Owner Driver,Western Cape,2.85
D000783,Mpho Jacobs,63,27,Code 10,Contract,Free State,3.01
D000784,Ayanda Botha,31,3,Code 14,Permanent,KwaZulu-Natal,4.08
D000785,Kabelo Botha,60,19,Code 14,Permanent,North West,3.98
D000786,Bongani Mokoena,46,30,Code 14,Contract,Mpumalanga,3.77
D000787,Thabo Mabena,41,8,Code 10,Contract,Gauteng,3.17
D000788,Precious Botha,58,15,Code 8,Permanent,Eastern Cape,3.49
D000789,Nomsa Molefe,53,15,Code 14,Permanent,Eastern Cape,3.09
D000790,Nokuthula Sithole,57,22,Code 10,Permanent,Free State,4.29
D000791,Siyabonga Mahlangu,31,15,Code 14,Permanent,Free State,4.47
D000792,Mandla Naidoo,62,13,Code 10,Permanent,Northern Cape,3.51
D000793,Mpho Cele,51,2,Code 10,Owner Driver,Limpopo,4.43
D000794,Phumzile Pillay,37,34,Code 10,Permanent,Mpumalanga,4.55
D000795,Siyabonga Molefe,54,23,Code 8,Permanent,Eastern Cape,4.24
D000796,Kabelo Van Wyk,65,6,Code 8,Contract,Eastern Cape,4.6
D000797,Thabo Cele,38,33,Code 8,Contract,Limpopo,3.73
D000798,Tshepo Van Wyk,57,25,Code 10,Permanent,KwaZulu-Natal,3.84
D000799,Nomsa Naidoo,57,10,Code 14,Contract,Mpumalanga,3.35
D000800,Mpho Mokoena,40,13,Code 10,Permanent,Gauteng,3.21
D000801,Lerato Dlamini,62,26,Code 10,Contract,Western Cape,3.79
D000802,Tshepo Cele,51,28,Code 8,Contract,Free State,4.12
D000803,Dumisani Ndlovu,32,11,Code 10,Permanent,KwaZulu-Natal,4.84
D000804,Kagiso Dlamini,61,34,Code 14,Permanent,Western Cape,3.14
D000805,Mandla Dlamini,36,27,Code 8,Permanent,Western Cape,4.05
D000806,Nomsa Modise,64,7,Code 8,Contract,Western Cape,3.21
D000807,Sipho Van Wyk,45,13,Code 10,Permanent,Northern Cape,3.21
D000808,Sibusiso Sithole,57,23,Code 8,Owner Driver,Western Cape,4.88
D000809,Siyabonga Jacobs,25,2,Code 10,Permanent,KwaZulu-Natal,4.01
D000810,Mandla Nkosi,58,19,Code 10,Owner Driver,KwaZulu-Natal,4.23
D000811,Themba Molefe,37,10,Code 14,Permanent,Limpopo,3.78
D000812,Zanele Mthembu,33,28,Code 8,Contract,Free State,4.44
D000813,Phumzile Adams,60,20,Code 10,Permanent,Western Cape,4.12
D000814,Lwazi Mahlangu,51,22,Code 8,Permanent,North West,4.36
D000815,Phumzile Van Wyk,52,16,Code 14,Permanent,North West,4.56
D000816,Bongani Ngcobo,29,10,Code 10,Permanent,Free State,4.34
D000817,Sibusiso Nkosi,41,21,Code 10,Permanent,North West,4.14
D000818,Ayanda Modise,57,25,Code 14,Permanent,Limpopo,4.66
D000819,Mpho Cele,38,17,Code 8,Owner Driver,KwaZulu-Natal,4.77
D000820,Precious Jacobs,53,26,Code 10,Contract,Free State,4.29
D000821,Tshepo Botha,39,1,Code 10,Contract,Western Cape,4.26
D000822,Amanda Modise,58,29,Code 10,Contract,Free State,4.27
D000823,Nandi Jacobs,63,19,Code 14,Permanent,Western Cape,2.83
D000824,Sipho Ndlovu,31,10,Code 10,Owner Driver,Limpopo,4.26
D000825,Nokuthula Van Wyk,58,19,Code 8,Permanent,Western Cape,4.3
D000826,Tshepo Williams,43,19,Code 8,Contract,Gauteng,4.23
D000827,Ayanda Mthembu,42,29,Code 8,Permanent,Eastern Cape,4.72
D000828,Lindelwa Mthembu,28,4,Code 8,Permanent,Mpumalanga,3.27
D000829,Nandi Modise,36,10,Code 10,Contract,North West,3.82
D000830,Kagiso Ndlovu,43,11,Code 10,Owner Driver,Gauteng,3.07
D000831,Themba Dlamini,49,11,Code 10,Permanent,KwaZulu-Natal,3.6
D000832,Amanda Mkhize,60,8,Code 8,Contract,Western Cape,3.96
D000833,Karabo Nkosi,53,30,Code 8,Permanent,Western Cape,3.37
D000834,Nandi Moyo,58,31,Code 10,Owner Driver,KwaZulu-Natal,3.59
D000835,Themba Mthembu,59,7,Code 10,Contract,Northern Cape,3.44
D000836,Precious Mahlangu,36,34,Code 10,Owner Driver,Gauteng,3.91
D000837,Lindelwa Adams,63,3,Code 10,Permanent,North West,3.03
D000838,Thabo Naidoo,57,4,Code 14,Permanent,Western Cape,3.58
D000839,Thabo Jacobs,31,27,Code 10,Contract,Eastern Cape,3.99
D000840,Kabelo Van Wyk,23,32,Code 8,Permanent,Free State,4.49
D000841,Karabo Molefe,53,13,Code 10,Owner Driver,Free State,4.01
D000842,Mandla Khumalo,52,19,Code 14,Permanent,Northern Cape,4.31
D000843,Amanda Maseko,51,7,Code 14,Permanent,Northern Cape,4.08
D000844,Ayanda Moyo,42,23,Code 8,Permanent,Western Cape,4.83
D000845,Kagiso Mabena,51,9,Code 10,Permanent,KwaZulu-Natal,3.99
D000846,Siyabonga Dlamini,49,11,Code 10,Owner Driver,North West,3.88
D000847,Thabo Naidoo,25,27,Code 8,Permanent,Free State,4.58
D000848,Nokuthula Maseko,40,9,Code 10,Owner Driver,Free State,3.69
D000849,Kabelo Moyo,27,1,Code 8,Permanent,North West,4.46
D000850,Karabo Mokoena,44,1,Code 10,Contract,KwaZulu-Natal,3.93
D000851,Nandi Ngcobo,42,26,Code 10,Permanent,Eastern Cape,3.17
D000852,Tshepo Modise,62,6,Code 8,Permanent,Limpopo,4.19
D000853,Tshepo Mabena,41,34,Code 14,Permanent,Western Cape,4.7
D000854,Sibusiso Adams,24,15,Code 10,Contract,Western Cape,3.76
D000855,Sipho Cele,44,29,Code 8,Permanent,Eastern Cape,5.0
D000856,Thabo Sithole,51,7,Code 10,Permanent,Free State,4.65
D000857,Amanda Adams,61,13,Code 8,Contract,Eastern Cape,3.66
D000858,Busisiwe Ndlovu,46,21,Code 8,Owner Driver,Eastern Cape,4.33
D000859,Kabelo Ndlovu,51,26,Code 10,Permanent,Northern Cape,4.9
D000860,Busisiwe Khumalo,52,8,Code 10,Permanent,Northern Cape,4.48
D000861,Ayanda Pillay,45,25,Code 8,Permanent,Gauteng,4.99
D000862,Sibusiso Jacobs,36,26,Code 10,Permanent,Northern Cape,4.0
D000863,Ayanda Khumalo,48,21,Code 8,Permanent,Free State,3.58
D000864,Lerato Maseko,39,8,Code 10,Permanent,Western Cape,4.27
D000865,Nokuthula Mkhize,54,19,Code 8,Owner Driver,Eastern Cape,4.22
D000866,Thabo Mahlangu,58,11,Code 10,Permanent,Northern Cape,3.84
D000867,Nandi Pillay,56,15,Code 8,Permanent,Eastern Cape,3.47
D000868,Dumisani Nkosi,54,31,Code 14,Permanent,Gauteng,4.2
D000869,Nokuthula Van Wyk,49,18,Code 8,Permanent,North West,3.67
D000870,Amanda Ngcobo,33,14,Code 10,Permanent,Gauteng,3.75
D000871,Lindelwa Mthembu,37,15,Code 10,Contract,North West,3.26
D000872,Dumisani Mkhize,56,1,Code 14,Permanent,KwaZulu-Natal,4.27
D000873,Thabo Mabena,26,21,Code 8,Permanent,Northern Cape,4.29
D000874,Mpho Mthembu,41,25,Code 8,Permanent,Gauteng,4.25
D000875,Thabo Dlamini,42,33,Code 8,Owner Driver,Eastern Cape,3.78
D000876,Tshepo Naidoo,46,30,Code 14,Owner Driver,Gauteng,4.27
D000877,Sipho Van Wyk,23,29,Code 10,Permanent,Eastern Cape,4.25
D000878,Themba Mokoena,44,6,Code 14,Permanent,Free State,3.55
D000879,Nomsa Adams,27,19,Code 8,Owner Driver,North West,3.42
D000880,Busisiwe Ngcobo,58,23,Code 8,Contract,Free State,3.54
D000881,Mandla Cele,58,22,Code 8,Owner Driver,Free State,3.42
D000882,Tshepo Cele,52,21,Code 10,Contract,Gauteng,4.17
D000883,Amanda Dlamini,51,5,Code 10,Contract,KwaZulu-Natal,4.71
D000884,Karabo Sithole,60,1,Code 8,Permanent,Mpumalanga,3.34
D000885,Mandla Molefe,60,9,Code 14,Permanent,Western Cape,4.29
D000886,Mandla Nkosi,50,6,Code 10,Permanent,KwaZulu-Natal,3.85
D000887,Nandi Pillay,65,13,Code 10,Permanent,Eastern Cape,3.66
D000888,Bongani Dlamini,38,20,Code 10,Permanent,KwaZulu-Natal,4.52
D000889,Ayanda Mahlangu,34,11,Code 14,Contract,Eastern Cape,4.59
D000890,Ayanda Mahlangu,64,7,Code 8,Contract,Western Cape,4.34
D000891,Dumisani Adams,60,20,Code 14,Owner Driver,Eastern Cape,4.52
D000892,Sipho Pillay,24,23,Code 8,Permanent,Eastern Cape,4.3
D000893,Nandi Khumalo,43,8,Code 14,Permanent,Western Cape,3.48
D000894,Mpho Zulu,61,31,Code 10,Contract,Northern Cape,3.03
D000895,Zanele Dlamini,34,31,Code 10,Permanent,Western Cape,3.67
D000896,Phumzile Modise,56,17,Code 8,Permanent,KwaZulu-Natal,3.84
D000897,Lerato Jacobs,44,18,Code 10,Permanent,Mpumalanga,4.26
D000898,Sipho Mabena,46,27,Code 8,Contract,Western Cape,3.81
D000899,Mpho Ndlovu,25,19,Code 10,Permanent,North West,3.52
D000900,Themba Jacobs,54,21,Code 10,Contract,Mpumalanga,3.9
D000901,Mandla Pillay,28,28,Code 10,Owner Driver,Free State,3.89
D000902,Mandla Modise,56,10,Code 14,Contract,North West,3.92
D000903,Lwazi Zulu,37,30,Code 14,Owner Driver,Free State,3.0
D000904,Dumisani Williams,64,20,Code 14,Permanent,Eastern Cape,4.26
D000905,Amanda Moyo,42,16,Code 10,Permanent,Limpopo,4.93
D000906,Siyabonga Van Wyk,28,2,Code 10,Permanent,Eastern Cape,4.38
D000907,Nokuthula Molefe,41,16,Code 10,Permanent,Western Cape,3.72
D000908,Nomsa Mahlangu,60,24,Code 14,Permanent,KwaZulu-Natal,3.76
D000909,Nomsa Van Wyk,55,26,Code 8,Contract,Western Cape,4.14
D000910,Kagiso Pillay,41,24,Code 8,Permanent,Northern Cape,4.56
D000911,Bongani Mkhize,24,13,Code 8,Permanent,Mpumalanga,4.26
D000912,Phumzile Zulu,60,11,Code 8,Owner Driver,Eastern Cape,3.82
D000913,Phumzile Jacobs,54,24,Code 8,Permanent,Northern Cape,3.66
D000914,Nandi Naidoo,27,26,Code 8,Permanent,KwaZulu-Natal,3.51
D000915,Amanda Naidoo,55,29,Code 8,Contract,Western Cape,3.09
D000916,Zanele Pillay,41,33,Code 10,Permanent,Northern Cape,3.69
D000917,Nomsa Jacobs,43,16,Code 8,Permanent,North West,4.39
D000918,Zanele Van Wyk,36,20,Code 10,Permanent,Gauteng,3.81
D000919,Karabo Botha,40,24,Code 8,Owner Driver,Free State,4.38
D000920,Dumisani Williams,30,4,Code 8,Contract,Free State,3.59
D000921,Mpho Ndlovu,35,10,Code 8,Permanent,Free State,4.02
D000922,Nandi Botha,49,22,Code 8,Contract,Free State,3.58
D000923,Nokuthula Van Wyk,46,1,Code 14,Permanent,Western Cape,3.99
D000924,Amanda Pillay,44,6,Code 10,Contract,Eastern Cape,4.25
D000925,Tshepo Naidoo,43,10,Code 10,Permanent,Limpopo,3.58
D000926,Kagiso Mthembu,34,24,Code 10,Contract,Gauteng,4.38
D000927,Precious Mahlangu,59,20,Code 10,Owner Driver,Western Cape,4.42
D000928,Mpho Mahlangu,40,15,Code 10,Permanent,Mpumalanga,3.44
D000929,Lwazi Pillay,56,21,Code 8,Permanent,Mpumalanga,2.9
D000930,Mandla Mokoena,54,18,Code 10,Owner Driver,Eastern Cape,3.11
D000931,Mandla Nkosi,50,26,Code 8,Contract,Gauteng,3.1
D000932,Kagiso Moyo,54,16,Code 10,Permanent,Western Cape,4.17
D000933,Bongani Cele,30,10,Code 8,Permanent,Western Cape,4.09
D000934,Sibusiso Zulu,42,5,Code 10,Contract,Limpopo,4.13
D000935,Precious Nkosi,57,29,Code 8,Contract,Western Cape,4.21
D000936,Sipho Mabena,31,33,Code 8,Permanent,Eastern Cape,2.91
D000937,Sipho Dlamini,37,33,Code 10,Contract,Limpopo,4.47
D000938,Themba Molefe,41,21,Code 14,Owner Driver,North West,3.99
D000939,Siyabonga Adams,38,19,Code 8,Owner Driver,Mpumalanga,4.05
D000940,Mandla Modise,37,4,Code 14,Owner Driver,Mpumalanga,4.13
D000941,Thabo Jacobs,29,3,Code 8,Permanent,Eastern Cape,5.0
D000942,Nandi Ndlovu,43,23,Code 8,Contract,Northern Cape,4.73
D000943,Zanele Molefe,44,25,Code 10,Contract,Gauteng,4.72
D000944,Dumisani Van Wyk,28,17,Code 8,Permanent,Limpopo,3.53
D000945,Kagiso Zulu,57,19,Code 8,Permanent,Western Cape,3.17
D000946,Nomsa Mokoena,26,5,Code 14,Permanent,Western Cape,3.19
D000947,Ayanda Khumalo,36,15,Code 10,Permanent,Free State,3.9
D000948,Lwazi Maseko,56,34,Code 8,Permanent,Limpopo,4.2
D000949,Zanele Molefe,61,14,Code 10,Permanent,Gauteng,3.6
D000950,Lwazi Nkosi,43,2,Code 10,Permanent,Eastern Cape,4.4
D000951,Lerato Cele,56,34,Code 10,Permanent,Mpumalanga,4.8
D000952,Sipho Williams,27,28,Code 14,Owner Driver,Northern Cape,3.88
D000953,Ayanda Cele,53,7,Code 10,Owner Driver,Mpumalanga,3.78
D000954,Ayanda Modise,29,16,Code 8,Permanent,North West,4.0
D000955,Lindelwa Botha,38,18,Code 8,Permanent,Western Cape,4.17
D000956,Kabelo Ndlovu,24,17,Code 14,Owner Driver,KwaZulu-Natal,4.0
D000957,Thabo Williams,31,19,Code 8,Owner Driver,Northern Cape,4.62
D000958,Karabo Molefe,57,6,Code 10,Owner Driver,Eastern Cape,4.09
D000959,Themba Ndlovu,33,16,Code 10,Contract,Gauteng,3.33
D000960,Lindelwa Adams,38,33,Code 14,Permanent,Gauteng,3.41
D000961,Nomsa Jacobs,49,13,Code 14,Owner Driver,Mpumalanga,4.46
D000962,Kagiso Ngcobo,31,15,Code 10,Permanent,Gauteng,5.0
D000963,Karabo Modise,41,25,Code 8,Owner Driver,North West,3.37
D000964,Lwazi Moyo,65,11,Code 14,Permanent,Gauteng,4.2
D000965,Kagiso Cele,56,30,Code 10,Permanent,Western Cape,3.93
D000966,Bongani Nkosi,65,10,Code 10,Permanent,Limpopo,4.42
D000967,Tshepo Van Wyk,27,3,Code 10,Contract,Eastern Cape,4.39
D000968,Dumisani Zulu,42,4,Code 14,Contract,KwaZulu-Natal,4.5
D000969,Tshepo Mthembu,43,4,Code 10,Contract,Northern Cape,3.92
D000970,Phumzile Naidoo,48,34,Code 10,Permanent,Mpumalanga,4.18
D000971,Mpho Botha,42,31,Code 8,Permanent,Mpumalanga,3.29
D000972,Amanda Van Wyk,58,3,Code 10,Permanent,Free State,3.68
D000973,Dumisani Mokoena,55,12,Code 14,Owner Driver,Western Cape,4.94
D000974,Amanda Jacobs,37,23,Code 8,Owner Driver,Gauteng,5.0
D000975,Thabo Modise,47,33,Code 10,Owner Driver,Eastern Cape,4.1
D000976,Dumisani Adams,61,5,Code 10,Contract,Mpumalanga,4.45
D000977,Sibusiso Molefe,37,34,Code 10,Permanent,Limpopo,4.82
D000978,Mpho Modise,33,17,Code 14,Permanent,Limpopo,3.62
D000979,Precious Maseko,42,3,Code 14,Permanent,Gauteng,3.76
D000980,Phumzile Zulu,45,33,Code 14,Owner Driver,Free State,3.81
D000981,Mpho Cele,23,1,Code 8,Owner Driver,North West,3.93
D000982,Mandla Mahlangu,40,14,Code 10,Contract,KwaZulu-Natal,4.38
D000983,Busisiwe Van Wyk,61,21,Code 8,Permanent,KwaZulu-Natal,2.96
D000984,Themba Dlamini,54,34,Code 10,Contract,Free State,4.69
D000985,Dumisani Van Wyk,45,28,Code 10,Owner Driver,Northern Cape,4.45
D000986,Lindelwa Mahlangu,45,4,Code 8,Permanent,North West,3.81
D000987,Siyabonga Dlamini,47,27,Code 10,Permanent,Eastern Cape,4.49
D000988,Lwazi Mkhize,62,31,Code 10,Permanent,Western Cape,4.11
D000989,Sibusiso Mabena,62,10,Code 10,Permanent,Limpopo,3.6
D000990,Nomsa Nkosi,46,5,Code 10,Owner Driver,North West,3.23
D000991,Nandi Sithole,35,18,Code 8,Contract,Mpumalanga,4.08
D000992,Thabo Adams,28,6,Code 14,Permanent,Gauteng,3.17
D000993,Nandi Maseko,32,26,Code 8,Owner Driver,Mpumalanga,4.47
D000994,Dumisani Modise,59,3,Code 10,Permanent,North West,3.78
D000995,Mpho Adams,53,16,Code 8,Owner Driver,Eastern Cape,3.81
D000996,Bongani Mthembu,39,5,Code 14,Owner Driver,Eastern Cape,3.63
D000997,Kagiso Mokoena,50,28,Code 14,Permanent,Gauteng,4.11
D000998,Dumisani Mahlangu,63,10,Code 8,Permanent,Gauteng,3.18
D000999,Ayanda Pillay,32,31,Code 10,Permanent,Eastern Cape,3.24
D001000,Karabo Naidoo,59,14,Code 14,Permanent,Western Cape,4.25
D001001,Amanda Adams,32,20,Code 8,Permanent,Free State,3.89
D001002,Dumisani Moyo,32,26,Code 14,Permanent,Limpopo,3.7
D001003,Lwazi Mkhize,29,34,Code 10,Permanent,North West,3.07
D001004,Lindelwa Dlamini,31,33,Code 8,Permanent,Free State,4.07
D001005,Siyabonga Pillay,39,24,Code 14,Contract,Gauteng,4.71
D001006,Phumzile Zulu,47,28,Code 8,Contract,North West,5.0
D001007,Phumzile Zulu,39,32,Code 10,Permanent,KwaZulu-Natal,4.34
D001008,Precious Dlamini,46,23,Code 8,Permanent,North West,4.09
D001009,Precious Williams,60,2,Code 8,Owner Driver,Northern Cape,3.63
D001010,Sibusiso Williams,35,9,Code 14,Permanent,Limpopo,4.36
D001011,Kabelo Molefe,32,2,Code 8,Permanent,Gauteng,3.65
D001012,Kabelo Cele,34,32,Code 8,Owner Driver,Northern Cape,4.72
D001013,Zanele Ngcobo,51,31,Code 14,Permanent,Western Cape,4.18
D001014,Mpho Ndlovu,31,9,Code 8,Contract,Northern Cape,2.98
D001015,Busisiwe Nkosi,34,28,Code 10,Owner Driver,North West,4.1
D001016,Zanele Sithole,59,9,Code 8,Permanent,North West,4.3
D001017,Mandla Dlamini,28,3,Code 14,Permanent,Limpopo,4.08
D001018,Ayanda Williams,47,19,Code 10,Permanent,KwaZulu-Natal,4.55
D001019,Phumzile Mthembu,29,34,Code 8,Permanent,Limpopo,4.55
D001020,Bongani Dlamini,50,21,Code 10,Permanent,Eastern Cape,3.88
D001021,Dumisani Khumalo,24,31,Code 10,Permanent,North West,3.95
D001022,Zanele Cele,65,27,Code 10,Permanent,Northern Cape,3.9
D001023,Mandla Ngcobo,63,12,Code 14,Permanent,Gauteng,3.74
D001024,Thabo Mabena,29,17,Code 10,Owner Driver,North West,5.0
D001025,Mpho Khumalo,29,25,Code 8,Permanent,Mpumalanga,3.4
D001026,Thabo Molefe,23,10,Code 10,Owner Driver,KwaZulu-Natal,3.55
D001027,Precious Cele,42,2,Code 8,Owner Driver,Free State,4.26
D001028,Dumisani Mokoena,44,19,Code 8,Permanent,Mpumalanga,4.34
D001029,Lindelwa Mthembu,48,19,Code 14,Owner Driver,Western Cape,3.48
D001030,Busisiwe Williams,57,7,Code 14,Permanent,KwaZulu-Natal,4.48
D001031,Kagiso Khumalo,27,34,Code 10,Permanent,Mpumalanga,5.0
D001032,Kabelo Nkosi,59,31,Code 10,Contract,KwaZulu-Natal,4.1
D001033,Themba Van Wyk,62,15,Code 8,Permanent,Western Cape,4.0
D001034,Busisiwe Mkhize,52,33,Code 8,Permanent,Eastern Cape,5.0
D001035,Lwazi Mokoena,63,14,Code 10,Permanent,Limpopo,4.84
D001036,Lindelwa Pillay,54,32,Code 10,Permanent,Limpopo,4.04
D001037,Sibusiso Nkosi,59,27,Code 8,Permanent,Gauteng,4.58
D001038,Kagiso Adams,38,10,Code 8,Contract,Gauteng,4.08
D001039,Nokuthula Jacobs,48,29,Code 10,Permanent,Northern Cape,2.73
D001040,Kabelo Modise,32,23,Code 8,Owner Driver,Mpumalanga,3.84
D001041,Sibusiso Pillay,46,16,Code 14,Permanent,Western Cape,4.41
D001042,Nokuthula Mabena,48,22,Code 10,Contract,North West,4.8
D001043,Karabo Jacobs,24,5,Code 10,Owner Driver,Free State,4.2
D001044,Dumisani Botha,41,26,Code 10,Contract,North West,4.48
D001045,Thabo Pillay,60,13,Code 8,Permanent,Northern Cape,2.74
D001046,Busisiwe Maseko,42,19,Code 14,Contract,Northern Cape,4.18
D001047,Zanele Ndlovu,50,30,Code 8,Contract,North West,4.12
D001048,Tshepo Naidoo,37,12,Code 8,Permanent,Mpumalanga,4.24
D001049,Lwazi Khumalo,46,25,Code 10,Permanent,North West,3.98
D001050,Lerato Dlamini,41,7,Code 8,Contract,Limpopo,3.66
D001051,Tshepo Dlamini,63,12,Code 10,Permanent,North West,4.14
D001052,Busisiwe Ndlovu,47,22,Code 10,Permanent,Free State,4.52
D001053,Mandla Ndlovu,51,33,Code 10,Permanent,North West,3.99
D001054,Mandla Pillay,59,33,Code 8,Owner Driver,Mpumalanga,4.31
D001055,Kabelo Botha,44,34,Code 10,Owner Driver,Mpumalanga,4.15
D001056,Thabo Mkhize,62,32,Code 8,Permanent,North West,3.74
D001057,Phumzile Mabena,65,9,Code 10,Permanent,Northern Cape,3.72
D001058,Karabo Molefe,25,18,Code 14,Owner Driver,Gauteng,5.0
D001059,Zanele Williams,51,21,Code 8,Permanent,Mpumalanga,4.0
D001060,Nomsa Mabena,28,27,Code 10,Contract,Limpopo,3.22
D001061,Nomsa Khumalo,63,14,Code 14,Permanent,Mpumalanga,3.84
D001062,Nandi Mkhize,38,22,Code 10,Permanent,Gauteng,3.87
D001063,Mpho Mkhize,32,20,Code 14,Owner Driver,Northern Cape,4.03
D001064,Lerato Pillay,34,18,Code 8,Contract,Limpopo,3.14
D001065,Tshepo Cele,55,4,Code 8,Owner Driver,Eastern Cape,4.28
D001066,Lindelwa Nkosi,46,32,Code 8,Owner Driver,North West,3.9
D001067,Sibusiso Moyo,37,17,Code 8,Permanent,Western Cape,4.37
D001068,Thabo Ndlovu,36,1,Code 8,Contract,Gauteng,3.72
D001069,Zanele Mokoena,36,12,Code 8,Permanent,Free State,3.09
D001070,Nandi Pillay,60,31,Code 8,Owner Driver,Gauteng,4.3
D001071,Themba Ndlovu,28,14,Code 10,Permanent,Free State,4.27
D001072,Tshepo Molefe,47,10,Code 8,Permanent,Western Cape,4.16
D001073,Mpho Khumalo,64,19,Code 10,Owner Driver,KwaZulu-Natal,3.99
D001074,Kagiso Dlamini,54,15,Code 10,Permanent,Eastern Cape,3.26
D001075,Themba Adams,61,25,Code 10,Contract,North West,3.4
D001076,Sipho Ndlovu,25,1,Code 10,Permanent,Western Cape,3.36
D001077,Bongani Pillay,52,23,Code 10,Permanent,KwaZulu-Natal,3.75
D001078,Kabelo Naidoo,38,3,Code 8,Owner Driver,Free State,4.41
D001079,Nomsa Mahlangu,53,19,Code 10,Contract,Free State,4.25
D001080,Mpho Mahlangu,36,24,Code 8,Permanent,Eastern Cape,3.52
D001081,Nomsa Ndlovu,36,11,Code 10,Permanent,Eastern Cape,4.2
D001082,Lindelwa Dlamini,24,5,Code 8,Owner Driver,Limpopo,4.04
D001083,Sipho Nkosi,54,11,Code 14,Permanent,Gauteng,3.76
D001084,Phumzile Modise,65,19,Code 8,Permanent,Mpumalanga,3.61
D001085,Precious Ngcobo,26,27,Code 8,Permanent,Mpumalanga,4.09
D001086,Tshepo Williams,46,1,Code 10,Permanent,Gauteng,3.55
D001087,Kagiso Khumalo,26,22,Code 8,Owner Driver,North West,3.79
D001088,Sipho Williams,50,20,Code 10,Owner Driver,Eastern Cape,4.01
D001089,Kagiso Molefe,56,10,Code 10,Permanent,Free State,3.54
D001090,Bongani Mokoena,49,26,Code 14,Permanent,Free State,4.08
D001091,Sibusiso Maseko,52,22,Code 8,Permanent,Gauteng,4.2
D001092,Sipho Mabena,37,30,Code 14,Permanent,Eastern Cape,4.41
D001093,Sipho Moyo,58,7,Code 8,Permanent,Limpopo,4.52
D001094,Nomsa Ndlovu,37,11,Code 8,Permanent,Free State,2.64
D001095,Kagiso Jacobs,39,7,Code 10,Contract,Gauteng,4.45
D001096,Kabelo Nkosi,37,5,Code 10,Owner Driver,Mpumalanga,3.16
D001097,Themba Botha,49,26,Code 10,Permanent,Free State,3.76
D001098,Kagiso Mabena,59,4,Code 8,Permanent,North West,3.98
D001099,Kabelo Mokoena,29,30,Code 8,Permanent,Gauteng,4.46
D001100,Ayanda Moyo,25,31,Code 10,Owner Driver,North West,4.72
D001101,Amanda Khumalo,42,8,Code 8,Contract,North West,3.97
D001102,Precious Moyo,24,30,Code 8,Contract,Gauteng,4.05
D001103,Phumzile Molefe,47,20,Code 10,Owner Driver,North West,4.02
D001104,Lwazi Jacobs,32,10,Code 10,Contract,Eastern Cape,2.83
D001105,Karabo Maseko,41,31,Code 10,Permanent,Western Cape,3.63
D001106,Bongani Williams,34,28,Code 10,Permanent,KwaZulu-Natal,3.4
D001107,Mandla Cele,25,31,Code 8,Permanent,Eastern Cape,4.74
D001108,Dumisani Sithole,42,9,Code 10,Contract,KwaZulu-Natal,3.63
D001109,Siyabonga Mokoena,39,18,Code 10,Contract,Gauteng,3.92
D001110,Busisiwe Mkhize,24,29,Code 8,Permanent,Eastern Cape,5.0
D001111,Lindelwa Naidoo,64,2,Code 14,Owner Driver,Limpopo,4.72
D001112,Nandi Mabena,35,8,Code 14,Permanent,Free State,3.91
D001113,Dumisani Cele,26,2,Code 10,Owner Driver,KwaZulu-Natal,4.08
D001114,Zanele Zulu,61,18,Code 14,Permanent,KwaZulu-Natal,3.83
D001115,Precious Mkhize,56,15,Code 10,Permanent,Northern Cape,4.12
D001116,Kabelo Ngcobo,29,12,Code 8,Owner Driver,Western Cape,3.92
D001117,Zanele Molefe,48,34,Code 8,Owner Driver,KwaZulu-Natal,3.96
D001118,Sibusiso Mabena,35,17,Code 8,Contract,Limpopo,3.71
D001119,Precious Botha,43,22,Code 14,Permanent,KwaZulu-Natal,4.8
D001120,Busisiwe Adams,34,29,Code 10,Owner Driver,Eastern Cape,4.69
D001121,Nomsa Dlamini,63,7,Code 14,Permanent,Northern Cape,4.33
D001122,Lindelwa Ngcobo,23,21,Code 10,Permanent,Western Cape,3.56
D001123,Nandi Mokoena,48,5,Code 8,Permanent,Mpumalanga,3.65
D001124,Siyabonga Ngcobo,58,16,Code 10,Permanent,Gauteng,4.59
D001125,Sibusiso Mahlangu,26,13,Code 8,Permanent,Mpumalanga,3.71
D001126,Ayanda Mabena,40,6,Code 8,Contract,Eastern Cape,3.37
D001127,Amanda Botha,31,10,Code 10,Owner Driver,Western Cape,5.0
D001128,Dumisani Naidoo,40,32,Code 10,Permanent,Western Cape,3.02
D001129,Busisiwe Maseko,50,20,Code 14,Permanent,Eastern Cape,4.05
D001130,Kabelo Ndlovu,65,27,Code 10,Permanent,Northern Cape,4.61
D001131,Lwazi Maseko,49,13,Code 8,Permanent,Western Cape,4.03
D001132,Lwazi Ngcobo,62,2,Code 8,Contract,North West,3.97
D001133,Tshepo Adams,35,6,Code 10,Owner Driver,Mpumalanga,3.57
D001134,Precious Mahlangu,57,4,Code 10,Permanent,Western Cape,4.67
D001135,Lindelwa Dlamini,63,29,Code 10,Contract,Limpopo,4.56
D001136,Nokuthula Pillay,57,13,Code 14,Contract,Eastern Cape,4.24
D001137,Ayanda Naidoo,47,6,Code 8,Permanent,Limpopo,4.41
D001138,Kagiso Botha,31,33,Code 10,Owner Driver,Limpopo,3.01
D001139,Thabo Zulu,59,28,Code 8,Permanent,North West,3.35
D001140,Lindelwa Mahlangu,24,7,Code 14,Permanent,Mpumalanga,2.74
D001141,Lindelwa Modise,30,19,Code 10,Permanent,Limpopo,3.46
D001142,Nokuthula Mahlangu,31,22,Code 10,Owner Driver,KwaZulu-Natal,3.52
D001143,Nomsa Mthembu,61,1,Code 10,Permanent,Gauteng,4.6
D001144,Amanda Maseko,61,27,Code 14,Permanent,Mpumalanga,3.17
D001145,Tshepo Nkosi,46,29,Code 8,Permanent,Western Cape,4.12
D001146,Mandla Mahlangu,63,4,Code 10,Contract,Eastern Cape,4.39
D001147,Sibusiso Dlamini,42,29,Code 14,Permanent,Mpumalanga,4.23
D001148,Lwazi Botha,48,23,Code 14,Permanent,Mpumalanga,4.42
D001149,Zanele Jacobs,24,33,Code 10,Contract,Free State,3.48
D001150,Amanda Botha,30,7,Code 10,Permanent,North West,3.81
D001151,Kabelo Dlamini,63,29,Code 14,Owner Driver,Free State,4.19
D001152,Lindelwa Mahlangu,25,26,Code 10,Permanent,Free State,2.54
D001153,Themba Jacobs,47,22,Code 10,Contract,Northern Cape,4.52
D001154,Busisiwe Molefe,41,26,Code 10,Permanent,Northern Cape,4.09
D001155,Mandla Modise,63,3,Code 8,Permanent,Limpopo,4.55
D001156,Precious Botha,45,27,Code 10,Permanent,Limpopo,4.67
D001157,Phumzile Ngcobo,63,25,Code 8,Permanent,Mpumalanga,4.41
D001158,Thabo Maseko,44,12,Code 8,Contract,Limpopo,3.12
D001159,Karabo Dlamini,26,12,Code 10,Contract,KwaZulu-Natal,4.14
D001160,Sibusiso Williams,36,21,Code 10,Owner Driver,Limpopo,3.75
D001161,Precious Adams,52,2,Code 8,Contract,North West,3.47
D001162,Kabelo Nkosi,63,25,Code 10,Permanent,Western Cape,4.28
D001163,Karabo Mahlangu,53,19,Code 10,Contract,Limpopo,2.73
D001164,Nomsa Khumalo,58,33,Code 8,Permanent,Western Cape,3.37
D001165,Nandi Khumalo,44,3,Code 14,Permanent,Limpopo,3.44
D001166,Kabelo Jacobs,45,23,Code 10,Permanent,Mpumalanga,2.77
D001167,Mpho Dlamini,38,9,Code 8,Permanent,Western Cape,3.91
D001168,Karabo Sithole,51,32,Code 10,Owner Driver,Gauteng,3.08
D001169,Bongani Adams,31,31,Code 10,Permanent,Limpopo,4.55
D001170,Precious Ngcobo,41,9,Code 14,Owner Driver,Western Cape,4.43
D001171,Dumisani Zulu,27,1,Code 8,Permanent,Western Cape,3.96
D001172,Kagiso Mabena,54,31,Code 14,Owner Driver,Western Cape,4.3
D001173,Nokuthula Naidoo,34,11,Code 8,Owner Driver,North West,3.35
D001174,Precious Jacobs,48,30,Code 10,Owner Driver,Free State,4.04
D001175,Karabo Modise,49,33,Code 10,Permanent,Limpopo,4.46
D001176,Dumisani Mthembu,49,18,Code 14,Contract,KwaZulu-Natal,3.56
D001177,Karabo Khumalo,48,14,Code 8,Permanent,Mpumalanga,4.08
D001178,Tshepo Van Wyk,32,8,Code 8,Permanent,North West,4.5
D001179,Kabelo Dlamini,46,3,Code 10,Permanent,Northern Cape,4.08
D001180,Nokuthula Modise,41,20,Code 14,Permanent,Eastern Cape,4.53
D001181,Nandi Mabena,51,22,Code 8,Contract,North West,3.8
D001182,Zanele Moyo,25,4,Code 10,Contract,Eastern Cape,4.31
D001183,Tshepo Mkhize,25,25,Code 8,Contract,Mpumalanga,3.84
D001184,Lerato Williams,35,34,Code 8,Permanent,Limpopo,4.57
D001185,Themba Williams,60,3,Code 10,Permanent,Eastern Cape,5.0
D001186,Dumisani Mabena,57,28,Code 10,Permanent,Limpopo,3.82
D001187,Mandla Molefe,41,32,Code 8,Permanent,KwaZulu-Natal,4.56
D001188,Kagiso Zulu,39,31,Code 8,Permanent,KwaZulu-Natal,4.35
D001189,Nandi Khumalo,37,7,Code 8,Permanent,Mpumalanga,3.39
D001190,Sipho Jacobs,36,9,Code 8,Owner Driver,Gauteng,4.54
D001191,Lwazi Naidoo,29,4,Code 10,Permanent,Free State,3.8
D001192,Sibusiso Mahlangu,62,15,Code 8,Permanent,KwaZulu-Natal,4.06
D001193,Karabo Mkhize,32,16,Code 10,Owner Driver,Mpumalanga,3.86
D001194,Sibusiso Van Wyk,29,30,Code 8,Contract,Gauteng,4.56
D001195,Phumzile Cele,34,20,Code 10,Owner Driver,Gauteng,4.58
D001196,Thabo Maseko,65,17,Code 8,Permanent,Western Cape,4.14
D001197,Mpho Botha,58,21,Code 14,Contract,Free State,4.94
D001198,Karabo Moyo,58,17,Code 10,Contract,Western Cape,3.76
D001199,Nomsa Naidoo,38,9,Code 10,Contract,KwaZulu-Natal,4.12
D001200,Bongani Mabena,64,32,Code 8,Contract,Mpumalanga,3.81
D001201,Amanda Cele,24,21,Code 10,Contract,Mpumalanga,2.88
D001202,Lwazi Williams,44,9,Code 8,Owner Driver,Mpumalanga,2.98
D001203,Lerato Van Wyk,37,20,Code 8,Permanent,Eastern Cape,4.06
D001204,Zanele Mthembu,51,22,Code 10,Permanent,Gauteng,3.49
D001205,Mandla Khumalo,32,18,Code 10,Contract,Gauteng,3.65
D001206,Amanda Mthembu,56,21,Code 10,Permanent,North West,4.57
D001207,Themba Mthembu,56,18,Code 10,Owner Driver,Free State,3.7
D001208,Nandi Zulu,31,26,Code 10,Permanent,North West,4.6
D001209,Ayanda Nkosi,47,21,Code 10,Permanent,KwaZulu-Natal,4.78
D001210,Lindelwa Mahlangu,27,2,Code 8,Contract,KwaZulu-Natal,4.09
D001211,Mpho Adams,31,28,Code 8,Contract,Eastern Cape,3.22
D001212,Lwazi Mkhize,38,33,Code 10,Contract,Limpopo,4.55
D001213,Phumzile Modise,48,26,Code 10,Owner Driver,Mpumalanga,3.76
D001214,Tshepo Botha,44,31,Code 8,Owner Driver,Western Cape,4.64
D001215,Busisiwe Williams,40,17,Code 10,Owner Driver,North West,4.27
D001216,Ayanda Mabena,26,24,Code 10,Owner Driver,Western Cape,5.0
D001217,Siyabonga Ngcobo,45,27,Code 14,Owner Driver,Free State,3.78
D001218,Sipho Dlamini,34,11,Code 8,Owner Driver,Gauteng,3.72
D001219,Mpho Maseko,64,32,Code 8,Permanent,Free State,3.57
D001220,Phumzile Van Wyk,42,8,Code 10,Permanent,Western Cape,3.72
D001221,Dumisani Adams,42,29,Code 8,Contract,Western Cape,3.58
D001222,Sipho Dlamini,51,31,Code 10,Permanent,Western Cape,3.58
D001223,Sibusiso Molefe,52,5,Code 8,Contract,Northern Cape,4.21
D001224,Karabo Jacobs,25,14,Code 8,Permanent,Eastern Cape,3.8
D001225,Lindelwa Mahlangu,63,4,Code 10,Permanent,KwaZulu-Natal,4.08
D001226,Kagiso Modise,31,34,Code 14,Permanent,Eastern Cape,4.61
D001227,Zanele Mahlangu,53,31,Code 14,Owner Driver,Limpopo,3.35
D001228,Nokuthula Naidoo,48,6,Code 8,Contract,North West,3.92
D001229,Thabo Pillay,61,22,Code 8,Owner Driver,Limpopo,4.79
D001230,Mpho Ndlovu,55,4,Code 8,Permanent,Eastern Cape,3.2
D001231,Lindelwa Botha,61,25,Code 10,Permanent,North West,3.38
D001232,Siyabonga Van Wyk,26,21,Code 8,Permanent,Northern Cape,4.52
D001233,Kabelo Khumalo,55,12,Code 8,Contract,Gauteng,4.27
D001234,Nokuthula Zulu,49,13,Code 10,Permanent,Gauteng,3.45
D001235,Themba Jacobs,40,7,Code 10,Permanent,Gauteng,3.84
D001236,Lwazi Zulu,49,31,Code 10,Permanent,Northern Cape,4.35
D001237,Phumzile Dlamini,60,9,Code 10,Contract,Free State,4.71
D001238,Lwazi Moyo,31,9,Code 10,Permanent,North West,3.23
D001239,Lindelwa Jacobs,54,13,Code 10,Owner Driver,Western Cape,3.75
D001240,Siyabonga Ndlovu,55,11,Code 8,Owner Driver,Free State,3.51
D001241,Bongani Mthembu,29,6,Code 8,Permanent,Mpumalanga,3.96
D001242,Karabo Sithole,52,19,Code 10,Permanent,KwaZulu-Natal,3.5
D001243,Mpho Ngcobo,58,5,Code 8,Owner Driver,Western Cape,3.76
D001244,Tshepo Adams,46,27,Code 14,Contract,Limpopo,4.12
D001245,Sibusiso Mokoena,50,24,Code 8,Contract,Mpumalanga,5.0
D001246,Tshepo Mabena,43,25,Code 8,Permanent,Free State,3.64
D001247,Themba Nkosi,39,17,Code 10,Owner Driver,Free State,3.6
D001248,Lwazi Dlamini,45,19,Code 10,Permanent,Eastern Cape,3.6
D001249,Phumzile Modise,64,22,Code 14,Permanent,Limpopo,2.63
D001250,Amanda Moyo,27,2,Code 8,Owner Driver,Free State,4.89
D001251,Sipho Nkosi,65,6,Code 10,Contract,Limpopo,2.5
D001252,Themba Mabena,49,16,Code 10,Contract,Gauteng,3.66
D001253,Sibusiso Mkhize,34,26,Code 8,Contract,Limpopo,5.0
D001254,Dumisani Dlamini,59,4,Code 8,Permanent,Eastern Cape,4.1
D001255,Busisiwe Molefe,48,29,Code 14,Owner Driver,North West,3.61
D001256,Busisiwe Cele,34,30,Code 8,Contract,Free State,2.84
D001257,Lwazi Nkosi,37,14,Code 14,Permanent,Gauteng,3.7
D001258,Lerato Modise,62,23,Code 14,Permanent,Mpumalanga,4.17
D001259,Karabo Ngcobo,47,26,Code 14,Permanent,Northern Cape,4.39
D001260,Kagiso Moyo,45,28,Code 10,Permanent,Mpumalanga,4.22
D001261,Precious Moyo,31,8,Code 14,Contract,KwaZulu-Natal,3.87
D001262,Mandla Moyo,64,11,Code 10,Permanent,North West,3.47
D001263,Lerato Mahlangu,24,20,Code 14,Owner Driver,Gauteng,4.01
D001264,Dumisani Moyo,43,8,Code 14,Permanent,North West,4.36
D001265,Sipho Botha,53,20,Code 14,Contract,North West,3.77
D001266,Nandi Adams,54,14,Code 8,Owner Driver,Gauteng,4.39
D001267,Themba Adams,23,26,Code 10,Permanent,Gauteng,4.2
D001268,Kagiso Maseko,29,18,Code 10,Owner Driver,Limpopo,3.77
D001269,Kabelo Cele,24,8,Code 10,Permanent,Gauteng,3.17
D001270,Tshepo Jacobs,48,2,Code 8,Contract,Northern Cape,3.63
D001271,Lwazi Mkhize,57,30,Code 8,Permanent,Northern Cape,3.87
D001272,Siyabonga Dlamini,26,28,Code 8,Owner Driver,Northern Cape,3.31
D001273,Kagiso Pillay,33,21,Code 14,Permanent,Eastern Cape,3.64
D001274,Mandla Ngcobo,29,23,Code 10,Owner Driver,Free State,4.27
D001275,Bongani Mthembu,61,2,Code 10,Permanent,Gauteng,4.32
D001276,Busisiwe Williams,40,19,Code 8,Owner Driver,Western Cape,3.58
D001277,Bongani Dlamini,36,15,Code 10,Permanent,Northern Cape,3.62
D001278,Sibusiso Nkosi,33,16,Code 10,Contract,Northern Cape,4.65
D001279,Lerato Dlamini,57,30,Code 10,Contract,Northern Cape,4.19
D001280,Ayanda Mkhize,50,15,Code 8,Permanent,Limpopo,4.21
D001281,Themba Khumalo,31,4,Code 14,Owner Driver,Western Cape,4.33
D001282,Sipho Ngcobo,33,19,Code 8,Contract,Northern Cape,3.35
D001283,Mpho Jacobs,28,9,Code 10,Owner Driver,Limpopo,4.18
D001284,Kabelo Moyo,38,19,Code 14,Contract,Gauteng,3.8
D001285,Nomsa Maseko,44,28,Code 8,Permanent,Mpumalanga,3.99
D001286,Busisiwe Dlamini,25,30,Code 10,Contract,Free State,3.9
D001287,Nokuthula Mabena,54,25,Code 10,Permanent,Northern Cape,4.44
D001288,Phumzile Pillay,45,23,Code 8,Permanent,North West,3.91
D001289,Nokuthula Jacobs,43,20,Code 10,Permanent,Western Cape,4.54
D001290,Tshepo Mkhize,54,33,Code 10,Permanent,Free State,4.9
D001291,Sibusiso Adams,59,26,Code 10,Permanent,Western Cape,3.79
D001292,Nokuthula Naidoo,60,29,Code 14,Permanent,Northern Cape,4.3
D001293,Phumzile Moyo,48,14,Code 14,Contract,Limpopo,4.84
D001294,Tshepo Moyo,54,4,Code 10,Owner Driver,Eastern Cape,4.18
D001295,Busisiwe Maseko,60,20,Code 8,Permanent,Mpumalanga,4.14
D001296,Tshepo Molefe,29,29,Code 14,Contract,Western Cape,4.64
D001297,Kagiso Mkhize,63,17,Code 10,Contract,Free State,3.86
D001298,Lindelwa Botha,30,14,Code 8,Permanent,Mpumalanga,3.85
D001299,Phumzile Mthembu,53,13,Code 10,Permanent,Gauteng,4.25
D001300,Nokuthula Cele,64,12,Code 10,Owner Driver,Free State,3.51
D001301,Amanda Mabena,54,6,Code 10,Permanent,KwaZulu-Natal,3.76
D001302,Sibusiso Moyo,55,34,Code 10,Permanent,North West,3.45
D001303,Zanele Dlamini,35,33,Code 10,Permanent,Northern Cape,4.25
D001304,Amanda Sithole,28,14,Code 10,Contract,Western Cape,4.45
D001305,Zanele Jacobs,63,24,Code 10,Permanent,North West,4.01
D001306,Mandla Jacobs,55,12,Code 8,Owner Driver,Eastern Cape,3.81
D001307,Precious Mthembu,26,9,Code 10,Permanent,Mpumalanga,4.12
D001308,Sipho Ndlovu,64,17,Code 10,Owner Driver,Gauteng,3.89
D001309,Phumzile Ngcobo,28,1,Code 8,Contract,KwaZulu-Natal,3.58
D001310,Zanele Mokoena,47,29,Code 10,Permanent,North West,4.8
D001311,Nandi Botha,63,30,Code 8,Permanent,Free State,4.44
D001312,Nandi Adams,46,10,Code 10,Owner Driver,Mpumalanga,3.28
D001313,Kagiso Mthembu,55,13,Code 10,Permanent,KwaZulu-Natal,3.67
D001314,Ayanda Ngcobo,62,31,Code 10,Contract,Western Cape,3.72
D001315,Thabo Dlamini,36,13,Code 8,Permanent,Eastern Cape,3.95
D001316,Siyabonga Mokoena,45,34,Code 10,Permanent,Gauteng,3.85
D001317,Nomsa Jacobs,55,26,Code 8,Owner Driver,Northern Cape,3.72
D001318,Kabelo Dlamini,28,27,Code 8,Permanent,Mpumalanga,4.37
D001319,Busisiwe Mahlangu,51,11,Code 10,Contract,Western Cape,3.8
D001320,Ayanda Dlamini,50,25,Code 10,Permanent,Limpopo,3.33
D001321,Nokuthula Williams,52,28,Code 10,Owner Driver,Northern Cape,3.95
D001322,Tshepo Van Wyk,58,17,Code 8,Owner Driver,Mpumalanga,4.42
D001323,Tshepo Cele,37,3,Code 14,Owner Driver,Western Cape,3.22
D001324,Lwazi Sithole,43,7,Code 8,Permanent,Free State,3.85
D001325,Lindelwa Mokoena,37,16,Code 8,Owner Driver,Northern Cape,3.93
D001326,Nokuthula Mahlangu,24,26,Code 10,Permanent,Western Cape,4.93
D001327,Karabo Naidoo,38,5,Code 10,Permanent,Free State,3.87
D001328,Kagiso Mahlangu,45,34,Code 10,Permanent,Free State,4.26
D001329,Nandi Mahlangu,26,27,Code 10,Permanent,North West,3.36
D001330,Phumzile Adams,24,18,Code 8,Owner Driver,Free State,4.96
D001331,Kabelo Mokoena,61,14,Code 8,Permanent,KwaZulu-Natal,4.12
D001332,Amanda Dlamini,23,13,Code 10,Owner Driver,Eastern Cape,4.76
D001333,Kagiso Maseko,46,12,Code 14,Permanent,Eastern Cape,3.81
D001334,Tshepo Zulu,32,24,Code 14,Contract,Limpopo,3.63
D001335,Themba Sithole,36,31,Code 10,Permanent,Northern Cape,3.9
D001336,Themba Cele,41,15,Code 10,Contract,Limpopo,3.33
D001337,Lindelwa Mkhize,62,21,Code 14,Owner Driver,Limpopo,3.97
D001338,Precious Molefe,65,5,Code 10,Contract,Western Cape,3.35
D001339,Busisiwe Naidoo,45,2,Code 10,Contract,Mpumalanga,3.58
D001340,Sibusiso Zulu,48,7,Code 14,Permanent,Mpumalanga,3.75
D001341,Kabelo Nkosi,31,4,Code 10,Permanent,Gauteng,3.67
D001342,Nokuthula Moyo,28,2,Code 10,Owner Driver,Northern Cape,3.9
D001343,Siyabonga Mahlangu,23,1,Code 8,Permanent,Mpumalanga,4.42
D001344,Kagiso Mokoena,64,8,Code 10,Permanent,Mpumalanga,3.79
D001345,Lerato Khumalo,50,29,Code 8,Permanent,Free State,3.43
D001346,Sibusiso Ndlovu,46,27,Code 10,Permanent,KwaZulu-Natal,3.68
D001347,Ayanda Williams,57,1,Code 10,Permanent,Mpumalanga,3.64
D001348,Phumzile Jacobs,48,32,Code 10,Permanent,Eastern Cape,4.95
D001349,Nandi Van Wyk,63,33,Code 8,Owner Driver,Limpopo,3.61
D001350,Phumzile Khumalo,45,31,Code 10,Contract,Limpopo,4.22
D001351,Sipho Naidoo,42,31,Code 14,Contract,Limpopo,4.16
D001352,Dumisani Molefe,53,22,Code 14,Permanent,Free State,3.55
D001353,Bongani Maseko,38,22,Code 8,Owner Driver,Mpumalanga,4.19
D001354,Themba Mthembu,59,21,Code 8,Owner Driver,KwaZulu-Natal,4.54
D001355,Zanele Moyo,50,18,Code 10,Permanent,Northern Cape,4.27
D001356,Nomsa Van Wyk,56,16,Code 10,Permanent,Gauteng,2.74
D001357,Bongani Botha,42,6,Code 14,Contract,Western Cape,3.95
D001358,Lindelwa Nkosi,49,25,Code 14,Permanent,Mpumalanga,4.0
D001359,Sibusiso Khumalo,24,8,Code 10,Permanent,KwaZulu-Natal,4.9
D001360,Tshepo Sithole,26,10,Code 10,Permanent,Western Cape,3.97
D001361,Siyabonga Ngcobo,31,31,Code 8,Permanent,Mpumalanga,3.67
D001362,Precious Ngcobo,37,9,Code 10,Contract,North West,4.27
D001363,Sibusiso Van Wyk,38,21,Code 10,Owner Driver,Free State,4.78
D001364,Karabo Dlamini,23,19,Code 8,Permanent,Western Cape,3.41
D001365,Tshepo Mahlangu,61,16,Code 14,Contract,Eastern Cape,4.4
D001366,Precious Mkhize,25,32,Code 10,Permanent,Northern Cape,3.95
D001367,Tshepo Mkhize,39,4,Code 10,Owner Driver,North West,4.16
D001368,Ayanda Mkhize,62,5,Code 10,Permanent,KwaZulu-Natal,4.67
D001369,Nandi Van Wyk,46,18,Code 14,Permanent,Mpumalanga,3.65
D001370,Lerato Botha,64,13,Code 14,Permanent,Gauteng,3.49
D001371,Siyabonga Mthembu,62,13,Code 10,Permanent,Mpumalanga,3.64
D001372,Precious Williams,49,3,Code 10,Permanent,Eastern Cape,4.39
D001373,Thabo Naidoo,58,23,Code 14,Permanent,Northern Cape,4.11
D001374,Phumzile Mkhize,44,8,Code 8,Contract,Mpumalanga,4.6
D001375,Nandi Nkosi,65,9,Code 14,Contract,Limpopo,3.5
D001376,Nokuthula Mahlangu,51,14,Code 10,Owner Driver,Gauteng,3.57
D001377,Siyabonga Pillay,64,2,Code 10,Permanent,Limpopo,4.87
D001378,Lerato Modise,46,3,Code 14,Permanent,Gauteng,3.12
D001379,Bongani Dlamini,57,2,Code 8,Owner Driver,KwaZulu-Natal,3.14
D001380,Ayanda Adams,64,20,Code 10,Permanent,Free State,5.0
D001381,Busisiwe Maseko,62,33,Code 10,Permanent,North West,4.55
D001382,Lindelwa Modise,40,9,Code 8,Contract,Northern Cape,3.12
D001383,Kagiso Mkhize,52,5,Code 10,Contract,Northern Cape,3.69
D001384,Zanele Cele,65,3,Code 10,Permanent,Western Cape,4.26
D001385,Kagiso Molefe,57,24,Code 8,Permanent,KwaZulu-Natal,4.14
D001386,Ayanda Naidoo,48,21,Code 8,Owner Driver,Western Cape,4.33
D001387,Mpho Dlamini,52,3,Code 8,Contract,KwaZulu-Natal,4.01
D001388,Nokuthula Nkosi,37,3,Code 8,Permanent,Limpopo,4.51
D001389,Lindelwa Dlamini,39,16,Code 8,Permanent,Free State,4.09
D001390,Precious Williams,49,26,Code 10,Contract,Free State,4.37
D001391,Thabo Adams,34,26,Code 10,Permanent,Free State,4.44
D001392,Zanele Khumalo,40,4,Code 8,Permanent,Gauteng,3.89
D001393,Nokuthula Sithole,60,16,Code 8,Permanent,Limpopo,3.93
D001394,Lindelwa Mokoena,23,29,Code 8,Permanent,North West,4.19
D001395,Nokuthula Ngcobo,38,2,Code 8,Contract,Gauteng,4.88
D001396,Kabelo Jacobs,26,30,Code 10,Permanent,Western Cape,3.63
D001397,Themba Botha,51,8,Code 14,Contract,Eastern Cape,3.24
D001398,Sipho Mahlangu,37,4,Code 14,Permanent,Northern Cape,4.06
D001399,Sipho Mthembu,39,32,Code 8,Permanent,Limpopo,4.33
D001400,Zanele Ndlovu,56,24,Code 14,Permanent,Free State,5.0
D001401,Karabo Botha,41,34,Code 10,Permanent,KwaZulu-Natal,4.72
D001402,Siyabonga Dlamini,37,13,Code 10,Contract,Limpopo,5.0
D001403,Nandi Ndlovu,31,21,Code 8,Permanent,Free State,2.75
D001404,Themba Molefe,53,2,Code 8,Permanent,Gauteng,4.48
D001405,Dumisani Naidoo,64,32,Code 10,Owner Driver,Mpumalanga,3.8
D001406,Phumzile Moyo,56,33,Code 10,Owner Driver,Eastern Cape,5.0
D001407,Phumzile Modise,45,25,Code 8,Owner Driver,KwaZulu-Natal,3.94
D001408,Bongani Sithole,54,20,Code 10,Contract,Northern Cape,4.07
D001409,Amanda Jacobs,29,1,Code 8,Contract,Free State,3.76
D001410,Siyabonga Mthembu,31,28,Code 8,Permanent,Limpopo,3.85
D001411,Lerato Botha,52,7,Code 14,Permanent,Gauteng,3.35
D001412,Kagiso Khumalo,47,26,Code 8,Permanent,KwaZulu-Natal,4.87
D001413,Kabelo Mthembu,49,13,Code 10,Contract,KwaZulu-Natal,4.82
D001414,Precious Maseko,33,3,Code 8,Owner Driver,Eastern Cape,4.16
D001415,Thabo Mahlangu,49,13,Code 8,Permanent,Gauteng,3.95
D001416,Sibusiso Adams,25,8,Code 8,Permanent,Limpopo,3.13
D001417,Phumzile Sithole,51,8,Code 14,Permanent,Northern Cape,4.33
D001418,Precious Mthembu,29,26,Code 14,Permanent,Western Cape,4.13
D001419,Sipho Sithole,59,9,Code 10,Permanent,Eastern Cape,4.2
D001420,Dumisani Modise,46,12,Code 10,Owner Driver,Gauteng,4.37
D001421,Zanele Mahlangu,38,10,Code 8,Contract,Mpumalanga,3.47
D001422,Zanele Sithole,46,32,Code 8,Permanent,Northern Cape,4.8
D001423,Mpho Mkhize,39,17,Code 10,Contract,Gauteng,4.0
D001424,Tshepo Naidoo,48,30,Code 10,Permanent,Northern Cape,3.74
D001425,Nokuthula Maseko,35,24,Code 14,Permanent,Western Cape,3.58
D001426,Nandi Mokoena,56,21,Code 10,Permanent,Mpumalanga,5.0
D001427,Mpho Pillay,51,34,Code 10,Owner Driver,Western Cape,3.89
D001428,Amanda Khumalo,29,3,Code 10,Owner Driver,Western Cape,4.17
D001429,Phumzile Dlamini,32,12,Code 14,Owner Driver,Northern Cape,3.67
D001430,Lwazi Khumalo,55,24,Code 10,Permanent,Free State,3.73
D001431,Busisiwe Pillay,34,2,Code 8,Permanent,KwaZulu-Natal,3.94
D001432,Nomsa Zulu,59,29,Code 8,Owner Driver,KwaZulu-Natal,4.34
D001433,Nandi Ngcobo,46,12,Code 8,Permanent,KwaZulu-Natal,3.58
D001434,Kabelo Zulu,44,33,Code 10,Owner Driver,Free State,4.49
D001435,Themba Maseko,28,16,Code 10,Owner Driver,Mpumalanga,3.77
D001436,Sibusiso Mabena,56,11,Code 8,Owner Driver,Northern Cape,3.88
D001437,Lwazi Williams,48,21,Code 10,Permanent,Northern Cape,4.34
D001438,Karabo Mokoena,34,27,Code 8,Owner Driver,KwaZulu-Natal,3.9
D001439,Sipho Jacobs,44,3,Code 14,Permanent,Gauteng,4.39
D001440,Mpho Mokoena,52,31,Code 8,Contract,Northern Cape,4.74
D001441,Ayanda Van Wyk,42,13,Code 8,Contract,Limpopo,4.09
D001442,Mandla Adams,47,9,Code 8,Permanent,Gauteng,4.61
D001443,Ayanda Mabena,26,9,Code 10,Permanent,Limpopo,3.36
D001444,Phumzile Dlamini,42,32,Code 8,Permanent,Northern Cape,3.14
D001445,Lwazi Dlamini,54,12,Code 8,Owner Driver,North West,4.16
D001446,Lerato Mthembu,53,10,Code 10,Permanent,Eastern Cape,3.99
D001447,Siyabonga Mabena,62,24,Code 8,Owner Driver,Northern Cape,3.49
D001448,Karabo Cele,28,20,Code 8,Contract,Gauteng,3.75
D001449,Nandi Van Wyk,25,5,Code 14,Contract,Northern Cape,3.15
D001450,Lerato Dlamini,29,6,Code 8,Owner Driver,Western Cape,2.91
D001451,Lwazi Mabena,33,26,Code 10,Permanent,Northern Cape,4.01
D001452,Zanele Molefe,62,2,Code 14,Permanent,Free State,4.45
D001453,Kagiso Botha,62,31,Code 10,Permanent,North West,3.7
D001454,Themba Zulu,58,28,Code 10,Permanent,North West,3.62
D001455,Karabo Pillay,24,4,Code 14,Permanent,Free State,4.03
D001456,Themba Molefe,38,23,Code 10,Contract,Northern Cape,5.0
D001457,Sipho Dlamini,33,26,Code 10,Permanent,Limpopo,4.25
D001458,Lwazi Adams,64,19,Code 10,Owner Driver,Gauteng,3.95
D001459,Mandla Ngcobo,64,5,Code 14,Owner Driver,Limpopo,4.52
D001460,Lerato Sithole,58,4,Code 8,Owner Driver,Northern Cape,3.77
D001461,Nomsa Botha,24,8,Code 14,Owner Driver,Mpumalanga,4.88
D001462,Sibusiso Naidoo,37,5,Code 10,Contract,North West,4.58
D001463,Sibusiso Mokoena,24,1,Code 8,Permanent,KwaZulu-Natal,5.0
D001464,Dumisani Jacobs,54,23,Code 10,Owner Driver,North West,4.85
D001465,Lwazi Ndlovu,27,14,Code 10,Contract,Gauteng,4.17
D001466,Lwazi Mahlangu,54,33,Code 8,Permanent,Limpopo,2.91
D001467,Lwazi Naidoo,49,23,Code 10,Contract,Northern Cape,3.48
D001468,Tshepo Nkosi,45,2,Code 8,Permanent,Limpopo,4.87
D001469,Phumzile Mahlangu,64,26,Code 8,Permanent,Mpumalanga,3.89
D001470,Thabo Mabena,44,13,Code 10,Permanent,Mpumalanga,5.0
D001471,Mpho Modise,55,28,Code 8,Contract,KwaZulu-Natal,4.23
D001472,Kagiso Mthembu,34,9,Code 14,Permanent,Free State,3.69
D001473,Lindelwa Maseko,40,33,Code 10,Permanent,Limpopo,3.67
D001474,Sibusiso Botha,36,9,Code 14,Permanent,KwaZulu-Natal,4.14
D001475,Zanele Dlamini,59,24,Code 8,Permanent,North West,3.99
D001476,Karabo Mahlangu,62,10,Code 8,Permanent,Gauteng,3.82
D001477,Sipho Zulu,41,17,Code 14,Contract,Mpumalanga,3.49
D001478,Phumzile Jacobs,62,25,Code 10,Contract,Northern Cape,3.89
D001479,Lindelwa Dlamini,30,16,Code 10,Permanent,Eastern Cape,4.11
D001480,Mpho Khumalo,31,11,Code 8,Contract,KwaZulu-Natal,4.45
D001481,Precious Mokoena,56,8,Code 10,Owner Driver,Western Cape,3.71
D001482,Lerato Van Wyk,38,31,Code 10,Contract,Gauteng,4.34
D001483,Precious Modise,49,4,Code 10,Owner Driver,Western Cape,4.16
D001484,Ayanda Cele,39,9,Code 8,Contract,Limpopo,4.1
D001485,Lwazi Jacobs,42,10,Code 14,Permanent,Eastern Cape,4.38
D001486,Ayanda Mthembu,32,20,Code 14,Contract,Mpumalanga,3.95
D001487,Nandi Naidoo,30,34,Code 10,Permanent,Limpopo,3.77
D001488,Dumisani Mkhize,43,1,Code 14,Owner Driver,Eastern Cape,3.91
D001489,Dumisani Zulu,56,34,Code 10,Owner Driver,Free State,3.9
D001490,Tshepo Botha,52,18,Code 10,Contract,Eastern Cape,4.0
D001491,Siyabonga Khumalo,61,24,Code 8,Permanent,Mpumalanga,4.1
D001492,Sipho Moyo,23,28,Code 10,Contract,Mpumalanga,2.96
D001493,Nomsa Khumalo,64,34,Code 10,Owner Driver,Eastern Cape,4.32
D001494,Dumisani Botha,31,27,Code 10,Permanent,North West,4.38
D001495,Sibusiso Moyo,32,11,Code 8,Contract,Mpumalanga,3.03
D001496,Sibusiso Adams,60,8,Code 14,Owner Driver,Limpopo,3.53
D001497,Lerato Nkosi,40,28,Code 8,Permanent,North West,4.29
D001498,Thabo Dlamini,33,11,Code 8,Contract,Northern Cape,3.67
D001499,Phumzile Zulu,47,18,Code 14,Permanent,KwaZulu-Natal,2.92
D001500,Mandla Williams,46,18,Code 8,Permanent,Mpumalanga,5.0
D001501,Phumzile Cele,58,22,Code 10,Permanent,Limpopo,5.0
D001502,Nandi Pillay,48,32,Code 14,Permanent,Northern Cape,3.51
D001503,Karabo Pillay,61,23,Code 14,Permanent,Northern Cape,5.0
D001504,Zanele Williams,44,18,Code 8,Permanent,Limpopo,5.0
D001505,Kabelo Sithole,64,10,Code 10,Permanent,KwaZulu-Natal,4.69
D001506,Nokuthula Mahlangu,40,22,Code 10,Owner Driver,North West,4.33
D001507,Lwazi Maseko,26,34,Code 14,Permanent,KwaZulu-Natal,3.64
D001508,Themba Adams,25,17,Code 10,Permanent,Free State,4.0
D001509,Siyabonga Ndlovu,59,9,Code 10,Permanent,Limpopo,3.56
D001510,Kagiso Maseko,65,28,Code 10,Permanent,Eastern Cape,3.37
D001511,Precious Ndlovu,29,11,Code 8,Permanent,KwaZulu-Natal,3.89
D001512,Precious Mokoena,62,28,Code 10,Contract,Free State,4.2
D001513,Lwazi Adams,25,4,Code 10,Owner Driver,Western Cape,3.87
D001514,Lerato Mokoena,51,4,Code 14,Permanent,Mpumalanga,4.65
D001515,Lerato Mokoena,35,21,Code 14,Permanent,Free State,3.92
D001516,Zanele Nkosi,25,29,Code 8,Permanent,Eastern Cape,5.0
D001517,Kagiso Ndlovu,54,29,Code 10,Permanent,Eastern Cape,3.68
D001518,Zanele Adams,51,34,Code 8,Permanent,Free State,4.58
D001519,Nandi Mahlangu,27,15,Code 10,Permanent,Limpopo,3.54
D001520,Lindelwa Ndlovu,30,31,Code 8,Permanent,North West,3.2
D001521,Kagiso Cele,55,31,Code 8,Permanent,Western Cape,3.81
D001522,Zanele Williams,37,25,Code 8,Permanent,Free State,3.86
D001523,Kabelo Molefe,43,26,Code 8,Contract,Eastern Cape,3.75
D001524,Busisiwe Dlamini,40,10,Code 8,Contract,KwaZulu-Natal,3.11
D001525,Zanele Pillay,40,23,Code 10,Permanent,North West,4.04
D001526,Mpho Mkhize,27,7,Code 10,Contract,Free State,4.17
D001527,Sipho Cele,36,18,Code 10,Permanent,Free State,3.98
D001528,Thabo Ngcobo,39,24,Code 10,Contract,Mpumalanga,3.71
D001529,Mandla Zulu,54,12,Code 8,Owner Driver,North West,4.63
D001530,Bongani Mthembu,29,4,Code 10,Permanent,Limpopo,3.91
D001531,Busisiwe Molefe,32,22,Code 14,Contract,Limpopo,3.82
D001532,Precious Sithole,49,2,Code 10,Owner Driver,Eastern Cape,3.58
D001533,Kabelo Cele,29,30,Code 10,Permanent,Mpumalanga,3.49
D001534,Phumzile Ngcobo,30,2,Code 10,Permanent,Mpumalanga,4.11
D001535,Sipho Mabena,63,20,Code 10,Contract,Gauteng,4.57
D001536,Sipho Mabena,39,31,Code 10,Owner Driver,Limpopo,4.3
D001537,Amanda Botha,23,30,Code 8,Permanent,Limpopo,4.13
D001538,Siyabonga Maseko,60,4,Code 14,Permanent,KwaZulu-Natal,4.35
D001539,Mpho Modise,38,13,Code 10,Permanent,Gauteng,4.84
D001540,Nokuthula Moyo,27,9,Code 10,Permanent,North West,4.64
D001541,Precious Ndlovu,42,18,Code 14,Owner Driver,North West,3.59
D001542,Phumzile Williams,48,17,Code 10,Permanent,North West,3.71
D001543,Tshepo Ngcobo,28,31,Code 10,Permanent,Gauteng,4.0
D001544,Dumisani Ndlovu,48,7,Code 10,Permanent,Western Cape,3.48
D001545,Precious Adams,65,9,Code 10,Permanent,Northern Cape,3.9
D001546,Phumzile Molefe,55,6,Code 8,Contract,Mpumalanga,3.83
D001547,Zanele Williams,35,21,Code 10,Owner Driver,Free State,2.88
D001548,Nomsa Pillay,39,5,Code 10,Permanent,Western Cape,4.58
D001549,Thabo Williams,64,15,Code 10,Permanent,Eastern Cape,3.77
D001550,Sibusiso Dlamini,65,28,Code 8,Contract,Limpopo,4.01
D001551,Siyabonga Sithole,27,12,Code 10,Contract,Western Cape,3.61
D001552,Nandi Moyo,64,17,Code 8,Contract,KwaZulu-Natal,3.46
D001553,Mandla Zulu,43,23,Code 10,Permanent,Limpopo,4.63
D001554,Lindelwa Ngcobo,65,29,Code 10,Permanent,North West,3.91
D001555,Bongani Pillay,51,27,Code 8,Permanent,KwaZulu-Natal,3.84
D001556,Kagiso Naidoo,49,30,Code 8,Contract,Eastern Cape,3.82
D001557,Lerato Maseko,35,9,Code 8,Permanent,KwaZulu-Natal,4.45
D001558,Kabelo Naidoo,65,33,Code 10,Permanent,KwaZulu-Natal,4.14
D001559,Siyabonga Zulu,64,32,Code 10,Contract,Limpopo,4.83
D001560,Precious Nkosi,62,11,Code 8,Permanent,Free State,4.9
D001561,Kagiso Zulu,61,19,Code 8,Permanent,Western Cape,3.72
D001562,Siyabonga Cele,44,23,Code 14,Permanent,Limpopo,3.43
D001563,Busisiwe Naidoo,53,28,Code 8,Permanent,Free State,4.41
D001564,Amanda Williams,39,31,Code 8,Permanent,Eastern Cape,3.44
D001565,Precious Molefe,26,25,Code 8,Owner Driver,Limpopo,4.04
D001566,Bongani Mthembu,28,31,Code 8,Contract,Northern Cape,4.24
D001567,Zanele Adams,49,31,Code 14,Owner Driver,Free State,3.93
D001568,Themba Mokoena,58,7,Code 10,Permanent,Free State,4.06
D001569,Busisiwe Mabena,55,25,Code 10,Permanent,Eastern Cape,3.87
D001570,Sipho Modise,51,13,Code 10,Contract,Mpumalanga,3.76
D001571,Mandla Molefe,51,10,Code 10,Owner Driver,Gauteng,4.67
D001572,Kagiso Sithole,59,2,Code 8,Contract,Northern Cape,4.62
D001573,Ayanda Moyo,59,12,Code 8,Permanent,Free State,4.39
D001574,Nandi Mthembu,39,2,Code 10,Permanent,Free State,5.0
D001575,Sibusiso Nkosi,24,32,Code 10,Permanent,Mpumalanga,4.83
D001576,Nandi Mthembu,58,22,Code 10,Contract,Free State,3.81
D001577,Amanda Pillay,29,14,Code 8,Permanent,Gauteng,4.94
D001578,Mpho Molefe,29,32,Code 10,Permanent,Western Cape,4.5
D001579,Mpho Mthembu,51,12,Code 10,Owner Driver,Limpopo,4.43
D001580,Siyabonga Modise,35,16,Code 8,Permanent,Mpumalanga,3.84
D001581,Lwazi Khumalo,26,6,Code 14,Permanent,Free State,4.95
D001582,Thabo Van Wyk,60,33,Code 14,Permanent,Limpopo,4.43
D001583,Phumzile Mkhize,25,1,Code 8,Permanent,Eastern Cape,3.99
D001584,Lindelwa Mthembu,57,32,Code 10,Contract,Eastern Cape,4.03
D001585,Zanele Van Wyk,27,15,Code 14,Permanent,North West,3.91
D001586,Bongani Mthembu,28,32,Code 10,Owner Driver,North West,4.43
D001587,Ayanda Sithole,48,9,Code 8,Owner Driver,Gauteng,3.64
D001588,Tshepo Cele,40,33,Code 8,Permanent,Eastern Cape,3.47
D001589,Lwazi Moyo,30,12,Code 10,Permanent,Mpumalanga,4.35
D001590,Siyabonga Modise,48,21,Code 14,Owner Driver,Western Cape,4.31
D001591,Siyabonga Khumalo,30,31,Code 14,Permanent,Free State,4.02
D001592,Thabo Khumalo,65,5,Code 10,Contract,North West,3.85
D001593,Amanda Moyo,44,6,Code 10,Permanent,North West,3.87
D001594,Lwazi Mkhize,61,14,Code 8,Contract,Mpumalanga,3.36
D001595,Sipho Sithole,25,8,Code 10,Permanent,Limpopo,3.95
D001596,Precious Dlamini,38,14,Code 10,Contract,Mpumalanga,4.4
D001597,Busisiwe Khumalo,37,10,Code 10,Permanent,North West,4.58
D001598,Mandla Van Wyk,57,33,Code 8,Permanent,Mpumalanga,2.8
D001599,Amanda Williams,25,8,Code 10,Permanent,Free State,4.27
D001600,Tshepo Van Wyk,43,21,Code 10,Owner Driver,Limpopo,3.95
D001601,Phumzile Botha,53,27,Code 8,Owner Driver,Western Cape,5.0
D001602,Lerato Williams,38,14,Code 10,Owner Driver,North West,3.93
D001603,Bongani Molefe,62,25,Code 8,Contract,Limpopo,4.68
D001604,Phumzile Williams,49,14,Code 14,Owner Driver,Northern Cape,4.19
D001605,Amanda Mkhize,65,11,Code 14,Permanent,Eastern Cape,4.11
D001606,Tshepo Zulu,65,7,Code 8,Contract,KwaZulu-Natal,4.51
D001607,Precious Dlamini,47,31,Code 14,Contract,Western Cape,3.88
D001608,Lindelwa Molefe,42,17,Code 8,Permanent,KwaZulu-Natal,4.19
D001609,Kagiso Mabena,53,23,Code 8,Permanent,KwaZulu-Natal,5.0
D001610,Tshepo Sithole,61,27,Code 10,Contract,Free State,4.81
D001611,Sipho Molefe,47,12,Code 14,Owner Driver,Eastern Cape,4.21
D001612,Lerato Ngcobo,50,32,Code 14,Permanent,Free State,4.0
D001613,Busisiwe Pillay,60,16,Code 8,Owner Driver,Eastern Cape,4.4
D001614,Themba Williams,31,30,Code 10,Owner Driver,Limpopo,4.42
D001615,Sibusiso Mkhize,48,2,Code 10,Permanent,North West,3.41
D001616,Thabo Khumalo,52,9,Code 8,Contract,Limpopo,5.0
D001617,Lindelwa Mabena,26,24,Code 10,Permanent,Limpopo,3.76
D001618,Mpho Mkhize,36,21,Code 10,Permanent,Eastern Cape,4.47
D001619,Dumisani Mokoena,62,6,Code 8,Contract,Eastern Cape,4.01
D001620,Kabelo Williams,56,2,Code 10,Owner Driver,North West,4.2
D001621,Kabelo Van Wyk,56,7,Code 14,Permanent,Western Cape,4.03
D001622,Kabelo Mkhize,65,30,Code 8,Permanent,Mpumalanga,4.35
D001623,Themba Modise,59,21,Code 8,Permanent,Free State,3.85
D001624,Nomsa Mahlangu,36,15,Code 8,Owner Driver,Gauteng,3.74
D001625,Thabo Khumalo,36,18,Code 14,Permanent,Western Cape,3.28
D001626,Ayanda Dlamini,25,4,Code 10,Contract,Northern Cape,3.9
D001627,Mandla Mkhize,29,23,Code 10,Contract,Free State,3.62
D001628,Lwazi Moyo,42,2,Code 14,Owner Driver,Free State,4.68
D001629,Nandi Botha,44,2,Code 8,Owner Driver,Gauteng,4.58
D001630,Mpho Botha,59,11,Code 8,Permanent,Northern Cape,3.71
D001631,Lerato Nkosi,23,29,Code 14,Permanent,Western Cape,4.11
D001632,Nandi Mabena,57,18,Code 10,Contract,Mpumalanga,4.33
D001633,Mpho Mabena,59,13,Code 10,Permanent,Northern Cape,4.23
D001634,Siyabonga Naidoo,38,7,Code 10,Contract,Eastern Cape,4.14
D001635,Ayanda Jacobs,33,7,Code 8,Contract,Mpumalanga,4.75
D001636,Lerato Mabena,51,2,Code 8,Contract,Western Cape,3.84
D001637,Tshepo Ngcobo,36,9,Code 8,Owner Driver,Free State,2.93
D001638,Lindelwa Nkosi,46,27,Code 8,Contract,Free State,4.61
D001639,Lerato Mthembu,51,8,Code 14,Permanent,Free State,3.76
D001640,Sibusiso Jacobs,64,22,Code 14,Permanent,Gauteng,4.42
D001641,Bongani Nkosi,65,7,Code 10,Permanent,North West,4.02
D001642,Nandi Pillay,60,15,Code 10,Owner Driver,North West,3.84
D001643,Themba Williams,50,6,Code 14,Permanent,Gauteng,4.46
D001644,Lwazi Cele,64,14,Code 8,Permanent,Free State,4.93
D001645,Nomsa Jacobs,63,24,Code 10,Permanent,Mpumalanga,2.99
D001646,Mpho Nkosi,27,1,Code 10,Permanent,Limpopo,4.83
D001647,Nokuthula Zulu,36,14,Code 14,Owner Driver,Limpopo,4.86
D001648,Dumisani Naidoo,65,8,Code 10,Permanent,Limpopo,3.54
D001649,Nandi Pillay,39,17,Code 10,Contract,Western Cape,4.28
D001650,Karabo Mthembu,36,19,Code 10,Contract,Northern Cape,4.35
D001651,Nandi Van Wyk,50,30,Code 14,Permanent,North West,4.29
D001652,Lwazi Sithole,48,15,Code 8,Permanent,KwaZulu-Natal,3.26
D001653,Nandi Mthembu,28,6,Code 8,Permanent,Gauteng,4.43
D001654,Themba Pillay,52,27,Code 8,Owner Driver,North West,4.42
D001655,Precious Adams,48,13,Code 8,Contract,Northern Cape,3.53
D001656,Ayanda Zulu,42,3,Code 10,Permanent,Free State,5.0
D001657,Nomsa Ndlovu,30,13,Code 14,Permanent,Eastern Cape,3.57
D001658,Lwazi Modise,30,34,Code 8,Permanent,KwaZulu-Natal,4.97
D001659,Nomsa Ngcobo,53,7,Code 8,Contract,North West,4.27
D001660,Phumzile Ndlovu,32,22,Code 8,Permanent,Western Cape,3.47
D001661,Thabo Molefe,31,8,Code 8,Permanent,Western Cape,4.27
D001662,Thabo Cele,48,12,Code 10,Permanent,Free State,4.41
D001663,Phumzile Cele,44,4,Code 8,Permanent,Eastern Cape,3.91
D001664,Kabelo Molefe,35,23,Code 10,Permanent,Gauteng,3.92
D001665,Amanda Nkosi,30,5,Code 8,Permanent,Northern Cape,4.65
D001666,Nandi Maseko,57,8,Code 8,Contract,Gauteng,5.0
D001667,Amanda Molefe,51,31,Code 14,Permanent,Free State,3.58
D001668,Karabo Maseko,27,15,Code 10,Permanent,Eastern Cape,5.0
D001669,Mpho Molefe,54,8,Code 10,Permanent,Western Cape,3.82
D001670,Kagiso Botha,63,34,Code 10,Contract,KwaZulu-Natal,4.8
D001671,Bongani Zulu,51,29,Code 8,Permanent,Northern Cape,3.55
D001672,Themba Adams,45,14,Code 8,Permanent,North West,3.7
D001673,Siyabonga Mthembu,32,21,Code 8,Owner Driver,KwaZulu-Natal,3.51
D001674,Mandla Ngcobo,39,29,Code 8,Contract,Gauteng,3.95
D001675,Nandi Moyo,39,18,Code 14,Contract,Free State,4.74
D001676,Bongani Adams,47,28,Code 10,Permanent,North West,5.0
D001677,Mpho Van Wyk,34,5,Code 8,Permanent,North West,3.95
D001678,Kabelo Molefe,26,16,Code 10,Permanent,KwaZulu-Natal,4.1
D001679,Zanele Nkosi,42,12,Code 14,Contract,Free State,3.36
D001680,Karabo Nkosi,36,29,Code 8,Owner Driver,North West,4.29
D001681,Bongani Khumalo,34,6,Code 14,Permanent,Western Cape,2.87
D001682,Thabo Ndlovu,30,8,Code 10,Contract,Northern Cape,2.62
D001683,Lerato Van Wyk,55,6,Code 8,Contract,Limpopo,3.45
D001684,Nandi Mkhize,36,26,Code 10,Permanent,Free State,3.51
D001685,Mpho Zulu,46,10,Code 10,Permanent,North West,4.03
D001686,Kabelo Mkhize,63,13,Code 8,Owner Driver,Free State,4.07
D001687,Phumzile Mkhize,35,15,Code 10,Permanent,Western Cape,4.83
D001688,Precious Pillay,33,33,Code 10,Owner Driver,Free State,4.53
D001689,Amanda Mahlangu,36,24,Code 14,Permanent,Eastern Cape,4.1
D001690,Sipho Modise,48,26,Code 8,Contract,Northern Cape,4.72
D001691,Tshepo Williams,39,13,Code 8,Permanent,KwaZulu-Natal,3.4
D001692,Dumisani Naidoo,41,27,Code 14,Permanent,Northern Cape,4.29
D001693,Nomsa Ngcobo,45,1,Code 10,Contract,Gauteng,4.75
D001694,Bongani Modise,56,17,Code 10,Contract,Northern Cape,3.54
D001695,Sibusiso Pillay,25,5,Code 10,Contract,Free State,4.75
D001696,Themba Jacobs,63,34,Code 8,Permanent,Eastern Cape,3.67
D001697,Bongani Cele,59,32,Code 8,Owner Driver,Free State,4.26
D001698,Amanda Naidoo,24,33,Code 8,Permanent,Mpumalanga,3.61
D001699,Nomsa Pillay,56,23,Code 8,Permanent,Free State,4.57
D001700,Zanele Van Wyk,49,21,Code 8,Owner Driver,North West,3.67
D001701,Mandla Jacobs,26,31,Code 10,Permanent,Limpopo,3.93
D001702,Phumzile Sithole,33,25,Code 8,Permanent,Limpopo,3.56
D001703,Busisiwe Khumalo,46,23,Code 10,Permanent,Limpopo,4.14
D001704,Lerato Jacobs,63,15,Code 14,Permanent,Northern Cape,4.25
D001705,Phumzile Ndlovu,39,17,Code 8,Contract,KwaZulu-Natal,3.25
D001706,Siyabonga Ndlovu,23,27,Code 8,Permanent,Free State,3.27
D001707,Nokuthula Maseko,32,25,Code 10,Contract,North West,4.57
D001708,Kagiso Mokoena,47,29,Code 8,Owner Driver,North West,3.62
D001709,Thabo Mokoena,34,23,Code 14,Permanent,Western Cape,3.08
D001710,Thabo Cele,57,17,Code 8,Contract,Free State,4.51
D001711,Dumisani Dlamini,59,31,Code 10,Contract,KwaZulu-Natal,3.82
D001712,Phumzile Mthembu,50,5,Code 14,Permanent,North West,4.42
D001713,Nomsa Modise,56,5,Code 8,Permanent,Free State,4.82
D001714,Busisiwe Ngcobo,57,23,Code 8,Permanent,Limpopo,4.85
D001715,Nomsa Jacobs,24,21,Code 10,Permanent,Free State,4.37
D001716,Lindelwa Botha,30,33,Code 8,Permanent,Mpumalanga,3.73
D001717,Lerato Williams,44,30,Code 8,Contract,Free State,3.94
D001718,Sibusiso Cele,63,20,Code 10,Permanent,Limpopo,2.41
D001719,Sipho Mabena,45,25,Code 10,Contract,KwaZulu-Natal,3.79
D001720,Dumisani Naidoo,44,7,Code 8,Permanent,Northern Cape,4.83
D001721,Lindelwa Nkosi,52,5,Code 8,Owner Driver,Northern Cape,3.29
D001722,Themba Mabena,42,19,Code 14,Permanent,Gauteng,4.03
D001723,Nandi Jacobs,50,7,Code 8,Owner Driver,Western Cape,3.37
D001724,Busisiwe Pillay,38,31,Code 8,Permanent,Gauteng,4.86
D001725,Lindelwa Cele,44,9,Code 8,Permanent,North West,4.05
D001726,Phumzile Moyo,27,14,Code 10,Permanent,Eastern Cape,4.72
D001727,Mandla Williams,60,28,Code 14,Owner Driver,Western Cape,4.71
D001728,Kagiso Pillay,57,18,Code 10,Owner Driver,Free State,3.61
D001729,Nandi Van Wyk,41,4,Code 10,Contract,Northern Cape,4.05
D001730,Zanele Dlamini,57,8,Code 8,Permanent,Eastern Cape,4.94
D001731,Siyabonga Mabena,65,12,Code 8,Contract,Limpopo,3.98
D001732,Sipho Naidoo,65,34,Code 8,Permanent,Mpumalanga,3.79
D001733,Mandla Nkosi,59,8,Code 14,Contract,North West,4.41
D001734,Lwazi Naidoo,33,1,Code 10,Permanent,Gauteng,4.73
D001735,Karabo Modise,30,31,Code 8,Permanent,North West,3.66
D001736,Nandi Naidoo,47,14,Code 14,Contract,Free State,4.14
D001737,Kagiso Nkosi,40,14,Code 14,Permanent,Gauteng,4.96
D001738,Mpho Mokoena,42,8,Code 14,Permanent,Free State,3.78
D001739,Kabelo Khumalo,43,33,Code 8,Permanent,Northern Cape,3.06
D001740,Kabelo Van Wyk,51,8,Code 10,Permanent,Northern Cape,4.7
D001741,Kagiso Molefe,24,13,Code 8,Contract,Western Cape,3.56
D001742,Tshepo Moyo,51,19,Code 8,Permanent,Mpumalanga,4.67
D001743,Nandi Mahlangu,47,9,Code 8,Permanent,Gauteng,3.81
D001744,Dumisani Van Wyk,36,31,Code 10,Contract,North West,3.66
D001745,Precious Ngcobo,56,20,Code 10,Owner Driver,KwaZulu-Natal,4.42
D001746,Sibusiso Ndlovu,57,13,Code 10,Permanent,Mpumalanga,4.37
D001747,Karabo Botha,55,17,Code 14,Permanent,Gauteng,4.28
D001748,Thabo Adams,34,21,Code 8,Permanent,KwaZulu-Natal,3.99
D001749,Amanda Cele,25,12,Code 8,Permanent,Limpopo,4.3
D001750,Ayanda Modise,61,5,Code 10,Permanent,Eastern Cape,4.03
D001751,Karabo Cele,31,13,Code 10,Permanent,Limpopo,4.27
D001752,Nomsa Mabena,25,31,Code 10,Permanent,KwaZulu-Natal,4.05
D001753,Nomsa Sithole,35,6,Code 10,Permanent,Gauteng,4.72
D001754,Lwazi Sithole,63,10,Code 14,Permanent,KwaZulu-Natal,3.67
D001755,Sibusiso Mabena,45,34,Code 10,Permanent,Mpumalanga,2.72
D001756,Mpho Mahlangu,29,27,Code 10,Permanent,Eastern Cape,3.49
D001757,Themba Zulu,57,34,Code 10,Owner Driver,KwaZulu-Natal,4.03
D001758,Dumisani Maseko,52,22,Code 8,Contract,North West,4.42
D001759,Phumzile Mabena,60,28,Code 10,Permanent,Northern Cape,4.22
D001760,Lerato Van Wyk,65,28,Code 14,Contract,KwaZulu-Natal,3.16
D001761,Kabelo Moyo,27,19,Code 10,Owner Driver,Eastern Cape,4.43
D001762,Phumzile Nkosi,45,5,Code 10,Permanent,Mpumalanga,3.95
D001763,Sipho Moyo,28,17,Code 10,Owner Driver,Western Cape,3.83
D001764,Kabelo Molefe,34,20,Code 8,Contract,KwaZulu-Natal,3.82
D001765,Busisiwe Jacobs,37,25,Code 10,Permanent,North West,2.66
D001766,Kabelo Van Wyk,34,3,Code 8,Permanent,Gauteng,4.41
D001767,Lindelwa Mahlangu,38,16,Code 10,Owner Driver,North West,4.35
D001768,Lerato Nkosi,33,31,Code 10,Permanent,Limpopo,4.02
D001769,Amanda Maseko,62,6,Code 10,Owner Driver,KwaZulu-Natal,5.0
D001770,Themba Cele,46,23,Code 8,Owner Driver,Limpopo,3.99
D001771,Nokuthula Botha,41,6,Code 10,Permanent,Mpumalanga,3.38
D001772,Busisiwe Mahlangu,28,12,Code 10,Permanent,Western Cape,3.58
D001773,Phumzile Van Wyk,53,28,Code 10,Owner Driver,Eastern Cape,3.84
D001774,Lwazi Sithole,64,29,Code 8,Permanent,North West,4.55
D001775,Kagiso Botha,42,16,Code 14,Contract,Northern Cape,4.0
D001776,Lerato Mahlangu,53,6,Code 8,Owner Driver,Mpumalanga,4.07
D001777,Thabo Ngcobo,36,33,Code 8,Contract,Gauteng,3.97
D001778,Sipho Botha,29,34,Code 8,Permanent,North West,4.31
D001779,Nandi Khumalo,39,31,Code 8,Owner Driver,Mpumalanga,3.14
D001780,Bongani Pillay,57,6,Code 8,Contract,Western Cape,3.99
D001781,Nomsa Dlamini,33,5,Code 8,Owner Driver,Western Cape,3.45
D001782,Nokuthula Mkhize,45,11,Code 8,Owner Driver,North West,3.78
D001783,Sibusiso Cele,38,19,Code 14,Permanent,Gauteng,4.58
D001784,Tshepo Dlamini,43,25,Code 10,Owner Driver,Western Cape,3.61
D001785,Lindelwa Mthembu,32,18,Code 10,Owner Driver,KwaZulu-Natal,3.53
D001786,Nokuthula Maseko,37,21,Code 10,Contract,Gauteng,3.63
D001787,Precious Mkhize,39,7,Code 8,Permanent,Free State,3.02
D001788,Tshepo Maseko,55,2,Code 10,Contract,Eastern Cape,2.83
D001789,Lindelwa Molefe,27,31,Code 8,Contract,Gauteng,2.78
D001790,Themba Ngcobo,48,13,Code 10,Permanent,Free State,3.93
D001791,Lindelwa Pillay,49,5,Code 8,Permanent,Free State,3.59
D001792,Zanele Sithole,49,4,Code 8,Owner Driver,North West,3.68
D001793,Nomsa Pillay,42,26,Code 10,Contract,Western Cape,4.17
D001794,Nandi Modise,54,33,Code 10,Owner Driver,North West,4.52
D001795,Themba Mkhize,28,29,Code 8,Contract,Northern Cape,3.58
D001796,Mandla Maseko,54,19,Code 10,Contract,Free State,3.63
D001797,Nokuthula Mthembu,30,24,Code 14,Permanent,Western Cape,4.83
D001798,Kabelo Sithole,59,29,Code 10,Permanent,Northern Cape,4.81
D001799,Kabelo Khumalo,49,8,Code 8,Contract,Western Cape,3.83
D001800,Karabo Williams,34,22,Code 10,Permanent,North West,4.64
D001801,Amanda Mabena,29,7,Code 14,Permanent,Mpumalanga,3.41
D001802,Tshepo Mthembu,23,22,Code 8,Permanent,North West,3.94
D001803,Mpho Ndlovu,57,21,Code 10,Permanent,Mpumalanga,4.62
D001804,Themba Jacobs,63,5,Code 8,Owner Driver,Limpopo,4.88
D001805,Busisiwe Naidoo,53,11,Code 8,Permanent,KwaZulu-Natal,3.64
D001806,Thabo Modise,32,29,Code 10,Contract,Limpopo,3.75
D001807,Mpho Botha,62,9,Code 10,Permanent,Limpopo,4.26
D001808,Busisiwe Mokoena,48,7,Code 14,Permanent,Mpumalanga,4.11
D001809,Kagiso Mthembu,56,27,Code 8,Contract,Gauteng,4.21
D001810,Tshepo Ngcobo,51,1,Code 14,Contract,Gauteng,3.52
D001811,Kagiso Van Wyk,54,22,Code 10,Owner Driver,KwaZulu-Natal,4.27
D001812,Nokuthula Mokoena,64,12,Code 10,Permanent,Limpopo,3.53
D001813,Zanele Modise,28,20,Code 10,Owner Driver,Limpopo,5.0
D001814,Siyabonga Ndlovu,23,28,Code 8,Owner Driver,North West,3.72
D001815,Lerato Mthembu,47,13,Code 10,Permanent,Limpopo,3.53
D001816,Bongani Naidoo,39,33,Code 10,Contract,Western Cape,3.81
D001817,Mandla Van Wyk,59,10,Code 8,Permanent,North West,3.8
D001818,Mpho Sithole,49,29,Code 8,Contract,Northern Cape,3.66
D001819,Karabo Mthembu,60,30,Code 8,Owner Driver,Gauteng,4.11
D001820,Precious Molefe,53,19,Code 10,Owner Driver,Northern Cape,3.15
D001821,Ayanda Molefe,58,8,Code 10,Permanent,Eastern Cape,3.51
D001822,Themba Mabena,31,24,Code 14,Owner Driver,Western Cape,4.82
D001823,Zanele Modise,65,6,Code 10,Permanent,Mpumalanga,4.27
D001824,Bongani Cele,64,32,Code 8,Permanent,KwaZulu-Natal,4.3
D001825,Sipho Cele,59,22,Code 10,Permanent,Northern Cape,3.97
D001826,Precious Mkhize,31,6,Code 8,Owner Driver,North West,4.23
D001827,Dumisani Mkhize,46,20,Code 10,Owner Driver,North West,4.6
D001828,Nandi Khumalo,24,16,Code 10,Contract,KwaZulu-Natal,4.41
D001829,Lindelwa Mthembu,53,10,Code 8,Contract,Mpumalanga,3.85
D001830,Lerato Moyo,35,8,Code 14,Permanent,Western Cape,4.48
D001831,Mandla Ngcobo,58,14,Code 14,Permanent,Eastern Cape,3.29
D001832,Thabo Mkhize,25,12,Code 8,Contract,Mpumalanga,3.18
D001833,Sipho Khumalo,26,15,Code 10,Permanent,Limpopo,3.29
D001834,Kabelo Nkosi,29,15,Code 14,Permanent,Western Cape,3.81
D001835,Siyabonga Ndlovu,24,29,Code 8,Owner Driver,Western Cape,3.91
D001836,Kagiso Mabena,33,11,Code 14,Permanent,North West,4.67
D001837,Ayanda Khumalo,61,9,Code 10,Permanent,Limpopo,4.16
D001838,Phumzile Jacobs,24,25,Code 8,Permanent,Western Cape,4.08
D001839,Ayanda Ngcobo,36,29,Code 10,Owner Driver,North West,4.26
D001840,Sipho Mabena,28,8,Code 10,Permanent,North West,4.93
D001841,Amanda Moyo,50,17,Code 10,Permanent,Limpopo,3.79
D001842,Amanda Naidoo,55,10,Code 8,Permanent,KwaZulu-Natal,3.82
D001843,Nandi Cele,38,14,Code 10,Permanent,Eastern Cape,3.86
D001844,Amanda Nkosi,57,24,Code 8,Permanent,Northern Cape,3.85
D001845,Bongani Ngcobo,60,17,Code 8,Permanent,KwaZulu-Natal,3.25
D001846,Ayanda Pillay,63,12,Code 10,Contract,Limpopo,3.48
D001847,Dumisani Mthembu,38,8,Code 10,Permanent,Mpumalanga,4.04
D001848,Amanda Dlamini,44,27,Code 8,Permanent,Gauteng,3.29
D001849,Nomsa Jacobs,28,18,Code 14,Permanent,Eastern Cape,4.04
D001850,Precious Maseko,27,34,Code 14,Permanent,Limpopo,4.03
D001851,Tshepo Cele,30,12,Code 14,Contract,Eastern Cape,4.43
D001852,Lerato Ndlovu,61,18,Code 10,Permanent,Limpopo,4.27
D001853,Mpho Ndlovu,45,8,Code 14,Owner Driver,Gauteng,4.24
D001854,Amanda Botha,49,9,Code 10,Permanent,Eastern Cape,4.23
D001855,Sipho Khumalo,59,13,Code 8,Owner Driver,Free State,4.02
D001856,Sibusiso Molefe,33,27,Code 8,Permanent,Mpumalanga,4.17
D001857,Kagiso Van Wyk,35,1,Code 10,Owner Driver,Free State,3.26
D001858,Ayanda Naidoo,52,30,Code 10,Owner Driver,Limpopo,3.32
D001859,Nokuthula Pillay,63,31,Code 14,Permanent,Free State,3.74
D001860,Thabo Naidoo,28,8,Code 10,Owner Driver,Free State,4.08
D001861,Kabelo Mkhize,65,24,Code 10,Permanent,Western Cape,4.7
D001862,Mpho Mabena,47,9,Code 8,Permanent,Gauteng,4.0
D001863,Amanda Van Wyk,61,24,Code 10,Contract,Western Cape,3.99
D001864,Thabo Mokoena,54,23,Code 10,Contract,Western Cape,3.16
D001865,Nokuthula Ngcobo,35,18,Code 8,Contract,KwaZulu-Natal,4.68
D001866,Mandla Cele,53,28,Code 10,Owner Driver,Western Cape,4.63
D001867,Nomsa Molefe,35,11,Code 10,Permanent,Northern Cape,4.0
D001868,Mpho Adams,32,9,Code 10,Owner Driver,Northern Cape,3.29
D001869,Dumisani Adams,35,29,Code 14,Contract,Northern Cape,3.59
D001870,Lindelwa Modise,41,16,Code 8,Contract,Gauteng,3.45
D001871,Ayanda Dlamini,34,31,Code 10,Permanent,North West,4.68
D001872,Kabelo Botha,56,13,Code 8,Contract,Western Cape,3.63
D001873,Kagiso Mkhize,50,14,Code 14,Contract,Northern Cape,3.34
D001874,Sibusiso Ndlovu,30,7,Code 8,Owner Driver,Mpumalanga,3.28
D001875,Lindelwa Cele,42,21,Code 8,Permanent,Limpopo,3.94
D001876,Busisiwe Adams,23,20,Code 14,Owner Driver,Limpopo,4.19
D001877,Mandla Pillay,48,22,Code 14,Permanent,KwaZulu-Natal,3.91
D001878,Karabo Naidoo,33,21,Code 10,Permanent,KwaZulu-Natal,3.51
D001879,Mandla Mokoena,37,15,Code 8,Owner Driver,KwaZulu-Natal,3.81
D001880,Karabo Dlamini,53,24,Code 8,Permanent,Western Cape,4.49
D001881,Nokuthula Jacobs,62,19,Code 8,Permanent,Northern Cape,5.0
D001882,Phumzile Mahlangu,41,12,Code 8,Permanent,Mpumalanga,3.43
D001883,Precious Cele,29,28,Code 10,Contract,Eastern Cape,3.35
D001884,Karabo Nkosi,64,11,Code 10,Owner Driver,Western Cape,3.93
D001885,Themba Moyo,42,18,Code 8,Owner Driver,KwaZulu-Natal,3.8
D001886,Dumisani Mkhize,27,5,Code 10,Permanent,Free State,4.24
D001887,Tshepo Mkhize,38,1,Code 10,Permanent,Mpumalanga,3.6
D001888,Mpho Pillay,47,17,Code 14,Contract,North West,3.8
D001889,Lindelwa Adams,49,4,Code 14,Permanent,North West,4.55
D001890,Thabo Dlamini,35,8,Code 8,Permanent,Northern Cape,3.0
D001891,Sipho Moyo,36,7,Code 14,Contract,Eastern Cape,4.38
D001892,Karabo Ndlovu,42,17,Code 10,Permanent,North West,3.77
D001893,Tshepo Cele,29,14,Code 10,Owner Driver,Free State,4.22
D001894,Dumisani Dlamini,28,22,Code 10,Permanent,Mpumalanga,4.11
D001895,Mandla Botha,29,17,Code 14,Permanent,Eastern Cape,4.22
D001896,Ayanda Ngcobo,41,25,Code 8,Permanent,Free State,3.91
D001897,Amanda Mthembu,45,21,Code 10,Owner Driver,Limpopo,3.76
D001898,Sibusiso Mthembu,51,5,Code 10,Permanent,Western Cape,5.0
D001899,Kabelo Maseko,30,34,Code 8,Contract,Northern Cape,4.02
D001900,Thabo Van Wyk,24,26,Code 10,Permanent,North West,3.61
D001901,Mandla Ndlovu,29,13,Code 8,Owner Driver,Western Cape,4.31
D001902,Mandla Sithole,46,12,Code 8,Owner Driver,KwaZulu-Natal,4.47
D001903,Mpho Cele,59,25,Code 8,Owner Driver,Northern Cape,3.86
D001904,Tshepo Sithole,64,32,Code 8,Owner Driver,Limpopo,4.53
D001905,Nomsa Mokoena,62,29,Code 10,Contract,Mpumalanga,4.5
D001906,Bongani Molefe,64,31,Code 10,Permanent,Mpumalanga,3.41
D001907,Thabo Sithole,35,29,Code 8,Contract,KwaZulu-Natal,3.15
D001908,Ayanda Jacobs,29,7,Code 8,Permanent,Mpumalanga,3.85
D001909,Kagiso Pillay,26,22,Code 10,Permanent,North West,3.83
D001910,Kabelo Naidoo,55,6,Code 10,Owner Driver,North West,4.4
D001911,Lindelwa Mkhize,52,26,Code 10,Permanent,North West,4.46
D001912,Mandla Adams,38,4,Code 10,Permanent,Northern Cape,3.19
D001913,Dumisani Naidoo,28,13,Code 14,Owner Driver,Limpopo,4.07
D001914,Phumzile Jacobs,64,28,Code 10,Owner Driver,Eastern Cape,4.57
D001915,Thabo Cele,36,8,Code 8,Permanent,Mpumalanga,4.1
D001916,Busisiwe Mahlangu,47,20,Code 14,Contract,Northern Cape,4.61
D001917,Precious Mthembu,36,34,Code 10,Permanent,Western Cape,4.18
D001918,Lwazi Van Wyk,24,29,Code 10,Owner Driver,North West,4.54
D001919,Mpho Adams,35,29,Code 8,Owner Driver,Northern Cape,4.87
D001920,Amanda Jacobs,55,26,Code 8,Permanent,Eastern Cape,4.1
D001921,Sibusiso Pillay,56,20,Code 14,Owner Driver,Free State,3.8
D001922,Lindelwa Modise,52,8,Code 10,Contract,Eastern Cape,3.93
D001923,Amanda Dlamini,44,10,Code 8,Permanent,Gauteng,4.48
D001924,Karabo Mokoena,41,33,Code 10,Owner Driver,Gauteng,3.35
D001925,Nandi Williams,32,2,Code 8,Owner Driver,Northern Cape,4.98
D001926,Phumzile Mabena,61,15,Code 10,Permanent,North West,3.91
D001927,Tshepo Cele,55,30,Code 8,Permanent,Gauteng,5.0
D001928,Nokuthula Mkhize,41,13,Code 10,Permanent,KwaZulu-Natal,3.83
D001929,Phumzile Mthembu,59,19,Code 8,Owner Driver,Free State,4.83
D001930,Bongani Ngcobo,63,26,Code 14,Contract,Limpopo,3.69
D001931,Mpho Naidoo,43,15,Code 14,Owner Driver,Northern Cape,4.68
D001932,Tshepo Ngcobo,39,21,Code 8,Permanent,Eastern Cape,4.14
D001933,Zanele Cele,51,32,Code 8,Contract,Northern Cape,4.0
D001934,Precious Naidoo,37,22,Code 10,Owner Driver,Western Cape,3.77
D001935,Nomsa Zulu,25,27,Code 8,Contract,Gauteng,3.79
D001936,Dumisani Mahlangu,63,24,Code 14,Owner Driver,Northern Cape,4.06
D001937,Lindelwa Adams,36,34,Code 8,Permanent,Eastern Cape,4.15
D001938,Lindelwa Pillay,29,26,Code 8,Permanent,Limpopo,3.65
D001939,Nokuthula Ndlovu,61,11,Code 10,Permanent,Gauteng,4.58
D001940,Nokuthula Molefe,29,4,Code 10,Permanent,Gauteng,3.47
D001941,Kagiso Sithole,38,32,Code 8,Permanent,Limpopo,3.76
D001942,Zanele Mkhize,28,6,Code 8,Owner Driver,North West,3.92
D001943,Dumisani Modise,29,29,Code 10,Owner Driver,Western Cape,3.7
D001944,Busisiwe Mthembu,39,17,Code 10,Contract,North West,4.68
D001945,Nokuthula Ndlovu,25,15,Code 14,Owner Driver,Western Cape,3.19
D001946,Dumisani Jacobs,56,28,Code 14,Contract,Free State,3.93
D001947,Amanda Moyo,35,3,Code 8,Permanent,Western Cape,3.63
D001948,Kagiso Botha,51,5,Code 10,Owner Driver,Gauteng,4.26
D001949,Mandla Mthembu,63,2,Code 10,Permanent,Western Cape,3.66
D001950,Zanele Zulu,63,14,Code 10,Contract,Mpumalanga,3.43
D001951,Amanda Williams,44,32,Code 10,Permanent,Gauteng,3.88
D001952,Bongani Dlamini,47,20,Code 8,Permanent,Mpumalanga,4.18
D001953,Siyabonga Mkhize,30,33,Code 14,Permanent,Gauteng,3.72
D001954,Mandla Moyo,52,34,Code 14,Permanent,Western Cape,3.95
D001955,Bongani Mokoena,43,25,Code 10,Owner Driver,Mpumalanga,4.05
D001956,Mandla Mahlangu,64,20,Code 14,Owner Driver,Limpopo,3.85
D001957,Precious Nkosi,65,6,Code 8,Permanent,Free State,4.14
D001958,Sibusiso Molefe,36,9,Code 14,Permanent,North West,3.88
D001959,Busisiwe Van Wyk,42,20,Code 10,Permanent,Free State,3.73
D001960,Nomsa Maseko,59,32,Code 8,Contract,Mpumalanga,3.79
D001961,Lwazi Mokoena,63,15,Code 10,Contract,Gauteng,3.83
D001962,Zanele Adams,52,25,Code 8,Permanent,Eastern Cape,3.92
D001963,Kagiso Williams,65,27,Code 10,Permanent,North West,3.83
D001964,Zanele Moyo,56,14,Code 8,Owner Driver,KwaZulu-Natal,4.21
D001965,Dumisani Modise,48,1,Code 8,Permanent,Northern Cape,4.03
D001966,Sipho Mahlangu,55,24,Code 8,Contract,Eastern Cape,3.62
D001967,Nomsa Naidoo,61,31,Code 8,Permanent,Western Cape,4.08
D001968,Amanda Molefe,55,23,Code 8,Owner Driver,North West,4.06
D001969,Karabo Mabena,56,1,Code 10,Contract,Free State,3.73
D001970,Tshepo Ngcobo,41,27,Code 8,Contract,KwaZulu-Natal,4.55
D001971,Amanda Williams,56,31,Code 8,Permanent,Gauteng,3.87
D001972,Thabo Pillay,60,5,Code 8,Owner Driver,Northern Cape,4.3
D001973,Karabo Adams,52,9,Code 14,Permanent,Gauteng,3.39
D001974,Sibusiso Maseko,31,13,Code 10,Permanent,Mpumalanga,4.07
D001975,Lerato Ngcobo,51,13,Code 8,Permanent,KwaZulu-Natal,4.08
D001976,Tshepo Modise,39,30,Code 8,Owner Driver,Mpumalanga,4.1
D001977,Kagiso Nkosi,37,33,Code 10,Contract,Eastern Cape,3.34
D001978,Nomsa Ngcobo,45,4,Code 8,Permanent,Mpumalanga,3.29
D001979,Kagiso Jacobs,27,14,Code 10,Permanent,Western Cape,4.22
D001980,Nandi Moyo,29,9,Code 14,Owner Driver,Mpumalanga,3.94
D001981,Nomsa Ndlovu,57,18,Code 8,Permanent,Eastern Cape,3.43
D001982,Precious Sithole,51,21,Code 10,Owner Driver,Gauteng,3.4
D001983,Nokuthula Botha,56,13,Code 10,Permanent,Mpumalanga,3.31
D001984,Thabo Mahlangu,39,12,Code 10,Permanent,Western Cape,3.8
D001985,Lwazi Williams,48,34,Code 14,Owner Driver,KwaZulu-Natal,4.38
D001986,Kabelo Cele,50,3,Code 10,Permanent,Limpopo,4.36
D001987,Lindelwa Dlamini,46,31,Code 10,Contract,North West,3.67
D001988,Dumisani Pillay,29,21,Code 10,Permanent,Gauteng,5.0
D001989,Karabo Mthembu,36,26,Code 8,Permanent,Free State,3.01
D001990,Lindelwa Van Wyk,27,7,Code 10,Owner Driver,KwaZulu-Natal,3.75
D001991,Dumisani Mthembu,36,13,Code 10,Contract,North West,4.59
D001992,Ayanda Ndlovu,38,31,Code 10,Owner Driver,Eastern Cape,4.28
D001993,Lerato Dlamini,63,23,Code 10,Permanent,KwaZulu-Natal,4.7
D001994,Nokuthula Botha,32,25,Code 10,Owner Driver,Gauteng,3.64
D001995,Mpho Molefe,54,4,Code 8,Permanent,Eastern Cape,3.94
D001996,Dumisani Adams,25,29,Code 10,Permanent,Free State,3.68
D001997,Kabelo Modise,52,15,Code 10,Contract,Limpopo,4.13
D001998,Mpho Pillay,52,15,Code 10,Contract,North West,4.2
D001999,Siyabonga Adams,45,17,Code 14,Permanent,North West,3.84
D002000,Nomsa Naidoo,41,10,Code 10,Permanent,Mpumalanga,4.25
D002001,Dumisani Adams,57,28,Code 14,Contract,KwaZulu-Natal,3.95
D002002,Sipho Khumalo,40,12,Code 14,Permanent,North West,4.67
D002003,Nandi Maseko,38,34,Code 10,Permanent,Limpopo,4.37
D002004,Sibusiso Mokoena,38,18,Code 10,Permanent,Eastern Cape,3.94
D002005,Zanele Sithole,33,2,Code 8,Owner Driver,Western Cape,3.33
D002006,Busisiwe Mokoena,64,27,Code 10,Permanent,Northern Cape,4.18
D002007,Sibusiso Pillay,24,8,Code 10,Contract,Eastern Cape,3.2
D002008,Nomsa Adams,30,33,Code 14,Permanent,North West,4.79
D002009,Precious Mabena,56,24,Code 8,Contract,Free State,3.33
D002010,Ayanda Mabena,34,16,Code 10,Contract,Mpumalanga,3.44
D002011,Themba Cele,35,5,Code 10,Contract,North West,4.02
D002012,Nomsa Ngcobo,40,11,Code 8,Contract,Mpumalanga,3.99
D002013,Busisiwe Khumalo,62,27,Code 10,Contract,KwaZulu-Natal,2.8
D002014,Sipho Moyo,54,12,Code 14,Contract,KwaZulu-Natal,4.49
D002015,Nokuthula Cele,27,32,Code 10,Permanent,KwaZulu-Natal,4.55
D002016,Amanda Mthembu,45,18,Code 10,Contract,Free State,3.64
D002017,Tshepo Maseko,37,23,Code 14,Contract,Mpumalanga,4.08
D002018,Bongani Jacobs,45,19,Code 10,Permanent,Free State,4.49
D002019,Kagiso Modise,52,31,Code 14,Contract,Western Cape,4.04
D002020,Thabo Ngcobo,23,5,Code 10,Contract,Eastern Cape,4.31
D002021,Thabo Nkosi,29,9,Code 10,Permanent,Free State,3.73
D002022,Bongani Mabena,44,27,Code 8,Permanent,Gauteng,4.28
D002023,Lwazi Williams,38,1,Code 10,Permanent,Mpumalanga,4.05
D002024,Thabo Mabena,65,34,Code 10,Contract,Gauteng,4.59
D002025,Mandla Mokoena,39,14,Code 14,Permanent,KwaZulu-Natal,4.58
D002026,Busisiwe Naidoo,59,11,Code 10,Permanent,Free State,4.25
D002027,Lindelwa Williams,48,5,Code 10,Contract,Limpopo,3.71
D002028,Busisiwe Ngcobo,44,27,Code 8,Permanent,North West,4.02
D002029,Themba Moyo,29,8,Code 8,Permanent,Western Cape,5.0
D002030,Tshepo Mahlangu,41,32,Code 14,Owner Driver,Limpopo,3.21
D002031,Phumzile Mthembu,47,33,Code 14,Owner Driver,Northern Cape,3.41
D002032,Dumisani Maseko,26,4,Code 8,Owner Driver,Limpopo,4.16
D002033,Precious Jacobs,62,20,Code 8,Permanent,Eastern Cape,3.33
D002034,Siyabonga Modise,24,11,Code 10,Permanent,Free State,3.53
D002035,Mandla Molefe,43,30,Code 10,Permanent,Limpopo,4.0
D002036,Mandla Sithole,54,32,Code 14,Contract,Free State,3.99
D002037,Bongani Mokoena,38,33,Code 14,Permanent,Northern Cape,4.07
D002038,Lerato Williams,24,34,Code 10,Permanent,North West,4.48
D002039,Precious Zulu,44,5,Code 8,Owner Driver,North West,3.72
D002040,Karabo Nkosi,32,29,Code 10,Permanent,Free State,4.62
D002041,Nandi Modise,28,7,Code 10,Contract,Mpumalanga,4.21
D002042,Lerato Van Wyk,36,33,Code 10,Owner Driver,Limpopo,4.51
D002043,Zanele Dlamini,46,1,Code 8,Permanent,Western Cape,3.33
D002044,Kabelo Pillay,60,9,Code 8,Contract,KwaZulu-Natal,4.42
D002045,Nokuthula Williams,60,14,Code 10,Permanent,Eastern Cape,4.15
D002046,Nomsa Moyo,62,6,Code 10,Permanent,Western Cape,3.42
D002047,Lindelwa Maseko,59,2,Code 10,Owner Driver,Gauteng,3.47
D002048,Karabo Cele,56,9,Code 10,Permanent,Northern Cape,2.71
D002049,Bongani Mkhize,31,7,Code 8,Permanent,Mpumalanga,4.28
D002050,Lindelwa Mahlangu,24,13,Code 8,Owner Driver,North West,4.11
D002051,Nomsa Van Wyk,64,16,Code 14,Contract,Western Cape,3.11
D002052,Zanele Molefe,23,33,Code 8,Permanent,KwaZulu-Natal,4.05
D002053,Nomsa Naidoo,40,30,Code 10,Permanent,KwaZulu-Natal,3.92
D002054,Sibusiso Mahlangu,25,10,Code 14,Contract,Limpopo,5.0
D002055,Kabelo Sithole,32,9,Code 10,Owner Driver,Limpopo,4.61
D002056,Themba Mokoena,34,7,Code 10,Contract,Gauteng,5.0
D002057,Bongani Mabena,26,34,Code 14,Permanent,Limpopo,4.56
D002058,Karabo Botha,33,27,Code 10,Owner Driver,Western Cape,3.77
D002059,Sipho Cele,35,3,Code 14,Permanent,Mpumalanga,4.25
D002060,Nomsa Ngcobo,45,11,Code 14,Permanent,Eastern Cape,4.51
D002061,Mpho Molefe,56,19,Code 10,Permanent,Gauteng,3.29
D002062,Bongani Pillay,48,16,Code 8,Contract,Northern Cape,4.05
D002063,Nokuthula Jacobs,62,3,Code 10,Permanent,Eastern Cape,4.31
D002064,Amanda Molefe,27,34,Code 8,Owner Driver,Eastern Cape,3.8
D002065,Thabo Botha,49,15,Code 10,Contract,Eastern Cape,4.17
D002066,Thabo Ndlovu,26,10,Code 8,Permanent,North West,4.29
D002067,Precious Modise,61,15,Code 14,Owner Driver,Gauteng,5.0
D002068,Tshepo Cele,37,18,Code 10,Permanent,Free State,4.29
D002069,Thabo Ndlovu,58,19,Code 8,Contract,Eastern Cape,3.96
D002070,Siyabonga Mokoena,31,23,Code 10,Owner Driver,Mpumalanga,3.44
D002071,Precious Botha,51,27,Code 10,Permanent,Free State,4.4
D002072,Nomsa Nkosi,24,1,Code 14,Owner Driver,Northern Cape,3.76
D002073,Bongani Mthembu,42,31,Code 10,Permanent,Free State,3.89
D002074,Siyabonga Naidoo,40,7,Code 10,Permanent,North West,4.21
D002075,Nokuthula Ngcobo,27,1,Code 8,Permanent,Mpumalanga,3.6
D002076,Amanda Cele,43,32,Code 8,Permanent,Western Cape,4.28
D002077,Lerato Mkhize,46,6,Code 8,Contract,Western Cape,4.87
D002078,Ayanda Mkhize,33,1,Code 10,Owner Driver,KwaZulu-Natal,4.18
D002079,Dumisani Ndlovu,54,23,Code 8,Permanent,KwaZulu-Natal,4.8
D002080,Busisiwe Sithole,61,32,Code 10,Permanent,Northern Cape,3.42
D002081,Dumisani Modise,42,27,Code 10,Permanent,Gauteng,3.68
D002082,Nomsa Mthembu,42,6,Code 10,Permanent,Eastern Cape,5.0
D002083,Precious Pillay,30,12,Code 10,Contract,Gauteng,4.59
D002084,Amanda Van Wyk,52,25,Code 8,Permanent,Gauteng,4.32
D002085,Lwazi Cele,65,29,Code 10,Contract,Northern Cape,4.34
D002086,Lindelwa Nkosi,28,7,Code 14,Permanent,Eastern Cape,4.14
D002087,Kagiso Moyo,64,25,Code 10,Owner Driver,Northern Cape,3.02
D002088,Lerato Van Wyk,55,13,Code 8,Permanent,Eastern Cape,3.63
D002089,Bongani Molefe,49,18,Code 8,Contract,Eastern Cape,4.49
D002090,Nokuthula Adams,47,14,Code 8,Contract,Gauteng,4.68
D002091,Siyabonga Moyo,27,8,Code 14,Permanent,Gauteng,3.68
D002092,Kabelo Molefe,58,16,Code 14,Contract,Gauteng,3.84
D002093,Precious Adams,62,9,Code 10,Permanent,Free State,3.97
D002094,Themba Maseko,40,19,Code 8,Permanent,Limpopo,4.13
D002095,Kabelo Dlamini,60,15,Code 10,Permanent,Gauteng,3.87
D002096,Nomsa Modise,62,12,Code 10,Permanent,Free State,4.97
D002097,Precious Modise,40,28,Code 8,Owner Driver,Mpumalanga,5.0
D002098,Sipho Botha,39,12,Code 8,Owner Driver,Eastern Cape,3.61
D002099,Busisiwe Williams,45,16,Code 10,Owner Driver,Eastern Cape,4.26
D002100,Lindelwa Van Wyk,61,25,Code 10,Owner Driver,Mpumalanga,3.18
D002101,Lwazi Jacobs,43,14,Code 8,Permanent,Western Cape,3.82
D002102,Nandi Sithole,49,17,Code 10,Owner Driver,Northern Cape,3.53
D002103,Bongani Mokoena,61,32,Code 8,Owner Driver,Northern Cape,3.85
D002104,Mpho Ngcobo,55,16,Code 10,Permanent,KwaZulu-Natal,3.26
D002105,Kagiso Mahlangu,26,20,Code 10,Owner Driver,Limpopo,4.04
D002106,Sibusiso Ngcobo,24,23,Code 10,Contract,North West,4.06
D002107,Tshepo Adams,60,6,Code 10,Contract,Gauteng,2.61
D002108,Nandi Ndlovu,37,20,Code 14,Contract,North West,3.91
D002109,Kabelo Cele,23,12,Code 14,Permanent,Eastern Cape,3.88
D002110,Busisiwe Mkhize,52,32,Code 10,Permanent,Free State,4.38
D002111,Lerato Mthembu,50,32,Code 10,Permanent,Limpopo,4.28
D002112,Kagiso Mkhize,31,7,Code 14,Permanent,Eastern Cape,4.96
D002113,Themba Moyo,65,14,Code 10,Owner Driver,Gauteng,4.03
D002114,Kagiso Jacobs,46,20,Code 14,Permanent,KwaZulu-Natal,3.83
D002115,Phumzile Modise,42,31,Code 8,Owner Driver,Free State,3.6
D002116,Busisiwe Maseko,42,13,Code 8,Owner Driver,Limpopo,3.64
D002117,Karabo Dlamini,28,7,Code 10,Permanent,Mpumalanga,3.97
D002118,Precious Mokoena,33,15,Code 8,Permanent,Eastern Cape,3.92
D002119,Bongani Mahlangu,46,20,Code 10,Contract,KwaZulu-Natal,3.42
D002120,Thabo Mahlangu,36,6,Code 10,Contract,Gauteng,3.96
D002121,Nokuthula Williams,25,7,Code 10,Permanent,Eastern Cape,4.99
D002122,Ayanda Mkhize,52,27,Code 8,Permanent,Mpumalanga,4.03
D002123,Zanele Pillay,38,10,Code 14,Permanent,KwaZulu-Natal,3.01
D002124,Lindelwa Pillay,30,2,Code 10,Permanent,Northern Cape,4.5
D002125,Themba Naidoo,35,9,Code 10,Permanent,Mpumalanga,3.48
D002126,Mpho Ndlovu,27,10,Code 10,Permanent,Eastern Cape,4.23
D002127,Busisiwe Mabena,34,1,Code 14,Permanent,Northern Cape,4.43
D002128,Ayanda Khumalo,53,24,Code 14,Permanent,Northern Cape,3.8
D002129,Phumzile Williams,60,1,Code 14,Permanent,North West,3.73
D002130,Mandla Molefe,58,15,Code 10,Contract,Free State,4.81
D002131,Siyabonga Mokoena,35,21,Code 8,Owner Driver,Western Cape,3.52
D002132,Precious Maseko,26,15,Code 10,Permanent,Limpopo,3.0
D002133,Kabelo Moyo,40,8,Code 8,Permanent,Eastern Cape,3.86
D002134,Dumisani Adams,25,29,Code 14,Permanent,Gauteng,4.83
D002135,Nandi Dlamini,48,22,Code 8,Contract,Northern Cape,3.89
D002136,Bongani Botha,52,22,Code 10,Permanent,Gauteng,4.25
D002137,Kabelo Nkosi,40,9,Code 14,Owner Driver,Limpopo,4.44
D002138,Nokuthula Adams,59,26,Code 8,Owner Driver,Limpopo,4.02
D002139,Themba Dlamini,54,5,Code 10,Permanent,North West,3.52
D002140,Busisiwe Moyo,59,34,Code 8,Permanent,Limpopo,3.55
D002141,Karabo Botha,54,16,Code 14,Permanent,Limpopo,4.11
D002142,Lindelwa Mkhize,46,2,Code 8,Permanent,KwaZulu-Natal,3.52
D002143,Nomsa Ngcobo,56,28,Code 10,Permanent,Eastern Cape,4.24
D002144,Nokuthula Williams,36,19,Code 8,Owner Driver,Mpumalanga,4.53
D002145,Busisiwe Maseko,36,15,Code 14,Owner Driver,Mpumalanga,3.33
D002146,Bongani Jacobs,31,7,Code 10,Permanent,Northern Cape,4.87
D002147,Precious Naidoo,59,12,Code 14,Permanent,Limpopo,3.96
D002148,Nandi Williams,51,5,Code 8,Owner Driver,Northern Cape,3.97
D002149,Ayanda Van Wyk,37,31,Code 10,Permanent,Western Cape,3.29
D002150,Nandi Ndlovu,26,3,Code 10,Permanent,Gauteng,3.84
D002151,Sibusiso Pillay,35,12,Code 14,Permanent,Free State,3.49
D002152,Themba Van Wyk,36,4,Code 10,Permanent,North West,4.04
D002153,Precious Modise,51,13,Code 10,Owner Driver,Free State,4.8
D002154,Kabelo Sithole,41,22,Code 8,Permanent,Northern Cape,3.61
D002155,Sipho Mthembu,56,17,Code 10,Contract,Mpumalanga,4.02
D002156,Lindelwa Mabena,30,9,Code 10,Contract,Western Cape,3.45
D002157,Lindelwa Maseko,51,22,Code 14,Permanent,Mpumalanga,3.98
D002158,Bongani Mkhize,25,17,Code 8,Permanent,Northern Cape,3.24
D002159,Kagiso Jacobs,36,2,Code 8,Permanent,Northern Cape,4.45
D002160,Bongani Sithole,40,21,Code 14,Owner Driver,Gauteng,4.27
D002161,Nokuthula Jacobs,37,17,Code 8,Owner Driver,Gauteng,4.33
D002162,Thabo Naidoo,44,2,Code 14,Owner Driver,Limpopo,3.22
D002163,Phumzile Pillay,32,34,Code 8,Permanent,KwaZulu-Natal,3.63
D002164,Busisiwe Van Wyk,26,7,Code 8,Permanent,Eastern Cape,4.12
D002165,Phumzile Sithole,60,3,Code 10,Owner Driver,KwaZulu-Natal,4.43
D002166,Kagiso Mkhize,27,15,Code 8,Permanent,Eastern Cape,4.2
D002167,Kabelo Moyo,41,24,Code 14,Owner Driver,Western Cape,3.72
D002168,Lerato Molefe,26,34,Code 14,Owner Driver,Free State,3.88
D002169,Bongani Naidoo,48,6,Code 10,Contract,Eastern Cape,4.08
D002170,Bongani Mkhize,46,6,Code 10,Permanent,Mpumalanga,4.39
D002171,Lindelwa Adams,45,14,Code 10,Contract,KwaZulu-Natal,4.2
D002172,Sibusiso Zulu,62,17,Code 8,Contract,North West,3.7
D002173,Thabo Ngcobo,52,16,Code 14,Permanent,KwaZulu-Natal,4.42
D002174,Lerato Mabena,48,5,Code 8,Permanent,North West,4.74
D002175,Zanele Adams,37,34,Code 10,Permanent,Gauteng,4.24
D002176,Nandi Zulu,56,1,Code 10,Contract,Limpopo,4.93
D002177,Mpho Cele,57,29,Code 10,Permanent,KwaZulu-Natal,3.34
D002178,Tshepo Cele,55,14,Code 10,Permanent,Northern Cape,3.53
D002179,Bongani Moyo,32,17,Code 10,Permanent,KwaZulu-Natal,3.71
D002180,Amanda Mokoena,24,6,Code 8,Permanent,Limpopo,4.26
D002181,Precious Botha,43,4,Code 10,Contract,Limpopo,3.82
D002182,Dumisani Moyo,43,16,Code 10,Contract,Western Cape,3.24
D002183,Bongani Maseko,36,27,Code 10,Owner Driver,Northern Cape,3.74
D002184,Kagiso Molefe,34,32,Code 8,Permanent,KwaZulu-Natal,4.51
D002185,Ayanda Zulu,34,20,Code 8,Contract,Northern Cape,4.32
D002186,Zanele Mabena,64,24,Code 10,Permanent,North West,3.26
D002187,Karabo Mahlangu,44,22,Code 14,Contract,Limpopo,4.0
D002188,Karabo Mokoena,40,21,Code 10,Permanent,Western Cape,3.81
D002189,Phumzile Maseko,33,32,Code 8,Owner Driver,KwaZulu-Natal,4.33
D002190,Lerato Naidoo,65,9,Code 8,Permanent,North West,4.28
D002191,Busisiwe Mokoena,38,16,Code 10,Owner Driver,Mpumalanga,3.6
D002192,Precious Mthembu,32,7,Code 10,Permanent,Northern Cape,4.16
D002193,Kagiso Adams,30,20,Code 14,Permanent,Northern Cape,3.26
D002194,Phumzile Mabena,29,22,Code 10,Permanent,Western Cape,3.87
D002195,Precious Mahlangu,54,16,Code 8,Permanent,Free State,3.94
D002196,Nomsa Cele,49,14,Code 10,Owner Driver,KwaZulu-Natal,3.57
D002197,Dumisani Botha,25,26,Code 10,Owner Driver,Northern Cape,4.01
D002198,Mandla Ngcobo,44,25,Code 8,Owner Driver,Western Cape,4.64
D002199,Nomsa Naidoo,59,24,Code 8,Permanent,Mpumalanga,3.58
D002200,Zanele Ndlovu,54,19,Code 10,Permanent,Northern Cape,3.51
D002201,Amanda Mthembu,46,3,Code 8,Contract,Gauteng,3.0
D002202,Dumisani Williams,29,20,Code 14,Permanent,Free State,3.89
D002203,Lerato Ngcobo,30,19,Code 10,Permanent,Free State,4.08
D002204,Nomsa Dlamini,43,7,Code 10,Permanent,Limpopo,4.36
D002205,Siyabonga Molefe,40,27,Code 10,Permanent,Northern Cape,4.52
D002206,Precious Ngcobo,41,16,Code 14,Contract,Eastern Cape,3.9
D002207,Themba Sithole,31,22,Code 10,Owner Driver,Gauteng,3.84
D002208,Nokuthula Modise,55,10,Code 8,Permanent,Gauteng,4.86
D002209,Lindelwa Adams,23,9,Code 10,Permanent,Limpopo,5.0
D002210,Nomsa Jacobs,41,29,Code 14,Permanent,Northern Cape,4.18
D002211,Kagiso Khumalo,58,23,Code 10,Permanent,North West,3.33
D002212,Sibusiso Sithole,54,16,Code 8,Permanent,Mpumalanga,4.38
D002213,Mpho Jacobs,61,4,Code 8,Owner Driver,Mpumalanga,4.0
D002214,Lwazi Williams,30,14,Code 14,Contract,Eastern Cape,4.01
D002215,Bongani Mahlangu,64,12,Code 10,Contract,Gauteng,3.39
D002216,Nokuthula Mabena,27,19,Code 8,Contract,KwaZulu-Natal,4.66
D002217,Kagiso Molefe,46,26,Code 8,Permanent,Limpopo,3.57
D002218,Themba Naidoo,50,4,Code 8,Contract,Western Cape,3.49
D002219,Kagiso Van Wyk,58,32,Code 8,Permanent,Northern Cape,2.94
D002220,Kagiso Pillay,39,29,Code 14,Contract,Eastern Cape,4.15
D002221,Themba Modise,51,21,Code 8,Permanent,North West,4.63
D002222,Dumisani Dlamini,41,6,Code 14,Permanent,Free State,3.95
D002223,Lindelwa Van Wyk,64,29,Code 8,Permanent,Limpopo,2.92
D002224,Ayanda Ngcobo,31,7,Code 14,Permanent,KwaZulu-Natal,3.54
D002225,Mpho Mabena,39,28,Code 8,Contract,Free State,4.91
D002226,Karabo Cele,38,27,Code 10,Permanent,Northern Cape,4.65
D002227,Ayanda Mkhize,42,27,Code 8,Permanent,Mpumalanga,4.4
D002228,Sibusiso Botha,25,29,Code 14,Owner Driver,Free State,4.2
D002229,Tshepo Zulu,48,29,Code 8,Owner Driver,Western Cape,4.17
D002230,Thabo Mahlangu,26,27,Code 10,Owner Driver,Northern Cape,4.07
D002231,Karabo Ndlovu,33,27,Code 14,Permanent,Northern Cape,4.16
D002232,Kagiso Mkhize,53,12,Code 8,Permanent,Free State,4.89
D002233,Nomsa Jacobs,48,14,Code 8,Permanent,Western Cape,4.22
D002234,Dumisani Mokoena,46,1,Code 10,Owner Driver,Northern Cape,3.61
D002235,Lerato Modise,49,15,Code 8,Owner Driver,Northern Cape,4.65
D002236,Amanda Mabena,59,11,Code 8,Contract,North West,4.5
D002237,Mpho Ndlovu,62,26,Code 10,Permanent,Free State,5.0
D002238,Ayanda Maseko,38,6,Code 14,Permanent,Free State,3.87
D002239,Nomsa Van Wyk,57,32,Code 8,Owner Driver,Eastern Cape,4.55
D002240,Mpho Zulu,36,34,Code 10,Contract,Free State,4.2
D002241,Precious Adams,65,17,Code 14,Owner Driver,Eastern Cape,4.95
D002242,Precious Mokoena,30,29,Code 8,Permanent,Western Cape,3.94
D002243,Busisiwe Van Wyk,24,4,Code 8,Permanent,North West,4.05
D002244,Nokuthula Naidoo,64,12,Code 14,Permanent,Gauteng,3.71
D002245,Lwazi Modise,25,15,Code 14,Contract,Eastern Cape,4.04
D002246,Themba Maseko,38,12,Code 8,Permanent,KwaZulu-Natal,3.25
D002247,Mandla Ngcobo,57,17,Code 8,Owner Driver,Western Cape,3.81
D002248,Mandla Dlamini,34,29,Code 8,Permanent,Gauteng,3.74
D002249,Siyabonga Jacobs,28,20,Code 14,Permanent,Gauteng,3.35
D002250,Themba Ngcobo,41,25,Code 10,Permanent,Western Cape,4.12
D002251,Thabo Adams,35,19,Code 10,Owner Driver,Limpopo,3.61
D002252,Karabo Botha,47,19,Code 14,Permanent,Eastern Cape,3.65
D002253,Nandi Molefe,40,21,Code 10,Permanent,Free State,5.0
D002254,Lindelwa Khumalo,52,2,Code 8,Permanent,Gauteng,3.39
D002255,Lwazi Naidoo,62,29,Code 10,Permanent,Gauteng,4.33
D002256,Nokuthula Van Wyk,64,11,Code 10,Permanent,Eastern Cape,3.79
D002257,Dumisani Pillay,56,5,Code 8,Contract,Western Cape,5.0
D002258,Ayanda Mkhize,32,23,Code 8,Permanent,Limpopo,4.76
D002259,Mandla Khumalo,54,20,Code 8,Contract,Mpumalanga,3.82
D002260,Busisiwe Sithole,47,7,Code 8,Permanent,Free State,3.76
D002261,Lwazi Molefe,23,13,Code 10,Permanent,Eastern Cape,3.55
D002262,Sipho Van Wyk,58,10,Code 10,Contract,Western Cape,4.0
D002263,Siyabonga Botha,39,6,Code 10,Contract,Gauteng,2.9
D002264,Zanele Mthembu,25,29,Code 10,Owner Driver,Free State,4.1
D002265,Zanele Ngcobo,64,23,Code 14,Permanent,Gauteng,3.75
D002266,Phumzile Dlamini,29,27,Code 10,Contract,North West,3.73
D002267,Lerato Van Wyk,37,24,Code 8,Contract,Gauteng,3.78
D002268,Nokuthula Pillay,48,13,Code 10,Permanent,Northern Cape,4.64
D002269,Nomsa Mkhize,47,34,Code 8,Permanent,KwaZulu-Natal,4.18
D002270,Lindelwa Maseko,45,24,Code 10,Permanent,Gauteng,4.06
D002271,Phumzile Mabena,29,8,Code 14,Permanent,KwaZulu-Natal,4.0
D002272,Mandla Botha,54,7,Code 8,Permanent,Gauteng,3.7
D002273,Mandla Nkosi,48,11,Code 10,Permanent,KwaZulu-Natal,4.64
D002274,Bongani Williams,32,5,Code 14,Contract,KwaZulu-Natal,4.38
D002275,Thabo Mkhize,40,2,Code 14,Permanent,Free State,3.5
D002276,Nokuthula Modise,61,1,Code 10,Permanent,Mpumalanga,3.76
D002277,Nokuthula Jacobs,31,31,Code 10,Permanent,Northern Cape,3.47
D002278,Lindelwa Ndlovu,52,5,Code 10,Permanent,KwaZulu-Natal,3.33
D002279,Lwazi Modise,64,24,Code 8,Permanent,Limpopo,4.67
D002280,Themba Mkhize,55,23,Code 14,Owner Driver,KwaZulu-Natal,3.6
D002281,Siyabonga Maseko,44,28,Code 10,Permanent,Northern Cape,3.09
D002282,Tshepo Khumalo,48,33,Code 14,Contract,Gauteng,3.65
D002283,Amanda Mahlangu,42,30,Code 8,Owner Driver,North West,2.92
D002284,Kagiso Botha,24,9,Code 10,Permanent,Limpopo,4.54
D002285,Karabo Moyo,64,14,Code 8,Owner Driver,Mpumalanga,4.95
D002286,Lwazi Molefe,53,2,Code 8,Contract,Western Cape,3.74
D002287,Nomsa Naidoo,35,5,Code 14,Permanent,Eastern Cape,3.85
D002288,Lerato Zulu,27,29,Code 8,Contract,Gauteng,3.22
D002289,Kabelo Pillay,52,15,Code 14,Permanent,KwaZulu-Natal,3.96
D002290,Dumisani Maseko,60,33,Code 8,Contract,Eastern Cape,4.4
D002291,Dumisani Ngcobo,31,30,Code 10,Permanent,Northern Cape,5.0
D002292,Kagiso Zulu,53,14,Code 10,Permanent,Gauteng,3.74
D002293,Phumzile Modise,60,12,Code 8,Permanent,Northern Cape,4.46
D002294,Lerato Williams,44,2,Code 8,Permanent,Western Cape,4.72
D002295,Nandi Modise,38,20,Code 8,Permanent,Limpopo,3.66
D002296,Themba Molefe,46,27,Code 14,Permanent,Mpumalanga,5.0
D002297,Nomsa Ngcobo,28,2,Code 8,Permanent,Gauteng,3.31
D002298,Dumisani Mahlangu,35,15,Code 8,Permanent,Western Cape,3.63
D002299,Mandla Sithole,30,10,Code 10,Permanent,North West,3.88
D002300,Dumisani Mokoena,31,23,Code 10,Contract,Mpumalanga,5.0
D002301,Nokuthula Dlamini,29,5,Code 10,Permanent,KwaZulu-Natal,3.49
D002302,Karabo Mahlangu,39,12,Code 10,Contract,Limpopo,2.79
D002303,Sipho Mabena,35,14,Code 10,Permanent,KwaZulu-Natal,4.58
D002304,Siyabonga Khumalo,42,14,Code 10,Contract,Free State,3.31
D002305,Mpho Botha,63,27,Code 14,Permanent,North West,4.02
D002306,Zanele Khumalo,23,10,Code 14,Contract,Northern Cape,3.05
D002307,Nokuthula Maseko,39,29,Code 8,Permanent,Free State,5.0
D002308,Mandla Mabena,23,27,Code 8,Permanent,North West,4.96
D002309,Lindelwa Dlamini,61,14,Code 10,Permanent,Limpopo,4.98
D002310,Dumisani Williams,47,30,Code 8,Contract,Northern Cape,3.83
D002311,Mpho Nkosi,37,6,Code 10,Permanent,KwaZulu-Natal,4.27
D002312,Mpho Mabena,48,26,Code 8,Owner Driver,Eastern Cape,4.38
D002313,Dumisani Nkosi,58,30,Code 10,Permanent,Mpumalanga,5.0
D002314,Lerato Williams,27,30,Code 10,Contract,Eastern Cape,4.12
D002315,Zanele Molefe,23,19,Code 10,Permanent,Northern Cape,4.46
D002316,Sibusiso Dlamini,40,30,Code 8,Owner Driver,Mpumalanga,2.71
D002317,Sibusiso Ngcobo,33,12,Code 8,Permanent,Free State,4.03
D002318,Thabo Jacobs,26,5,Code 8,Contract,Western Cape,3.39
D002319,Ayanda Nkosi,43,30,Code 14,Permanent,Eastern Cape,3.86
D002320,Karabo Ndlovu,56,13,Code 8,Permanent,Northern Cape,3.77
D002321,Busisiwe Mahlangu,29,16,Code 8,Contract,North West,4.21
D002322,Dumisani Van Wyk,23,21,Code 14,Permanent,Gauteng,3.99
D002323,Lindelwa Ndlovu,49,22,Code 10,Permanent,Eastern Cape,4.4
D002324,Sibusiso Ndlovu,59,27,Code 14,Owner Driver,Northern Cape,4.1
D002325,Lerato Nkosi,25,1,Code 8,Permanent,Western Cape,4.43
D002326,Lerato Ndlovu,58,20,Code 8,Owner Driver,Limpopo,3.69
D002327,Phumzile Dlamini,63,8,Code 8,Owner Driver,Limpopo,4.01
D002328,Themba Ngcobo,31,29,Code 10,Permanent,North West,4.0
D002329,Zanele Dlamini,30,8,Code 10,Contract,Free State,3.75
D002330,Karabo Jacobs,24,26,Code 10,Permanent,Limpopo,3.89
D002331,Lwazi Moyo,49,20,Code 14,Permanent,Free State,4.45
D002332,Nomsa Nkosi,24,19,Code 10,Permanent,Western Cape,4.21
D002333,Precious Maseko,27,22,Code 10,Owner Driver,Mpumalanga,3.84
D002334,Zanele Pillay,52,29,Code 8,Permanent,Northern Cape,4.16
D002335,Lindelwa Zulu,45,3,Code 14,Contract,Eastern Cape,4.14
D002336,Precious Pillay,47,9,Code 10,Permanent,Mpumalanga,4.77
D002337,Zanele Modise,48,29,Code 8,Contract,Free State,5.0
D002338,Bongani Cele,25,24,Code 10,Contract,KwaZulu-Natal,4.09
D002339,Amanda Ndlovu,63,20,Code 10,Permanent,Mpumalanga,3.75
D002340,Tshepo Dlamini,37,31,Code 10,Permanent,Western Cape,3.48
D002341,Nomsa Zulu,59,3,Code 10,Permanent,Western Cape,3.76
D002342,Mandla Mahlangu,42,12,Code 10,Permanent,Eastern Cape,3.87
D002343,Precious Dlamini,65,33,Code 8,Contract,Mpumalanga,4.28
D002344,Tshepo Van Wyk,24,1,Code 14,Permanent,KwaZulu-Natal,4.38
D002345,Busisiwe Mkhize,39,12,Code 10,Permanent,Mpumalanga,4.7
D002346,Busisiwe Van Wyk,64,34,Code 10,Permanent,Eastern Cape,4.62
D002347,Sibusiso Botha,63,30,Code 10,Contract,Limpopo,4.51
D002348,Nokuthula Mokoena,33,8,Code 14,Permanent,Mpumalanga,3.17
D002349,Dumisani Maseko,39,34,Code 8,Permanent,North West,4.33
D002350,Precious Ndlovu,56,21,Code 10,Permanent,Northern Cape,3.14
D002351,Amanda Modise,51,24,Code 10,Owner Driver,Mpumalanga,4.38
D002352,Sibusiso Botha,52,21,Code 10,Owner Driver,Western Cape,3.51
D002353,Themba Naidoo,63,30,Code 8,Permanent,Northern Cape,3.24
D002354,Sibusiso Modise,65,4,Code 10,Permanent,Northern Cape,3.96
D002355,Bongani Jacobs,60,1,Code 10,Owner Driver,Northern Cape,4.71
D002356,Siyabonga Jacobs,43,14,Code 10,Owner Driver,Northern Cape,3.93
D002357,Kagiso Jacobs,39,13,Code 10,Permanent,Gauteng,3.55
D002358,Sipho Naidoo,26,20,Code 10,Permanent,Mpumalanga,3.33
D002359,Lwazi Zulu,62,17,Code 8,Owner Driver,Limpopo,3.96
D002360,Kabelo Khumalo,29,20,Code 8,Permanent,Western Cape,3.9
D002361,Bongani Maseko,52,23,Code 10,Permanent,North West,4.99
D002362,Lindelwa Mahlangu,27,16,Code 8,Owner Driver,Western Cape,4.11
D002363,Mpho Ngcobo,25,25,Code 10,Permanent,Mpumalanga,4.56
D002364,Nokuthula Botha,23,9,Code 10,Owner Driver,Northern Cape,5.0
D002365,Ayanda Adams,29,21,Code 10,Owner Driver,Northern Cape,4.77
D002366,Ayanda Ndlovu,30,31,Code 8,Contract,North West,2.99
D002367,Busisiwe Mkhize,31,20,Code 10,Owner Driver,Eastern Cape,3.63
D002368,Themba Dlamini,55,7,Code 10,Permanent,Mpumalanga,3.14
D002369,Nokuthula Ngcobo,58,14,Code 8,Permanent,Free State,3.9
D002370,Kagiso Maseko,44,2,Code 14,Contract,Eastern Cape,2.7
D002371,Bongani Moyo,40,29,Code 10,Permanent,Western Cape,4.63
D002372,Nokuthula Mabena,23,34,Code 8,Permanent,Western Cape,4.37
D002373,Karabo Van Wyk,51,8,Code 10,Contract,Western Cape,4.24
D002374,Dumisani Jacobs,57,27,Code 10,Permanent,North West,3.9
D002375,Nandi Mabena,30,10,Code 10,Owner Driver,KwaZulu-Natal,4.8
D002376,Lwazi Modise,60,9,Code 10,Permanent,Western Cape,3.91
D002377,Lindelwa Ndlovu,32,28,Code 10,Permanent,Free State,3.62
D002378,Dumisani Mokoena,33,1,Code 10,Permanent,Mpumalanga,3.65
D002379,Thabo Khumalo,26,34,Code 10,Permanent,Eastern Cape,5.0
D002380,Lerato Mahlangu,26,29,Code 8,Permanent,Northern Cape,4.68
D002381,Lwazi Dlamini,27,10,Code 10,Permanent,Eastern Cape,4.56
D002382,Siyabonga Dlamini,28,17,Code 8,Permanent,Limpopo,3.78
D002383,Ayanda Sithole,42,4,Code 10,Contract,Gauteng,4.27
D002384,Themba Maseko,32,6,Code 14,Permanent,Eastern Cape,3.43
D002385,Nokuthula Botha,41,28,Code 8,Owner Driver,KwaZulu-Natal,3.78
D002386,Zanele Moyo,30,8,Code 10,Permanent,KwaZulu-Natal,4.44
D002387,Kagiso Williams,30,12,Code 10,Permanent,North West,3.42
D002388,Karabo Ngcobo,65,1,Code 10,Permanent,Mpumalanga,4.53
D002389,Thabo Jacobs,26,20,Code 14,Owner Driver,Gauteng,3.98
D002390,Bongani Mkhize,51,16,Code 10,Contract,Limpopo,3.32
D002391,Mpho Sithole,38,16,Code 10,Contract,Western Cape,4.28
D002392,Themba Modise,56,32,Code 10,Owner Driver,Free State,4.86
D002393,Nomsa Modise,25,26,Code 8,Owner Driver,Free State,3.66
D002394,Sibusiso Maseko,35,1,Code 8,Owner Driver,Western Cape,3.98
D002395,Busisiwe Mkhize,40,4,Code 8,Owner Driver,Eastern Cape,4.82
D002396,Busisiwe Mthembu,42,18,Code 8,Permanent,KwaZulu-Natal,4.1
D002397,Kagiso Cele,60,9,Code 8,Contract,Free State,4.36
D002398,Siyabonga Mokoena,63,26,Code 8,Permanent,KwaZulu-Natal,4.72
D002399,Lerato Sithole,36,27,Code 10,Owner Driver,Free State,4.17
D002400,Dumisani Khumalo,54,15,Code 10,Permanent,Northern Cape,3.41
D002401,Lwazi Mthembu,30,30,Code 14,Permanent,Northern Cape,3.1
D002402,Sipho Cele,58,10,Code 10,Contract,North West,4.11
D002403,Siyabonga Khumalo,42,6,Code 14,Permanent,Eastern Cape,3.87
D002404,Sipho Sithole,51,14,Code 10,Permanent,North West,3.27
D002405,Lindelwa Dlamini,50,20,Code 10,Permanent,North West,3.52
D002406,Thabo Dlamini,63,31,Code 10,Owner Driver,Western Cape,3.49
D002407,Tshepo Ngcobo,29,26,Code 10,Permanent,Limpopo,3.92
D002408,Ayanda Botha,25,33,Code 14,Owner Driver,North West,4.19
D002409,Zanele Molefe,53,19,Code 8,Permanent,Eastern Cape,3.24
D002410,Sipho Adams,45,15,Code 14,Contract,Northern Cape,4.03
D002411,Kabelo Mkhize,35,30,Code 10,Contract,Free State,3.55
D002412,Precious Molefe,31,17,Code 10,Permanent,Mpumalanga,4.42
D002413,Precious Mkhize,36,28,Code 14,Permanent,Eastern Cape,3.74
D002414,Themba Maseko,65,11,Code 8,Contract,Free State,3.85
D002415,Nomsa Khumalo,51,21,Code 10,Permanent,Free State,4.14
D002416,Precious Khumalo,63,25,Code 10,Permanent,Eastern Cape,3.95
D002417,Nokuthula Cele,40,7,Code 14,Owner Driver,Eastern Cape,3.81
D002418,Nandi Khumalo,52,13,Code 14,Permanent,Free State,4.28
D002419,Nomsa Moyo,57,24,Code 10,Contract,Eastern Cape,3.9
D002420,Sipho Mahlangu,46,6,Code 10,Contract,Western Cape,3.88
D002421,Amanda Modise,31,10,Code 10,Permanent,Eastern Cape,4.14
D002422,Dumisani Molefe,52,9,Code 8,Contract,Mpumalanga,4.52
D002423,Lwazi Khumalo,57,15,Code 14,Permanent,Western Cape,4.14
D002424,Nokuthula Maseko,53,8,Code 8,Permanent,North West,4.34
D002425,Ayanda Ngcobo,51,23,Code 10,Contract,Western Cape,3.76
D002426,Siyabonga Pillay,63,7,Code 8,Permanent,Western Cape,3.86
D002427,Lerato Molefe,48,22,Code 10,Contract,North West,4.15
D002428,Nomsa Modise,33,1,Code 8,Contract,Free State,3.94
D002429,Lwazi Naidoo,62,24,Code 8,Owner Driver,Mpumalanga,3.84
D002430,Kagiso Van Wyk,33,32,Code 10,Permanent,Free State,4.33
D002431,Zanele Mabena,40,3,Code 10,Owner Driver,Free State,4.88
D002432,Sipho Van Wyk,25,23,Code 14,Permanent,Mpumalanga,2.42
D002433,Busisiwe Naidoo,35,32,Code 10,Owner Driver,KwaZulu-Natal,4.03
D002434,Mandla Jacobs,56,19,Code 10,Permanent,Northern Cape,4.37
D002435,Precious Khumalo,52,25,Code 14,Contract,Northern Cape,2.91
D002436,Siyabonga Mokoena,60,20,Code 8,Permanent,Eastern Cape,3.8
D002437,Nandi Mabena,50,9,Code 8,Permanent,Northern Cape,5.0
D002438,Mandla Zulu,43,5,Code 14,Contract,KwaZulu-Natal,4.41
D002439,Mpho Naidoo,47,14,Code 8,Owner Driver,Western Cape,5.0
D002440,Sipho Sithole,52,30,Code 8,Permanent,Mpumalanga,3.5
D002441,Karabo Nkosi,30,1,Code 8,Permanent,Eastern Cape,4.22
D002442,Lindelwa Maseko,48,21,Code 14,Owner Driver,Limpopo,3.0
D002443,Lindelwa Cele,32,5,Code 10,Permanent,Western Cape,3.63
D002444,Ayanda Adams,47,11,Code 14,Owner Driver,Western Cape,3.52
D002445,Busisiwe Mokoena,36,12,Code 8,Contract,Eastern Cape,4.09
D002446,Siyabonga Ngcobo,28,7,Code 10,Owner Driver,Mpumalanga,4.35
D002447,Kagiso Mthembu,48,7,Code 8,Owner Driver,Mpumalanga,3.95
D002448,Nomsa Cele,58,7,Code 14,Owner Driver,Western Cape,2.69
D002449,Kabelo Mabena,52,34,Code 14,Contract,Mpumalanga,4.16
D002450,Zanele Mabena,34,13,Code 8,Contract,Gauteng,3.21
D002451,Bongani Mthembu,55,29,Code 14,Contract,Gauteng,3.58
D002452,Lindelwa Mahlangu,58,21,Code 10,Permanent,Gauteng,4.42
D002453,Lerato Van Wyk,45,13,Code 10,Permanent,KwaZulu-Natal,3.46
D002454,Phumzile Van Wyk,23,2,Code 10,Permanent,Free State,4.18
D002455,Ayanda Van Wyk,46,16,Code 8,Contract,Mpumalanga,3.96
D002456,Lerato Sithole,24,23,Code 14,Contract,Limpopo,4.11
D002457,Kagiso Mokoena,25,21,Code 10,Contract,Mpumalanga,4.92
D002458,Nandi Jacobs,32,6,Code 10,Owner Driver,Eastern Cape,3.25
D002459,Kabelo Dlamini,60,34,Code 8,Owner Driver,Northern Cape,4.16
D002460,Themba Naidoo,64,8,Code 8,Permanent,Gauteng,4.66
D002461,Lwazi Khumalo,50,18,Code 10,Permanent,Limpopo,4.25
D002462,Bongani Pillay,39,10,Code 8,Permanent,Gauteng,3.5
D002463,Tshepo Mkhize,48,14,Code 14,Permanent,KwaZulu-Natal,4.19
D002464,Ayanda Nkosi,34,9,Code 14,Contract,North West,5.0
D002465,Lerato Ndlovu,24,26,Code 14,Owner Driver,Western Cape,3.93
D002466,Siyabonga Naidoo,56,15,Code 10,Owner Driver,Northern Cape,4.09
D002467,Amanda Mabena,34,3,Code 8,Contract,Eastern Cape,5.0
D002468,Lerato Adams,58,28,Code 8,Contract,Limpopo,3.64
D002469,Precious Van Wyk,28,27,Code 14,Permanent,KwaZulu-Natal,3.67
D002470,Nomsa Jacobs,39,28,Code 10,Owner Driver,Free State,3.7
D002471,Lindelwa Ndlovu,41,16,Code 14,Permanent,North West,3.64
D002472,Karabo Sithole,62,3,Code 10,Owner Driver,Eastern Cape,4.17
D002473,Lindelwa Dlamini,43,23,Code 10,Permanent,Northern Cape,3.43
D002474,Kabelo Naidoo,53,1,Code 8,Owner Driver,Mpumalanga,3.93
D002475,Mpho Botha,37,20,Code 10,Permanent,Gauteng,4.11
D002476,Amanda Zulu,56,1,Code 10,Owner Driver,North West,4.27
D002477,Kagiso Nkosi,48,33,Code 14,Contract,Northern Cape,3.81
D002478,Lerato Cele,54,32,Code 10,Permanent,Mpumalanga,3.9
D002479,Zanele Sithole,49,21,Code 10,Owner Driver,Gauteng,3.47
D002480,Kabelo Dlamini,25,11,Code 8,Permanent,North West,4.81
D002481,Tshepo Zulu,41,5,Code 8,Permanent,Mpumalanga,3.66
D002482,Nokuthula Maseko,37,10,Code 8,Permanent,Mpumalanga,4.36
D002483,Tshepo Botha,53,25,Code 8,Contract,Mpumalanga,4.24
D002484,Themba Maseko,45,21,Code 8,Permanent,North West,3.37
D002485,Dumisani Jacobs,43,20,Code 8,Permanent,North West,5.0
D002486,Ayanda Ngcobo,61,26,Code 10,Permanent,Northern Cape,4.37
D002487,Nomsa Mkhize,55,30,Code 10,Permanent,Eastern Cape,3.63
D002488,Lindelwa Modise,44,30,Code 8,Permanent,Gauteng,3.52
D002489,Tshepo Botha,44,12,Code 10,Contract,Eastern Cape,3.75
D002490,Sipho Mokoena,33,26,Code 10,Permanent,Eastern Cape,4.41
D002491,Dumisani Ngcobo,42,19,Code 10,Owner Driver,Mpumalanga,4.03
D002492,Siyabonga Williams,39,8,Code 8,Permanent,Limpopo,4.0
D002493,Tshepo Maseko,61,23,Code 14,Contract,Free State,3.61
D002494,Thabo Adams,30,16,Code 10,Permanent,North West,4.49
D002495,Bongani Modise,31,12,Code 8,Owner Driver,Western Cape,3.55
D002496,Nomsa Ndlovu,38,31,Code 10,Permanent,Eastern Cape,3.67
D002497,Busisiwe Jacobs,63,17,Code 8,Permanent,Northern Cape,4.63
D002498,Nokuthula Jacobs,58,14,Code 10,Permanent,Western Cape,4.41
D002499,Karabo Modise,46,25,Code 10,Owner Driver,Gauteng,3.12
D002500,Thabo Jacobs,45,24,Code 14,Contract,Northern Cape,4.53
D002501,Kagiso Cele,64,5,Code 10,Permanent,Eastern Cape,3.96
D002502,Themba Botha,53,20,Code 8,Permanent,Western Cape,4.42
D002503,Lwazi Nkosi,56,25,Code 8,Permanent,Northern Cape,2.87
D002504,Thabo Zulu,49,10,Code 14,Contract,North West,3.25
D002505,Ayanda Ngcobo,44,31,Code 14,Permanent,KwaZulu-Natal,3.14
D002506,Mandla Botha,50,22,Code 14,Contract,Northern Cape,3.15
D002507,Tshepo Zulu,26,17,Code 8,Contract,Northern Cape,4.6
D002508,Lindelwa Naidoo,41,26,Code 8,Permanent,North West,3.21
D002509,Karabo Sithole,52,31,Code 14,Owner Driver,North West,2.84
D002510,Nandi Mabena,26,2,Code 14,Permanent,Western Cape,4.13
D002511,Siyabonga Jacobs,25,18,Code 10,Contract,Free State,4.61
D002512,Nandi Pillay,49,22,Code 8,Permanent,North West,5.0
D002513,Ayanda Mthembu,61,1,Code 10,Permanent,Eastern Cape,4.09
D002514,Karabo Mahlangu,38,3,Code 14,Contract,North West,5.0
D002515,Mpho Cele,61,27,Code 14,Owner Driver,Northern Cape,4.38
D002516,Nomsa Botha,23,24,Code 10,Permanent,KwaZulu-Natal,4.82
D002517,Themba Ngcobo,40,24,Code 10,Permanent,Mpumalanga,3.48
D002518,Nandi Jacobs,49,31,Code 8,Permanent,Free State,3.29
D002519,Sibusiso Mabena,28,31,Code 10,Permanent,Limpopo,4.67
D002520,Bongani Sithole,26,32,Code 10,Contract,Eastern Cape,3.71
D002521,Sipho Pillay,25,21,Code 8,Permanent,Western Cape,4.56
D002522,Nandi Sithole,25,19,Code 10,Permanent,Limpopo,3.94
D002523,Ayanda Botha,35,31,Code 10,Permanent,Gauteng,3.19
D002524,Tshepo Mahlangu,41,23,Code 14,Owner Driver,Free State,4.01
D002525,Phumzile Van Wyk,48,28,Code 8,Owner Driver,KwaZulu-Natal,4.1
D002526,Lwazi Botha,60,26,Code 8,Permanent,KwaZulu-Natal,3.47
D002527,Zanele Naidoo,57,28,Code 10,Permanent,Eastern Cape,3.26
D002528,Nandi Van Wyk,26,27,Code 8,Contract,Northern Cape,3.96
D002529,Mpho Sithole,45,23,Code 14,Contract,Western Cape,3.93
D002530,Bongani Molefe,24,7,Code 10,Permanent,KwaZulu-Natal,4.62
D002531,Karabo Adams,42,13,Code 10,Contract,Limpopo,4.07
D002532,Siyabonga Ndlovu,25,4,Code 8,Owner Driver,Mpumalanga,2.91
D002533,Precious Zulu,32,19,Code 8,Contract,Northern Cape,3.67
D002534,Sipho Nkosi,42,25,Code 14,Permanent,Mpumalanga,3.67
D002535,Thabo Van Wyk,23,27,Code 10,Permanent,KwaZulu-Natal,3.12
D002536,Mandla Cele,32,29,Code 8,Permanent,Mpumalanga,4.35
D002537,Karabo Dlamini,23,24,Code 8,Permanent,Western Cape,4.85
D002538,Phumzile Nkosi,43,4,Code 10,Permanent,Gauteng,4.05
D002539,Mpho Cele,42,20,Code 10,Permanent,KwaZulu-Natal,3.91
D002540,Mpho Mokoena,55,25,Code 10,Permanent,Gauteng,2.39
D002541,Amanda Williams,31,29,Code 8,Contract,Free State,3.8
D002542,Nokuthula Ndlovu,35,20,Code 8,Contract,North West,3.94
D002543,Mandla Mkhize,62,16,Code 8,Permanent,Eastern Cape,3.41
D002544,Lindelwa Mthembu,50,12,Code 8,Contract,North West,3.65
D002545,Mpho Ndlovu,45,33,Code 10,Contract,Limpopo,4.49
D002546,Lwazi Cele,27,24,Code 8,Permanent,Limpopo,4.22
D002547,Bongani Ngcobo,48,24,Code 8,Permanent,Mpumalanga,3.76
D002548,Mandla Cele,36,33,Code 10,Permanent,Gauteng,4.94
D002549,Precious Mokoena,39,9,Code 8,Owner Driver,Northern Cape,3.86
D002550,Mpho Mabena,46,4,Code 8,Owner Driver,Gauteng,3.19
D002551,Dumisani Williams,36,13,Code 10,Permanent,Limpopo,4.51
D002552,Sibusiso Botha,40,34,Code 8,Permanent,Western Cape,4.31
D002553,Lindelwa Maseko,58,5,Code 8,Contract,North West,3.87
D002554,Lerato Khumalo,53,32,Code 10,Contract,Eastern Cape,2.43
D002555,Phumzile Maseko,26,6,Code 10,Permanent,Mpumalanga,4.5
D002556,Karabo Zulu,60,6,Code 10,Permanent,North West,3.9
D002557,Mandla Adams,49,17,Code 10,Contract,Free State,4.52
D002558,Tshepo Moyo,65,27,Code 8,Permanent,Northern Cape,3.82
D002559,Lindelwa Mthembu,55,23,Code 8,Permanent,Eastern Cape,3.83
D002560,Kagiso Modise,64,31,Code 10,Contract,KwaZulu-Natal,4.53
D002561,Thabo Moyo,27,1,Code 10,Permanent,North West,4.06
D002562,Karabo Dlamini,28,25,Code 14,Owner Driver,Western Cape,4.51
D002563,Ayanda Sithole,36,19,Code 14,Permanent,Northern Cape,3.39
D002564,Lerato Jacobs,57,31,Code 10,Permanent,Mpumalanga,3.26
D002565,Thabo Van Wyk,60,14,Code 14,Permanent,Eastern Cape,4.07
D002566,Phumzile Khumalo,33,14,Code 14,Permanent,North West,3.69
D002567,Precious Cele,46,6,Code 10,Permanent,Gauteng,3.05
D002568,Kagiso Williams,63,4,Code 10,Permanent,KwaZulu-Natal,3.23
D002569,Mandla Mkhize,39,26,Code 8,Permanent,Western Cape,3.66
D002570,Zanele Van Wyk,35,31,Code 10,Permanent,Free State,3.33
D002571,Karabo Ndlovu,24,29,Code 14,Permanent,North West,4.18
D002572,Zanele Botha,64,23,Code 10,Permanent,Free State,3.39
D002573,Mandla Khumalo,38,26,Code 8,Permanent,KwaZulu-Natal,3.72
D002574,Sipho Pillay,29,34,Code 10,Permanent,Limpopo,4.4
D002575,Nandi Mokoena,31,10,Code 10,Owner Driver,Mpumalanga,4.02
D002576,Tshepo Naidoo,34,3,Code 10,Contract,Western Cape,4.4
D002577,Lwazi Van Wyk,27,29,Code 10,Contract,Northern Cape,3.95
D002578,Mpho Moyo,32,28,Code 10,Owner Driver,Gauteng,3.69
D002579,Precious Maseko,51,6,Code 8,Owner Driver,Limpopo,4.35
D002580,Bongani Ndlovu,30,26,Code 8,Permanent,Northern Cape,4.8
D002581,Bongani Mabena,30,11,Code 8,Permanent,Eastern Cape,4.72
D002582,Zanele Sithole,47,20,Code 8,Contract,KwaZulu-Natal,4.25
D002583,Nandi Van Wyk,56,15,Code 8,Owner Driver,Mpumalanga,4.73
D002584,Sibusiso Nkosi,39,8,Code 8,Permanent,Gauteng,5.0
D002585,Precious Dlamini,56,7,Code 10,Permanent,Northern Cape,3.76
D002586,Nokuthula Molefe,44,23,Code 8,Permanent,Mpumalanga,3.24
D002587,Mpho Mahlangu,54,2,Code 8,Contract,KwaZulu-Natal,3.85
D002588,Dumisani Dlamini,60,19,Code 8,Permanent,North West,3.35
D002589,Themba Naidoo,29,33,Code 10,Permanent,Western Cape,3.63
D002590,Mandla Dlamini,38,21,Code 14,Contract,Gauteng,3.76
D002591,Dumisani Williams,35,22,Code 10,Permanent,Northern Cape,4.4
D002592,Nomsa Dlamini,35,32,Code 8,Permanent,Western Cape,4.19
D002593,Karabo Van Wyk,35,28,Code 8,Permanent,Limpopo,3.4
D002594,Siyabonga Dlamini,49,18,Code 10,Permanent,Gauteng,3.3
D002595,Zanele Ngcobo,33,32,Code 8,Permanent,Gauteng,2.95
D002596,Busisiwe Williams,62,11,Code 14,Contract,Mpumalanga,4.8
D002597,Lerato Van Wyk,44,21,Code 10,Contract,Western Cape,4.63
D002598,Sipho Adams,40,6,Code 8,Permanent,Northern Cape,4.31
D002599,Kabelo Adams,37,29,Code 8,Owner Driver,Mpumalanga,4.15
D002600,Nomsa Botha,47,19,Code 8,Contract,Mpumalanga,4.92
D002601,Amanda Khumalo,24,24,Code 8,Permanent,Gauteng,3.98
D002602,Zanele Ndlovu,51,5,Code 8,Contract,Limpopo,4.09
D002603,Precious Moyo,26,25,Code 10,Permanent,Mpumalanga,3.79
D002604,Bongani Molefe,44,33,Code 8,Contract,Northern Cape,4.14
D002605,Nandi Modise,32,24,Code 8,Owner Driver,Eastern Cape,4.4
D002606,Bongani Naidoo,35,14,Code 10,Contract,Gauteng,3.72
D002607,Lindelwa Botha,51,15,Code 10,Contract,North West,3.47
D002608,Sibusiso Ngcobo,35,10,Code 8,Contract,Mpumalanga,4.07
D002609,Amanda Jacobs,24,14,Code 8,Contract,Western Cape,3.62
D002610,Ayanda Mokoena,65,30,Code 10,Contract,Northern Cape,4.33
D002611,Lindelwa Mahlangu,40,22,Code 8,Permanent,KwaZulu-Natal,4.13
D002612,Mpho Khumalo,52,16,Code 10,Contract,Free State,4.12
D002613,Lindelwa Naidoo,53,4,Code 14,Owner Driver,Free State,4.05
D002614,Kabelo Mahlangu,46,12,Code 8,Contract,KwaZulu-Natal,4.27
D002615,Themba Ndlovu,60,11,Code 8,Permanent,KwaZulu-Natal,5.0
D002616,Lwazi Dlamini,59,11,Code 8,Owner Driver,North West,4.38
D002617,Precious Mkhize,53,33,Code 10,Permanent,Free State,4.66
D002618,Karabo Van Wyk,25,22,Code 10,Owner Driver,Eastern Cape,4.71
D002619,Nandi Cele,32,7,Code 14,Permanent,Limpopo,4.29
D002620,Tshepo Jacobs,60,19,Code 10,Permanent,Free State,3.65
D002621,Thabo Adams,59,29,Code 10,Permanent,Mpumalanga,3.15
D002622,Nokuthula Ndlovu,54,30,Code 10,Permanent,Mpumalanga,4.09
D002623,Sibusiso Jacobs,52,9,Code 8,Owner Driver,Gauteng,3.98
D002624,Nandi Moyo,62,14,Code 14,Permanent,KwaZulu-Natal,4.2
D002625,Bongani Dlamini,65,26,Code 14,Contract,Gauteng,3.25
D002626,Nomsa Pillay,53,17,Code 10,Permanent,Mpumalanga,4.27
D002627,Lerato Adams,51,26,Code 8,Owner Driver,North West,4.39
D002628,Nomsa Jacobs,45,3,Code 10,Owner Driver,Gauteng,3.76
D002629,Nomsa Ngcobo,41,21,Code 8,Permanent,KwaZulu-Natal,3.71
D002630,Nomsa Naidoo,60,10,Code 8,Permanent,Eastern Cape,3.09
D002631,Karabo Moyo,59,4,Code 8,Contract,Eastern Cape,3.87
D002632,Lindelwa Khumalo,28,27,Code 8,Permanent,Western Cape,3.69
D002633,Themba Zulu,37,18,Code 10,Contract,Free State,3.96
D002634,Zanele Mkhize,53,4,Code 8,Permanent,Free State,4.21
D002635,Phumzile Zulu,65,9,Code 8,Contract,Free State,3.41
D002636,Dumisani Mkhize,58,18,Code 10,Owner Driver,Eastern Cape,4.82
D002637,Zanele Nkosi,29,8,Code 10,Permanent,Limpopo,3.53
D002638,Lwazi Mahlangu,23,10,Code 10,Contract,Eastern Cape,3.92
D002639,Thabo Van Wyk,49,28,Code 8,Permanent,Northern Cape,4.63
D002640,Ayanda Jacobs,55,30,Code 8,Permanent,Limpopo,3.93
D002641,Thabo Cele,37,32,Code 8,Owner Driver,Free State,4.01
D002642,Ayanda Van Wyk,58,31,Code 10,Owner Driver,North West,3.39
D002643,Siyabonga Ngcobo,49,10,Code 10,Owner Driver,Mpumalanga,3.62
D002644,Nandi Williams,38,34,Code 8,Permanent,Western Cape,4.57
D002645,Lwazi Dlamini,28,7,Code 8,Permanent,Eastern Cape,4.38
D002646,Zanele Nkosi,24,19,Code 8,Contract,Western Cape,4.11
D002647,Bongani Mahlangu,59,22,Code 10,Owner Driver,Western Cape,4.97
D002648,Sipho Mabena,37,8,Code 14,Permanent,Western Cape,5.0
D002649,Lindelwa Naidoo,24,6,Code 10,Owner Driver,Western Cape,3.03
D002650,Zanele Ndlovu,32,31,Code 14,Permanent,Gauteng,4.14
D002651,Mandla Cele,30,24,Code 14,Contract,Western Cape,3.62
D002652,Nokuthula Dlamini,30,10,Code 10,Permanent,Northern Cape,4.21
D002653,Siyabonga Moyo,37,9,Code 14,Permanent,North West,3.95
D002654,Lwazi Zulu,23,20,Code 8,Contract,Northern Cape,4.37
D002655,Lindelwa Ngcobo,31,1,Code 10,Owner Driver,North West,4.06
D002656,Thabo Dlamini,45,33,Code 8,Contract,Limpopo,3.58
D002657,Kabelo Williams,62,3,Code 8,Permanent,North West,4.78
D002658,Themba Zulu,56,1,Code 14,Permanent,KwaZulu-Natal,3.3
D002659,Mpho Mabena,62,30,Code 8,Permanent,KwaZulu-Natal,4.06
D002660,Tshepo Jacobs,41,22,Code 8,Permanent,Northern Cape,4.19
D002661,Mpho Mkhize,54,13,Code 8,Permanent,Free State,3.92
D002662,Bongani Adams,42,7,Code 8,Contract,North West,3.99
D002663,Mandla Ngcobo,46,5,Code 8,Permanent,Free State,2.98
D002664,Themba Ndlovu,25,21,Code 8,Contract,Mpumalanga,4.12
D002665,Nandi Ngcobo,54,19,Code 8,Permanent,Limpopo,4.79
D002666,Lwazi Mahlangu,62,1,Code 10,Permanent,Eastern Cape,3.98
D002667,Kagiso Mokoena,48,31,Code 10,Contract,Western Cape,4.07
D002668,Phumzile Khumalo,35,6,Code 10,Permanent,Limpopo,3.84
D002669,Tshepo Moyo,35,26,Code 8,Permanent,Gauteng,4.09
D002670,Busisiwe Cele,40,10,Code 8,Permanent,Western Cape,3.93
D002671,Bongani Williams,48,13,Code 10,Permanent,KwaZulu-Natal,3.5
D002672,Kagiso Khumalo,52,23,Code 14,Permanent,Western Cape,5.0
D002673,Nomsa Williams,46,33,Code 10,Permanent,KwaZulu-Natal,3.64
D002674,Kagiso Jacobs,60,15,Code 14,Permanent,Gauteng,3.93
D002675,Kagiso Pillay,60,15,Code 10,Owner Driver,KwaZulu-Natal,2.99
D002676,Mpho Dlamini,42,17,Code 14,Permanent,Western Cape,3.54
D002677,Nokuthula Naidoo,55,14,Code 8,Permanent,Eastern Cape,4.62
D002678,Sibusiso Mkhize,61,10,Code 8,Contract,KwaZulu-Natal,4.37
D002679,Zanele Mahlangu,61,7,Code 8,Contract,Gauteng,3.52
D002680,Precious Moyo,23,1,Code 8,Permanent,Mpumalanga,3.5
D002681,Phumzile Adams,44,7,Code 14,Permanent,Northern Cape,3.87
D002682,Thabo Mthembu,25,7,Code 8,Contract,Western Cape,3.25
D002683,Lerato Adams,58,23,Code 8,Owner Driver,Gauteng,4.23
D002684,Ayanda Botha,56,14,Code 14,Permanent,North West,3.04
D002685,Siyabonga Moyo,55,5,Code 14,Permanent,North West,3.85
D002686,Phumzile Nkosi,25,21,Code 14,Contract,KwaZulu-Natal,4.92
D002687,Themba Sithole,32,9,Code 10,Permanent,Northern Cape,4.86
D002688,Lwazi Mahlangu,56,18,Code 14,Contract,Mpumalanga,4.08
D002689,Zanele Jacobs,24,24,Code 10,Contract,Limpopo,4.23
D002690,Lindelwa Williams,60,19,Code 14,Owner Driver,Free State,3.89
D002691,Themba Ndlovu,28,34,Code 14,Contract,KwaZulu-Natal,4.5
D002692,Lwazi Ndlovu,37,12,Code 8,Permanent,Free State,3.67
D002693,Tshepo Sithole,56,6,Code 10,Owner Driver,Gauteng,4.83
D002694,Ayanda Mokoena,37,28,Code 14,Contract,Northern Cape,3.45
D002695,Lwazi Mabena,55,8,Code 10,Owner Driver,Western Cape,4.33
D002696,Mandla Maseko,27,9,Code 10,Permanent,Northern Cape,3.75
D002697,Kagiso Van Wyk,25,1,Code 14,Owner Driver,North West,4.74
D002698,Zanele Dlamini,54,25,Code 8,Permanent,KwaZulu-Natal,3.74
D002699,Sibusiso Mkhize,40,30,Code 8,Contract,Northern Cape,4.3
D002700,Nokuthula Mkhize,23,23,Code 10,Permanent,Western Cape,3.77
D002701,Phumzile Maseko,63,17,Code 10,Permanent,Gauteng,3.24
D002702,Precious Dlamini,52,32,Code 10,Permanent,KwaZulu-Natal,3.45
D002703,Nokuthula Cele,55,17,Code 8,Permanent,Free State,3.64
D002704,Siyabonga Mthembu,65,2,Code 14,Permanent,North West,4.47
D002705,Nandi Botha,48,32,Code 8,Permanent,Northern Cape,4.22
D002706,Karabo Mthembu,33,10,Code 8,Permanent,Mpumalanga,3.66
D002707,Phumzile Ngcobo,25,6,Code 10,Contract,Northern Cape,5.0
D002708,Lindelwa Adams,29,13,Code 8,Owner Driver,Mpumalanga,4.05
D002709,Nokuthula Williams,24,13,Code 8,Permanent,KwaZulu-Natal,3.6
D002710,Kabelo Jacobs,25,16,Code 8,Permanent,Northern Cape,4.01
D002711,Nandi Botha,37,30,Code 8,Owner Driver,Mpumalanga,4.41
D002712,Lindelwa Molefe,26,24,Code 8,Owner Driver,Free State,4.22
D002713,Dumisani Jacobs,57,5,Code 14,Permanent,Eastern Cape,4.36
D002714,Lwazi Ngcobo,51,20,Code 10,Permanent,Northern Cape,3.46
D002715,Thabo Khumalo,37,14,Code 14,Contract,North West,4.37
D002716,Ayanda Naidoo,50,30,Code 8,Permanent,Western Cape,3.01
D002717,Lerato Adams,52,12,Code 8,Contract,North West,3.23
D002718,Zanele Nkosi,45,34,Code 10,Contract,Eastern Cape,3.74
D002719,Lwazi Dlamini,27,24,Code 8,Permanent,North West,3.64
D002720,Zanele Mokoena,39,25,Code 10,Contract,North West,4.25
D002721,Ayanda Pillay,43,25,Code 10,Contract,KwaZulu-Natal,3.48
D002722,Dumisani Jacobs,26,19,Code 10,Owner Driver,KwaZulu-Natal,3.28
D002723,Siyabonga Pillay,29,12,Code 14,Owner Driver,KwaZulu-Natal,3.32
D002724,Karabo Zulu,57,5,Code 10,Owner Driver,Free State,4.19
D002725,Amanda Mthembu,64,22,Code 8,Owner Driver,Free State,3.0
D002726,Lindelwa Naidoo,43,20,Code 8,Owner Driver,Eastern Cape,3.86
D002727,Sipho Mthembu,43,27,Code 10,Contract,Mpumalanga,3.97
D002728,Ayanda Mkhize,52,13,Code 10,Contract,North West,3.89
D002729,Phumzile Khumalo,44,25,Code 14,Contract,Western Cape,4.35
D002730,Mpho Molefe,49,29,Code 10,Owner Driver,Limpopo,3.47
D002731,Phumzile Cele,36,13,Code 10,Permanent,Gauteng,4.31
D002732,Mpho Van Wyk,55,8,Code 8,Permanent,Gauteng,3.72
D002733,Nandi Modise,51,25,Code 10,Permanent,Northern Cape,3.87
D002734,Phumzile Zulu,53,14,Code 8,Contract,Eastern Cape,3.52
D002735,Kabelo Zulu,65,20,Code 10,Owner Driver,Limpopo,4.43
D002736,Siyabonga Mthembu,60,15,Code 10,Contract,Mpumalanga,3.66
D002737,Karabo Mabena,65,19,Code 10,Permanent,North West,4.11
D002738,Tshepo Maseko,44,34,Code 8,Permanent,Limpopo,4.17
D002739,Themba Nkosi,26,17,Code 8,Contract,North West,4.06
D002740,Mpho Naidoo,33,12,Code 8,Permanent,KwaZulu-Natal,4.11
D002741,Thabo Ngcobo,63,24,Code 8,Permanent,KwaZulu-Natal,4.15
D002742,Mpho Dlamini,40,13,Code 10,Permanent,KwaZulu-Natal,4.16
D002743,Karabo Pillay,55,21,Code 8,Contract,Free State,4.08
D002744,Sibusiso Adams,32,24,Code 8,Permanent,Mpumalanga,4.05
D002745,Ayanda Mkhize,47,26,Code 10,Permanent,Eastern Cape,3.93
D002746,Sipho Ndlovu,59,9,Code 8,Contract,Gauteng,4.06
D002747,Nandi Williams,59,4,Code 14,Permanent,Gauteng,3.57
D002748,Lerato Zulu,65,19,Code 10,Contract,Limpopo,3.76
D002749,Themba Khumalo,54,8,Code 10,Permanent,Limpopo,3.64
D002750,Busisiwe Mabena,56,5,Code 8,Contract,Free State,4.41
D002751,Mpho Modise,30,9,Code 14,Contract,KwaZulu-Natal,4.44
D002752,Nomsa Mkhize,55,27,Code 14,Contract,Gauteng,3.69
D002753,Bongani Williams,32,16,Code 10,Permanent,Mpumalanga,3.91
D002754,Nandi Van Wyk,29,23,Code 10,Contract,Limpopo,3.58
D002755,Precious Naidoo,49,13,Code 14,Permanent,Northern Cape,4.47
D002756,Lindelwa Cele,23,5,Code 10,Owner Driver,Western Cape,3.42
D002757,Lerato Williams,65,7,Code 10,Permanent,North West,2.9
D002758,Ayanda Jacobs,34,1,Code 10,Owner Driver,Limpopo,2.78
D002759,Bongani Moyo,24,33,Code 14,Owner Driver,Northern Cape,3.96
D002760,Themba Maseko,47,25,Code 10,Owner Driver,Mpumalanga,4.94
D002761,Mpho Ndlovu,42,4,Code 10,Permanent,North West,4.19
D002762,Nandi Mabena,37,24,Code 10,Contract,Free State,4.72
D002763,Bongani Maseko,41,33,Code 10,Owner Driver,Eastern Cape,4.4
D002764,Bongani Williams,48,10,Code 8,Permanent,Eastern Cape,3.91
D002765,Mandla Mabena,28,17,Code 10,Permanent,Gauteng,5.0
D002766,Ayanda Mokoena,45,33,Code 10,Permanent,Eastern Cape,4.83
D002767,Kabelo Cele,49,34,Code 14,Permanent,Free State,3.32
D002768,Lindelwa Khumalo,51,32,Code 10,Permanent,Western Cape,3.84
D002769,Lwazi Sithole,43,30,Code 14,Permanent,Eastern Cape,4.13
D002770,Nandi Mthembu,58,3,Code 14,Contract,North West,3.59
D002771,Nomsa Mokoena,63,7,Code 8,Contract,Free State,3.76
D002772,Nomsa Botha,56,26,Code 10,Permanent,Eastern Cape,4.13
D002773,Karabo Jacobs,30,14,Code 10,Permanent,Limpopo,3.86
D002774,Lindelwa Mkhize,58,30,Code 14,Permanent,Gauteng,3.08
D002775,Lerato Mabena,56,10,Code 14,Contract,Eastern Cape,4.33
D002776,Siyabonga Khumalo,56,26,Code 8,Owner Driver,Northern Cape,3.62
D002777,Kabelo Mokoena,35,34,Code 14,Permanent,Free State,3.47
D002778,Nandi Botha,55,14,Code 14,Contract,Limpopo,4.14
D002779,Zanele Jacobs,34,3,Code 10,Owner Driver,Free State,3.09
D002780,Ayanda Sithole,27,29,Code 8,Owner Driver,Western Cape,3.96
D002781,Lwazi Ngcobo,40,28,Code 8,Owner Driver,Northern Cape,3.32
D002782,Sipho Botha,60,24,Code 14,Permanent,Limpopo,5.0
D002783,Kabelo Naidoo,46,12,Code 10,Contract,Western Cape,3.88
D002784,Ayanda Moyo,24,18,Code 8,Permanent,Gauteng,4.47
D002785,Nomsa Maseko,64,6,Code 8,Permanent,Eastern Cape,4.82
D002786,Mpho Adams,59,20,Code 8,Contract,Eastern Cape,4.54
D002787,Mpho Molefe,45,26,Code 10,Contract,Western Cape,3.13
D002788,Lerato Molefe,33,32,Code 14,Owner Driver,Gauteng,4.32
D002789,Dumisani Dlamini,33,25,Code 14,Permanent,Free State,4.85
D002790,Amanda Cele,58,17,Code 8,Permanent,Gauteng,3.73
D002791,Phumzile Nkosi,32,4,Code 8,Permanent,KwaZulu-Natal,3.74
D002792,Lindelwa Naidoo,56,22,Code 10,Owner Driver,Limpopo,4.68
D002793,Themba Cele,55,10,Code 10,Owner Driver,Eastern Cape,3.57
D002794,Amanda Adams,42,5,Code 10,Contract,North West,3.79
D002795,Phumzile Williams,29,33,Code 8,Contract,Gauteng,3.92
D002796,Sibusiso Dlamini,63,17,Code 10,Owner Driver,Eastern Cape,3.91
D002797,Lindelwa Pillay,38,30,Code 10,Contract,Northern Cape,4.16
D002798,Dumisani Ndlovu,53,10,Code 10,Permanent,Free State,5.0
D002799,Nokuthula Ndlovu,29,27,Code 14,Owner Driver,Gauteng,4.65
D002800,Phumzile Van Wyk,28,31,Code 10,Permanent,North West,4.47
D002801,Amanda Dlamini,42,1,Code 8,Permanent,North West,4.21
D002802,Precious Pillay,40,3,Code 10,Permanent,Mpumalanga,4.11
D002803,Zanele Mokoena,50,19,Code 8,Permanent,North West,3.9
D002804,Nomsa Sithole,60,1,Code 10,Contract,Mpumalanga,4.75
D002805,Amanda Adams,41,7,Code 8,Contract,Eastern Cape,3.02
D002806,Kagiso Khumalo,49,5,Code 8,Permanent,Northern Cape,3.32
D002807,Busisiwe Williams,31,33,Code 8,Permanent,Mpumalanga,3.44
D002808,Kabelo Mkhize,56,14,Code 10,Owner Driver,North West,4.23
D002809,Kabelo Van Wyk,28,28,Code 8,Contract,KwaZulu-Natal,3.78
D002810,Nokuthula Naidoo,23,13,Code 8,Permanent,North West,4.09
D002811,Nandi Adams,44,12,Code 10,Permanent,KwaZulu-Natal,4.25
D002812,Ayanda Botha,49,1,Code 10,Permanent,North West,4.04
D002813,Dumisani Molefe,40,4,Code 8,Permanent,KwaZulu-Natal,3.27
D002814,Lwazi Khumalo,52,17,Code 10,Permanent,North West,4.46
D002815,Nokuthula Modise,51,1,Code 8,Permanent,Gauteng,4.13
D002816,Kagiso Nkosi,33,10,Code 8,Contract,Northern Cape,3.72
D002817,Amanda Adams,44,8,Code 14,Permanent,Free State,3.56
D002818,Themba Van Wyk,38,7,Code 10,Contract,Mpumalanga,4.8
D002819,Phumzile Mkhize,36,1,Code 8,Permanent,Free State,4.55
D002820,Kagiso Mkhize,41,3,Code 10,Permanent,Eastern Cape,2.72
D002821,Lerato Mahlangu,52,32,Code 8,Contract,North West,4.1
D002822,Thabo Van Wyk,47,18,Code 10,Contract,Gauteng,4.6
D002823,Sibusiso Ngcobo,59,10,Code 10,Permanent,Gauteng,4.03
D002824,Nandi Ndlovu,42,2,Code 8,Permanent,KwaZulu-Natal,4.34
D002825,Kabelo Dlamini,33,1,Code 10,Permanent,Western Cape,4.02
D002826,Zanele Van Wyk,29,23,Code 10,Owner Driver,Western Cape,4.89
D002827,Mpho Ndlovu,64,12,Code 10,Permanent,Free State,4.15
D002828,Dumisani Williams,53,10,Code 10,Permanent,Mpumalanga,3.8
D002829,Phumzile Moyo,42,24,Code 10,Contract,Mpumalanga,3.76
D002830,Tshepo Mabena,31,12,Code 8,Permanent,Western Cape,3.94
D002831,Sipho Naidoo,59,14,Code 10,Permanent,Limpopo,4.41
D002832,Lindelwa Mthembu,27,14,Code 10,Contract,Northern Cape,2.9
D002833,Lindelwa Cele,63,32,Code 10,Contract,Northern Cape,3.76
D002834,Dumisani Mkhize,41,22,Code 8,Contract,North West,5.0
D002835,Tshepo Dlamini,25,2,Code 10,Permanent,Limpopo,3.77
D002836,Ayanda Mkhize,29,29,Code 14,Contract,Free State,3.97
D002837,Lwazi Van Wyk,60,29,Code 8,Permanent,Northern Cape,4.28
D002838,Ayanda Mkhize,27,34,Code 10,Owner Driver,KwaZulu-Natal,3.93
D002839,Mandla Molefe,39,33,Code 8,Permanent,Limpopo,4.56
D002840,Lerato Ndlovu,43,11,Code 8,Owner Driver,North West,3.58
D002841,Sipho Nkosi,32,1,Code 8,Contract,Northern Cape,3.77
D002842,Lerato Mahlangu,47,25,Code 10,Contract,Mpumalanga,4.05
D002843,Bongani Maseko,34,29,Code 8,Owner Driver,Western Cape,4.79
D002844,Zanele Van Wyk,43,34,Code 10,Permanent,Limpopo,3.51
D002845,Nokuthula Modise,50,26,Code 10,Permanent,Free State,4.12
D002846,Siyabonga Maseko,47,29,Code 8,Permanent,Eastern Cape,3.77
D002847,Kabelo Mthembu,30,18,Code 10,Contract,KwaZulu-Natal,4.12
D002848,Karabo Botha,36,14,Code 8,Contract,Eastern Cape,3.71
D002849,Lwazi Naidoo,33,18,Code 10,Permanent,Gauteng,4.61
D002850,Siyabonga Jacobs,40,16,Code 14,Permanent,Limpopo,3.99
D002851,Amanda Dlamini,50,28,Code 10,Permanent,KwaZulu-Natal,3.24
D002852,Phumzile Naidoo,43,2,Code 8,Contract,KwaZulu-Natal,3.73
D002853,Nomsa Cele,25,26,Code 8,Contract,Northern Cape,3.79
D002854,Amanda Modise,50,19,Code 8,Owner Driver,Gauteng,3.34
D002855,Mpho Botha,37,33,Code 10,Permanent,Western Cape,3.62
D002856,Siyabonga Zulu,29,5,Code 8,Permanent,Gauteng,4.42
D002857,Mpho Modise,33,24,Code 10,Permanent,Northern Cape,4.59
D002858,Nomsa Mokoena,28,24,Code 10,Permanent,Limpopo,5.0
D002859,Mpho Botha,32,1,Code 8,Permanent,Eastern Cape,3.51
D002860,Nandi Botha,37,10,Code 8,Permanent,Eastern Cape,3.97
D002861,Precious Cele,60,2,Code 8,Permanent,Western Cape,3.61
D002862,Ayanda Mkhize,54,33,Code 8,Contract,Limpopo,3.33
D002863,Themba Moyo,56,9,Code 10,Owner Driver,Eastern Cape,3.53
D002864,Themba Moyo,29,20,Code 8,Contract,KwaZulu-Natal,3.72
D002865,Kabelo Botha,48,9,Code 8,Contract,Eastern Cape,4.25
D002866,Sibusiso Mokoena,52,30,Code 14,Owner Driver,Gauteng,4.5
D002867,Kabelo Mokoena,62,21,Code 8,Permanent,Limpopo,3.76
D002868,Lindelwa Pillay,60,1,Code 10,Permanent,Free State,4.25
D002869,Lindelwa Zulu,36,7,Code 8,Contract,Eastern Cape,4.25
D002870,Bongani Naidoo,26,18,Code 10,Owner Driver,Eastern Cape,5.0
D002871,Kabelo Adams,45,19,Code 8,Permanent,KwaZulu-Natal,4.7
D002872,Zanele Williams,25,25,Code 10,Owner Driver,North West,3.97
D002873,Mpho Ngcobo,44,3,Code 8,Permanent,Limpopo,3.98
D002874,Bongani Moyo,33,3,Code 10,Permanent,North West,4.72
D002875,Sibusiso Mahlangu,54,32,Code 8,Owner Driver,Northern Cape,4.08
D002876,Precious Williams,32,20,Code 14,Permanent,North West,4.14
D002877,Siyabonga Mkhize,65,10,Code 10,Contract,Western Cape,4.54
D002878,Siyabonga Maseko,38,33,Code 14,Contract,Gauteng,3.64
D002879,Mpho Mabena,65,32,Code 14,Contract,Gauteng,4.35
D002880,Busisiwe Molefe,46,33,Code 10,Contract,Gauteng,4.63
D002881,Zanele Naidoo,62,8,Code 8,Permanent,Limpopo,3.05
D002882,Thabo Mahlangu,46,15,Code 8,Permanent,Free State,4.08
D002883,Kabelo Mthembu,30,7,Code 14,Permanent,Western Cape,3.91
D002884,Amanda Sithole,37,21,Code 8,Contract,Mpumalanga,3.63
D002885,Tshepo Zulu,23,24,Code 8,Permanent,Western Cape,4.24
D002886,Kagiso Naidoo,45,11,Code 8,Permanent,North West,4.47
D002887,Busisiwe Maseko,29,21,Code 10,Contract,Gauteng,4.33
D002888,Nandi Mthembu,35,10,Code 10,Owner Driver,North West,4.58
D002889,Lerato Adams,44,3,Code 14,Permanent,North West,4.88
D002890,Lindelwa Khumalo,56,7,Code 8,Permanent,Limpopo,3.62
D002891,Lindelwa Zulu,59,6,Code 10,Contract,Mpumalanga,4.36
D002892,Ayanda Khumalo,39,27,Code 10,Permanent,KwaZulu-Natal,4.1
D002893,Bongani Khumalo,52,10,Code 10,Permanent,Eastern Cape,2.97
D002894,Zanele Jacobs,35,30,Code 10,Permanent,Free State,3.35
D002895,Lerato Jacobs,55,12,Code 14,Contract,North West,3.36
D002896,Ayanda Williams,64,15,Code 10,Permanent,Mpumalanga,3.39
D002897,Dumisani Jacobs,58,31,Code 10,Owner Driver,Northern Cape,4.64
D002898,Mpho Nkosi,57,17,Code 14,Contract,Gauteng,3.25
D002899,Lindelwa Nkosi,23,10,Code 10,Permanent,Northern Cape,3.81
D002900,Themba Molefe,62,14,Code 10,Contract,Mpumalanga,4.36
D002901,Precious Dlamini,61,6,Code 8,Permanent,Northern Cape,4.13
D002902,Tshepo Mthembu,63,6,Code 10,Contract,Gauteng,3.31
D002903,Busisiwe Van Wyk,44,34,Code 14,Permanent,Western Cape,3.99
D002904,Dumisani Mahlangu,23,12,Code 10,Permanent,Limpopo,5.0
D002905,Lwazi Maseko,26,34,Code 8,Contract,Mpumalanga,4.75
D002906,Siyabonga Khumalo,24,2,Code 10,Permanent,North West,4.32
D002907,Kabelo Ngcobo,31,12,Code 8,Permanent,Gauteng,4.65
D002908,Kabelo Jacobs,63,7,Code 14,Permanent,North West,3.54
D002909,Dumisani Mkhize,28,34,Code 8,Permanent,Free State,3.98
D002910,Siyabonga Mabena,28,22,Code 10,Owner Driver,KwaZulu-Natal,4.6
D002911,Mandla Ndlovu,53,25,Code 10,Permanent,Eastern Cape,4.06
D002912,Lwazi Mabena,48,2,Code 14,Permanent,Western Cape,4.8
D002913,Kagiso Jacobs,34,5,Code 10,Owner Driver,Western Cape,3.94
D002914,Mpho Williams,54,10,Code 10,Permanent,Limpopo,4.59
D002915,Lindelwa Sithole,26,27,Code 8,Owner Driver,Gauteng,3.69
D002916,Busisiwe Sithole,36,21,Code 8,Permanent,Northern Cape,4.7
D002917,Phumzile Maseko,45,34,Code 10,Permanent,Northern Cape,3.71
D002918,Mpho Sithole,49,28,Code 10,Permanent,Western Cape,3.62
D002919,Lindelwa Adams,43,6,Code 10,Permanent,Free State,3.37
D002920,Lerato Moyo,61,27,Code 14,Permanent,Northern Cape,3.76
D002921,Mandla Pillay,54,15,Code 10,Permanent,Free State,3.19
D002922,Amanda Mokoena,45,20,Code 8,Permanent,Eastern Cape,4.91
D002923,Busisiwe Zulu,29,13,Code 14,Permanent,North West,3.82
D002924,Thabo Mokoena,63,9,Code 14,Permanent,Northern Cape,3.75
D002925,Zanele Van Wyk,35,31,Code 14,Permanent,North West,3.33
D002926,Karabo Mthembu,28,14,Code 10,Permanent,Limpopo,3.73
D002927,Karabo Moyo,61,24,Code 10,Permanent,Limpopo,3.32
D002928,Sipho Botha,23,24,Code 10,Permanent,Limpopo,4.29
D002929,Amanda Ngcobo,38,15,Code 10,Permanent,Northern Cape,4.33
D002930,Tshepo Adams,36,31,Code 14,Owner Driver,North West,3.91
D002931,Ayanda Mahlangu,40,14,Code 8,Permanent,Eastern Cape,3.7
D002932,Phumzile Nkosi,57,22,Code 8,Permanent,Northern Cape,3.38
D002933,Tshepo Molefe,43,4,Code 8,Contract,Free State,3.51
D002934,Mandla Khumalo,39,34,Code 10,Permanent,Mpumalanga,3.29
D002935,Amanda Molefe,23,23,Code 8,Contract,North West,4.56
D002936,Nomsa Maseko,53,28,Code 10,Permanent,KwaZulu-Natal,4.79
D002937,Lerato Naidoo,25,29,Code 14,Permanent,Northern Cape,3.56
D002938,Lerato Mokoena,40,6,Code 10,Permanent,Western Cape,4.0
D002939,Mpho Molefe,65,29,Code 10,Permanent,Gauteng,4.33
D002940,Kagiso Botha,60,2,Code 14,Contract,North West,4.23
D002941,Nomsa Cele,62,20,Code 10,Permanent,KwaZulu-Natal,4.51
D002942,Lwazi Dlamini,34,21,Code 10,Owner Driver,Northern Cape,3.58
D002943,Nokuthula Ngcobo,29,33,Code 14,Owner Driver,North West,4.32
D002944,Precious Ndlovu,30,10,Code 10,Permanent,Gauteng,3.82
D002945,Nokuthula Mokoena,28,3,Code 8,Permanent,Free State,4.11
D002946,Busisiwe Dlamini,29,6,Code 10,Owner Driver,Limpopo,4.08
D002947,Amanda Mthembu,26,20,Code 8,Permanent,North West,3.22
D002948,Tshepo Mkhize,36,6,Code 8,Contract,Limpopo,3.63
D002949,Thabo Sithole,53,20,Code 10,Owner Driver,Eastern Cape,3.56
D002950,Busisiwe Mabena,49,10,Code 8,Contract,KwaZulu-Natal,3.82
D002951,Thabo Van Wyk,24,10,Code 10,Contract,KwaZulu-Natal,4.33
D002952,Karabo Sithole,57,17,Code 10,Permanent,Mpumalanga,4.75
D002953,Bongani Mkhize,35,25,Code 8,Owner Driver,Free State,3.01
D002954,Nandi Jacobs,39,21,Code 14,Permanent,Western Cape,3.09
D002955,Nokuthula Mthembu,24,22,Code 8,Contract,Free State,4.21
D002956,Lwazi Mkhize,48,19,Code 8,Owner Driver,Northern Cape,4.23
D002957,Phumzile Dlamini,23,29,Code 8,Permanent,KwaZulu-Natal,4.66
D002958,Nandi Ngcobo,31,20,Code 10,Permanent,Eastern Cape,3.89
D002959,Thabo Maseko,34,4,Code 14,Permanent,North West,3.74
D002960,Karabo Khumalo,25,34,Code 8,Permanent,Mpumalanga,4.43
D002961,Busisiwe Mokoena,46,15,Code 10,Permanent,Mpumalanga,3.39
D002962,Lwazi Cele,29,18,Code 8,Permanent,Mpumalanga,3.4
D002963,Tshepo Cele,44,32,Code 10,Permanent,Limpopo,4.38
D002964,Zanele Pillay,56,2,Code 10,Permanent,Free State,3.83
D002965,Mpho Naidoo,25,10,Code 10,Contract,Western Cape,3.41
D002966,Zanele Botha,32,29,Code 8,Permanent,North West,4.36
D002967,Karabo Maseko,62,9,Code 10,Contract,Free State,4.15
D002968,Lindelwa Pillay,29,8,Code 10,Permanent,Mpumalanga,4.54
D002969,Mandla Khumalo,53,15,Code 8,Contract,Mpumalanga,3.94
D002970,Ayanda Botha,65,33,Code 14,Permanent,Northern Cape,3.89
D002971,Kagiso Modise,30,14,Code 10,Permanent,Eastern Cape,3.17
D002972,Phumzile Ngcobo,23,3,Code 10,Permanent,Eastern Cape,3.01
D002973,Bongani Jacobs,57,27,Code 10,Contract,KwaZulu-Natal,4.71
D002974,Mandla Botha,37,34,Code 14,Owner Driver,Gauteng,4.24
D002975,Tshepo Ngcobo,42,18,Code 8,Permanent,Limpopo,4.39
D002976,Amanda Khumalo,28,1,Code 10,Contract,Western Cape,3.68
D002977,Sipho Ndlovu,55,21,Code 14,Permanent,Eastern Cape,4.29
D002978,Mandla Naidoo,62,11,Code 10,Owner Driver,Free State,4.0
D002979,Dumisani Ndlovu,63,10,Code 10,Owner Driver,Mpumalanga,4.04
D002980,Siyabonga Mabena,27,14,Code 8,Permanent,Western Cape,4.71
D002981,Ayanda Mokoena,41,10,Code 10,Contract,Free State,3.6
D002982,Nomsa Pillay,34,33,Code 10,Contract,Western Cape,3.57
D002983,Busisiwe Zulu,33,23,Code 10,Permanent,Limpopo,3.38
D002984,Bongani Maseko,45,17,Code 14,Owner Driver,Western Cape,3.73
D002985,Nokuthula Jacobs,32,10,Code 8,Contract,KwaZulu-Natal,5.0
D002986,Sibusiso Molefe,36,2,Code 8,Contract,KwaZulu-Natal,4.22
D002987,Lerato Mkhize,49,28,Code 14,Owner Driver,Gauteng,3.41
D002988,Nokuthula Dlamini,48,5,Code 10,Contract,Limpopo,4.38
D002989,Bongani Sithole,26,2,Code 14,Permanent,Limpopo,4.18
D002990,Phumzile Mabena,35,9,Code 10,Permanent,Northern Cape,2.65
D002991,Nomsa Cele,57,32,Code 10,Permanent,Limpopo,3.61
D002992,Nandi Khumalo,49,21,Code 8,Permanent,North West,3.83
D002993,Precious Zulu,37,12,Code 8,Owner Driver,Western Cape,4.12
D002994,Busisiwe Jacobs,64,24,Code 8,Owner Driver,Northern Cape,4.21
D002995,Phumzile Cele,43,8,Code 10,Contract,Limpopo,3.86
D002996,Lerato Ngcobo,64,14,Code 10,Owner Driver,Mpumalanga,3.42
D002997,Nandi Cele,28,6,Code 8,Permanent,Western Cape,4.23
D002998,Ayanda Mabena,31,12,Code 8,Contract,Eastern Cape,4.06
D002999,Busisiwe Dlamini,41,25,Code 10,Permanent,Western Cape,3.93
D003000,Nomsa Van Wyk,53,31,Code 8,Owner Driver,North West,4.08
D003001,Amanda Mthembu,43,24,Code 10,Permanent,Eastern Cape,4.13
D003002,Lindelwa Sithole,58,15,Code 10,Contract,Eastern Cape,3.99
D003003,Lerato Williams,53,7,Code 14,Owner Driver,Western Cape,4.65
D003004,Bongani Dlamini,54,34,Code 10,Contract,North West,4.22
D003005,Mandla Zulu,45,4,Code 10,Permanent,Free State,3.73
D003006,Lindelwa Sithole,47,1,Code 8,Owner Driver,North West,4.22
D003007,Sipho Maseko,30,1,Code 10,Permanent,Northern Cape,4.47
D003008,Mpho Van Wyk,40,25,Code 8,Permanent,Gauteng,4.21
D003009,Lwazi Mokoena,39,9,Code 10,Contract,Gauteng,4.26
D003010,Dumisani Modise,34,9,Code 14,Permanent,Eastern Cape,4.39
D003011,Nandi Ngcobo,60,30,Code 10,Permanent,Gauteng,4.15
D003012,Kagiso Modise,56,28,Code 10,Contract,Eastern Cape,5.0
D003013,Nokuthula Maseko,28,17,Code 8,Owner Driver,KwaZulu-Natal,4.11
D003014,Kabelo Botha,41,19,Code 8,Permanent,Eastern Cape,3.76
D003015,Siyabonga Nkosi,47,18,Code 8,Contract,Free State,4.04
D003016,Mpho Pillay,41,22,Code 10,Contract,KwaZulu-Natal,4.38
D003017,Sipho Mkhize,25,4,Code 10,Owner Driver,Eastern Cape,4.05
D003018,Kagiso Naidoo,58,17,Code 10,Permanent,Western Cape,3.95
D003019,Busisiwe Molefe,50,17,Code 8,Permanent,Free State,4.51
D003020,Mpho Van Wyk,34,7,Code 10,Permanent,Western Cape,3.01
D003021,Dumisani Molefe,61,29,Code 10,Permanent,Western Cape,3.92
D003022,Nomsa Williams,57,23,Code 10,Contract,Gauteng,4.53
D003023,Phumzile Williams,35,24,Code 8,Contract,North West,3.98
D003024,Tshepo Mahlangu,42,26,Code 10,Permanent,Eastern Cape,3.7
D003025,Sibusiso Mahlangu,44,13,Code 10,Owner Driver,North West,4.03
D003026,Nokuthula Nkosi,35,24,Code 14,Contract,Mpumalanga,3.6
D003027,Busisiwe Molefe,59,26,Code 8,Permanent,KwaZulu-Natal,3.76
D003028,Dumisani Zulu,59,14,Code 10,Owner Driver,North West,3.87
D003029,Themba Sithole,51,6,Code 14,Permanent,Northern Cape,4.69
D003030,Kagiso Mabena,34,14,Code 10,Contract,Western Cape,4.2
D003031,Nomsa Mokoena,47,15,Code 8,Permanent,Mpumalanga,4.05
D003032,Amanda Botha,25,18,Code 8,Permanent,Mpumalanga,4.5
D003033,Karabo Williams,26,24,Code 10,Permanent,Limpopo,4.24
D003034,Bongani Naidoo,58,27,Code 14,Permanent,Northern Cape,4.77
D003035,Phumzile Adams,28,8,Code 10,Owner Driver,Free State,3.97
D003036,Tshepo Molefe,49,20,Code 10,Contract,Northern Cape,3.88
D003037,Themba Cele,42,17,Code 8,Contract,Mpumalanga,4.24
D003038,Kagiso Botha,46,13,Code 14,Permanent,North West,4.0
D003039,Nokuthula Modise,37,4,Code 8,Permanent,Free State,3.82
D003040,Bongani Molefe,43,21,Code 8,Permanent,Eastern Cape,4.03
D003041,Tshepo Mkhize,28,13,Code 8,Owner Driver,Northern Cape,4.04
D003042,Nokuthula Ngcobo,61,6,Code 10,Owner Driver,North West,3.48
D003043,Thabo Van Wyk,48,34,Code 14,Permanent,Gauteng,4.01
D003044,Lwazi Naidoo,59,6,Code 10,Permanent,Western Cape,3.0
D003045,Mpho Moyo,39,10,Code 10,Contract,Free State,4.65
D003046,Busisiwe Pillay,50,3,Code 14,Contract,KwaZulu-Natal,4.59
D003047,Precious Ngcobo,28,5,Code 10,Owner Driver,Mpumalanga,4.02
D003048,Ayanda Mthembu,49,12,Code 8,Permanent,Limpopo,3.45
D003049,Amanda Botha,23,1,Code 8,Permanent,Limpopo,4.07
D003050,Nomsa Mkhize,51,19,Code 10,Permanent,Free State,4.21
D003051,Busisiwe Mahlangu,54,28,Code 14,Permanent,North West,3.41
D003052,Siyabonga Nkosi,24,26,Code 10,Permanent,Gauteng,3.18
D003053,Phumzile Pillay,55,9,Code 10,Permanent,Gauteng,4.9
D003054,Tshepo Dlamini,26,25,Code 10,Contract,Western Cape,4.4
D003055,Amanda Zulu,38,9,Code 10,Contract,Northern Cape,4.33
D003056,Nokuthula Williams,41,9,Code 10,Permanent,Eastern Cape,4.01
D003057,Themba Khumalo,23,19,Code 10,Owner Driver,North West,3.41
D003058,Nomsa Mahlangu,40,30,Code 10,Permanent,Mpumalanga,3.19
D003059,Dumisani Adams,63,29,Code 10,Permanent,Western Cape,3.19
D003060,Sibusiso Mokoena,23,22,Code 10,Contract,North West,4.68
D003061,Amanda Moyo,41,8,Code 10,Permanent,Mpumalanga,3.45
D003062,Precious Mthembu,35,21,Code 10,Contract,Gauteng,4.22
D003063,Sibusiso Mokoena,64,19,Code 8,Permanent,Gauteng,3.61
D003064,Nomsa Jacobs,27,21,Code 8,Contract,Gauteng,3.67
D003065,Amanda Mahlangu,50,34,Code 8,Owner Driver,North West,3.77
D003066,Themba Dlamini,28,31,Code 14,Contract,Free State,4.16
D003067,Thabo Ngcobo,42,5,Code 10,Permanent,Mpumalanga,3.98
D003068,Tshepo Maseko,36,6,Code 8,Permanent,North West,3.58
D003069,Nokuthula Adams,39,15,Code 10,Contract,Eastern Cape,4.27
D003070,Bongani Jacobs,51,11,Code 8,Permanent,KwaZulu-Natal,3.46
D003071,Zanele Zulu,33,12,Code 8,Contract,Northern Cape,3.84
D003072,Bongani Nkosi,62,28,Code 10,Permanent,Gauteng,4.55
D003073,Karabo Mahlangu,61,33,Code 14,Contract,Northern Cape,3.22
D003074,Themba Sithole,62,7,Code 10,Permanent,Eastern Cape,3.52
D003075,Ayanda Sithole,56,30,Code 10,Permanent,Northern Cape,3.82
D003076,Sibusiso Moyo,49,24,Code 8,Permanent,Mpumalanga,3.77
D003077,Amanda Ndlovu,44,32,Code 10,Permanent,Gauteng,3.73
D003078,Tshepo Mokoena,62,32,Code 14,Owner Driver,Mpumalanga,3.62
D003079,Siyabonga Dlamini,40,26,Code 8,Owner Driver,Limpopo,3.25
D003080,Amanda Cele,55,15,Code 10,Contract,Mpumalanga,3.76
D003081,Ayanda Van Wyk,36,21,Code 8,Permanent,North West,3.58
D003082,Lwazi Khumalo,64,5,Code 14,Permanent,KwaZulu-Natal,3.86
D003083,Amanda Pillay,56,8,Code 8,Owner Driver,KwaZulu-Natal,3.94
D003084,Sibusiso Jacobs,42,12,Code 14,Permanent,Mpumalanga,4.64
D003085,Themba Khumalo,33,13,Code 10,Contract,Limpopo,4.27
D003086,Nokuthula Ndlovu,28,27,Code 8,Owner Driver,Eastern Cape,3.82
D003087,Nandi Nkosi,65,6,Code 10,Permanent,Free State,3.41
D003088,Bongani Mabena,60,34,Code 8,Contract,Mpumalanga,4.87
D003089,Kabelo Mahlangu,26,7,Code 10,Permanent,KwaZulu-Natal,4.54
D003090,Sibusiso Maseko,55,16,Code 14,Permanent,Eastern Cape,4.37
D003091,Sipho Sithole,24,13,Code 10,Owner Driver,Limpopo,3.92
D003092,Dumisani Nkosi,63,12,Code 8,Permanent,Free State,4.78
D003093,Kagiso Naidoo,34,26,Code 8,Contract,Western Cape,4.27
D003094,Themba Ndlovu,46,12,Code 14,Owner Driver,Western Cape,3.47
D003095,Dumisani Khumalo,59,2,Code 8,Contract,Mpumalanga,3.34
D003096,Nandi Zulu,23,3,Code 8,Permanent,Mpumalanga,4.5
D003097,Phumzile Botha,40,29,Code 10,Contract,Gauteng,3.63
D003098,Phumzile Mahlangu,61,8,Code 8,Contract,Northern Cape,3.98
D003099,Bongani Ndlovu,39,32,Code 10,Contract,Gauteng,3.87
D003100,Lwazi Jacobs,31,8,Code 14,Owner Driver,KwaZulu-Natal,4.05
D003101,Lindelwa Nkosi,61,16,Code 10,Contract,North West,3.32
D003102,Thabo Mokoena,62,19,Code 10,Permanent,Mpumalanga,3.65
D003103,Mandla Moyo,53,19,Code 10,Owner Driver,KwaZulu-Natal,2.63
D003104,Tshepo Mahlangu,31,30,Code 8,Permanent,Free State,5.0
D003105,Mpho Dlamini,62,13,Code 8,Permanent,Western Cape,4.25
D003106,Precious Mabena,65,20,Code 14,Contract,Eastern Cape,4.82
D003107,Sibusiso Khumalo,51,3,Code 8,Permanent,Northern Cape,4.4
D003108,Sibusiso Mabena,24,10,Code 8,Owner Driver,Free State,4.68
D003109,Nokuthula Jacobs,40,1,Code 8,Owner Driver,Eastern Cape,4.02
D003110,Bongani Khumalo,35,14,Code 8,Owner Driver,Gauteng,4.78
D003111,Zanele Mthembu,53,14,Code 8,Permanent,Mpumalanga,3.76
D003112,Lerato Pillay,46,15,Code 8,Permanent,Eastern Cape,4.05
D003113,Sipho Ngcobo,44,10,Code 10,Contract,Limpopo,5.0
D003114,Zanele Maseko,26,3,Code 14,Owner Driver,North West,4.22
D003115,Themba Van Wyk,63,5,Code 14,Contract,North West,4.34
D003116,Mandla Dlamini,64,15,Code 10,Permanent,Gauteng,3.88
D003117,Nokuthula Van Wyk,43,15,Code 10,Permanent,Free State,4.63
D003118,Siyabonga Mkhize,52,32,Code 10,Permanent,North West,4.28
D003119,Dumisani Ndlovu,53,8,Code 10,Permanent,North West,4.77
D003120,Nandi Khumalo,64,8,Code 10,Permanent,Mpumalanga,5.0
D003121,Kabelo Ngcobo,57,29,Code 10,Permanent,North West,3.32
D003122,Karabo Nkosi,30,13,Code 10,Permanent,Gauteng,4.11
D003123,Karabo Williams,45,24,Code 10,Contract,Gauteng,3.88
D003124,Zanele Nkosi,23,17,Code 8,Permanent,Limpopo,4.02
D003125,Kagiso Williams,46,5,Code 10,Contract,North West,4.75
D003126,Karabo Moyo,47,15,Code 8,Permanent,KwaZulu-Natal,4.44
D003127,Precious Van Wyk,64,7,Code 8,Owner Driver,Western Cape,3.57
D003128,Precious Dlamini,26,19,Code 10,Contract,Northern Cape,4.33
D003129,Amanda Ndlovu,52,14,Code 10,Contract,Limpopo,3.51
D003130,Mandla Mahlangu,57,33,Code 10,Permanent,Limpopo,3.98
D003131,Bongani Jacobs,60,5,Code 10,Permanent,Northern Cape,3.37
D003132,Thabo Williams,29,34,Code 8,Owner Driver,Gauteng,4.87
D003133,Mandla Dlamini,28,13,Code 14,Owner Driver,Gauteng,4.14
D003134,Mpho Williams,49,20,Code 8,Contract,Western Cape,4.11
D003135,Dumisani Dlamini,49,7,Code 10,Permanent,KwaZulu-Natal,3.85
D003136,Lindelwa Van Wyk,38,23,Code 10,Owner Driver,Free State,4.45
D003137,Zanele Modise,30,12,Code 10,Permanent,KwaZulu-Natal,3.99
D003138,Mandla Botha,23,15,Code 10,Contract,Mpumalanga,3.84
D003139,Thabo Botha,29,19,Code 10,Owner Driver,Northern Cape,4.02
D003140,Karabo Zulu,28,29,Code 8,Permanent,Eastern Cape,3.61
D003141,Nandi Jacobs,37,34,Code 8,Owner Driver,Western Cape,3.33
D003142,Phumzile Mahlangu,49,26,Code 10,Permanent,Free State,4.33
D003143,Sipho Mthembu,41,8,Code 8,Permanent,Western Cape,3.75
D003144,Lwazi Mthembu,23,33,Code 10,Contract,North West,3.42
D003145,Nomsa Jacobs,51,18,Code 10,Permanent,Northern Cape,3.58
D003146,Dumisani Cele,65,18,Code 8,Permanent,Northern Cape,3.12
D003147,Tshepo Sithole,33,32,Code 8,Owner Driver,Eastern Cape,3.95
D003148,Mandla Dlamini,64,25,Code 10,Permanent,Northern Cape,4.57
D003149,Ayanda Van Wyk,58,31,Code 10,Permanent,Mpumalanga,3.89
D003150,Nokuthula Botha,26,17,Code 8,Permanent,Gauteng,4.56
D003151,Ayanda Moyo,65,32,Code 10,Permanent,Limpopo,4.41
D003152,Precious Mahlangu,55,26,Code 8,Owner Driver,Gauteng,3.84
D003153,Ayanda Sithole,59,8,Code 8,Permanent,KwaZulu-Natal,4.11
D003154,Dumisani Jacobs,41,8,Code 14,Owner Driver,North West,3.39
D003155,Siyabonga Pillay,31,27,Code 10,Permanent,KwaZulu-Natal,3.87
D003156,Tshepo Cele,60,31,Code 10,Permanent,Limpopo,3.79
D003157,Bongani Ndlovu,39,13,Code 14,Permanent,North West,4.15
D003158,Kabelo Khumalo,65,21,Code 10,Permanent,North West,3.49
D003159,Siyabonga Moyo,34,32,Code 8,Permanent,North West,4.02
D003160,Ayanda Zulu,37,11,Code 14,Owner Driver,KwaZulu-Natal,3.94
D003161,Tshepo Modise,37,16,Code 14,Contract,Gauteng,3.92
D003162,Kabelo Modise,38,34,Code 10,Owner Driver,Mpumalanga,3.95
D003163,Thabo Nkosi,41,21,Code 8,Permanent,Western Cape,3.78
D003164,Lindelwa Pillay,59,26,Code 10,Permanent,North West,3.95
D003165,Mpho Molefe,26,30,Code 10,Contract,Mpumalanga,3.27
D003166,Mandla Williams,23,32,Code 8,Permanent,Northern Cape,3.81
D003167,Nomsa Dlamini,64,1,Code 14,Owner Driver,Eastern Cape,4.53
D003168,Tshepo Naidoo,62,22,Code 14,Owner Driver,Northern Cape,3.82
D003169,Thabo Khumalo,38,12,Code 8,Permanent,Western Cape,2.7
D003170,Nokuthula Ngcobo,53,26,Code 14,Contract,Mpumalanga,4.19
D003171,Bongani Botha,26,33,Code 10,Permanent,Mpumalanga,3.61
D003172,Thabo Maseko,48,17,Code 10,Permanent,Eastern Cape,4.34
D003173,Lwazi Ngcobo,39,33,Code 8,Owner Driver,Free State,3.68
D003174,Dumisani Ngcobo,52,3,Code 10,Permanent,North West,4.74
D003175,Lindelwa Mokoena,62,32,Code 8,Owner Driver,Eastern Cape,4.07
D003176,Mpho Mokoena,48,27,Code 8,Permanent,Mpumalanga,3.57
D003177,Dumisani Mkhize,49,33,Code 10,Owner Driver,Western Cape,3.27
D003178,Kagiso Mthembu,50,4,Code 10,Permanent,KwaZulu-Natal,4.45
D003179,Thabo Khumalo,64,29,Code 10,Permanent,Northern Cape,3.41
D003180,Thabo Sithole,53,11,Code 8,Permanent,North West,4.23
D003181,Ayanda Mabena,65,27,Code 8,Permanent,Free State,3.25
D003182,Nandi Maseko,26,30,Code 8,Owner Driver,KwaZulu-Natal,4.22
D003183,Lerato Cele,45,7,Code 14,Permanent,Northern Cape,3.98
D003184,Lwazi Williams,27,12,Code 8,Owner Driver,Limpopo,3.12
D003185,Dumisani Ngcobo,47,7,Code 10,Permanent,North West,4.02
D003186,Precious Botha,46,19,Code 8,Contract,Gauteng,4.57
D003187,Tshepo Nkosi,56,10,Code 10,Contract,North West,4.26
D003188,Nokuthula Molefe,57,10,Code 10,Permanent,Northern Cape,5.0
D003189,Dumisani Khumalo,45,23,Code 8,Permanent,Northern Cape,4.42
D003190,Nokuthula Moyo,31,27,Code 14,Owner Driver,Gauteng,4.52
D003191,Ayanda Williams,54,14,Code 10,Permanent,Eastern Cape,5.0
D003192,Lwazi Molefe,59,7,Code 10,Permanent,Northern Cape,3.63
D003193,Zanele Sithole,57,6,Code 10,Contract,Mpumalanga,4.56
D003194,Bongani Dlamini,34,13,Code 8,Permanent,North West,3.14
D003195,Dumisani Van Wyk,56,25,Code 14,Permanent,KwaZulu-Natal,3.9
D003196,Tshepo Ngcobo,55,4,Code 10,Owner Driver,KwaZulu-Natal,3.59
D003197,Mpho Cele,38,34,Code 10,Contract,Northern Cape,4.08
D003198,Nomsa Sithole,41,33,Code 8,Permanent,Mpumalanga,3.83
D003199,Themba Van Wyk,47,20,Code 14,Contract,Gauteng,3.24
D003200,Phumzile Naidoo,38,7,Code 8,Contract,Limpopo,4.02
D003201,Ayanda Naidoo,31,19,Code 14,Owner Driver,Western Cape,3.61
D003202,Lindelwa Moyo,32,31,Code 10,Permanent,KwaZulu-Natal,3.7
D003203,Lerato Pillay,47,12,Code 8,Contract,Gauteng,4.17
D003204,Thabo Mthembu,56,20,Code 10,Owner Driver,Free State,4.38
D003205,Themba Nkosi,60,32,Code 14,Contract,Western Cape,4.73
D003206,Themba Mahlangu,59,33,Code 10,Permanent,Northern Cape,3.99
D003207,Bongani Van Wyk,34,19,Code 10,Contract,KwaZulu-Natal,3.76
D003208,Lerato Cele,45,22,Code 10,Permanent,Mpumalanga,3.86
D003209,Sibusiso Khumalo,61,13,Code 8,Permanent,Limpopo,3.43
D003210,Dumisani Jacobs,41,15,Code 8,Permanent,Mpumalanga,4.65
D003211,Siyabonga Pillay,44,9,Code 10,Contract,Western Cape,3.14
D003212,Nandi Maseko,25,9,Code 10,Permanent,Limpopo,5.0
D003213,Nomsa Maseko,52,28,Code 10,Owner Driver,Eastern Cape,3.9
D003214,Ayanda Sithole,42,27,Code 8,Permanent,Free State,3.95
D003215,Phumzile Mokoena,43,3,Code 10,Contract,KwaZulu-Natal,4.69
D003216,Phumzile Botha,49,27,Code 8,Permanent,KwaZulu-Natal,4.35
D003217,Tshepo Zulu,52,9,Code 10,Contract,Mpumalanga,4.44
D003218,Themba Maseko,39,4,Code 8,Permanent,Eastern Cape,3.89
D003219,Lwazi Moyo,58,27,Code 10,Permanent,Mpumalanga,3.76
D003220,Lindelwa Mkhize,56,26,Code 10,Contract,Gauteng,3.69
D003221,Zanele Khumalo,65,20,Code 10,Owner Driver,Western Cape,4.75
D003222,Bongani Molefe,48,4,Code 10,Permanent,Eastern Cape,3.18
D003223,Mandla Dlamini,32,11,Code 14,Permanent,Northern Cape,3.8
D003224,Kabelo Mkhize,34,30,Code 10,Owner Driver,Mpumalanga,4.32
D003225,Tshepo Maseko,53,7,Code 8,Permanent,Free State,3.89
D003226,Lindelwa Molefe,49,22,Code 8,Owner Driver,Western Cape,3.64
D003227,Amanda Ngcobo,45,24,Code 10,Contract,Limpopo,3.47
D003228,Nandi Mabena,48,24,Code 14,Contract,Western Cape,3.69
D003229,Lerato Ndlovu,35,3,Code 8,Owner Driver,Free State,3.54
D003230,Siyabonga Mthembu,36,15,Code 10,Owner Driver,Western Cape,4.23
D003231,Kagiso Van Wyk,45,27,Code 10,Owner Driver,North West,4.06
D003232,Mandla Ndlovu,40,28,Code 8,Permanent,Free State,4.87
D003233,Tshepo Mkhize,44,34,Code 10,Contract,Mpumalanga,3.94
D003234,Zanele Mkhize,62,13,Code 10,Contract,Free State,4.44
D003235,Busisiwe Adams,61,8,Code 14,Permanent,Eastern Cape,2.83
D003236,Themba Moyo,53,19,Code 14,Permanent,Free State,3.07
D003237,Siyabonga Dlamini,48,5,Code 8,Contract,Mpumalanga,3.51
D003238,Zanele Mahlangu,34,15,Code 10,Permanent,North West,3.23
D003239,Sipho Williams,37,16,Code 8,Permanent,Western Cape,4.04
D003240,Mpho Zulu,52,30,Code 10,Owner Driver,Northern Cape,4.12
D003241,Karabo Mabena,61,3,Code 10,Permanent,Western Cape,4.28
D003242,Nokuthula Dlamini,24,15,Code 8,Owner Driver,Limpopo,3.56
D003243,Precious Williams,30,25,Code 14,Contract,Limpopo,4.32
D003244,Sipho Mokoena,44,28,Code 8,Owner Driver,North West,4.44
D003245,Bongani Ndlovu,64,2,Code 10,Permanent,Western Cape,3.87
D003246,Precious Mthembu,41,23,Code 14,Owner Driver,Free State,4.13
D003247,Zanele Pillay,57,21,Code 14,Permanent,Free State,4.57
D003248,Sibusiso Pillay,24,25,Code 8,Permanent,Western Cape,4.75
D003249,Kagiso Dlamini,28,17,Code 14,Permanent,Northern Cape,3.51
D003250,Amanda Zulu,56,15,Code 14,Contract,Free State,3.4
D003251,Nokuthula Mthembu,53,31,Code 8,Permanent,North West,3.38
D003252,Tshepo Botha,43,17,Code 8,Permanent,Western Cape,4.34
D003253,Lerato Modise,53,3,Code 10,Permanent,Free State,3.78
D003254,Mpho Dlamini,61,34,Code 8,Contract,Northern Cape,4.42
D003255,Mpho Dlamini,27,2,Code 10,Permanent,Limpopo,4.66
D003256,Bongani Dlamini,56,9,Code 10,Contract,Mpumalanga,3.88
D003257,Sibusiso Ndlovu,65,23,Code 14,Permanent,Free State,3.22
D003258,Themba Maseko,45,18,Code 10,Permanent,North West,4.73
D003259,Karabo Mokoena,26,11,Code 8,Permanent,KwaZulu-Natal,4.5
D003260,Karabo Dlamini,33,13,Code 10,Permanent,Eastern Cape,4.29
D003261,Dumisani Pillay,65,34,Code 8,Permanent,Western Cape,3.56
D003262,Nokuthula Williams,23,8,Code 10,Permanent,Western Cape,3.53
D003263,Mpho Mokoena,41,15,Code 8,Permanent,Free State,3.62
D003264,Nandi Zulu,62,32,Code 10,Permanent,Eastern Cape,3.96
D003265,Siyabonga Ngcobo,48,12,Code 10,Owner Driver,Gauteng,3.85
D003266,Sibusiso Khumalo,42,3,Code 8,Permanent,KwaZulu-Natal,3.86
D003267,Precious Jacobs,30,11,Code 14,Permanent,Northern Cape,3.35
D003268,Precious Sithole,37,2,Code 10,Permanent,Western Cape,3.42
D003269,Kagiso Moyo,29,25,Code 14,Permanent,Northern Cape,4.29
D003270,Nomsa Naidoo,52,25,Code 14,Permanent,Mpumalanga,4.12
D003271,Sibusiso Naidoo,62,32,Code 8,Owner Driver,Eastern Cape,3.43
D003272,Amanda Moyo,48,20,Code 10,Permanent,KwaZulu-Natal,5.0
D003273,Bongani Modise,30,23,Code 14,Contract,Mpumalanga,3.22
D003274,Bongani Zulu,42,5,Code 10,Permanent,Gauteng,4.07
D003275,Sibusiso Mokoena,26,15,Code 8,Owner Driver,Eastern Cape,3.54
D003276,Nomsa Jacobs,31,16,Code 8,Permanent,Eastern Cape,3.38
D003277,Busisiwe Williams,54,28,Code 8,Permanent,KwaZulu-Natal,4.07
D003278,Phumzile Botha,54,15,Code 8,Permanent,KwaZulu-Natal,3.03
D003279,Bongani Mokoena,33,10,Code 10,Contract,Eastern Cape,3.22
D003280,Siyabonga Maseko,39,10,Code 8,Permanent,North West,3.99
D003281,Tshepo Mabena,47,9,Code 10,Permanent,Free State,3.93
D003282,Bongani Williams,24,28,Code 8,Contract,Gauteng,4.69
D003283,Themba Jacobs,56,1,Code 10,Owner Driver,Gauteng,4.42
D003284,Ayanda Khumalo,24,21,Code 10,Owner Driver,North West,4.17
D003285,Precious Nkosi,42,5,Code 10,Owner Driver,Mpumalanga,4.47
D003286,Precious Williams,24,19,Code 8,Permanent,Western Cape,4.4
D003287,Karabo Adams,32,22,Code 10,Contract,Eastern Cape,2.71
D003288,Kabelo Ngcobo,35,13,Code 8,Permanent,North West,4.73
D003289,Precious Mabena,44,5,Code 10,Contract,Northern Cape,2.96
D003290,Kagiso Ngcobo,23,28,Code 10,Contract,Mpumalanga,4.19
D003291,Lerato Cele,56,6,Code 10,Contract,Gauteng,3.29
D003292,Mandla Ndlovu,48,34,Code 14,Owner Driver,North West,4.23
D003293,Amanda Mokoena,63,6,Code 14,Owner Driver,Limpopo,4.89
D003294,Siyabonga Pillay,29,25,Code 10,Permanent,KwaZulu-Natal,4.42
D003295,Sipho Maseko,64,5,Code 8,Owner Driver,KwaZulu-Natal,4.1
D003296,Lerato Adams,41,30,Code 14,Permanent,Limpopo,4.28
D003297,Mpho Cele,55,21,Code 14,Permanent,Limpopo,3.76
D003298,Lwazi Sithole,35,18,Code 10,Contract,Eastern Cape,4.24
D003299,Zanele Khumalo,44,33,Code 8,Permanent,Northern Cape,4.78
D003300,Tshepo Ndlovu,31,18,Code 10,Permanent,Free State,4.01
D003301,Tshepo Khumalo,58,16,Code 14,Owner Driver,Western Cape,4.09
D003302,Sibusiso Khumalo,55,13,Code 8,Owner Driver,Western Cape,5.0
D003303,Precious Dlamini,41,32,Code 14,Owner Driver,KwaZulu-Natal,4.0
D003304,Mpho Naidoo,52,11,Code 14,Permanent,Gauteng,4.98
D003305,Sipho Jacobs,65,18,Code 8,Contract,Gauteng,3.59
D003306,Themba Botha,35,22,Code 14,Owner Driver,Eastern Cape,3.52
D003307,Tshepo Ndlovu,38,22,Code 10,Contract,Mpumalanga,3.88
D003308,Kabelo Botha,24,7,Code 10,Permanent,KwaZulu-Natal,4.42
D003309,Karabo Jacobs,41,25,Code 8,Owner Driver,Northern Cape,3.33
D003310,Sipho Moyo,39,32,Code 10,Permanent,Northern Cape,4.43
D003311,Nomsa Naidoo,47,6,Code 10,Owner Driver,Gauteng,4.0
D003312,Busisiwe Williams,30,20,Code 8,Permanent,Free State,3.46
D003313,Lwazi Williams,41,8,Code 8,Permanent,Free State,3.58
D003314,Nokuthula Mthembu,53,18,Code 10,Permanent,Mpumalanga,5.0
D003315,Zanele Naidoo,27,6,Code 8,Permanent,Free State,4.38
D003316,Bongani Van Wyk,43,11,Code 8,Permanent,North West,3.95
D003317,Mpho Dlamini,56,24,Code 10,Permanent,Free State,4.22
D003318,Dumisani Dlamini,43,24,Code 8,Contract,Western Cape,4.26
D003319,Phumzile Jacobs,39,17,Code 8,Contract,KwaZulu-Natal,4.73
D003320,Phumzile Botha,50,18,Code 8,Contract,KwaZulu-Natal,3.59
D003321,Nomsa Molefe,40,31,Code 14,Owner Driver,Free State,4.65
D003322,Nomsa Cele,34,13,Code 14,Owner Driver,Limpopo,4.17
D003323,Busisiwe Jacobs,24,19,Code 10,Contract,Mpumalanga,4.78
D003324,Sibusiso Williams,40,34,Code 14,Contract,Northern Cape,4.65
D003325,Sipho Modise,28,11,Code 8,Owner Driver,Eastern Cape,3.94
D003326,Busisiwe Khumalo,37,21,Code 10,Permanent,KwaZulu-Natal,4.11
D003327,Nokuthula Khumalo,46,3,Code 14,Contract,Free State,3.7
D003328,Mandla Modise,47,21,Code 10,Contract,KwaZulu-Natal,3.72
D003329,Themba Pillay,28,6,Code 14,Permanent,Eastern Cape,4.03
D003330,Zanele Van Wyk,23,31,Code 14,Permanent,Northern Cape,4.4
D003331,Phumzile Maseko,52,12,Code 8,Permanent,Mpumalanga,3.34
D003332,Nomsa Molefe,55,26,Code 8,Contract,Northern Cape,4.65
D003333,Lwazi Ndlovu,26,12,Code 14,Owner Driver,Mpumalanga,4.33
D003334,Busisiwe Molefe,58,12,Code 8,Owner Driver,Eastern Cape,3.22
D003335,Bongani Dlamini,44,2,Code 8,Permanent,Northern Cape,3.73
D003336,Sipho Mthembu,59,9,Code 8,Contract,Limpopo,4.3
D003337,Kagiso Williams,51,28,Code 8,Permanent,Northern Cape,4.65
D003338,Karabo Mahlangu,42,4,Code 8,Permanent,Mpumalanga,2.82
D003339,Lindelwa Mthembu,59,32,Code 8,Permanent,Northern Cape,3.85
D003340,Siyabonga Ngcobo,54,25,Code 10,Owner Driver,Free State,3.33
D003341,Nomsa Pillay,47,19,Code 10,Contract,Gauteng,4.15
D003342,Phumzile Khumalo,26,3,Code 10,Permanent,Eastern Cape,4.49
D003343,Kagiso Adams,26,9,Code 10,Owner Driver,Free State,4.54
D003344,Themba Moyo,28,13,Code 8,Owner Driver,Gauteng,4.23
D003345,Busisiwe Nkosi,47,16,Code 14,Permanent,Mpumalanga,3.3
D003346,Kagiso Williams,61,12,Code 8,Permanent,Northern Cape,3.68
D003347,Mpho Jacobs,46,33,Code 10,Permanent,Eastern Cape,3.86
D003348,Kabelo Dlamini,28,4,Code 8,Permanent,Northern Cape,4.46
D003349,Sipho Naidoo,64,31,Code 8,Permanent,Western Cape,3.36
D003350,Mpho Ngcobo,56,12,Code 14,Owner Driver,Eastern Cape,3.45
D003351,Lindelwa Khumalo,58,33,Code 14,Contract,Limpopo,3.82
D003352,Kagiso Moyo,42,3,Code 8,Permanent,Free State,3.82
D003353,Nandi Dlamini,48,25,Code 10,Owner Driver,North West,3.54
D003354,Ayanda Mkhize,64,7,Code 10,Owner Driver,Western Cape,3.84
D003355,Mpho Williams,49,19,Code 10,Contract,Free State,4.08
D003356,Themba Ngcobo,41,20,Code 14,Permanent,KwaZulu-Natal,4.46
D003357,Thabo Modise,46,4,Code 10,Permanent,KwaZulu-Natal,4.96
D003358,Dumisani Ndlovu,53,12,Code 10,Permanent,Mpumalanga,4.07
D003359,Precious Mabena,37,13,Code 14,Owner Driver,Northern Cape,3.29
D003360,Lwazi Dlamini,57,27,Code 8,Permanent,Free State,3.83
D003361,Lerato Khumalo,65,20,Code 14,Permanent,Gauteng,3.85
D003362,Nokuthula Dlamini,41,20,Code 8,Contract,Western Cape,3.74
D003363,Sipho Williams,28,2,Code 14,Contract,North West,3.57
D003364,Amanda Jacobs,51,18,Code 10,Permanent,Gauteng,4.78
D003365,Nandi Cele,40,7,Code 8,Permanent,Limpopo,4.08
D003366,Thabo Mthembu,41,26,Code 8,Owner Driver,Eastern Cape,4.1
D003367,Thabo Mokoena,57,6,Code 10,Owner Driver,Gauteng,4.0
D003368,Karabo Molefe,49,14,Code 14,Owner Driver,Eastern Cape,3.57
D003369,Dumisani Dlamini,44,3,Code 10,Owner Driver,Eastern Cape,4.58
D003370,Zanele Dlamini,36,23,Code 10,Owner Driver,North West,4.46
D003371,Kabelo Williams,57,16,Code 8,Contract,Limpopo,4.2
D003372,Kabelo Jacobs,41,11,Code 10,Owner Driver,Western Cape,3.85
D003373,Precious Sithole,49,31,Code 10,Permanent,Free State,5.0
D003374,Themba Sithole,42,25,Code 14,Permanent,Western Cape,3.55
D003375,Siyabonga Pillay,49,22,Code 14,Permanent,Eastern Cape,4.2
D003376,Nandi Dlamini,40,4,Code 14,Contract,North West,3.64
D003377,Lindelwa Adams,46,18,Code 8,Contract,KwaZulu-Natal,4.47
D003378,Thabo Zulu,51,1,Code 10,Permanent,North West,3.57
D003379,Lerato Nkosi,30,27,Code 10,Owner Driver,Free State,3.46
D003380,Nomsa Khumalo,60,34,Code 8,Permanent,KwaZulu-Natal,4.83
D003381,Karabo Adams,59,24,Code 10,Owner Driver,KwaZulu-Natal,3.98
D003382,Sipho Van Wyk,25,27,Code 8,Permanent,North West,3.33
D003383,Nandi Mokoena,32,25,Code 14,Owner Driver,Western Cape,5.0
D003384,Nandi Mokoena,49,7,Code 14,Contract,Western Cape,4.36
D003385,Siyabonga Zulu,37,27,Code 10,Permanent,Mpumalanga,4.76
D003386,Lerato Maseko,60,7,Code 10,Owner Driver,Mpumalanga,3.64
D003387,Amanda Botha,23,14,Code 10,Permanent,North West,3.87
D003388,Phumzile Naidoo,38,24,Code 10,Owner Driver,Western Cape,3.85
D003389,Amanda Molefe,41,1,Code 10,Contract,KwaZulu-Natal,3.87
D003390,Mandla Sithole,46,24,Code 10,Owner Driver,Northern Cape,4.25
D003391,Ayanda Mokoena,38,9,Code 10,Permanent,Mpumalanga,3.85
D003392,Zanele Dlamini,65,11,Code 8,Permanent,KwaZulu-Natal,3.55
D003393,Tshepo Mkhize,43,28,Code 10,Contract,Mpumalanga,4.31
D003394,Bongani Ngcobo,30,10,Code 8,Owner Driver,Gauteng,4.48
D003395,Nokuthula Nkosi,28,18,Code 10,Owner Driver,Mpumalanga,3.47
D003396,Mandla Pillay,31,14,Code 8,Owner Driver,KwaZulu-Natal,4.29
D003397,Ayanda Maseko,61,22,Code 10,Permanent,KwaZulu-Natal,4.53
D003398,Nandi Mabena,45,7,Code 8,Permanent,Northern Cape,5.0
D003399,Dumisani Zulu,37,19,Code 10,Permanent,Limpopo,4.59
D003400,Nokuthula Khumalo,30,3,Code 10,Owner Driver,Northern Cape,2.99
D003401,Lindelwa Ngcobo,63,12,Code 10,Permanent,Mpumalanga,3.66
D003402,Nandi Zulu,54,26,Code 8,Permanent,Northern Cape,4.55
D003403,Sibusiso Zulu,43,9,Code 10,Permanent,Northern Cape,3.23
D003404,Kagiso Maseko,55,7,Code 10,Owner Driver,Western Cape,4.29
D003405,Lwazi Moyo,60,6,Code 10,Owner Driver,North West,3.8
D003406,Tshepo Moyo,62,7,Code 10,Permanent,Western Cape,3.71
D003407,Sibusiso Ndlovu,48,12,Code 10,Permanent,Mpumalanga,3.32
D003408,Karabo Mabena,37,31,Code 8,Permanent,Free State,3.53
D003409,Mandla Cele,56,18,Code 8,Contract,North West,4.11
D003410,Thabo Adams,26,29,Code 10,Contract,Free State,3.58
D003411,Dumisani Pillay,65,25,Code 10,Owner Driver,Western Cape,4.17
D003412,Precious Mokoena,64,31,Code 10,Contract,Western Cape,3.85
D003413,Lerato Botha,40,7,Code 14,Permanent,Limpopo,3.8
D003414,Nomsa Jacobs,48,16,Code 8,Owner Driver,Gauteng,3.91
D003415,Phumzile Khumalo,51,33,Code 10,Permanent,Northern Cape,4.05
D003416,Busisiwe Williams,25,1,Code 8,Owner Driver,Mpumalanga,3.47
D003417,Bongani Botha,26,7,Code 14,Owner Driver,Eastern Cape,3.45
D003418,Kabelo Sithole,59,30,Code 14,Permanent,Northern Cape,3.88
D003419,Phumzile Zulu,30,15,Code 8,Permanent,Western Cape,4.84
D003420,Amanda Dlamini,30,25,Code 10,Permanent,KwaZulu-Natal,4.85
D003421,Ayanda Sithole,41,1,Code 14,Permanent,Mpumalanga,3.86
D003422,Phumzile Botha,40,7,Code 14,Permanent,North West,4.59
D003423,Thabo Williams,24,14,Code 14,Contract,North West,4.23
D003424,Amanda Mabena,63,2,Code 10,Contract,KwaZulu-Natal,4.29
D003425,Dumisani Naidoo,61,6,Code 10,Owner Driver,Limpopo,4.03
D003426,Lerato Ndlovu,60,1,Code 8,Owner Driver,Mpumalanga,4.0
D003427,Thabo Jacobs,50,32,Code 8,Permanent,KwaZulu-Natal,4.06
D003428,Nokuthula Ngcobo,23,13,Code 10,Permanent,Northern Cape,4.23
D003429,Siyabonga Adams,51,28,Code 10,Contract,Mpumalanga,4.16
D003430,Amanda Moyo,24,10,Code 14,Owner Driver,Mpumalanga,2.99
D003431,Phumzile Ndlovu,52,26,Code 10,Owner Driver,Mpumalanga,4.3
D003432,Karabo Ndlovu,55,3,Code 14,Permanent,KwaZulu-Natal,3.63
D003433,Lerato Modise,37,28,Code 8,Permanent,Eastern Cape,3.58
D003434,Lwazi Mthembu,51,7,Code 8,Permanent,Eastern Cape,3.72
D003435,Sibusiso Mabena,26,2,Code 14,Permanent,KwaZulu-Natal,3.83
D003436,Sipho Sithole,36,25,Code 10,Permanent,Northern Cape,3.89
D003437,Bongani Mokoena,47,13,Code 14,Permanent,Northern Cape,3.26
D003438,Mpho Van Wyk,35,11,Code 10,Permanent,Mpumalanga,3.8
D003439,Bongani Khumalo,59,24,Code 8,Owner Driver,Gauteng,4.13
D003440,Lerato Adams,53,31,Code 10,Contract,North West,3.0
D003441,Lindelwa Nkosi,27,17,Code 14,Owner Driver,North West,4.56
D003442,Dumisani Moyo,58,19,Code 14,Permanent,North West,3.84
D003443,Zanele Modise,52,31,Code 8,Permanent,Western Cape,3.93
D003444,Thabo Mabena,23,23,Code 8,Permanent,Northern Cape,4.01
D003445,Nandi Nkosi,52,26,Code 8,Permanent,Eastern Cape,3.74
D003446,Karabo Mabena,64,21,Code 10,Permanent,Eastern Cape,4.77
D003447,Bongani Van Wyk,55,8,Code 10,Owner Driver,Mpumalanga,4.85
D003448,Nokuthula Adams,64,2,Code 8,Owner Driver,Gauteng,4.39
D003449,Sipho Nkosi,29,19,Code 10,Contract,Gauteng,3.97
D003450,Nomsa Nkosi,60,2,Code 8,Contract,Western Cape,4.42
D003451,Ayanda Mthembu,59,23,Code 14,Permanent,KwaZulu-Natal,3.03
D003452,Mpho Moyo,38,11,Code 8,Permanent,Free State,5.0
D003453,Busisiwe Maseko,47,23,Code 8,Permanent,Gauteng,3.9
D003454,Kabelo Dlamini,35,27,Code 10,Permanent,Northern Cape,4.55
D003455,Lwazi Sithole,61,14,Code 10,Owner Driver,Western Cape,4.0
D003456,Nomsa Maseko,34,32,Code 8,Permanent,KwaZulu-Natal,4.31
D003457,Lerato Sithole,40,16,Code 8,Owner Driver,Mpumalanga,3.29
D003458,Kabelo Mkhize,57,8,Code 10,Permanent,KwaZulu-Natal,3.08
D003459,Lerato Molefe,36,17,Code 10,Permanent,North West,3.18
D003460,Precious Molefe,41,9,Code 10,Permanent,Free State,3.31
D003461,Lwazi Cele,33,22,Code 10,Owner Driver,Western Cape,3.64
D003462,Lindelwa Khumalo,30,12,Code 8,Permanent,North West,4.76
D003463,Thabo Modise,30,23,Code 10,Permanent,Mpumalanga,4.72
D003464,Mandla Maseko,37,6,Code 8,Permanent,Northern Cape,4.1
D003465,Nokuthula Williams,27,18,Code 8,Contract,Eastern Cape,3.95
D003466,Sibusiso Moyo,64,10,Code 10,Permanent,Mpumalanga,3.89
D003467,Precious Khumalo,36,23,Code 10,Contract,Western Cape,4.02
D003468,Sipho Maseko,44,34,Code 14,Permanent,Mpumalanga,4.42
D003469,Thabo Naidoo,58,31,Code 8,Owner Driver,Limpopo,3.06
D003470,Nandi Nkosi,48,28,Code 8,Owner Driver,Eastern Cape,3.54
D003471,Themba Van Wyk,23,6,Code 8,Owner Driver,Gauteng,4.14
D003472,Mpho Maseko,40,6,Code 8,Contract,KwaZulu-Natal,3.92
D003473,Dumisani Zulu,49,28,Code 10,Owner Driver,KwaZulu-Natal,4.01
D003474,Mandla Sithole,44,28,Code 8,Permanent,Northern Cape,4.35
D003475,Nomsa Van Wyk,64,30,Code 10,Contract,Northern Cape,4.9
D003476,Karabo Mkhize,51,20,Code 10,Owner Driver,KwaZulu-Natal,4.43
D003477,Ayanda Jacobs,59,10,Code 14,Permanent,Eastern Cape,3.93
D003478,Phumzile Adams,45,13,Code 10,Permanent,Eastern Cape,4.62
D003479,Karabo Moyo,56,4,Code 10,Permanent,Western Cape,4.12
D003480,Nokuthula Molefe,44,24,Code 10,Permanent,Western Cape,3.55
D003481,Precious Maseko,26,6,Code 10,Permanent,North West,4.35
D003482,Amanda Pillay,60,19,Code 8,Permanent,Free State,3.95
D003483,Precious Williams,56,6,Code 8,Contract,Eastern Cape,4.31
D003484,Karabo Moyo,31,1,Code 8,Owner Driver,Eastern Cape,4.29
D003485,Phumzile Modise,29,20,Code 10,Owner Driver,Eastern Cape,3.15
D003486,Karabo Jacobs,43,12,Code 14,Permanent,Limpopo,3.64
D003487,Nomsa Pillay,47,14,Code 8,Contract,Northern Cape,3.89
D003488,Karabo Adams,27,8,Code 14,Contract,Eastern Cape,4.0
D003489,Sipho Dlamini,50,26,Code 8,Permanent,Mpumalanga,3.69
D003490,Lindelwa Mkhize,54,5,Code 10,Owner Driver,Eastern Cape,4.31
D003491,Sipho Nkosi,31,17,Code 14,Contract,North West,3.55
D003492,Lindelwa Jacobs,41,2,Code 10,Permanent,Limpopo,3.84
D003493,Lerato Van Wyk,60,16,Code 8,Permanent,Free State,4.04
D003494,Sibusiso Maseko,35,7,Code 10,Permanent,North West,3.65
D003495,Themba Pillay,43,21,Code 8,Permanent,Free State,4.93
D003496,Lindelwa Khumalo,44,9,Code 8,Contract,Northern Cape,4.59
D003497,Thabo Dlamini,38,15,Code 10,Permanent,Gauteng,3.7
D003498,Sipho Sithole,58,18,Code 14,Owner Driver,North West,3.82
D003499,Lindelwa Nkosi,48,2,Code 8,Contract,Free State,4.57
D003500,Phumzile Molefe,47,16,Code 10,Permanent,North West,2.82
D003501,Lerato Ndlovu,56,7,Code 10,Owner Driver,Eastern Cape,4.12
D003502,Tshepo Sithole,39,34,Code 8,Permanent,North West,3.8
D003503,Dumisani Cele,52,8,Code 10,Owner Driver,Western Cape,3.91
D003504,Zanele Nkosi,64,23,Code 10,Permanent,Northern Cape,4.59
D003505,Lwazi Mabena,38,4,Code 8,Contract,North West,4.82
D003506,Sipho Mokoena,43,31,Code 8,Permanent,Western Cape,4.73
D003507,Kabelo Ndlovu,51,8,Code 14,Permanent,KwaZulu-Natal,4.45
D003508,Lwazi Mthembu,65,23,Code 14,Owner Driver,KwaZulu-Natal,3.27
D003509,Busisiwe Jacobs,44,15,Code 8,Permanent,Limpopo,3.84
D003510,Lindelwa Van Wyk,64,2,Code 10,Permanent,Free State,4.44
D003511,Karabo Mahlangu,27,19,Code 8,Permanent,Limpopo,4.26
D003512,Lwazi Van Wyk,28,32,Code 10,Contract,Gauteng,4.45
D003513,Amanda Khumalo,60,8,Code 14,Permanent,Free State,4.6
D003514,Precious Mabena,51,22,Code 10,Permanent,Free State,3.84
D003515,Ayanda Naidoo,25,4,Code 10,Permanent,Eastern Cape,4.02
D003516,Nandi Botha,37,24,Code 8,Permanent,Eastern Cape,4.11
D003517,Mandla Mkhize,61,12,Code 8,Owner Driver,Free State,3.84
D003518,Ayanda Maseko,51,25,Code 8,Contract,Free State,4.72
D003519,Lwazi Mthembu,64,12,Code 8,Permanent,Free State,4.04
D003520,Mpho Van Wyk,39,3,Code 8,Owner Driver,Free State,4.94
D003521,Siyabonga Jacobs,64,27,Code 8,Permanent,Limpopo,3.98
D003522,Karabo Zulu,45,34,Code 10,Permanent,Eastern Cape,3.7
D003523,Zanele Maseko,50,3,Code 10,Contract,Free State,2.97
D003524,Dumisani Mabena,28,23,Code 10,Permanent,Eastern Cape,4.57
D003525,Nandi Mabena,41,32,Code 8,Owner Driver,North West,3.03
D003526,Kagiso Moyo,63,30,Code 10,Permanent,Northern Cape,3.99
D003527,Sibusiso Pillay,50,2,Code 8,Owner Driver,Gauteng,3.6
D003528,Kabelo Pillay,43,2,Code 8,Permanent,Limpopo,2.99
D003529,Amanda Maseko,24,10,Code 10,Contract,KwaZulu-Natal,4.47
D003530,Tshepo Sithole,54,34,Code 8,Permanent,KwaZulu-Natal,4.76
D003531,Tshepo Maseko,53,6,Code 8,Permanent,Free State,3.94
D003532,Busisiwe Nkosi,40,19,Code 14,Contract,North West,3.65
D003533,Mandla Moyo,48,10,Code 10,Owner Driver,Western Cape,4.0
D003534,Kabelo Mabena,47,25,Code 10,Owner Driver,Free State,3.78
D003535,Ayanda Mkhize,29,34,Code 10,Permanent,Western Cape,4.0
D003536,Amanda Botha,51,6,Code 14,Permanent,North West,3.0
D003537,Siyabonga Dlamini,44,31,Code 14,Permanent,Northern Cape,4.01
D003538,Sipho Dlamini,39,19,Code 8,Permanent,Eastern Cape,3.89
D003539,Zanele Dlamini,62,33,Code 8,Owner Driver,KwaZulu-Natal,4.39
D003540,Karabo Moyo,61,3,Code 10,Contract,KwaZulu-Natal,5.0
D003541,Nomsa Naidoo,62,29,Code 8,Contract,North West,4.23
D003542,Siyabonga Mahlangu,31,15,Code 10,Permanent,Mpumalanga,3.49
D003543,Dumisani Khumalo,26,6,Code 10,Contract,Eastern Cape,5.0
D003544,Bongani Mthembu,33,21,Code 8,Contract,Northern Cape,3.27
D003545,Mandla Moyo,50,29,Code 8,Permanent,Northern Cape,4.35
D003546,Mpho Zulu,24,8,Code 10,Permanent,Eastern Cape,4.64
D003547,Kagiso Mthembu,64,2,Code 10,Owner Driver,Free State,3.74
D003548,Sibusiso Naidoo,62,6,Code 10,Permanent,Western Cape,4.66
D003549,Phumzile Williams,42,16,Code 10,Permanent,Western Cape,4.03
D003550,Mpho Van Wyk,49,6,Code 14,Contract,Gauteng,3.19
D003551,Themba Modise,58,12,Code 8,Contract,Free State,4.5
D003552,Thabo Cele,62,16,Code 14,Permanent,Mpumalanga,4.13
D003553,Nandi Jacobs,41,20,Code 10,Permanent,Western Cape,3.8
D003554,Sipho Adams,36,16,Code 14,Permanent,Gauteng,4.21
D003555,Sipho Mokoena,25,1,Code 8,Contract,Northern Cape,3.01
D003556,Karabo Jacobs,50,30,Code 8,Owner Driver,Mpumalanga,4.13
D003557,Sibusiso Maseko,46,24,Code 10,Owner Driver,Western Cape,3.81
D003558,Karabo Maseko,54,21,Code 10,Permanent,Eastern Cape,3.6
D003559,Mpho Botha,59,20,Code 10,Permanent,KwaZulu-Natal,4.13
D003560,Phumzile Williams,35,31,Code 14,Permanent,Free State,4.88
D003561,Zanele Mabena,65,21,Code 14,Permanent,Gauteng,3.99
D003562,Ayanda Mabena,44,24,Code 8,Permanent,Western Cape,4.36
D003563,Mandla Botha,35,17,Code 8,Contract,Western Cape,4.38
D003564,Sibusiso Ngcobo,47,31,Code 8,Contract,Western Cape,4.92
D003565,Siyabonga Sithole,43,30,Code 10,Permanent,Mpumalanga,4.14
D003566,Mandla Khumalo,54,25,Code 14,Owner Driver,Eastern Cape,3.6
D003567,Zanele Ndlovu,39,23,Code 8,Owner Driver,Limpopo,3.19
D003568,Lerato Mokoena,36,17,Code 10,Permanent,KwaZulu-Natal,4.16
D003569,Bongani Ndlovu,57,33,Code 8,Owner Driver,Northern Cape,4.43
D003570,Karabo Jacobs,32,22,Code 8,Permanent,Limpopo,4.42
D003571,Lindelwa Mokoena,49,23,Code 8,Permanent,Eastern Cape,4.29
D003572,Ayanda Dlamini,44,29,Code 8,Permanent,KwaZulu-Natal,4.48
D003573,Zanele Adams,64,10,Code 10,Permanent,KwaZulu-Natal,4.2
D003574,Nandi Zulu,31,33,Code 10,Permanent,Northern Cape,3.46
D003575,Kagiso Adams,57,5,Code 8,Permanent,Limpopo,3.51
D003576,Sibusiso Ngcobo,28,2,Code 10,Owner Driver,Northern Cape,3.5
D003577,Busisiwe Jacobs,56,25,Code 8,Permanent,North West,4.01
D003578,Lerato Modise,25,20,Code 14,Permanent,Limpopo,3.06
D003579,Nomsa Jacobs,33,10,Code 10,Permanent,KwaZulu-Natal,4.69
D003580,Sibusiso Mkhize,58,13,Code 14,Permanent,KwaZulu-Natal,4.22
D003581,Siyabonga Van Wyk,54,15,Code 14,Permanent,Western Cape,4.13
D003582,Nandi Nkosi,27,8,Code 10,Permanent,KwaZulu-Natal,4.02
D003583,Karabo Pillay,33,32,Code 14,Permanent,Northern Cape,4.09
D003584,Sibusiso Jacobs,42,25,Code 14,Contract,North West,4.67
D003585,Lwazi Mabena,33,14,Code 14,Owner Driver,Gauteng,3.77
D003586,Nandi Naidoo,63,23,Code 14,Owner Driver,Mpumalanga,3.96
D003587,Dumisani Modise,65,8,Code 8,Permanent,KwaZulu-Natal,4.86
D003588,Sipho Botha,24,2,Code 8,Permanent,Limpopo,3.8
D003589,Kabelo Pillay,48,30,Code 10,Permanent,Limpopo,3.55
D003590,Sipho Mokoena,48,21,Code 8,Permanent,KwaZulu-Natal,4.25
D003591,Kabelo Ngcobo,33,11,Code 14,Contract,Free State,4.39
D003592,Phumzile Sithole,32,2,Code 10,Contract,Northern Cape,4.4
D003593,Nandi Cele,65,29,Code 8,Contract,Northern Cape,3.4
D003594,Karabo Ngcobo,24,10,Code 10,Permanent,Gauteng,4.53
D003595,Thabo Botha,30,10,Code 14,Permanent,Limpopo,3.57
D003596,Siyabonga Mahlangu,51,10,Code 10,Contract,Mpumalanga,4.55
D003597,Mandla Pillay,65,8,Code 10,Permanent,Eastern Cape,3.96
D003598,Amanda Moyo,53,8,Code 14,Contract,Northern Cape,4.47
D003599,Ayanda Modise,27,17,Code 8,Permanent,Free State,3.69
D003600,Zanele Williams,60,34,Code 10,Permanent,Western Cape,4.24
D003601,Sipho Zulu,45,20,Code 10,Permanent,Northern Cape,4.17
D003602,Lindelwa Ndlovu,63,30,Code 14,Permanent,Eastern Cape,3.62
D003603,Siyabonga Sithole,55,27,Code 10,Permanent,North West,3.52
D003604,Ayanda Ngcobo,40,29,Code 8,Owner Driver,Free State,5.0
D003605,Lerato Ndlovu,25,2,Code 14,Owner Driver,Free State,3.04
D003606,Nomsa Ndlovu,27,28,Code 10,Owner Driver,Limpopo,3.66
D003607,Bongani Adams,52,20,Code 8,Permanent,Gauteng,3.71
D003608,Lwazi Adams,41,19,Code 8,Permanent,Western Cape,5.0
D003609,Kagiso Sithole,44,27,Code 10,Permanent,Gauteng,3.69
D003610,Karabo Cele,28,25,Code 10,Permanent,Gauteng,4.19
D003611,Nokuthula Botha,35,21,Code 10,Contract,Eastern Cape,4.65
D003612,Phumzile Adams,48,2,Code 14,Permanent,Northern Cape,4.01
D003613,Amanda Botha,42,34,Code 14,Owner Driver,Mpumalanga,4.44
D003614,Bongani Adams,36,20,Code 10,Permanent,Northern Cape,3.98
D003615,Busisiwe Adams,58,25,Code 10,Contract,Gauteng,3.58
D003616,Kabelo Sithole,45,7,Code 8,Permanent,Free State,3.42
D003617,Karabo Moyo,58,21,Code 10,Permanent,Western Cape,3.54
D003618,Siyabonga Nkosi,44,3,Code 8,Permanent,KwaZulu-Natal,4.07
D003619,Busisiwe Khumalo,48,32,Code 10,Permanent,Northern Cape,4.55
D003620,Precious Naidoo,61,33,Code 8,Permanent,Northern Cape,4.6
D003621,Amanda Modise,31,8,Code 14,Permanent,Northern Cape,3.92
D003622,Lerato Mkhize,55,2,Code 8,Permanent,Mpumalanga,4.06
D003623,Siyabonga Ngcobo,30,20,Code 10,Owner Driver,North West,3.77
D003624,Ayanda Ndlovu,39,22,Code 14,Permanent,Western Cape,3.75
D003625,Karabo Mokoena,63,19,Code 14,Owner Driver,Eastern Cape,2.77
D003626,Kagiso Sithole,54,23,Code 14,Permanent,Limpopo,3.99
D003627,Nokuthula Mahlangu,25,1,Code 10,Permanent,Western Cape,3.68
D003628,Mpho Sithole,25,30,Code 10,Permanent,Limpopo,3.23
D003629,Sipho Van Wyk,34,16,Code 8,Contract,Free State,3.57
D003630,Lerato Sithole,28,19,Code 14,Owner Driver,Limpopo,3.95
D003631,Zanele Sithole,38,4,Code 8,Contract,Limpopo,4.2
D003632,Mandla Dlamini,23,27,Code 10,Contract,North West,4.53
D003633,Mpho Nkosi,37,31,Code 8,Contract,Mpumalanga,2.91
D003634,Nomsa Pillay,65,23,Code 8,Permanent,North West,4.84
D003635,Lwazi Mkhize,51,7,Code 10,Permanent,Western Cape,3.71
D003636,Lerato Mkhize,35,30,Code 10,Permanent,North West,4.68
D003637,Lerato Zulu,44,5,Code 8,Permanent,KwaZulu-Natal,4.05
D003638,Tshepo Naidoo,24,18,Code 14,Contract,Western Cape,4.34
D003639,Zanele Modise,27,13,Code 10,Contract,Mpumalanga,3.93
D003640,Ayanda Sithole,28,25,Code 10,Owner Driver,Mpumalanga,3.55
D003641,Sibusiso Ndlovu,63,8,Code 8,Permanent,Limpopo,4.43
D003642,Themba Van Wyk,65,33,Code 8,Permanent,Limpopo,4.24
D003643,Precious Jacobs,61,12,Code 10,Permanent,KwaZulu-Natal,4.01
D003644,Busisiwe Sithole,23,3,Code 8,Permanent,Free State,3.22
D003645,Dumisani Dlamini,32,29,Code 10,Contract,Eastern Cape,3.59
D003646,Phumzile Maseko,42,13,Code 10,Contract,Northern Cape,3.82
D003647,Bongani Dlamini,65,28,Code 8,Contract,North West,4.38
D003648,Sipho Mahlangu,46,15,Code 10,Contract,Free State,3.5
D003649,Phumzile Naidoo,56,29,Code 14,Contract,Limpopo,4.12
D003650,Karabo Ngcobo,23,8,Code 8,Permanent,KwaZulu-Natal,4.26
D003651,Sibusiso Jacobs,56,6,Code 10,Permanent,Western Cape,3.67
D003652,Zanele Modise,46,5,Code 14,Owner Driver,Limpopo,4.08
D003653,Busisiwe Mkhize,52,26,Code 10,Owner Driver,Free State,3.79
D003654,Tshepo Ngcobo,38,18,Code 10,Owner Driver,Free State,4.95
D003655,Lerato Pillay,54,7,Code 8,Owner Driver,Eastern Cape,3.73
D003656,Kabelo Ngcobo,31,8,Code 8,Permanent,Eastern Cape,3.63
D003657,Kabelo Mabena,48,11,Code 8,Owner Driver,Western Cape,4.11
D003658,Thabo Sithole,63,18,Code 8,Permanent,Gauteng,3.97
D003659,Karabo Sithole,34,3,Code 8,Permanent,Gauteng,3.97
D003660,Nokuthula Adams,61,7,Code 8,Permanent,Western Cape,3.92
D003661,Siyabonga Ngcobo,42,13,Code 8,Contract,Free State,3.97
D003662,Ayanda Cele,56,4,Code 10,Permanent,KwaZulu-Natal,4.25
D003663,Karabo Zulu,27,29,Code 10,Owner Driver,North West,3.61
D003664,Nandi Sithole,34,28,Code 8,Contract,KwaZulu-Natal,4.25
D003665,Ayanda Williams,30,2,Code 10,Contract,Northern Cape,3.75
D003666,Karabo Mahlangu,57,10,Code 8,Contract,Gauteng,3.71
D003667,Precious Cele,57,28,Code 10,Owner Driver,Free State,4.21
D003668,Lindelwa Nkosi,25,26,Code 8,Permanent,Western Cape,4.8
D003669,Siyabonga Mahlangu,49,10,Code 10,Permanent,Limpopo,3.98
D003670,Nomsa Khumalo,40,32,Code 8,Permanent,Gauteng,3.52
D003671,Tshepo Pillay,64,20,Code 10,Permanent,North West,3.28
D003672,Sibusiso Maseko,41,26,Code 8,Permanent,Limpopo,3.25
D003673,Kagiso Botha,38,10,Code 14,Contract,Gauteng,4.37
D003674,Lwazi Ndlovu,24,3,Code 8,Owner Driver,Northern Cape,3.43
D003675,Bongani Mokoena,38,18,Code 8,Permanent,KwaZulu-Natal,4.3
D003676,Kagiso Moyo,42,21,Code 10,Permanent,Limpopo,5.0
D003677,Sipho Molefe,47,29,Code 14,Contract,KwaZulu-Natal,3.48
D003678,Themba Maseko,43,14,Code 14,Permanent,Gauteng,4.62
D003679,Kagiso Nkosi,52,28,Code 8,Owner Driver,Limpopo,5.0
D003680,Mpho Van Wyk,55,25,Code 14,Contract,Gauteng,3.94
D003681,Mpho Van Wyk,24,33,Code 10,Permanent,Mpumalanga,3.56
D003682,Mandla Zulu,51,14,Code 10,Owner Driver,Western Cape,4.35
D003683,Lerato Pillay,59,2,Code 10,Permanent,Limpopo,3.35
D003684,Kabelo Mkhize,47,31,Code 8,Permanent,Limpopo,4.35
D003685,Nokuthula Molefe,39,8,Code 8,Permanent,Northern Cape,3.41
D003686,Siyabonga Khumalo,63,14,Code 10,Contract,Northern Cape,3.62
D003687,Mpho Mkhize,53,19,Code 8,Contract,Mpumalanga,4.09
D003688,Karabo Molefe,61,7,Code 8,Permanent,Limpopo,4.59
D003689,Sipho Botha,53,24,Code 10,Permanent,Limpopo,4.21
D003690,Mandla Modise,26,34,Code 10,Permanent,Mpumalanga,3.99
D003691,Thabo Modise,57,15,Code 8,Owner Driver,Northern Cape,2.87
D003692,Thabo Mahlangu,58,10,Code 10,Permanent,Gauteng,4.94
D003693,Sipho Molefe,54,6,Code 14,Owner Driver,Eastern Cape,3.72
D003694,Kabelo Nkosi,61,5,Code 10,Contract,Western Cape,3.86
D003695,Tshepo Molefe,24,5,Code 14,Contract,Northern Cape,4.17
D003696,Nokuthula Van Wyk,62,25,Code 14,Permanent,North West,4.2
D003697,Busisiwe Khumalo,51,25,Code 8,Permanent,Northern Cape,4.48
D003698,Busisiwe Sithole,38,9,Code 14,Permanent,Western Cape,4.12
D003699,Lerato Zulu,65,17,Code 10,Contract,Limpopo,2.96
D003700,Ayanda Mthembu,51,1,Code 10,Permanent,KwaZulu-Natal,3.53
D003701,Kabelo Zulu,37,21,Code 8,Owner Driver,Limpopo,4.56
D003702,Nomsa Mthembu,64,15,Code 14,Owner Driver,Gauteng,3.37
D003703,Karabo Ndlovu,38,26,Code 14,Permanent,Western Cape,3.12
D003704,Lerato Ngcobo,60,16,Code 14,Owner Driver,Western Cape,4.66
D003705,Mandla Dlamini,42,33,Code 10,Permanent,Western Cape,2.84
D003706,Mandla Ngcobo,53,1,Code 10,Permanent,Limpopo,3.34
D003707,Bongani Nkosi,62,17,Code 14,Permanent,Mpumalanga,3.88
D003708,Kagiso Modise,65,18,Code 10,Permanent,Mpumalanga,4.51
D003709,Busisiwe Van Wyk,43,6,Code 14,Permanent,Free State,4.09
D003710,Dumisani Mabena,58,14,Code 10,Permanent,Limpopo,5.0
D003711,Siyabonga Moyo,45,31,Code 8,Permanent,Eastern Cape,3.66
D003712,Bongani Ngcobo,61,11,Code 8,Permanent,Limpopo,3.04
D003713,Busisiwe Cele,50,18,Code 8,Permanent,Mpumalanga,3.94
D003714,Lindelwa Pillay,32,4,Code 8,Permanent,Northern Cape,3.86
D003715,Amanda Modise,61,25,Code 10,Owner Driver,Gauteng,3.77
D003716,Kagiso Mthembu,26,20,Code 8,Owner Driver,KwaZulu-Natal,4.11
D003717,Busisiwe Sithole,59,6,Code 14,Contract,KwaZulu-Natal,4.45
D003718,Sipho Ndlovu,29,15,Code 8,Permanent,Northern Cape,4.09
D003719,Nokuthula Jacobs,45,2,Code 8,Contract,North West,4.39
D003720,Dumisani Naidoo,50,25,Code 8,Owner Driver,Free State,3.51
D003721,Bongani Mahlangu,32,28,Code 10,Owner Driver,Gauteng,3.55
D003722,Amanda Modise,49,8,Code 14,Owner Driver,Free State,4.16
D003723,Kagiso Mthembu,43,7,Code 8,Owner Driver,Limpopo,3.64
D003724,Zanele Botha,55,16,Code 14,Contract,Free State,3.8
D003725,Kabelo Cele,29,25,Code 8,Permanent,KwaZulu-Natal,3.76
D003726,Nandi Nkosi,40,8,Code 8,Owner Driver,Northern Cape,4.16
D003727,Themba Mokoena,55,17,Code 10,Contract,Eastern Cape,3.28
D003728,Nomsa Botha,63,31,Code 8,Permanent,Limpopo,3.14
D003729,Lerato Mokoena,59,17,Code 10,Permanent,KwaZulu-Natal,3.93
D003730,Phumzile Williams,40,23,Code 10,Permanent,KwaZulu-Natal,4.31
D003731,Ayanda Molefe,47,5,Code 10,Contract,Free State,3.51
D003732,Thabo Mthembu,33,34,Code 14,Contract,Free State,4.44
D003733,Lindelwa Moyo,52,5,Code 10,Permanent,KwaZulu-Natal,3.59
D003734,Amanda Ndlovu,44,11,Code 10,Permanent,Gauteng,4.7
D003735,Mandla Adams,33,6,Code 8,Permanent,North West,3.33
D003736,Phumzile Dlamini,25,4,Code 14,Contract,Eastern Cape,3.5
D003737,Lwazi Molefe,44,25,Code 14,Owner Driver,Limpopo,4.1
D003738,Precious Khumalo,44,13,Code 10,Contract,KwaZulu-Natal,3.64
D003739,Sipho Sithole,27,10,Code 8,Permanent,Northern Cape,4.25
D003740,Phumzile Zulu,52,20,Code 10,Permanent,Gauteng,3.3
D003741,Dumisani Van Wyk,65,3,Code 10,Permanent,KwaZulu-Natal,3.71
D003742,Bongani Sithole,45,30,Code 8,Permanent,Limpopo,3.59
D003743,Busisiwe Adams,50,27,Code 10,Permanent,KwaZulu-Natal,4.54
D003744,Sibusiso Mabena,49,15,Code 14,Owner Driver,Free State,4.23
D003745,Kagiso Botha,27,29,Code 10,Contract,Northern Cape,3.89
D003746,Kabelo Moyo,58,3,Code 10,Permanent,Western Cape,4.51
D003747,Thabo Mahlangu,42,14,Code 10,Permanent,Mpumalanga,3.96
D003748,Kabelo Mabena,31,6,Code 10,Permanent,Western Cape,3.64
D003749,Themba Mahlangu,65,5,Code 8,Permanent,North West,3.69
D003750,Bongani Moyo,50,4,Code 8,Contract,KwaZulu-Natal,4.2
D003751,Amanda Maseko,25,2,Code 8,Owner Driver,Gauteng,4.12
D003752,Lindelwa Molefe,64,11,Code 14,Owner Driver,Eastern Cape,3.54
D003753,Sibusiso Nkosi,54,30,Code 8,Permanent,Western Cape,2.73
D003754,Amanda Molefe,60,17,Code 8,Permanent,Mpumalanga,3.89
D003755,Nomsa Ndlovu,50,6,Code 8,Permanent,Eastern Cape,4.28
D003756,Bongani Ndlovu,46,14,Code 10,Owner Driver,Free State,4.39
D003757,Nokuthula Dlamini,28,31,Code 8,Contract,Mpumalanga,3.38
D003758,Kagiso Mabena,51,24,Code 8,Contract,Gauteng,4.34
D003759,Amanda Botha,30,23,Code 10,Permanent,Western Cape,4.37
D003760,Precious Modise,24,7,Code 14,Permanent,Gauteng,4.66
D003761,Nomsa Naidoo,65,17,Code 10,Contract,Limpopo,4.08
D003762,Phumzile Maseko,35,2,Code 10,Permanent,Free State,3.58
D003763,Kagiso Dlamini,53,4,Code 10,Permanent,KwaZulu-Natal,4.19
D003764,Precious Molefe,61,14,Code 10,Permanent,Northern Cape,4.31
D003765,Themba Nkosi,38,15,Code 10,Permanent,North West,3.83
D003766,Phumzile Cele,31,11,Code 10,Contract,Gauteng,3.61
D003767,Lerato Maseko,55,18,Code 14,Owner Driver,Western Cape,4.06
D003768,Nandi Ndlovu,51,32,Code 14,Owner Driver,KwaZulu-Natal,4.22
D003769,Kagiso Cele,35,17,Code 10,Permanent,Mpumalanga,4.3
D003770,Precious Naidoo,53,9,Code 10,Contract,Mpumalanga,4.24
D003771,Nomsa Modise,35,6,Code 10,Permanent,North West,2.57
D003772,Bongani Ndlovu,65,1,Code 10,Permanent,Gauteng,3.65
D003773,Tshepo Van Wyk,47,34,Code 8,Permanent,Eastern Cape,3.36
D003774,Mpho Botha,59,21,Code 10,Contract,Mpumalanga,2.72
D003775,Lwazi Mahlangu,23,31,Code 8,Owner Driver,Limpopo,4.76
D003776,Zanele Ndlovu,30,32,Code 10,Owner Driver,Western Cape,4.84
D003777,Sipho Williams,46,32,Code 14,Owner Driver,Western Cape,4.17
D003778,Amanda Mkhize,26,4,Code 10,Contract,Limpopo,5.0
D003779,Themba Botha,58,3,Code 10,Contract,Free State,4.28
D003780,Sipho Maseko,63,29,Code 8,Permanent,Limpopo,4.45
D003781,Kagiso Mahlangu,23,33,Code 10,Contract,KwaZulu-Natal,4.36
D003782,Amanda Mabena,28,26,Code 14,Owner Driver,KwaZulu-Natal,4.1
D003783,Mandla Ngcobo,31,16,Code 14,Owner Driver,Free State,3.65
D003784,Precious Van Wyk,64,34,Code 8,Owner Driver,KwaZulu-Natal,3.34
D003785,Mpho Mabena,51,10,Code 8,Owner Driver,Mpumalanga,3.77
D003786,Lindelwa Khumalo,48,12,Code 8,Contract,Mpumalanga,3.78
D003787,Zanele Sithole,61,9,Code 8,Permanent,Limpopo,4.2
D003788,Lwazi Maseko,52,22,Code 8,Contract,Northern Cape,4.31
D003789,Kabelo Molefe,26,31,Code 8,Permanent,KwaZulu-Natal,3.48
D003790,Nandi Ndlovu,42,32,Code 8,Contract,Free State,3.69
D003791,Themba Mabena,36,23,Code 10,Contract,Eastern Cape,4.22
D003792,Tshepo Ngcobo,51,3,Code 14,Owner Driver,Limpopo,3.29
D003793,Nomsa Naidoo,61,19,Code 8,Contract,Gauteng,4.1
D003794,Themba Mabena,51,28,Code 10,Owner Driver,Limpopo,5.0
D003795,Nandi Mthembu,39,28,Code 10,Permanent,Gauteng,4.98
D003796,Tshepo Dlamini,52,8,Code 8,Contract,Western Cape,3.06
D003797,Lerato Maseko,39,3,Code 10,Permanent,North West,4.5
D003798,Precious Botha,65,14,Code 8,Permanent,KwaZulu-Natal,3.93
D003799,Lwazi Maseko,32,2,Code 10,Permanent,Limpopo,4.03
D003800,Siyabonga Zulu,45,34,Code 14,Permanent,Limpopo,5.0
D003801,Zanele Van Wyk,32,1,Code 8,Permanent,Limpopo,3.42
D003802,Ayanda Mahlangu,47,8,Code 8,Contract,Limpopo,3.62
D003803,Ayanda Cele,43,17,Code 10,Permanent,Western Cape,3.87
D003804,Nokuthula Ndlovu,41,1,Code 8,Contract,North West,4.43
D003805,Tshepo Naidoo,27,30,Code 14,Permanent,Free State,2.97
D003806,Siyabonga Pillay,47,4,Code 14,Permanent,Free State,3.96
D003807,Kagiso Maseko,46,12,Code 10,Owner Driver,Eastern Cape,3.33
D003808,Themba Sithole,36,14,Code 10,Permanent,North West,4.11
D003809,Sibusiso Pillay,32,17,Code 10,Permanent,KwaZulu-Natal,4.11
D003810,Thabo Williams,41,4,Code 14,Contract,Limpopo,4.26
D003811,Kagiso Naidoo,47,6,Code 10,Contract,Eastern Cape,4.33
D003812,Thabo Mokoena,37,3,Code 8,Contract,Gauteng,4.8
D003813,Lwazi Molefe,56,1,Code 10,Contract,Limpopo,3.56
D003814,Lerato Maseko,65,21,Code 14,Contract,Mpumalanga,3.98
D003815,Kabelo Dlamini,64,22,Code 8,Permanent,Mpumalanga,3.06
D003816,Lwazi Dlamini,51,23,Code 8,Owner Driver,Gauteng,4.27
D003817,Sipho Botha,59,29,Code 10,Owner Driver,Gauteng,4.29
D003818,Thabo Sithole,42,20,Code 10,Contract,Eastern Cape,4.11
D003819,Thabo Mokoena,26,25,Code 10,Contract,North West,4.3
D003820,Phumzile Molefe,59,21,Code 14,Permanent,Free State,3.21
D003821,Zanele Jacobs,46,27,Code 10,Contract,Western Cape,3.95
D003822,Precious Botha,39,8,Code 8,Permanent,Eastern Cape,3.41
D003823,Themba Van Wyk,63,30,Code 14,Permanent,Gauteng,3.75
D003824,Sibusiso Naidoo,29,25,Code 10,Owner Driver,Free State,3.6
D003825,Bongani Botha,25,4,Code 10,Permanent,Western Cape,4.49
D003826,Sibusiso Ngcobo,45,15,Code 14,Permanent,Free State,3.36
D003827,Ayanda Mthembu,33,15,Code 10,Permanent,North West,4.44
D003828,Sibusiso Pillay,48,1,Code 10,Permanent,Free State,4.76
D003829,Nokuthula Botha,49,31,Code 10,Permanent,Mpumalanga,4.77
D003830,Nandi Khumalo,35,22,Code 10,Owner Driver,Gauteng,3.62
D003831,Busisiwe Van Wyk,30,30,Code 10,Permanent,Northern Cape,3.6
D003832,Nandi Dlamini,29,11,Code 10,Owner Driver,Eastern Cape,3.59
D003833,Nomsa Mokoena,47,8,Code 8,Permanent,Northern Cape,4.39
D003834,Mpho Van Wyk,52,26,Code 14,Contract,Limpopo,4.38
D003835,Lwazi Zulu,35,9,Code 8,Permanent,Northern Cape,3.85
D003836,Karabo Sithole,64,30,Code 10,Owner Driver,Gauteng,3.94
D003837,Mpho Williams,55,31,Code 10,Contract,Gauteng,4.71
D003838,Bongani Maseko,25,17,Code 10,Owner Driver,KwaZulu-Natal,3.97
D003839,Amanda Mkhize,24,15,Code 14,Permanent,Northern Cape,4.97
D003840,Thabo Ngcobo,59,3,Code 10,Contract,Gauteng,4.79
D003841,Precious Cele,48,5,Code 10,Permanent,Gauteng,3.96
D003842,Nomsa Zulu,40,10,Code 8,Owner Driver,Limpopo,4.49
D003843,Siyabonga Pillay,64,21,Code 8,Permanent,Northern Cape,3.63
D003844,Phumzile Khumalo,24,18,Code 8,Owner Driver,Eastern Cape,4.07
D003845,Nokuthula Khumalo,40,32,Code 10,Contract,North West,4.22
D003846,Kabelo Mokoena,31,13,Code 8,Permanent,Limpopo,4.22
D003847,Lerato Mokoena,36,27,Code 10,Permanent,Northern Cape,3.85
D003848,Lindelwa Ndlovu,37,10,Code 10,Permanent,Free State,4.37
D003849,Amanda Ngcobo,51,10,Code 8,Permanent,Western Cape,2.68
D003850,Mpho Mokoena,25,3,Code 8,Permanent,Northern Cape,3.76
D003851,Mpho Modise,56,12,Code 14,Permanent,Northern Cape,2.81
D003852,Bongani Van Wyk,52,1,Code 10,Contract,Gauteng,4.31
D003853,Mandla Dlamini,48,24,Code 14,Permanent,KwaZulu-Natal,4.95
D003854,Siyabonga Maseko,40,31,Code 14,Contract,Western Cape,2.98
D003855,Kagiso Mahlangu,43,34,Code 10,Permanent,Western Cape,4.03
D003856,Amanda Pillay,65,22,Code 8,Owner Driver,North West,3.82
D003857,Nandi Cele,24,29,Code 8,Owner Driver,Eastern Cape,4.21
D003858,Tshepo Cele,49,32,Code 10,Permanent,North West,4.08
D003859,Ayanda Nkosi,58,7,Code 14,Permanent,Gauteng,3.48
D003860,Nomsa Cele,45,20,Code 14,Owner Driver,Free State,4.2
D003861,Karabo Ndlovu,28,25,Code 8,Permanent,Northern Cape,4.55
D003862,Themba Naidoo,56,7,Code 8,Contract,Limpopo,3.29
D003863,Amanda Pillay,55,12,Code 8,Owner Driver,Gauteng,4.4
D003864,Nomsa Adams,33,6,Code 10,Permanent,KwaZulu-Natal,4.91
D003865,Mpho Van Wyk,63,9,Code 10,Contract,Mpumalanga,4.42
D003866,Kagiso Mahlangu,59,26,Code 14,Permanent,KwaZulu-Natal,4.08
D003867,Bongani Mkhize,60,21,Code 14,Owner Driver,Free State,4.22
D003868,Sibusiso Naidoo,29,33,Code 8,Permanent,Limpopo,5.0
D003869,Nomsa Khumalo,36,31,Code 14,Owner Driver,Mpumalanga,4.01
D003870,Nomsa Jacobs,35,2,Code 14,Permanent,Northern Cape,4.06
D003871,Mpho Khumalo,32,1,Code 10,Permanent,Eastern Cape,3.68
D003872,Siyabonga Mthembu,54,11,Code 10,Permanent,North West,3.71
D003873,Lindelwa Moyo,46,21,Code 10,Permanent,Gauteng,3.45
D003874,Nokuthula Maseko,58,31,Code 10,Contract,Eastern Cape,2.7
D003875,Sibusiso Mabena,29,18,Code 14,Permanent,Northern Cape,3.68
D003876,Nomsa Mkhize,28,6,Code 10,Owner Driver,KwaZulu-Natal,4.88
D003877,Phumzile Khumalo,26,3,Code 8,Owner Driver,Limpopo,3.69
D003878,Lerato Mkhize,49,11,Code 14,Permanent,KwaZulu-Natal,3.65
D003879,Tshepo Dlamini,55,23,Code 10,Permanent,Eastern Cape,3.6
D003880,Lindelwa Mabena,34,33,Code 14,Permanent,Free State,5.0
D003881,Mandla Dlamini,54,14,Code 10,Permanent,Northern Cape,4.16
D003882,Sipho Pillay,62,30,Code 8,Owner Driver,Western Cape,5.0
D003883,Lindelwa Sithole,26,1,Code 14,Permanent,Mpumalanga,3.78
D003884,Tshepo Dlamini,27,33,Code 14,Contract,Northern Cape,4.44
D003885,Mandla Mkhize,62,32,Code 8,Permanent,Western Cape,2.65
D003886,Siyabonga Mthembu,58,26,Code 8,Contract,Northern Cape,3.46
D003887,Phumzile Adams,28,22,Code 14,Permanent,Mpumalanga,4.21
D003888,Lerato Mokoena,65,27,Code 10,Contract,Western Cape,2.84
D003889,Bongani Dlamini,37,6,Code 10,Permanent,Eastern Cape,3.29
D003890,Lerato Ngcobo,50,12,Code 8,Contract,Mpumalanga,4.32
D003891,Karabo Zulu,44,12,Code 8,Owner Driver,Mpumalanga,4.75
D003892,Nokuthula Sithole,32,31,Code 8,Owner Driver,Free State,4.19
D003893,Dumisani Botha,61,4,Code 14,Permanent,Limpopo,3.88
D003894,Karabo Dlamini,28,14,Code 14,Owner Driver,Western Cape,3.94
D003895,Karabo Mahlangu,45,12,Code 10,Owner Driver,Limpopo,3.83
D003896,Kabelo Pillay,31,34,Code 8,Owner Driver,Limpopo,4.1
D003897,Sibusiso Cele,24,17,Code 10,Permanent,Western Cape,3.45
D003898,Karabo Jacobs,62,1,Code 14,Permanent,KwaZulu-Natal,3.72
D003899,Bongani Cele,46,20,Code 8,Permanent,Limpopo,3.12
D003900,Themba Mthembu,65,22,Code 10,Permanent,North West,4.12
D003901,Siyabonga Williams,63,27,Code 8,Permanent,Northern Cape,3.69
D003902,Siyabonga Moyo,33,11,Code 8,Permanent,North West,4.61
D003903,Busisiwe Mabena,45,6,Code 10,Owner Driver,Gauteng,4.91
D003904,Phumzile Williams,44,32,Code 14,Permanent,Western Cape,4.28
D003905,Sipho Ndlovu,39,29,Code 10,Owner Driver,North West,3.41
D003906,Nomsa Ndlovu,53,11,Code 8,Permanent,Western Cape,4.48
D003907,Precious Nkosi,37,28,Code 14,Permanent,Eastern Cape,4.23
D003908,Dumisani Sithole,42,2,Code 10,Permanent,Eastern Cape,4.42
D003909,Phumzile Mkhize,31,9,Code 8,Permanent,Free State,3.53
D003910,Kagiso Mokoena,58,14,Code 10,Contract,Northern Cape,3.65
D003911,Bongani Pillay,41,4,Code 14,Contract,Eastern Cape,4.94
D003912,Nandi Pillay,50,26,Code 14,Permanent,Northern Cape,4.23
D003913,Nomsa Zulu,27,3,Code 10,Permanent,KwaZulu-Natal,4.12
D003914,Kabelo Adams,47,19,Code 10,Contract,Gauteng,4.03
D003915,Lerato Maseko,24,18,Code 8,Owner Driver,North West,3.31
D003916,Mandla Jacobs,57,28,Code 10,Owner Driver,Western Cape,4.53
D003917,Bongani Naidoo,51,2,Code 10,Owner Driver,Northern Cape,4.57
D003918,Tshepo Dlamini,27,11,Code 8,Permanent,Gauteng,4.22
D003919,Phumzile Mabena,56,33,Code 10,Permanent,Gauteng,4.57
D003920,Precious Zulu,39,14,Code 14,Permanent,KwaZulu-Natal,4.17
D003921,Kabelo Moyo,62,16,Code 8,Owner Driver,Free State,3.94
D003922,Siyabonga Zulu,41,26,Code 8,Contract,Mpumalanga,4.29
D003923,Precious Ngcobo,64,28,Code 10,Permanent,Northern Cape,4.42
D003924,Phumzile Moyo,47,8,Code 14,Contract,Mpumalanga,3.58
D003925,Nokuthula Naidoo,32,20,Code 8,Contract,KwaZulu-Natal,3.95
D003926,Mandla Ndlovu,29,34,Code 10,Owner Driver,North West,3.19
D003927,Mandla Adams,49,10,Code 10,Contract,Mpumalanga,4.03
D003928,Precious Nkosi,32,6,Code 10,Contract,North West,3.88
D003929,Thabo Modise,44,2,Code 10,Permanent,Limpopo,3.38
D003930,Precious Ndlovu,35,22,Code 14,Permanent,KwaZulu-Natal,3.29
D003931,Ayanda Williams,54,11,Code 10,Permanent,KwaZulu-Natal,3.97
D003932,Nandi Cele,65,2,Code 10,Owner Driver,Western Cape,4.34
D003933,Dumisani Mkhize,50,6,Code 14,Permanent,Gauteng,3.02
D003934,Thabo Adams,52,24,Code 10,Permanent,Mpumalanga,4.97
D003935,Mpho Khumalo,31,6,Code 10,Permanent,Eastern Cape,3.0
D003936,Kabelo Van Wyk,30,1,Code 10,Owner Driver,Limpopo,5.0
D003937,Phumzile Botha,60,21,Code 10,Permanent,Western Cape,3.82
D003938,Sibusiso Mkhize,46,28,Code 14,Owner Driver,Western Cape,4.06
D003939,Lwazi Zulu,57,12,Code 10,Permanent,Free State,4.09
D003940,Ayanda Ngcobo,60,25,Code 8,Permanent,Limpopo,3.86
D003941,Kagiso Khumalo,28,5,Code 8,Permanent,Northern Cape,4.53
D003942,Siyabonga Mkhize,30,12,Code 10,Contract,Free State,4.05
D003943,Karabo Pillay,23,2,Code 14,Permanent,North West,5.0
D003944,Siyabonga Molefe,57,31,Code 10,Permanent,Mpumalanga,4.82
D003945,Kabelo Botha,64,27,Code 10,Permanent,Western Cape,4.28
D003946,Sibusiso Mkhize,55,17,Code 14,Owner Driver,North West,3.64
D003947,Kabelo Nkosi,47,25,Code 8,Contract,Mpumalanga,2.7
D003948,Bongani Mokoena,46,10,Code 8,Contract,Western Cape,4.47
D003949,Ayanda Zulu,32,32,Code 14,Permanent,Limpopo,3.63
D003950,Mpho Khumalo,62,18,Code 14,Permanent,Eastern Cape,3.74
D003951,Zanele Dlamini,56,11,Code 10,Permanent,KwaZulu-Natal,4.61
D003952,Lwazi Cele,60,31,Code 10,Permanent,Gauteng,4.19
D003953,Karabo Naidoo,44,25,Code 10,Owner Driver,Western Cape,4.36
D003954,Nokuthula Mokoena,44,23,Code 14,Permanent,Free State,4.13
D003955,Mpho Mthembu,26,27,Code 8,Owner Driver,Limpopo,4.05
D003956,Lindelwa Dlamini,44,16,Code 8,Owner Driver,Free State,3.42
D003957,Nomsa Nkosi,53,27,Code 10,Permanent,Gauteng,4.64
D003958,Kabelo Adams,46,11,Code 8,Permanent,Eastern Cape,4.79
D003959,Lwazi Williams,35,3,Code 14,Permanent,Gauteng,4.28
D003960,Nokuthula Ngcobo,26,9,Code 14,Owner Driver,Northern Cape,3.3
D003961,Phumzile Pillay,37,31,Code 8,Permanent,Northern Cape,4.11
D003962,Kagiso Adams,61,17,Code 10,Contract,Mpumalanga,3.64
D003963,Amanda Khumalo,64,15,Code 8,Contract,Eastern Cape,4.53
D003964,Lwazi Van Wyk,32,31,Code 8,Owner Driver,Free State,4.68
D003965,Tshepo Botha,44,21,Code 14,Permanent,KwaZulu-Natal,3.68
D003966,Thabo Ngcobo,63,34,Code 10,Permanent,Gauteng,3.17
D003967,Siyabonga Cele,64,9,Code 8,Permanent,Western Cape,4.06
D003968,Nomsa Zulu,50,20,Code 10,Permanent,Northern Cape,3.97
D003969,Lwazi Adams,32,17,Code 8,Owner Driver,Mpumalanga,3.93
D003970,Sipho Ndlovu,64,4,Code 10,Permanent,KwaZulu-Natal,3.55
D003971,Busisiwe Maseko,57,33,Code 10,Contract,North West,3.61
D003972,Dumisani Adams,38,18,Code 10,Owner Driver,North West,3.75
D003973,Nandi Mokoena,27,20,Code 10,Permanent,Mpumalanga,2.53
D003974,Thabo Mkhize,42,23,Code 8,Permanent,Northern Cape,3.63
D003975,Karabo Williams,34,33,Code 10,Contract,Gauteng,4.08
D003976,Thabo Naidoo,43,29,Code 14,Permanent,Limpopo,4.49
D003977,Zanele Sithole,40,1,Code 10,Contract,Northern Cape,2.9
D003978,Ayanda Jacobs,34,3,Code 10,Permanent,Gauteng,4.34
D003979,Nandi Nkosi,25,11,Code 10,Permanent,KwaZulu-Natal,3.57
D003980,Mpho Sithole,57,26,Code 14,Permanent,Northern Cape,3.95
D003981,Lindelwa Mabena,63,19,Code 14,Permanent,North West,4.23
D003982,Tshepo Ndlovu,48,27,Code 10,Permanent,Gauteng,4.11
D003983,Lerato Van Wyk,36,20,Code 8,Permanent,North West,4.18
D003984,Sibusiso Jacobs,39,30,Code 10,Permanent,Western Cape,4.29
D003985,Karabo Mokoena,56,10,Code 14,Permanent,North West,4.0
D003986,Amanda Ngcobo,52,25,Code 8,Permanent,Limpopo,3.05
D003987,Precious Pillay,57,1,Code 14,Permanent,Western Cape,3.81
D003988,Precious Williams,52,11,Code 8,Contract,Free State,4.83
D003989,Kagiso Adams,33,17,Code 10,Owner Driver,Eastern Cape,3.85
D003990,Nokuthula Van Wyk,51,28,Code 14,Permanent,Northern Cape,4.23
D003991,Ayanda Modise,58,20,Code 8,Permanent,Northern Cape,4.06
D003992,Nandi Zulu,58,32,Code 14,Contract,North West,3.28
D003993,Tshepo Cele,50,28,Code 14,Owner Driver,Eastern Cape,3.74
D003994,Sipho Mthembu,40,29,Code 8,Owner Driver,Limpopo,4.75
D003995,Ayanda Nkosi,31,34,Code 8,Owner Driver,North West,3.81
D003996,Ayanda Botha,26,33,Code 10,Contract,Eastern Cape,3.63
D003997,Phumzile Adams,55,4,Code 8,Contract,Mpumalanga,4.28
D003998,Dumisani Sithole,58,19,Code 14,Owner Driver,Western Cape,3.96
D003999,Nokuthula Mokoena,45,16,Code 14,Permanent,North West,4.34
D004000,Nomsa Sithole,35,8,Code 8,Contract,KwaZulu-Natal,3.67
D004001,Thabo Ndlovu,56,16,Code 8,Permanent,KwaZulu-Natal,5.0
D004002,Lindelwa Moyo,49,21,Code 8,Owner Driver,Gauteng,3.64
D004003,Busisiwe Adams,64,11,Code 8,Contract,Western Cape,3.59
D004004,Ayanda Sithole,44,6,Code 14,Permanent,Free State,4.07
D004005,Themba Williams,24,24,Code 10,Permanent,Mpumalanga,4.26
D004006,Siyabonga Cele,59,31,Code 10,Permanent,KwaZulu-Natal,3.81
D004007,Karabo Mkhize,38,24,Code 10,Contract,Mpumalanga,3.64
D004008,Precious Mthembu,28,33,Code 8,Permanent,Eastern Cape,4.6
D004009,Precious Dlamini,50,13,Code 10,Permanent,Mpumalanga,4.12
D004010,Dumisani Mkhize,37,9,Code 14,Owner Driver,Limpopo,3.6
D004011,Thabo Nkosi,39,24,Code 10,Contract,KwaZulu-Natal,3.33
D004012,Amanda Mokoena,44,33,Code 8,Permanent,Gauteng,4.39
D004013,Amanda Zulu,27,15,Code 8,Contract,Eastern Cape,5.0
D004014,Nandi Van Wyk,62,25,Code 8,Contract,Eastern Cape,4.46
D004015,Thabo Ndlovu,28,30,Code 8,Contract,North West,3.42
D004016,Nandi Dlamini,40,5,Code 8,Contract,Mpumalanga,3.96
D004017,Lwazi Mkhize,54,33,Code 10,Permanent,Gauteng,3.21
D004018,Mpho Molefe,64,27,Code 8,Contract,Northern Cape,3.82
D004019,Phumzile Adams,38,21,Code 10,Permanent,Limpopo,4.51
D004020,Nomsa Mokoena,64,30,Code 8,Contract,Northern Cape,4.12
D004021,Karabo Adams,46,17,Code 10,Owner Driver,Limpopo,4.64
D004022,Sipho Ndlovu,27,31,Code 14,Contract,Northern Cape,4.27
D004023,Nokuthula Naidoo,48,10,Code 14,Permanent,Mpumalanga,3.37
D004024,Kabelo Zulu,33,16,Code 8,Permanent,Western Cape,4.29
D004025,Thabo Cele,54,7,Code 8,Owner Driver,Free State,4.29
D004026,Sipho Cele,23,18,Code 10,Permanent,KwaZulu-Natal,3.47
D004027,Lindelwa Van Wyk,54,9,Code 14,Contract,Mpumalanga,3.46
D004028,Thabo Mahlangu,26,12,Code 14,Permanent,Northern Cape,4.34
D004029,Karabo Mahlangu,59,20,Code 14,Permanent,Limpopo,4.89
D004030,Kagiso Dlamini,28,2,Code 8,Permanent,Northern Cape,4.36
D004031,Themba Ndlovu,34,4,Code 10,Permanent,North West,3.28
D004032,Precious Dlamini,24,19,Code 10,Owner Driver,Eastern Cape,3.42
D004033,Tshepo Dlamini,37,12,Code 8,Permanent,Northern Cape,4.55
D004034,Kabelo Jacobs,63,10,Code 10,Owner Driver,Eastern Cape,3.43
D004035,Kabelo Nkosi,42,29,Code 10,Permanent,Western Cape,4.78
D004036,Mandla Naidoo,24,34,Code 14,Permanent,Eastern Cape,4.5
D004037,Siyabonga Khumalo,26,15,Code 8,Owner Driver,North West,3.1
D004038,Sipho Ngcobo,31,7,Code 10,Permanent,Northern Cape,4.74
D004039,Lindelwa Dlamini,50,10,Code 14,Owner Driver,Limpopo,5.0
D004040,Thabo Moyo,26,14,Code 8,Permanent,Western Cape,4.25
D004041,Dumisani Mkhize,43,19,Code 10,Owner Driver,Free State,4.56
D004042,Mandla Zulu,32,8,Code 10,Contract,Gauteng,3.62
D004043,Kagiso Dlamini,33,19,Code 10,Permanent,KwaZulu-Natal,4.41
D004044,Karabo Sithole,29,31,Code 10,Permanent,Gauteng,4.55
D004045,Nomsa Maseko,52,23,Code 8,Owner Driver,Mpumalanga,3.73
D004046,Zanele Ndlovu,39,30,Code 8,Permanent,Northern Cape,3.59
D004047,Nandi Molefe,60,14,Code 10,Owner Driver,Western Cape,3.93
D004048,Dumisani Moyo,52,20,Code 14,Owner Driver,Western Cape,4.27
D004049,Nomsa Modise,54,6,Code 8,Permanent,Western Cape,3.86
D004050,Thabo Mokoena,41,14,Code 8,Permanent,Gauteng,3.89
D004051,Bongani Modise,62,32,Code 10,Permanent,Limpopo,2.6
D004052,Karabo Jacobs,27,5,Code 10,Permanent,North West,4.78
D004053,Nokuthula Mthembu,45,29,Code 8,Permanent,Eastern Cape,3.19
D004054,Nokuthula Nkosi,58,15,Code 10,Owner Driver,KwaZulu-Natal,4.36
D004055,Dumisani Mkhize,24,21,Code 10,Contract,KwaZulu-Natal,4.52
D004056,Sipho Adams,57,13,Code 10,Permanent,KwaZulu-Natal,4.47
D004057,Siyabonga Maseko,51,5,Code 8,Owner Driver,North West,3.67
D004058,Lwazi Pillay,64,2,Code 10,Permanent,Gauteng,3.9
D004059,Dumisani Williams,39,7,Code 14,Contract,Free State,3.17
D004060,Kabelo Dlamini,58,16,Code 10,Contract,Eastern Cape,3.43
D004061,Busisiwe Cele,40,21,Code 10,Contract,Eastern Cape,3.81
D004062,Kabelo Mkhize,55,14,Code 8,Contract,Northern Cape,3.39
D004063,Lerato Maseko,60,5,Code 10,Permanent,Free State,2.88
D004064,Bongani Naidoo,60,32,Code 14,Permanent,Gauteng,3.69
D004065,Phumzile Mokoena,36,10,Code 10,Permanent,Gauteng,3.96
D004066,Lindelwa Mthembu,26,6,Code 8,Contract,Free State,4.38
D004067,Phumzile Pillay,57,32,Code 14,Permanent,Eastern Cape,3.67
D004068,Busisiwe Sithole,64,1,Code 8,Owner Driver,North West,3.48
D004069,Sibusiso Dlamini,49,18,Code 10,Contract,KwaZulu-Natal,3.0
D004070,Nomsa Dlamini,37,7,Code 8,Permanent,Free State,3.9
D004071,Bongani Khumalo,42,20,Code 10,Permanent,Gauteng,4.08
D004072,Thabo Zulu,24,26,Code 10,Owner Driver,KwaZulu-Natal,4.33
D004073,Busisiwe Botha,55,34,Code 8,Owner Driver,Mpumalanga,4.6
D004074,Thabo Modise,65,7,Code 10,Owner Driver,Free State,4.33
D004075,Ayanda Khumalo,50,6,Code 14,Permanent,North West,4.29
D004076,Dumisani Molefe,38,20,Code 14,Permanent,Eastern Cape,4.68
D004077,Amanda Ngcobo,38,3,Code 14,Owner Driver,KwaZulu-Natal,3.7
D004078,Bongani Botha,38,11,Code 8,Permanent,Mpumalanga,3.47
D004079,Busisiwe Khumalo,34,30,Code 10,Permanent,Limpopo,3.51
D004080,Tshepo Ngcobo,38,24,Code 10,Owner Driver,Western Cape,3.92
D004081,Tshepo Pillay,25,27,Code 14,Permanent,Mpumalanga,3.83
D004082,Dumisani Sithole,33,5,Code 8,Contract,Gauteng,4.24
D004083,Lwazi Maseko,60,28,Code 10,Owner Driver,Limpopo,3.65
D004084,Siyabonga Maseko,33,6,Code 8,Owner Driver,KwaZulu-Natal,3.56
D004085,Lerato Dlamini,52,25,Code 14,Permanent,Free State,4.55
D004086,Lindelwa Mokoena,61,8,Code 10,Permanent,North West,3.11
D004087,Busisiwe Mabena,39,2,Code 10,Permanent,Free State,3.34
D004088,Themba Molefe,54,9,Code 10,Contract,Gauteng,4.63
D004089,Kabelo Botha,61,24,Code 8,Contract,Gauteng,3.71
D004090,Nomsa Mabena,56,31,Code 10,Contract,North West,4.92
D004091,Ayanda Pillay,59,7,Code 10,Contract,Northern Cape,4.97
D004092,Dumisani Mabena,45,23,Code 10,Owner Driver,Mpumalanga,3.59
D004093,Precious Ngcobo,26,20,Code 8,Owner Driver,Northern Cape,5.0
D004094,Mandla Modise,65,2,Code 8,Permanent,Limpopo,4.19
D004095,Karabo Modise,58,10,Code 10,Permanent,Limpopo,4.63
D004096,Kabelo Jacobs,63,2,Code 10,Permanent,Northern Cape,4.56
D004097,Tshepo Ngcobo,30,11,Code 8,Owner Driver,Northern Cape,3.9
D004098,Lerato Botha,62,29,Code 10,Contract,Western Cape,4.4
D004099,Themba Mokoena,55,14,Code 14,Owner Driver,Limpopo,4.1
D004100,Lwazi Ngcobo,65,15,Code 10,Owner Driver,Northern Cape,3.6
D004101,Nokuthula Van Wyk,43,5,Code 10,Contract,Limpopo,3.53
D004102,Zanele Sithole,41,19,Code 8,Owner Driver,North West,4.26
D004103,Lwazi Van Wyk,25,25,Code 8,Permanent,Northern Cape,4.34
D004104,Phumzile Pillay,23,33,Code 8,Permanent,North West,4.32
D004105,Amanda Adams,61,32,Code 8,Permanent,Mpumalanga,3.59
D004106,Phumzile Botha,57,26,Code 8,Permanent,Free State,3.95
D004107,Dumisani Moyo,32,28,Code 10,Owner Driver,Limpopo,4.65
D004108,Nandi Mokoena,45,19,Code 10,Contract,Eastern Cape,4.1
D004109,Mpho Sithole,33,32,Code 10,Permanent,Mpumalanga,5.0
D004110,Busisiwe Botha,42,16,Code 8,Permanent,Free State,3.96
D004111,Amanda Mahlangu,39,27,Code 10,Owner Driver,Western Cape,4.46
D004112,Kabelo Dlamini,55,16,Code 8,Permanent,Gauteng,4.19
D004113,Themba Adams,63,29,Code 10,Permanent,Free State,3.71
D004114,Busisiwe Maseko,55,25,Code 8,Owner Driver,Gauteng,4.23
D004115,Karabo Sithole,34,19,Code 8,Contract,Northern Cape,3.62
D004116,Siyabonga Zulu,38,3,Code 10,Permanent,KwaZulu-Natal,4.71
D004117,Mandla Molefe,50,24,Code 10,Permanent,KwaZulu-Natal,3.03
D004118,Ayanda Zulu,45,25,Code 8,Permanent,Free State,4.08
D004119,Mpho Moyo,38,22,Code 8,Contract,Limpopo,4.53
D004120,Themba Jacobs,54,17,Code 10,Permanent,Free State,3.75
D004121,Phumzile Mkhize,63,34,Code 8,Contract,KwaZulu-Natal,3.92
D004122,Sipho Adams,59,17,Code 10,Contract,North West,4.34
D004123,Karabo Mahlangu,41,3,Code 10,Permanent,Limpopo,4.05
D004124,Nokuthula Dlamini,60,7,Code 10,Owner Driver,Northern Cape,3.52
D004125,Phumzile Molefe,52,10,Code 10,Owner Driver,Mpumalanga,4.6
D004126,Bongani Zulu,62,16,Code 8,Permanent,Western Cape,4.73
D004127,Lindelwa Sithole,24,14,Code 14,Contract,Limpopo,4.1
D004128,Nandi Mabena,53,17,Code 8,Contract,Limpopo,4.14
D004129,Bongani Ngcobo,30,33,Code 14,Permanent,Mpumalanga,3.37
D004130,Nandi Mkhize,37,32,Code 8,Owner Driver,Free State,4.4
D004131,Kagiso Nkosi,46,30,Code 10,Permanent,Mpumalanga,4.92
D004132,Siyabonga Adams,48,15,Code 10,Permanent,Northern Cape,4.01
D004133,Nokuthula Mthembu,23,30,Code 10,Contract,Mpumalanga,5.0
D004134,Precious Mthembu,43,30,Code 10,Contract,KwaZulu-Natal,3.38
D004135,Dumisani Zulu,44,27,Code 10,Permanent,KwaZulu-Natal,4.92
D004136,Sipho Khumalo,49,9,Code 10,Contract,North West,4.06
D004137,Thabo Naidoo,46,33,Code 10,Owner Driver,KwaZulu-Natal,4.99
D004138,Nokuthula Maseko,36,13,Code 10,Permanent,Northern Cape,4.06
D004139,Sipho Modise,40,5,Code 10,Permanent,North West,3.92
D004140,Nomsa Molefe,60,12,Code 10,Permanent,Eastern Cape,4.63
D004141,Ayanda Botha,34,29,Code 14,Owner Driver,Western Cape,4.08
D004142,Nandi Mahlangu,60,22,Code 10,Permanent,Eastern Cape,3.69
D004143,Thabo Ndlovu,34,32,Code 10,Contract,Free State,3.98
D004144,Bongani Sithole,26,24,Code 10,Permanent,North West,5.0
D004145,Busisiwe Nkosi,46,14,Code 8,Permanent,Western Cape,4.42
D004146,Lwazi Modise,30,14,Code 14,Contract,North West,3.95
D004147,Mpho Moyo,43,9,Code 8,Contract,KwaZulu-Natal,3.57
D004148,Precious Nkosi,29,11,Code 14,Permanent,Free State,3.34
D004149,Karabo Ngcobo,23,33,Code 10,Owner Driver,Limpopo,4.69
D004150,Themba Botha,42,4,Code 8,Permanent,KwaZulu-Natal,3.34
D004151,Bongani Jacobs,61,16,Code 14,Permanent,Western Cape,4.05
D004152,Amanda Dlamini,52,33,Code 14,Permanent,Free State,3.84
D004153,Nokuthula Jacobs,42,9,Code 8,Permanent,KwaZulu-Natal,4.23
D004154,Nomsa Khumalo,64,17,Code 8,Permanent,Limpopo,4.24
D004155,Sipho Mahlangu,30,21,Code 14,Contract,North West,2.31
D004156,Siyabonga Jacobs,60,33,Code 8,Permanent,KwaZulu-Natal,3.95
D004157,Bongani Modise,34,4,Code 8,Permanent,North West,3.83
D004158,Themba Moyo,63,11,Code 8,Permanent,Gauteng,3.36
D004159,Siyabonga Naidoo,27,3,Code 10,Permanent,KwaZulu-Natal,4.12
D004160,Siyabonga Modise,42,18,Code 10,Permanent,Western Cape,3.65
D004161,Karabo Williams,28,13,Code 8,Permanent,Northern Cape,4.15
D004162,Nandi Botha,27,16,Code 10,Owner Driver,Western Cape,3.09
D004163,Amanda Zulu,26,2,Code 10,Owner Driver,Eastern Cape,2.96
D004164,Tshepo Zulu,36,32,Code 10,Permanent,North West,4.19
D004165,Sibusiso Williams,45,6,Code 8,Owner Driver,North West,4.71
D004166,Kagiso Zulu,52,12,Code 14,Contract,Free State,4.67
D004167,Nokuthula Pillay,33,24,Code 8,Permanent,Western Cape,3.24
D004168,Kagiso Mokoena,40,23,Code 8,Permanent,North West,4.19
D004169,Bongani Moyo,30,27,Code 10,Permanent,Mpumalanga,2.96
D004170,Busisiwe Dlamini,59,28,Code 10,Permanent,Western Cape,5.0
D004171,Karabo Jacobs,46,1,Code 8,Permanent,North West,4.52
D004172,Mpho Molefe,49,4,Code 10,Owner Driver,Northern Cape,4.03
D004173,Siyabonga Cele,26,3,Code 14,Owner Driver,Northern Cape,4.1
D004174,Zanele Dlamini,36,24,Code 8,Permanent,KwaZulu-Natal,5.0
D004175,Tshepo Modise,50,29,Code 10,Owner Driver,Eastern Cape,4.07
D004176,Amanda Cele,58,20,Code 10,Contract,Mpumalanga,3.22
D004177,Kabelo Van Wyk,53,31,Code 10,Owner Driver,Gauteng,3.45
D004178,Themba Khumalo,33,12,Code 8,Contract,KwaZulu-Natal,3.86
D004179,Lindelwa Naidoo,63,33,Code 8,Permanent,KwaZulu-Natal,4.73
D004180,Themba Cele,31,23,Code 10,Permanent,Limpopo,4.67
D004181,Kagiso Ndlovu,35,33,Code 8,Permanent,Western Cape,4.43
D004182,Kagiso Modise,33,21,Code 10,Permanent,Limpopo,3.24
D004183,Dumisani Zulu,61,26,Code 8,Contract,Eastern Cape,3.19
D004184,Thabo Williams,37,24,Code 8,Contract,Western Cape,3.93
D004185,Busisiwe Mokoena,28,5,Code 10,Owner Driver,Northern Cape,4.15
D004186,Nandi Mokoena,32,23,Code 8,Permanent,Free State,3.91
D004187,Dumisani Molefe,44,18,Code 8,Owner Driver,Limpopo,3.51
D004188,Ayanda Maseko,47,6,Code 10,Permanent,Gauteng,4.06
D004189,Bongani Ndlovu,35,15,Code 10,Permanent,Free State,3.49
D004190,Mandla Mokoena,44,5,Code 8,Permanent,KwaZulu-Natal,3.44
D004191,Bongani Pillay,47,7,Code 14,Permanent,Gauteng,2.93
D004192,Lerato Sithole,63,28,Code 10,Permanent,Western Cape,3.38
D004193,Nokuthula Cele,30,13,Code 10,Contract,Western Cape,3.83
D004194,Busisiwe Ngcobo,43,30,Code 8,Permanent,Eastern Cape,4.14
D004195,Zanele Ndlovu,28,31,Code 10,Contract,Eastern Cape,4.04
D004196,Nandi Williams,27,21,Code 8,Owner Driver,Eastern Cape,4.14
D004197,Nomsa Mahlangu,48,20,Code 8,Permanent,Limpopo,4.79
D004198,Mpho Jacobs,39,34,Code 14,Owner Driver,Limpopo,4.26
D004199,Dumisani Maseko,59,3,Code 10,Contract,Free State,4.27
D004200,Lindelwa Sithole,48,19,Code 10,Permanent,Eastern Cape,3.53
D004201,Zanele Modise,45,12,Code 14,Contract,Northern Cape,2.99
D004202,Themba Van Wyk,62,19,Code 10,Permanent,North West,3.73
D004203,Amanda Dlamini,28,21,Code 10,Owner Driver,Gauteng,4.84
D004204,Phumzile Sithole,45,31,Code 10,Permanent,North West,3.59
D004205,Themba Mokoena,29,14,Code 8,Permanent,Mpumalanga,3.46
D004206,Nomsa Zulu,51,6,Code 14,Owner Driver,Mpumalanga,4.21
D004207,Themba Khumalo,59,25,Code 10,Permanent,Eastern Cape,3.87
D004208,Karabo Pillay,43,32,Code 14,Permanent,Gauteng,3.81
D004209,Bongani Mokoena,31,24,Code 10,Permanent,Northern Cape,5.0
D004210,Kabelo Cele,54,6,Code 14,Contract,KwaZulu-Natal,4.19
D004211,Siyabonga Moyo,56,2,Code 14,Permanent,Gauteng,3.68
D004212,Lerato Mkhize,40,19,Code 14,Permanent,Mpumalanga,3.96
D004213,Busisiwe Moyo,62,8,Code 14,Permanent,Free State,4.72
D004214,Siyabonga Khumalo,38,26,Code 10,Permanent,Free State,4.81
D004215,Tshepo Naidoo,38,22,Code 10,Owner Driver,Gauteng,4.48
D004216,Siyabonga Jacobs,24,9,Code 8,Owner Driver,Gauteng,4.31
D004217,Kabelo Mkhize,55,5,Code 14,Contract,North West,3.62
D004218,Siyabonga Botha,65,3,Code 10,Permanent,Gauteng,3.8
D004219,Ayanda Sithole,62,33,Code 10,Permanent,Eastern Cape,3.78
D004220,Lerato Maseko,41,33,Code 14,Permanent,Eastern Cape,3.19
D004221,Lindelwa Dlamini,35,19,Code 8,Owner Driver,Northern Cape,4.3
D004222,Karabo Dlamini,23,29,Code 10,Permanent,KwaZulu-Natal,3.08
D004223,Siyabonga Mokoena,33,16,Code 8,Permanent,Northern Cape,3.54
D004224,Themba Botha,28,29,Code 10,Owner Driver,KwaZulu-Natal,3.38
D004225,Karabo Adams,35,23,Code 8,Permanent,KwaZulu-Natal,3.8
D004226,Lwazi Moyo,46,13,Code 10,Permanent,North West,5.0
D004227,Kagiso Maseko,26,30,Code 14,Contract,North West,3.87
D004228,Siyabonga Ndlovu,40,29,Code 8,Permanent,Northern Cape,4.44
D004229,Nokuthula Mokoena,48,27,Code 10,Owner Driver,Free State,3.68
D004230,Busisiwe Dlamini,26,4,Code 10,Contract,Mpumalanga,3.73
D004231,Mpho Adams,48,28,Code 10,Permanent,Eastern Cape,3.43
D004232,Nandi Nkosi,32,8,Code 8,Permanent,Northern Cape,4.95
D004233,Mandla Maseko,55,24,Code 10,Permanent,Gauteng,3.59
D004234,Karabo Cele,62,8,Code 10,Contract,Free State,3.9
D004235,Kagiso Mkhize,38,22,Code 14,Permanent,KwaZulu-Natal,3.66
D004236,Thabo Ngcobo,52,4,Code 8,Permanent,Mpumalanga,3.58
D004237,Dumisani Modise,39,4,Code 14,Contract,Limpopo,3.93
D004238,Sibusiso Khumalo,43,13,Code 8,Owner Driver,Eastern Cape,4.0
D004239,Siyabonga Mkhize,50,6,Code 10,Permanent,Eastern Cape,3.43
D004240,Siyabonga Maseko,40,8,Code 8,Permanent,Western Cape,3.27
D004241,Zanele Mahlangu,33,3,Code 10,Permanent,Western Cape,3.53
D004242,Phumzile Zulu,23,17,Code 8,Contract,Mpumalanga,5.0
D004243,Lindelwa Maseko,29,9,Code 8,Owner Driver,Western Cape,4.51
D004244,Lwazi Naidoo,65,17,Code 14,Permanent,North West,4.72
D004245,Thabo Mthembu,43,30,Code 8,Owner Driver,Free State,4.52
D004246,Nokuthula Ndlovu,58,10,Code 10,Contract,Northern Cape,4.32
D004247,Mpho Pillay,33,11,Code 8,Owner Driver,Gauteng,4.2
D004248,Bongani Mabena,63,3,Code 8,Permanent,Eastern Cape,4.03
D004249,Mpho Mthembu,27,16,Code 10,Permanent,Gauteng,3.9
D004250,Sipho Molefe,38,2,Code 8,Permanent,Limpopo,4.43
D004251,Kabelo Zulu,64,9,Code 14,Owner Driver,North West,4.52
D004252,Kagiso Mabena,26,30,Code 8,Permanent,Gauteng,3.58
D004253,Tshepo Khumalo,30,27,Code 8,Contract,Mpumalanga,4.06
D004254,Precious Modise,58,12,Code 14,Contract,Western Cape,3.88
D004255,Lwazi Nkosi,27,8,Code 10,Owner Driver,North West,4.47
D004256,Dumisani Maseko,44,12,Code 10,Permanent,Free State,3.99
D004257,Themba Ngcobo,44,4,Code 10,Permanent,North West,4.79
D004258,Thabo Williams,30,15,Code 10,Permanent,KwaZulu-Natal,3.9
D004259,Busisiwe Mthembu,49,12,Code 10,Permanent,North West,4.55
D004260,Tshepo Moyo,38,9,Code 8,Owner Driver,Limpopo,2.86
D004261,Siyabonga Van Wyk,57,24,Code 10,Permanent,Eastern Cape,3.63
D004262,Kabelo Mahlangu,56,2,Code 8,Contract,Mpumalanga,3.61
D004263,Mandla Molefe,42,15,Code 8,Permanent,Eastern Cape,4.15
D004264,Lerato Mkhize,39,7,Code 14,Permanent,KwaZulu-Natal,2.9
D004265,Sibusiso Maseko,29,24,Code 10,Permanent,Gauteng,4.18
D004266,Mpho Cele,55,34,Code 14,Permanent,Northern Cape,3.84
D004267,Lerato Nkosi,25,23,Code 14,Contract,KwaZulu-Natal,4.92
D004268,Zanele Modise,25,27,Code 10,Permanent,KwaZulu-Natal,3.97
D004269,Sibusiso Mthembu,27,1,Code 10,Contract,North West,3.22
D004270,Nandi Ndlovu,51,34,Code 8,Permanent,KwaZulu-Natal,4.4
D004271,Thabo Mthembu,37,12,Code 8,Contract,Limpopo,4.52
D004272,Siyabonga Williams,26,33,Code 8,Permanent,Northern Cape,4.96
D004273,Busisiwe Molefe,56,6,Code 8,Owner Driver,Free State,4.52
D004274,Ayanda Mahlangu,28,32,Code 8,Permanent,Mpumalanga,3.25
D004275,Busisiwe Mkhize,27,15,Code 14,Permanent,Free State,3.99
D004276,Nandi Modise,56,27,Code 14,Permanent,Free State,3.72
D004277,Amanda Molefe,25,32,Code 8,Contract,Western Cape,4.95
D004278,Sibusiso Adams,27,17,Code 8,Contract,Eastern Cape,3.96
D004279,Amanda Mahlangu,33,33,Code 8,Owner Driver,Mpumalanga,3.65
D004280,Phumzile Ngcobo,63,3,Code 14,Contract,Limpopo,4.22
D004281,Thabo Adams,65,6,Code 10,Contract,Western Cape,4.48
D004282,Zanele Dlamini,41,4,Code 14,Contract,Gauteng,3.94
D004283,Kabelo Ngcobo,26,7,Code 14,Permanent,Eastern Cape,3.67
D004284,Bongani Mokoena,51,8,Code 8,Permanent,Eastern Cape,3.96
D004285,Nomsa Williams,30,18,Code 10,Permanent,Limpopo,2.7
D004286,Dumisani Ndlovu,28,2,Code 10,Permanent,Eastern Cape,2.97
D004287,Lindelwa Moyo,64,6,Code 14,Permanent,Gauteng,3.81
D004288,Phumzile Moyo,29,14,Code 10,Owner Driver,North West,3.66
D004289,Nandi Jacobs,56,22,Code 10,Permanent,Eastern Cape,3.83
D004290,Ayanda Adams,33,5,Code 8,Permanent,Free State,4.64
D004291,Sibusiso Ngcobo,28,17,Code 8,Permanent,Western Cape,3.62
D004292,Dumisani Van Wyk,34,14,Code 14,Contract,Free State,3.92
D004293,Siyabonga Naidoo,58,19,Code 8,Owner Driver,Western Cape,4.02
D004294,Nokuthula Ngcobo,25,14,Code 8,Owner Driver,Gauteng,4.25
D004295,Mandla Cele,25,9,Code 10,Permanent,Western Cape,4.4
D004296,Kagiso Cele,62,18,Code 8,Permanent,Limpopo,4.0
D004297,Nokuthula Moyo,53,19,Code 10,Permanent,Limpopo,3.9
D004298,Nokuthula Williams,23,18,Code 14,Owner Driver,Western Cape,4.14
D004299,Sipho Zulu,33,8,Code 8,Permanent,Gauteng,3.75
D004300,Kagiso Mthembu,47,9,Code 14,Permanent,North West,3.58
D004301,Themba Mthembu,65,8,Code 14,Owner Driver,KwaZulu-Natal,3.92
D004302,Phumzile Van Wyk,54,11,Code 10,Owner Driver,Western Cape,4.71
D004303,Mandla Mkhize,54,33,Code 10,Permanent,Mpumalanga,3.7
D004304,Lerato Ngcobo,31,26,Code 8,Contract,Northern Cape,4.11
D004305,Busisiwe Mabena,48,33,Code 10,Owner Driver,Western Cape,3.08
D004306,Sipho Naidoo,33,9,Code 14,Contract,Gauteng,4.18
D004307,Bongani Botha,64,5,Code 10,Permanent,Gauteng,3.53
D004308,Bongani Adams,37,11,Code 14,Contract,Limpopo,4.78
D004309,Nandi Moyo,46,26,Code 8,Permanent,KwaZulu-Natal,4.33
D004310,Lwazi Van Wyk,27,25,Code 10,Contract,Northern Cape,4.11
D004311,Nandi Modise,51,30,Code 14,Contract,North West,4.33
D004312,Zanele Mokoena,42,24,Code 10,Contract,Northern Cape,3.76
D004313,Sipho Maseko,50,29,Code 14,Owner Driver,KwaZulu-Natal,2.61
D004314,Kabelo Mkhize,54,31,Code 8,Contract,KwaZulu-Natal,4.51
D004315,Ayanda Mahlangu,34,3,Code 8,Owner Driver,Northern Cape,4.13
D004316,Thabo Mthembu,39,4,Code 8,Contract,Limpopo,3.9
D004317,Amanda Jacobs,57,25,Code 14,Permanent,Limpopo,4.44
D004318,Bongani Mkhize,52,22,Code 10,Permanent,Mpumalanga,3.26
D004319,Bongani Botha,63,13,Code 14,Owner Driver,Western Cape,3.43
D004320,Karabo Mthembu,37,29,Code 14,Contract,North West,4.79
D004321,Themba Moyo,58,6,Code 10,Contract,Eastern Cape,3.27
D004322,Precious Pillay,26,3,Code 10,Contract,Northern Cape,4.12
D004323,Lerato Jacobs,44,21,Code 10,Permanent,KwaZulu-Natal,3.85
D004324,Precious Nkosi,64,29,Code 8,Contract,Gauteng,3.85
D004325,Lerato Van Wyk,32,13,Code 10,Permanent,Mpumalanga,3.9
D004326,Lindelwa Molefe,65,12,Code 8,Permanent,Eastern Cape,4.07
D004327,Busisiwe Maseko,34,32,Code 10,Permanent,Northern Cape,3.93
D004328,Ayanda Williams,64,23,Code 14,Contract,Gauteng,4.39
D004329,Zanele Moyo,52,3,Code 10,Owner Driver,North West,3.83
D004330,Karabo Sithole,44,14,Code 10,Owner Driver,Limpopo,3.18
D004331,Dumisani Dlamini,52,30,Code 10,Owner Driver,Western Cape,4.27
D004332,Bongani Molefe,64,10,Code 10,Owner Driver,Western Cape,4.3
D004333,Kabelo Mabena,50,27,Code 10,Permanent,North West,3.33
D004334,Tshepo Moyo,52,21,Code 10,Contract,Gauteng,3.5
D004335,Nandi Modise,52,5,Code 10,Permanent,Mpumalanga,4.17
D004336,Bongani Ngcobo,31,14,Code 14,Permanent,Mpumalanga,3.85
D004337,Nandi Mabena,63,7,Code 14,Permanent,Limpopo,2.85
D004338,Nomsa Williams,59,7,Code 10,Permanent,North West,4.36
D004339,Thabo Nkosi,38,3,Code 8,Permanent,Gauteng,5.0
D004340,Amanda Mahlangu,52,14,Code 10,Contract,Limpopo,4.18
D004341,Phumzile Maseko,44,17,Code 10,Contract,Limpopo,4.13
D004342,Lwazi Cele,58,1,Code 10,Contract,North West,4.01
D004343,Phumzile Ndlovu,24,3,Code 8,Permanent,North West,4.47
D004344,Nandi Khumalo,38,2,Code 8,Contract,Free State,4.75
D004345,Kagiso Mabena,42,5,Code 10,Permanent,Western Cape,3.48
D004346,Karabo Modise,23,15,Code 14,Permanent,Eastern Cape,5.0
D004347,Mpho Zulu,36,17,Code 10,Owner Driver,Free State,4.19
D004348,Phumzile Naidoo,61,27,Code 10,Permanent,Free State,4.93
D004349,Nokuthula Ndlovu,43,27,Code 8,Contract,Limpopo,3.67
D004350,Bongani Pillay,61,22,Code 14,Permanent,Mpumalanga,5.0
D004351,Lerato Adams,37,33,Code 14,Owner Driver,Mpumalanga,4.28
D004352,Mandla Ngcobo,65,1,Code 14,Contract,Free State,4.32
D004353,Siyabonga Mkhize,44,28,Code 8,Permanent,North West,3.23
D004354,Nandi Ngcobo,48,32,Code 10,Permanent,Northern Cape,3.76
D004355,Karabo Mkhize,60,10,Code 8,Permanent,Eastern Cape,4.12
D004356,Mandla Pillay,63,26,Code 10,Permanent,Mpumalanga,3.15
D004357,Tshepo Khumalo,49,14,Code 10,Contract,Limpopo,4.38
D004358,Lwazi Zulu,61,5,Code 10,Permanent,Gauteng,3.99
D004359,Sibusiso Nkosi,41,13,Code 8,Owner Driver,Western Cape,3.79
D004360,Busisiwe Adams,54,10,Code 8,Permanent,Eastern Cape,4.98
D004361,Siyabonga Ngcobo,46,1,Code 10,Permanent,Western Cape,5.0
D004362,Precious Williams,28,2,Code 8,Permanent,Gauteng,4.39
D004363,Ayanda Cele,42,8,Code 10,Contract,Northern Cape,4.05
D004364,Ayanda Adams,60,29,Code 8,Permanent,Gauteng,3.84
D004365,Kagiso Maseko,49,10,Code 10,Permanent,Mpumalanga,4.37
D004366,Lindelwa Naidoo,28,2,Code 10,Permanent,KwaZulu-Natal,3.96
D004367,Lerato Mahlangu,47,13,Code 8,Permanent,Northern Cape,3.78
D004368,Thabo Dlamini,42,9,Code 10,Owner Driver,Western Cape,4.27
D004369,Amanda Moyo,39,17,Code 14,Contract,KwaZulu-Natal,4.96
D004370,Tshepo Maseko,43,24,Code 10,Permanent,Northern Cape,4.28
D004371,Mandla Naidoo,26,29,Code 8,Contract,Western Cape,4.64
D004372,Amanda Mkhize,51,4,Code 10,Contract,North West,4.11
D004373,Nomsa Dlamini,57,34,Code 14,Permanent,Western Cape,4.0
D004374,Mandla Nkosi,47,6,Code 8,Contract,North West,4.29
D004375,Sibusiso Van Wyk,58,23,Code 10,Contract,KwaZulu-Natal,4.2
D004376,Mandla Mthembu,38,16,Code 10,Permanent,Mpumalanga,3.86
D004377,Precious Mabena,54,15,Code 10,Contract,Western Cape,3.82
D004378,Kabelo Jacobs,27,34,Code 8,Permanent,Free State,4.58
D004379,Sipho Mkhize,39,17,Code 8,Permanent,Eastern Cape,4.75
D004380,Nomsa Jacobs,40,8,Code 14,Owner Driver,Northern Cape,4.38
D004381,Kagiso Mthembu,31,17,Code 10,Permanent,KwaZulu-Natal,4.18
D004382,Mandla Maseko,29,31,Code 14,Owner Driver,Eastern Cape,4.45
D004383,Nokuthula Mabena,24,22,Code 8,Contract,Western Cape,3.61
D004384,Bongani Dlamini,61,29,Code 10,Contract,Eastern Cape,5.0
D004385,Sibusiso Modise,60,7,Code 8,Permanent,Eastern Cape,4.22
D004386,Nandi Botha,61,30,Code 8,Contract,North West,4.28
D004387,Dumisani Mkhize,61,2,Code 14,Permanent,Limpopo,4.83
D004388,Mandla Mabena,52,34,Code 8,Owner Driver,Eastern Cape,4.09
D004389,Siyabonga Modise,25,8,Code 8,Permanent,Western Cape,3.43
D004390,Mandla Zulu,61,14,Code 8,Permanent,Limpopo,4.31
D004391,Thabo Mthembu,59,23,Code 14,Permanent,Gauteng,3.74
D004392,Dumisani Naidoo,41,3,Code 10,Permanent,Mpumalanga,4.15
D004393,Phumzile Mahlangu,45,1,Code 10,Owner Driver,Eastern Cape,4.4
D004394,Tshepo Pillay,54,32,Code 8,Contract,Gauteng,3.98
D004395,Nomsa Naidoo,53,5,Code 8,Owner Driver,North West,4.04
D004396,Sipho Khumalo,32,14,Code 8,Permanent,Eastern Cape,4.07
D004397,Bongani Dlamini,41,30,Code 14,Permanent,KwaZulu-Natal,4.79
D004398,Dumisani Naidoo,49,9,Code 10,Permanent,Free State,4.54
D004399,Sibusiso Mahlangu,33,24,Code 10,Permanent,Western Cape,3.62
D004400,Precious Van Wyk,50,29,Code 10,Permanent,Northern Cape,4.14
D004401,Kagiso Jacobs,47,16,Code 14,Contract,North West,3.79
D004402,Amanda Dlamini,39,18,Code 10,Contract,Eastern Cape,3.95
D004403,Bongani Williams,41,23,Code 10,Permanent,KwaZulu-Natal,4.31
D004404,Busisiwe Modise,59,2,Code 10,Permanent,Eastern Cape,3.88
D004405,Kabelo Naidoo,57,34,Code 10,Contract,Free State,3.7
D004406,Busisiwe Botha,29,18,Code 8,Permanent,Free State,4.06
D004407,Amanda Dlamini,45,1,Code 8,Permanent,Free State,3.35
D004408,Themba Nkosi,54,20,Code 10,Contract,Western Cape,3.89
D004409,Busisiwe Nkosi,53,31,Code 14,Contract,Northern Cape,3.85
D004410,Lwazi Williams,44,16,Code 8,Owner Driver,Gauteng,3.02
D004411,Thabo Sithole,64,8,Code 8,Permanent,Free State,4.58
D004412,Sibusiso Modise,37,27,Code 10,Permanent,Western Cape,3.56
D004413,Precious Jacobs,58,22,Code 10,Permanent,Western Cape,4.29
D004414,Sibusiso Moyo,29,17,Code 8,Permanent,North West,3.93
D004415,Thabo Jacobs,31,28,Code 14,Contract,Limpopo,3.86
D004416,Lwazi Cele,37,28,Code 10,Permanent,Gauteng,3.41
D004417,Nokuthula Jacobs,65,13,Code 10,Permanent,KwaZulu-Natal,3.39
D004418,Phumzile Pillay,45,23,Code 14,Contract,Eastern Cape,4.1
D004419,Mandla Naidoo,59,12,Code 8,Permanent,Northern Cape,5.0
D004420,Bongani Naidoo,60,8,Code 10,Permanent,Mpumalanga,4.36
D004421,Nomsa Maseko,50,9,Code 8,Owner Driver,Northern Cape,4.42
D004422,Tshepo Ndlovu,34,30,Code 10,Owner Driver,Mpumalanga,3.68
D004423,Themba Ndlovu,49,13,Code 14,Owner Driver,Mpumalanga,3.95
D004424,Themba Dlamini,33,33,Code 10,Owner Driver,Western Cape,3.48
D004425,Siyabonga Molefe,52,16,Code 10,Permanent,Western Cape,5.0
D004426,Mpho Williams,55,21,Code 10,Permanent,Western Cape,3.08
D004427,Kagiso Mabena,32,23,Code 8,Owner Driver,Northern Cape,4.4
D004428,Busisiwe Dlamini,59,10,Code 14,Owner Driver,Limpopo,3.19
D004429,Karabo Van Wyk,50,5,Code 14,Permanent,Eastern Cape,4.0
D004430,Thabo Modise,62,26,Code 8,Permanent,Limpopo,4.37
D004431,Themba Mokoena,55,16,Code 14,Permanent,Northern Cape,4.11
D004432,Sipho Adams,58,19,Code 8,Permanent,Mpumalanga,4.41
D004433,Phumzile Maseko,49,33,Code 8,Permanent,KwaZulu-Natal,3.61
D004434,Precious Mokoena,32,8,Code 10,Contract,Eastern Cape,4.21
D004435,Karabo Mthembu,62,34,Code 8,Permanent,Northern Cape,3.27
D004436,Kagiso Jacobs,37,3,Code 8,Permanent,Western Cape,3.98
D004437,Ayanda Nkosi,39,21,Code 14,Permanent,Northern Cape,4.39
D004438,Lerato Van Wyk,33,26,Code 10,Owner Driver,KwaZulu-Natal,4.04
D004439,Kagiso Khumalo,26,1,Code 8,Owner Driver,Mpumalanga,4.74
D004440,Lwazi Williams,54,8,Code 10,Owner Driver,Eastern Cape,3.57
D004441,Nandi Williams,26,19,Code 10,Contract,KwaZulu-Natal,4.01
D004442,Sibusiso Naidoo,30,14,Code 10,Permanent,Limpopo,4.75
D004443,Sipho Sithole,31,33,Code 8,Owner Driver,Gauteng,3.13
D004444,Sipho Van Wyk,23,30,Code 14,Permanent,KwaZulu-Natal,4.19
D004445,Karabo Mkhize,48,32,Code 14,Permanent,Gauteng,4.13
D004446,Kagiso Molefe,38,15,Code 10,Permanent,Western Cape,5.0
D004447,Karabo Adams,27,18,Code 10,Owner Driver,North West,4.21
D004448,Phumzile Williams,53,11,Code 10,Owner Driver,Western Cape,4.39
D004449,Phumzile Botha,43,9,Code 8,Permanent,KwaZulu-Natal,3.79
D004450,Bongani Van Wyk,59,11,Code 14,Permanent,Eastern Cape,4.82
D004451,Lerato Zulu,31,8,Code 10,Permanent,Eastern Cape,5.0
D004452,Dumisani Naidoo,43,14,Code 8,Contract,Mpumalanga,3.94
D004453,Nandi Mahlangu,29,23,Code 8,Contract,North West,3.54
D004454,Dumisani Mokoena,53,9,Code 10,Permanent,KwaZulu-Natal,3.63
D004455,Nokuthula Zulu,51,18,Code 10,Contract,North West,4.17
D004456,Sipho Sithole,46,10,Code 10,Owner Driver,Free State,4.1
D004457,Lwazi Adams,25,3,Code 10,Permanent,North West,3.64
D004458,Nandi Pillay,45,13,Code 10,Permanent,Eastern Cape,3.81
D004459,Thabo Van Wyk,38,33,Code 14,Contract,Gauteng,4.2
D004460,Amanda Mkhize,28,26,Code 14,Contract,Free State,4.41
D004461,Mandla Zulu,25,2,Code 14,Permanent,Mpumalanga,4.06
D004462,Phumzile Mthembu,32,20,Code 8,Permanent,Gauteng,3.94
D004463,Phumzile Mkhize,44,28,Code 14,Permanent,Western Cape,5.0
D004464,Mandla Nkosi,48,22,Code 8,Contract,Western Cape,3.96
D004465,Karabo Mthembu,24,8,Code 14,Permanent,Eastern Cape,4.38
D004466,Nandi Jacobs,61,34,Code 8,Contract,Western Cape,3.49
D004467,Busisiwe Zulu,25,14,Code 14,Contract,Gauteng,3.85
D004468,Dumisani Modise,26,24,Code 8,Permanent,Northern Cape,3.83
D004469,Lerato Dlamini,35,11,Code 10,Permanent,Mpumalanga,4.13
D004470,Phumzile Zulu,31,19,Code 10,Permanent,Free State,4.06
D004471,Themba Botha,25,17,Code 10,Permanent,Northern Cape,4.72
D004472,Kabelo Cele,36,21,Code 8,Contract,Gauteng,3.98
D004473,Nokuthula Adams,53,20,Code 8,Owner Driver,KwaZulu-Natal,4.6
D004474,Thabo Nkosi,47,3,Code 14,Permanent,Eastern Cape,4.95
D004475,Lindelwa Pillay,32,12,Code 14,Permanent,Northern Cape,5.0
D004476,Nandi Moyo,24,16,Code 10,Permanent,KwaZulu-Natal,3.41
D004477,Nandi Botha,31,25,Code 10,Permanent,Northern Cape,4.08
D004478,Karabo Khumalo,23,15,Code 8,Contract,Free State,3.16
D004479,Nokuthula Williams,55,12,Code 14,Owner Driver,Eastern Cape,3.6
D004480,Themba Naidoo,55,12,Code 8,Permanent,Gauteng,4.27
D004481,Sibusiso Modise,41,13,Code 8,Owner Driver,Eastern Cape,4.55
D004482,Zanele Naidoo,37,19,Code 8,Permanent,Free State,5.0
D004483,Lerato Nkosi,25,27,Code 8,Permanent,Free State,4.73
D004484,Ayanda Ndlovu,40,4,Code 8,Owner Driver,Free State,3.67
D004485,Sibusiso Van Wyk,53,30,Code 14,Permanent,Western Cape,3.75
D004486,Thabo Ngcobo,29,17,Code 8,Permanent,KwaZulu-Natal,3.63
D004487,Karabo Mkhize,39,27,Code 10,Permanent,Western Cape,4.48
D004488,Lerato Mabena,62,21,Code 8,Permanent,Northern Cape,4.02
D004489,Nokuthula Mthembu,59,18,Code 14,Contract,Western Cape,4.45
D004490,Themba Jacobs,64,11,Code 10,Permanent,North West,3.97
D004491,Nokuthula Nkosi,38,17,Code 14,Contract,Eastern Cape,4.66
D004492,Nokuthula Ngcobo,53,9,Code 14,Owner Driver,Northern Cape,4.63
D004493,Sipho Ndlovu,63,16,Code 10,Permanent,Gauteng,3.8
D004494,Precious Molefe,57,32,Code 8,Owner Driver,KwaZulu-Natal,4.22
D004495,Thabo Zulu,28,29,Code 8,Permanent,Mpumalanga,4.67
D004496,Lindelwa Pillay,39,10,Code 8,Permanent,Eastern Cape,3.86
D004497,Kabelo Mokoena,40,21,Code 10,Permanent,Eastern Cape,3.9
D004498,Mandla Cele,46,29,Code 8,Owner Driver,Eastern Cape,4.37
D004499,Precious Naidoo,62,22,Code 10,Owner Driver,North West,3.08
D004500,Karabo Naidoo,37,18,Code 14,Contract,Northern Cape,3.32
D004501,Amanda Williams,58,25,Code 8,Owner Driver,Free State,3.7
D004502,Tshepo Dlamini,55,32,Code 14,Permanent,Northern Cape,4.51
D004503,Zanele Mahlangu,57,26,Code 10,Owner Driver,Gauteng,4.16
D004504,Lindelwa Ndlovu,27,32,Code 10,Permanent,Mpumalanga,4.1
D004505,Lindelwa Mkhize,60,5,Code 10,Permanent,Eastern Cape,4.47
D004506,Sipho Nkosi,47,23,Code 14,Contract,Western Cape,4.01
D004507,Thabo Dlamini,56,4,Code 8,Permanent,Eastern Cape,3.54
D004508,Amanda Mabena,56,3,Code 10,Permanent,KwaZulu-Natal,4.39
D004509,Tshepo Modise,37,20,Code 8,Permanent,Eastern Cape,2.93
D004510,Lindelwa Adams,57,10,Code 8,Permanent,Eastern Cape,3.42
D004511,Busisiwe Jacobs,56,30,Code 14,Permanent,Free State,5.0
D004512,Siyabonga Mahlangu,38,19,Code 10,Permanent,Western Cape,4.17
D004513,Nokuthula Sithole,44,30,Code 8,Permanent,Limpopo,4.13
D004514,Bongani Mthembu,41,12,Code 14,Contract,Gauteng,3.14
D004515,Dumisani Zulu,33,15,Code 8,Permanent,Limpopo,4.14
D004516,Precious Sithole,62,13,Code 10,Owner Driver,Limpopo,3.23
D004517,Zanele Mokoena,63,8,Code 10,Contract,Mpumalanga,4.46
D004518,Amanda Adams,24,11,Code 8,Owner Driver,North West,4.75
D004519,Lwazi Ndlovu,33,16,Code 10,Contract,Limpopo,4.4
D004520,Nokuthula Mthembu,38,2,Code 8,Permanent,North West,3.86
D004521,Amanda Dlamini,61,29,Code 10,Permanent,Northern Cape,3.24
D004522,Nokuthula Maseko,54,25,Code 8,Owner Driver,North West,3.96
D004523,Kabelo Cele,64,25,Code 8,Permanent,Eastern Cape,4.06
D004524,Dumisani Khumalo,54,7,Code 10,Permanent,Northern Cape,4.0
D004525,Dumisani Mkhize,55,10,Code 8,Contract,Mpumalanga,3.82
D004526,Ayanda Mthembu,30,21,Code 10,Owner Driver,Northern Cape,3.44
D004527,Precious Adams,40,3,Code 10,Permanent,Gauteng,3.91
D004528,Lindelwa Nkosi,44,16,Code 8,Owner Driver,Eastern Cape,3.26
D004529,Dumisani Moyo,38,30,Code 10,Permanent,Western Cape,4.56
D004530,Mandla Ngcobo,64,3,Code 10,Permanent,North West,5.0
D004531,Phumzile Zulu,46,18,Code 8,Permanent,North West,4.52
D004532,Lerato Mabena,63,17,Code 14,Permanent,Gauteng,1.68
D004533,Kabelo Naidoo,46,9,Code 14,Owner Driver,Western Cape,3.75
D004534,Busisiwe Botha,47,30,Code 8,Owner Driver,Eastern Cape,3.43
D004535,Sipho Zulu,30,8,Code 8,Permanent,Eastern Cape,4.64
D004536,Zanele Ndlovu,39,21,Code 14,Contract,Gauteng,3.82
D004537,Karabo Mokoena,36,10,Code 8,Owner Driver,Northern Cape,4.43
D004538,Precious Mokoena,54,24,Code 10,Owner Driver,Mpumalanga,3.67
D004539,Kabelo Mabena,55,11,Code 10,Contract,Limpopo,4.53
D004540,Bongani Pillay,51,13,Code 10,Contract,Limpopo,3.99
D004541,Bongani Jacobs,24,19,Code 14,Owner Driver,Gauteng,2.6
D004542,Busisiwe Khumalo,25,27,Code 14,Permanent,Western Cape,3.27
D004543,Nomsa Botha,29,16,Code 8,Permanent,Eastern Cape,3.44
D004544,Sibusiso Van Wyk,47,31,Code 8,Permanent,Free State,4.02
D004545,Zanele Zulu,64,16,Code 8,Contract,Gauteng,4.48
D004546,Nandi Mokoena,34,21,Code 10,Permanent,Free State,3.76
D004547,Sibusiso Ngcobo,37,20,Code 14,Permanent,Eastern Cape,4.11
D004548,Phumzile Botha,24,24,Code 10,Owner Driver,Free State,3.51
D004549,Dumisani Molefe,51,33,Code 10,Owner Driver,Mpumalanga,3.82
D004550,Phumzile Khumalo,23,20,Code 10,Permanent,Limpopo,5.0
D004551,Mandla Ngcobo,64,19,Code 10,Contract,North West,3.71
D004552,Nomsa Jacobs,64,9,Code 14,Permanent,Free State,5.0
D004553,Precious Adams,60,31,Code 14,Owner Driver,Northern Cape,3.68
D004554,Themba Mthembu,41,25,Code 8,Permanent,Northern Cape,3.45
D004555,Sibusiso Cele,26,2,Code 8,Contract,Mpumalanga,3.15
D004556,Nokuthula Sithole,28,34,Code 10,Permanent,KwaZulu-Natal,4.39
D004557,Busisiwe Moyo,39,28,Code 10,Permanent,Gauteng,4.97
D004558,Tshepo Dlamini,26,33,Code 10,Permanent,Limpopo,4.14
D004559,Phumzile Pillay,62,22,Code 8,Contract,Gauteng,4.27
D004560,Bongani Adams,50,29,Code 8,Permanent,Limpopo,3.53
D004561,Thabo Maseko,25,9,Code 10,Permanent,Gauteng,3.73
D004562,Themba Mahlangu,49,17,Code 10,Owner Driver,Western Cape,5.0
D004563,Dumisani Cele,38,14,Code 10,Permanent,Free State,3.96
D004564,Mpho Botha,42,22,Code 10,Permanent,KwaZulu-Natal,4.85
D004565,Nandi Moyo,30,17,Code 8,Permanent,Eastern Cape,3.29
D004566,Sipho Mabena,38,25,Code 8,Permanent,Limpopo,4.61
D004567,Phumzile Ndlovu,24,24,Code 10,Permanent,Gauteng,4.48
D004568,Amanda Sithole,63,12,Code 8,Contract,Gauteng,4.61
D004569,Karabo Dlamini,65,11,Code 8,Permanent,Eastern Cape,4.37
D004570,Precious Williams,42,26,Code 8,Permanent,Eastern Cape,4.17
D004571,Amanda Naidoo,34,8,Code 10,Contract,Mpumalanga,4.43
D004572,Nomsa Cele,25,28,Code 8,Permanent,KwaZulu-Natal,4.48
D004573,Busisiwe Dlamini,33,5,Code 8,Permanent,KwaZulu-Natal,4.39
D004574,Amanda Adams,32,8,Code 10,Contract,Gauteng,4.3
D004575,Karabo Nkosi,26,29,Code 10,Permanent,Western Cape,4.09
D004576,Busisiwe Pillay,35,2,Code 14,Permanent,Gauteng,3.95
D004577,Karabo Williams,33,26,Code 14,Owner Driver,Western Cape,4.93
D004578,Dumisani Molefe,39,10,Code 8,Permanent,Limpopo,3.13
D004579,Dumisani Mthembu,32,24,Code 10,Contract,Free State,3.41
D004580,Phumzile Mkhize,47,26,Code 14,Permanent,Western Cape,4.49
D004581,Siyabonga Maseko,27,16,Code 8,Owner Driver,Limpopo,4.01
D004582,Kabelo Mahlangu,59,16,Code 8,Owner Driver,Mpumalanga,4.42
D004583,Nomsa Naidoo,61,1,Code 8,Permanent,Eastern Cape,4.1
D004584,Amanda Cele,56,17,Code 8,Contract,Eastern Cape,3.64
D004585,Karabo Williams,49,2,Code 14,Contract,Eastern Cape,4.34
D004586,Lwazi Khumalo,33,11,Code 8,Permanent,Eastern Cape,3.62
D004587,Zanele Mabena,48,11,Code 10,Permanent,Northern Cape,3.39
D004588,Lerato Van Wyk,54,10,Code 10,Contract,Mpumalanga,3.9
D004589,Phumzile Mthembu,24,2,Code 10,Contract,North West,4.64
D004590,Siyabonga Jacobs,63,12,Code 10,Owner Driver,Gauteng,4.25
D004591,Sipho Nkosi,59,26,Code 14,Permanent,Western Cape,4.03
D004592,Nokuthula Naidoo,50,28,Code 10,Permanent,Gauteng,4.49
D004593,Lwazi Mokoena,57,9,Code 14,Contract,Eastern Cape,4.11
D004594,Lwazi Maseko,28,1,Code 10,Permanent,KwaZulu-Natal,4.56
D004595,Sibusiso Zulu,48,31,Code 10,Permanent,Gauteng,3.95
D004596,Ayanda Nkosi,56,23,Code 14,Permanent,Free State,2.79
D004597,Mpho Mokoena,44,1,Code 10,Permanent,Eastern Cape,3.75
D004598,Themba Adams,38,3,Code 10,Permanent,North West,2.74
D004599,Lerato Jacobs,27,21,Code 14,Contract,Eastern Cape,3.71
D004600,Phumzile Maseko,52,29,Code 10,Contract,Free State,4.39
D004601,Precious Mthembu,38,21,Code 10,Permanent,Northern Cape,4.35
D004602,Themba Dlamini,24,25,Code 14,Permanent,Mpumalanga,3.48
D004603,Dumisani Van Wyk,25,2,Code 8,Permanent,Northern Cape,5.0
D004604,Sibusiso Mahlangu,64,15,Code 8,Owner Driver,Gauteng,3.47
D004605,Nokuthula Botha,46,20,Code 10,Owner Driver,Mpumalanga,4.5
D004606,Nokuthula Maseko,63,21,Code 8,Contract,Gauteng,3.16
D004607,Tshepo Mkhize,64,6,Code 14,Contract,Limpopo,3.81
D004608,Tshepo Zulu,29,16,Code 10,Contract,Eastern Cape,4.59
D004609,Tshepo Botha,56,29,Code 10,Owner Driver,North West,3.71
D004610,Busisiwe Zulu,44,7,Code 8,Contract,Northern Cape,4.16
D004611,Busisiwe Ndlovu,25,11,Code 14,Contract,Western Cape,2.96
D004612,Siyabonga Williams,43,30,Code 10,Permanent,Northern Cape,4.86
D004613,Themba Khumalo,61,10,Code 14,Permanent,KwaZulu-Natal,2.93
D004614,Bongani Mahlangu,47,1,Code 10,Permanent,Limpopo,4.44
D004615,Karabo Van Wyk,34,2,Code 8,Permanent,Mpumalanga,3.82
D004616,Amanda Williams,32,6,Code 8,Contract,North West,3.41
D004617,Busisiwe Maseko,27,8,Code 8,Permanent,Western Cape,3.23
D004618,Nomsa Van Wyk,60,33,Code 10,Permanent,Eastern Cape,3.21
D004619,Kabelo Nkosi,48,25,Code 8,Owner Driver,Gauteng,3.07
D004620,Lwazi Jacobs,26,19,Code 10,Contract,Gauteng,4.03
D004621,Nokuthula Cele,36,10,Code 8,Contract,KwaZulu-Natal,3.96
D004622,Precious Botha,60,6,Code 8,Owner Driver,Eastern Cape,2.96
D004623,Tshepo Williams,25,24,Code 8,Permanent,Gauteng,4.41
D004624,Sipho Cele,59,28,Code 10,Contract,Eastern Cape,5.0
D004625,Karabo Mahlangu,44,7,Code 10,Owner Driver,Gauteng,3.28
D004626,Nandi Van Wyk,23,3,Code 8,Owner Driver,Western Cape,4.1
D004627,Lindelwa Mkhize,57,28,Code 14,Permanent,Mpumalanga,4.33
D004628,Siyabonga Mokoena,48,2,Code 14,Owner Driver,Limpopo,4.47
D004629,Karabo Botha,30,18,Code 10,Permanent,Eastern Cape,3.9
D004630,Bongani Mkhize,65,15,Code 8,Owner Driver,Western Cape,4.24
D004631,Thabo Cele,61,24,Code 8,Owner Driver,KwaZulu-Natal,2.89
D004632,Kabelo Molefe,51,1,Code 10,Permanent,North West,4.1
D004633,Kagiso Botha,61,14,Code 10,Contract,Northern Cape,4.13
D004634,Nokuthula Mkhize,47,16,Code 14,Contract,Northern Cape,4.07
D004635,Busisiwe Mkhize,47,32,Code 14,Permanent,Western Cape,4.45
D004636,Precious Zulu,64,9,Code 10,Permanent,KwaZulu-Natal,3.98
D004637,Lindelwa Williams,27,34,Code 14,Permanent,KwaZulu-Natal,4.61
D004638,Tshepo Mahlangu,23,14,Code 14,Owner Driver,Gauteng,3.32
D004639,Karabo Jacobs,46,1,Code 10,Permanent,KwaZulu-Natal,4.81
D004640,Nomsa Khumalo,29,6,Code 8,Owner Driver,KwaZulu-Natal,5.0
D004641,Sipho Dlamini,23,2,Code 10,Permanent,Limpopo,4.68
D004642,Tshepo Cele,34,15,Code 8,Contract,Northern Cape,4.34
D004643,Precious Molefe,29,21,Code 10,Permanent,KwaZulu-Natal,4.15
D004644,Amanda Mabena,28,21,Code 14,Permanent,North West,3.08
D004645,Mpho Mthembu,45,17,Code 8,Permanent,Mpumalanga,4.19
D004646,Nandi Jacobs,37,30,Code 10,Permanent,North West,3.89
D004647,Siyabonga Cele,45,27,Code 8,Permanent,Northern Cape,3.67
D004648,Nomsa Khumalo,47,23,Code 10,Permanent,KwaZulu-Natal,4.19
D004649,Tshepo Khumalo,45,11,Code 10,Permanent,Northern Cape,4.45
D004650,Sipho Mokoena,62,14,Code 10,Permanent,Northern Cape,3.36
D004651,Nandi Naidoo,56,9,Code 10,Contract,Free State,4.4
D004652,Karabo Dlamini,53,34,Code 10,Permanent,North West,4.57
D004653,Lwazi Khumalo,42,19,Code 10,Permanent,Limpopo,4.18
D004654,Busisiwe Moyo,62,19,Code 8,Contract,KwaZulu-Natal,5.0
D004655,Ayanda Pillay,31,14,Code 10,Owner Driver,Free State,3.25
D004656,Nomsa Mthembu,36,13,Code 8,Permanent,KwaZulu-Natal,4.85
D004657,Thabo Williams,31,4,Code 10,Permanent,Gauteng,4.33
D004658,Sipho Cele,62,13,Code 10,Permanent,Eastern Cape,4.67
D004659,Thabo Mahlangu,51,10,Code 8,Permanent,North West,2.8
D004660,Themba Van Wyk,33,34,Code 10,Contract,Mpumalanga,3.17
D004661,Thabo Mabena,39,29,Code 14,Contract,Free State,3.92
D004662,Lwazi Molefe,29,24,Code 10,Owner Driver,Gauteng,4.35
D004663,Phumzile Cele,31,33,Code 10,Contract,Eastern Cape,3.28
D004664,Zanele Sithole,55,19,Code 8,Permanent,Limpopo,3.12
D004665,Lindelwa Naidoo,61,5,Code 10,Permanent,Free State,4.07
D004666,Bongani Williams,24,3,Code 14,Contract,Eastern Cape,4.39
D004667,Themba Jacobs,50,31,Code 10,Contract,Free State,4.15
D004668,Mpho Jacobs,25,13,Code 14,Permanent,Limpopo,4.65
D004669,Bongani Moyo,29,14,Code 10,Permanent,Eastern Cape,4.38
D004670,Themba Pillay,33,3,Code 14,Permanent,Gauteng,3.67
D004671,Lwazi Mokoena,44,3,Code 10,Contract,Free State,3.85
D004672,Themba Dlamini,44,12,Code 8,Owner Driver,Western Cape,3.96
D004673,Phumzile Adams,50,7,Code 10,Contract,Gauteng,4.48
D004674,Lwazi Ngcobo,45,8,Code 10,Permanent,Free State,4.04
D004675,Ayanda Botha,28,4,Code 8,Permanent,Northern Cape,4.41
D004676,Nokuthula Mabena,31,17,Code 10,Contract,Free State,3.68
D004677,Sibusiso Williams,32,17,Code 10,Permanent,Eastern Cape,4.06
D004678,Thabo Modise,26,21,Code 8,Contract,Northern Cape,2.57
D004679,Nomsa Pillay,42,18,Code 8,Contract,KwaZulu-Natal,3.01
D004680,Kagiso Williams,47,21,Code 10,Permanent,Limpopo,3.35
D004681,Nandi Dlamini,27,24,Code 10,Contract,Free State,3.49
D004682,Dumisani Naidoo,45,9,Code 8,Contract,Western Cape,4.45
D004683,Siyabonga Cele,36,23,Code 10,Permanent,Eastern Cape,3.89
D004684,Sibusiso Mokoena,38,1,Code 8,Permanent,Gauteng,2.37
D004685,Amanda Mabena,56,16,Code 14,Permanent,Limpopo,4.78
D004686,Ayanda Mkhize,54,4,Code 8,Permanent,Limpopo,4.55
D004687,Zanele Molefe,64,6,Code 14,Permanent,Eastern Cape,4.78
D004688,Kabelo Mkhize,48,9,Code 10,Permanent,Mpumalanga,5.0
D004689,Ayanda Mabena,39,30,Code 10,Permanent,North West,4.26
D004690,Bongani Mahlangu,34,28,Code 14,Contract,Northern Cape,4.24
D004691,Lwazi Nkosi,35,23,Code 14,Contract,Free State,3.77
D004692,Tshepo Nkosi,63,28,Code 8,Permanent,KwaZulu-Natal,3.45
D004693,Nandi Mkhize,35,32,Code 14,Owner Driver,North West,3.82
D004694,Precious Mthembu,57,3,Code 8,Owner Driver,Mpumalanga,4.74
D004695,Nandi Khumalo,25,6,Code 8,Contract,North West,4.4
D004696,Nomsa Williams,26,9,Code 8,Contract,Eastern Cape,4.59
D004697,Thabo Mahlangu,25,10,Code 8,Contract,Northern Cape,3.81
D004698,Nomsa Williams,53,30,Code 8,Permanent,Free State,3.2
D004699,Mpho Williams,55,14,Code 10,Permanent,Limpopo,3.81
D004700,Themba Mahlangu,60,1,Code 10,Permanent,Gauteng,3.15
D004701,Lindelwa Williams,57,30,Code 10,Permanent,Northern Cape,3.72
D004702,Amanda Mkhize,27,30,Code 8,Permanent,Free State,3.44
D004703,Nokuthula Molefe,56,25,Code 10,Contract,Free State,4.72
D004704,Lerato Zulu,43,7,Code 8,Contract,Limpopo,3.06
D004705,Kagiso Modise,32,20,Code 10,Owner Driver,Northern Cape,4.76
D004706,Karabo Molefe,28,4,Code 8,Permanent,Limpopo,4.2
D004707,Precious Modise,36,9,Code 8,Contract,Mpumalanga,3.95
D004708,Siyabonga Mabena,27,29,Code 14,Contract,Northern Cape,5.0
D004709,Sibusiso Zulu,30,4,Code 14,Permanent,Free State,4.25
D004710,Lwazi Zulu,41,19,Code 8,Permanent,North West,4.6
D004711,Bongani Maseko,30,6,Code 10,Contract,Gauteng,3.16
D004712,Mandla Van Wyk,45,27,Code 8,Permanent,Western Cape,3.66
D004713,Sipho Moyo,63,27,Code 10,Owner Driver,Northern Cape,5.0
D004714,Lwazi Ndlovu,35,22,Code 8,Owner Driver,KwaZulu-Natal,4.92
D004715,Zanele Mabena,40,1,Code 10,Owner Driver,Limpopo,2.86
D004716,Bongani Molefe,37,33,Code 14,Permanent,Western Cape,3.58
D004717,Thabo Dlamini,26,23,Code 10,Permanent,Limpopo,3.42
D004718,Thabo Mkhize,58,24,Code 8,Permanent,Eastern Cape,5.0
D004719,Nandi Modise,35,31,Code 8,Contract,Western Cape,3.51
D004720,Kagiso Dlamini,46,15,Code 10,Permanent,Western Cape,4.65
D004721,Busisiwe Nkosi,24,22,Code 8,Contract,Mpumalanga,4.62
D004722,Siyabonga Botha,38,24,Code 8,Contract,Mpumalanga,3.35
D004723,Nokuthula Sithole,27,7,Code 14,Contract,Limpopo,4.42
D004724,Ayanda Modise,61,11,Code 14,Permanent,KwaZulu-Natal,4.45
D004725,Themba Adams,28,13,Code 8,Permanent,KwaZulu-Natal,3.45
D004726,Dumisani Modise,55,20,Code 8,Permanent,Mpumalanga,5.0
D004727,Dumisani Van Wyk,44,34,Code 10,Permanent,Western Cape,3.27
D004728,Lwazi Cele,40,6,Code 10,Permanent,Northern Cape,3.46
D004729,Lindelwa Mahlangu,54,25,Code 8,Permanent,Eastern Cape,4.28
D004730,Thabo Mabena,33,28,Code 14,Permanent,North West,3.2
D004731,Busisiwe Zulu,51,14,Code 10,Permanent,Western Cape,4.39
D004732,Lwazi Mokoena,65,34,Code 8,Permanent,Eastern Cape,3.58
D004733,Nandi Jacobs,64,32,Code 8,Owner Driver,Eastern Cape,3.6
D004734,Zanele Williams,48,25,Code 10,Owner Driver,Northern Cape,4.12
D004735,Karabo Modise,36,20,Code 10,Permanent,Western Cape,3.65
D004736,Nomsa Nkosi,51,25,Code 10,Owner Driver,Gauteng,3.68
D004737,Lindelwa Zulu,23,4,Code 10,Contract,Gauteng,4.3
D004738,Karabo Mahlangu,59,13,Code 14,Permanent,Mpumalanga,3.79
D004739,Zanele Ndlovu,40,4,Code 10,Permanent,Eastern Cape,2.89
D004740,Mpho Jacobs,58,4,Code 10,Permanent,Eastern Cape,4.46
D004741,Ayanda Moyo,52,23,Code 10,Owner Driver,Northern Cape,4.37
D004742,Ayanda Nkosi,25,6,Code 10,Permanent,Northern Cape,3.8
D004743,Lwazi Nkosi,60,32,Code 10,Permanent,Eastern Cape,3.68
D004744,Tshepo Williams,57,6,Code 10,Owner Driver,Free State,3.52
D004745,Nomsa Khumalo,52,23,Code 10,Contract,Free State,4.04
D004746,Kabelo Khumalo,65,32,Code 10,Contract,KwaZulu-Natal,3.56
D004747,Nomsa Mkhize,40,22,Code 10,Permanent,Gauteng,3.55
D004748,Siyabonga Mkhize,52,13,Code 10,Permanent,Northern Cape,5.0
D004749,Bongani Moyo,59,24,Code 10,Permanent,Free State,3.52
D004750,Kagiso Moyo,47,32,Code 8,Permanent,Eastern Cape,3.28
D004751,Kagiso Mkhize,61,24,Code 8,Contract,KwaZulu-Natal,3.77
D004752,Mandla Williams,40,4,Code 8,Permanent,Limpopo,3.47
D004753,Bongani Ngcobo,28,32,Code 8,Contract,Gauteng,4.49
D004754,Nokuthula Williams,60,3,Code 14,Permanent,Northern Cape,3.32
D004755,Ayanda Naidoo,28,21,Code 10,Permanent,North West,4.62
D004756,Kabelo Khumalo,54,2,Code 10,Permanent,Eastern Cape,3.5
D004757,Amanda Ngcobo,28,19,Code 8,Permanent,KwaZulu-Natal,3.97
D004758,Mpho Ndlovu,62,11,Code 14,Contract,KwaZulu-Natal,4.11
D004759,Dumisani Mokoena,28,19,Code 8,Permanent,Western Cape,3.95
D004760,Lindelwa Van Wyk,28,8,Code 8,Owner Driver,Gauteng,3.97
D004761,Sipho Mokoena,42,22,Code 8,Contract,Western Cape,4.09
D004762,Phumzile Naidoo,43,31,Code 8,Permanent,Gauteng,4.79
D004763,Kabelo Botha,46,22,Code 10,Owner Driver,Mpumalanga,3.57
D004764,Busisiwe Botha,52,24,Code 8,Owner Driver,Limpopo,3.78
D004765,Lwazi Nkosi,46,9,Code 14,Permanent,Eastern Cape,4.83
D004766,Mandla Adams,27,22,Code 10,Contract,Mpumalanga,4.3
D004767,Phumzile Jacobs,63,7,Code 8,Contract,Free State,4.21
D004768,Nomsa Cele,24,21,Code 8,Permanent,Northern Cape,4.38
D004769,Bongani Molefe,40,3,Code 14,Contract,Free State,3.61
D004770,Kabelo Adams,39,29,Code 10,Permanent,Limpopo,3.58
D004771,Precious Botha,44,33,Code 8,Permanent,Free State,4.19
D004772,Themba Jacobs,51,33,Code 8,Permanent,Free State,4.99
D004773,Dumisani Botha,30,26,Code 14,Permanent,Mpumalanga,4.09
D004774,Amanda Khumalo,50,12,Code 10,Contract,Limpopo,2.79
D004775,Thabo Pillay,36,15,Code 10,Permanent,Eastern Cape,3.57
D004776,Nandi Sithole,49,6,Code 8,Contract,North West,4.88
D004777,Tshepo Moyo,46,3,Code 10,Owner Driver,Limpopo,4.06
D004778,Thabo Mkhize,24,2,Code 8,Contract,Mpumalanga,3.05
D004779,Kabelo Jacobs,37,18,Code 10,Contract,North West,3.77
D004780,Ayanda Dlamini,27,11,Code 10,Contract,Free State,3.75
D004781,Thabo Williams,42,11,Code 10,Permanent,Gauteng,4.95
D004782,Nokuthula Jacobs,52,2,Code 14,Permanent,Gauteng,4.59
D004783,Lerato Moyo,56,11,Code 10,Permanent,North West,4.19
D004784,Karabo Nkosi,65,25,Code 8,Contract,Limpopo,2.91
D004785,Karabo Jacobs,35,3,Code 8,Permanent,Gauteng,3.65
D004786,Lwazi Cele,51,13,Code 8,Contract,Gauteng,3.48
D004787,Tshepo Van Wyk,39,32,Code 10,Contract,North West,4.54
D004788,Kagiso Khumalo,45,24,Code 8,Owner Driver,North West,3.95
D004789,Zanele Ngcobo,64,28,Code 8,Owner Driver,Free State,3.11
D004790,Amanda Pillay,40,16,Code 10,Permanent,Eastern Cape,4.85
D004791,Nandi Botha,43,3,Code 8,Permanent,KwaZulu-Natal,3.88
D004792,Dumisani Mthembu,59,19,Code 10,Permanent,North West,4.62
D004793,Lerato Cele,64,14,Code 10,Permanent,North West,3.84
D004794,Tshepo Molefe,52,27,Code 14,Permanent,Mpumalanga,3.84
D004795,Kabelo Naidoo,45,3,Code 8,Permanent,Mpumalanga,5.0
D004796,Nomsa Maseko,36,30,Code 10,Permanent,Limpopo,4.01
D004797,Sipho Khumalo,45,27,Code 8,Permanent,Free State,4.91
D004798,Tshepo Pillay,61,22,Code 8,Permanent,Gauteng,2.63
D004799,Sipho Mthembu,42,30,Code 8,Owner Driver,Northern Cape,3.03
D004800,Phumzile Williams,27,13,Code 10,Permanent,Eastern Cape,4.05
D004801,Ayanda Mabena,54,3,Code 14,Permanent,Limpopo,4.7
D004802,Sibusiso Maseko,51,1,Code 8,Permanent,Limpopo,4.14
D004803,Karabo Khumalo,42,16,Code 10,Permanent,North West,3.64
D004804,Ayanda Mthembu,30,30,Code 10,Permanent,Gauteng,3.97
D004805,Mandla Cele,35,27,Code 10,Permanent,Northern Cape,4.07
D004806,Busisiwe Pillay,52,13,Code 8,Permanent,Eastern Cape,3.89
D004807,Nandi Sithole,57,6,Code 10,Contract,KwaZulu-Natal,3.88
D004808,Nandi Pillay,32,25,Code 14,Permanent,KwaZulu-Natal,4.58
D004809,Sipho Naidoo,55,11,Code 10,Contract,KwaZulu-Natal,3.96
D004810,Precious Jacobs,23,10,Code 10,Contract,Western Cape,4.02
D004811,Kagiso Khumalo,35,16,Code 8,Permanent,Gauteng,4.06
D004812,Mandla Jacobs,63,23,Code 10,Permanent,Western Cape,4.49
D004813,Themba Nkosi,41,30,Code 8,Owner Driver,Gauteng,3.96
D004814,Sipho Mkhize,51,29,Code 8,Contract,Gauteng,3.83
D004815,Phumzile Mkhize,35,3,Code 8,Permanent,Limpopo,4.34
D004816,Kabelo Ngcobo,61,27,Code 10,Permanent,KwaZulu-Natal,3.93
D004817,Kabelo Khumalo,28,27,Code 14,Owner Driver,Eastern Cape,3.78
D004818,Lerato Adams,48,16,Code 10,Permanent,Western Cape,4.12
D004819,Kagiso Khumalo,27,7,Code 8,Contract,Free State,4.1
D004820,Dumisani Van Wyk,59,1,Code 10,Owner Driver,Mpumalanga,4.3
D004821,Nomsa Mokoena,34,32,Code 10,Permanent,Eastern Cape,4.49
D004822,Phumzile Khumalo,54,13,Code 10,Permanent,Free State,4.5
D004823,Themba Mkhize,33,19,Code 14,Permanent,Limpopo,3.87
D004824,Kabelo Jacobs,29,11,Code 10,Permanent,Limpopo,3.95
D004825,Kabelo Khumalo,35,14,Code 14,Contract,Limpopo,4.67
D004826,Bongani Adams,54,3,Code 10,Owner Driver,Mpumalanga,3.31
D004827,Mandla Dlamini,46,17,Code 10,Permanent,Eastern Cape,4.39
D004828,Mpho Ndlovu,25,1,Code 8,Permanent,Limpopo,3.34
D004829,Themba Naidoo,36,23,Code 10,Contract,North West,4.79
D004830,Precious Modise,63,34,Code 10,Contract,Gauteng,4.71
D004831,Lerato Mthembu,53,12,Code 8,Permanent,Eastern Cape,4.04
D004832,Mandla Pillay,27,17,Code 10,Permanent,North West,4.14
D004833,Mpho Zulu,38,7,Code 10,Contract,Limpopo,3.53
D004834,Mandla Molefe,54,21,Code 10,Permanent,Gauteng,3.85
D004835,Lindelwa Molefe,30,23,Code 14,Permanent,Limpopo,4.34
D004836,Bongani Modise,30,32,Code 8,Contract,Western Cape,5.0
D004837,Nandi Maseko,24,32,Code 8,Permanent,Northern Cape,4.35
D004838,Lindelwa Williams,28,1,Code 14,Permanent,Free State,3.97
D004839,Mpho Moyo,31,17,Code 10,Permanent,Free State,4.06
D004840,Lerato Ngcobo,42,24,Code 10,Contract,Mpumalanga,4.1
D004841,Kagiso Sithole,56,2,Code 10,Owner Driver,Limpopo,2.68
D004842,Siyabonga Moyo,36,25,Code 14,Permanent,Western Cape,4.95
D004843,Nandi Ngcobo,50,29,Code 8,Permanent,Western Cape,4.71
D004844,Lwazi Botha,61,22,Code 10,Contract,Limpopo,4.58
D004845,Kagiso Cele,34,11,Code 10,Permanent,Limpopo,4.7
D004846,Mpho Sithole,37,11,Code 10,Permanent,Limpopo,3.95
D004847,Nokuthula Pillay,45,30,Code 8,Permanent,Eastern Cape,5.0
D004848,Busisiwe Jacobs,50,4,Code 10,Permanent,Mpumalanga,4.38
D004849,Tshepo Mkhize,38,18,Code 8,Owner Driver,North West,4.13
D004850,Kabelo Modise,52,12,Code 10,Permanent,Gauteng,4.24
D004851,Lwazi Mabena,55,23,Code 8,Contract,Northern Cape,3.8
D004852,Precious Khumalo,28,30,Code 10,Owner Driver,Gauteng,4.06
D004853,Lerato Mthembu,42,1,Code 14,Permanent,Gauteng,3.16
D004854,Zanele Cele,28,34,Code 8,Contract,Eastern Cape,3.03
D004855,Nokuthula Adams,58,25,Code 8,Permanent,Gauteng,4.57
D004856,Thabo Maseko,38,12,Code 10,Permanent,Northern Cape,4.38
D004857,Tshepo Molefe,53,1,Code 10,Owner Driver,North West,3.54
D004858,Mpho Mkhize,48,5,Code 8,Owner Driver,Free State,4.31
D004859,Bongani Cele,65,24,Code 8,Permanent,Western Cape,4.28
D004860,Kabelo Mokoena,48,1,Code 8,Owner Driver,North West,4.32
D004861,Nomsa Molefe,25,13,Code 14,Owner Driver,KwaZulu-Natal,4.97
D004862,Lindelwa Ngcobo,37,7,Code 10,Contract,North West,3.68
D004863,Mandla Zulu,25,9,Code 8,Owner Driver,Mpumalanga,4.38
D004864,Nandi Williams,37,22,Code 10,Owner Driver,North West,3.78
D004865,Ayanda Mahlangu,31,19,Code 14,Permanent,Eastern Cape,3.46
D004866,Thabo Naidoo,24,26,Code 14,Permanent,Northern Cape,3.88
D004867,Tshepo Sithole,53,16,Code 8,Owner Driver,Northern Cape,3.36
D004868,Siyabonga Molefe,65,2,Code 8,Permanent,North West,4.91
D004869,Kabelo Jacobs,49,13,Code 8,Permanent,Mpumalanga,3.77
D004870,Mandla Williams,65,7,Code 8,Contract,Eastern Cape,3.97
D004871,Thabo Maseko,40,9,Code 8,Owner Driver,Northern Cape,4.65
D004872,Thabo Nkosi,52,11,Code 8,Permanent,Gauteng,3.97
D004873,Lerato Khumalo,34,4,Code 10,Permanent,Eastern Cape,5.0
D004874,Precious Zulu,55,17,Code 8,Permanent,Limpopo,4.41
D004875,Nokuthula Van Wyk,58,26,Code 10,Contract,Free State,4.54
D004876,Mpho Mokoena,28,3,Code 10,Permanent,North West,4.17
D004877,Sibusiso Ngcobo,31,34,Code 8,Permanent,North West,3.69
D004878,Mpho Zulu,27,15,Code 10,Owner Driver,Western Cape,3.83
D004879,Amanda Mkhize,49,34,Code 10,Permanent,North West,3.52
D004880,Lerato Botha,37,28,Code 10,Contract,Northern Cape,3.41
D004881,Mandla Mokoena,36,24,Code 10,Contract,Western Cape,3.14
D004882,Nandi Adams,23,8,Code 8,Owner Driver,North West,4.7
D004883,Ayanda Adams,61,19,Code 10,Permanent,Limpopo,3.38
D004884,Sipho Khumalo,26,15,Code 10,Permanent,Mpumalanga,4.78
D004885,Ayanda Botha,56,32,Code 14,Permanent,Western Cape,3.13
D004886,Siyabonga Mthembu,51,9,Code 10,Owner Driver,Free State,4.59
D004887,Lwazi Modise,43,33,Code 14,Contract,Limpopo,4.27
D004888,Kabelo Dlamini,42,3,Code 8,Permanent,Free State,4.21
D004889,Sipho Mahlangu,31,9,Code 10,Permanent,Gauteng,3.59
D004890,Phumzile Botha,32,21,Code 10,Permanent,Free State,3.84
D004891,Bongani Williams,47,4,Code 10,Permanent,Limpopo,4.38
D004892,Amanda Pillay,23,7,Code 8,Contract,North West,3.51
D004893,Busisiwe Ndlovu,30,32,Code 10,Permanent,Mpumalanga,3.76
D004894,Tshepo Williams,46,6,Code 10,Permanent,Western Cape,3.69
D004895,Dumisani Pillay,24,20,Code 8,Permanent,Free State,4.5
D004896,Karabo Botha,41,12,Code 10,Contract,Gauteng,3.82
D004897,Nokuthula Mokoena,44,7,Code 10,Permanent,Northern Cape,3.02
D004898,Kagiso Ngcobo,45,25,Code 10,Permanent,North West,3.43
D004899,Bongani Ndlovu,49,6,Code 10,Permanent,Western Cape,4.24
D004900,Lerato Mabena,61,3,Code 8,Permanent,Northern Cape,3.5
D004901,Thabo Mabena,61,7,Code 8,Permanent,Western Cape,3.64
D004902,Dumisani Cele,51,23,Code 10,Owner Driver,Free State,4.35
D004903,Lindelwa Botha,30,7,Code 14,Contract,Western Cape,3.38
D004904,Nandi Van Wyk,29,8,Code 8,Owner Driver,Northern Cape,5.0
D004905,Lerato Zulu,25,6,Code 10,Permanent,Gauteng,4.53
D004906,Lerato Sithole,27,33,Code 8,Permanent,Western Cape,4.95
D004907,Kagiso Williams,32,23,Code 10,Permanent,Mpumalanga,3.07
D004908,Mandla Botha,27,2,Code 10,Permanent,Limpopo,3.88
D004909,Sipho Sithole,26,25,Code 8,Contract,Western Cape,3.11
D004910,Dumisani Botha,58,8,Code 8,Permanent,KwaZulu-Natal,4.27
D004911,Kagiso Sithole,53,21,Code 8,Permanent,Western Cape,4.24
D004912,Kabelo Mthembu,30,16,Code 10,Permanent,Mpumalanga,4.54
D004913,Lwazi Cele,26,5,Code 8,Permanent,Mpumalanga,4.44
D004914,Lerato Ngcobo,23,13,Code 10,Contract,Eastern Cape,3.79
D004915,Kagiso Mkhize,33,24,Code 8,Contract,North West,4.4
D004916,Zanele Ngcobo,59,34,Code 14,Permanent,Limpopo,4.55
D004917,Nandi Moyo,50,5,Code 10,Permanent,Free State,5.0
D004918,Zanele Nkosi,26,23,Code 10,Owner Driver,KwaZulu-Natal,4.59
D004919,Nandi Jacobs,39,29,Code 8,Permanent,KwaZulu-Natal,4.72
D004920,Lwazi Dlamini,63,19,Code 10,Contract,Mpumalanga,4.31
D004921,Ayanda Adams,44,24,Code 8,Permanent,Northern Cape,4.56
D004922,Precious Ngcobo,56,19,Code 10,Permanent,Free State,3.67
D004923,Lindelwa Sithole,58,6,Code 8,Owner Driver,KwaZulu-Natal,3.61
D004924,Siyabonga Adams,36,34,Code 14,Permanent,Gauteng,4.87
D004925,Lerato Botha,61,29,Code 10,Owner Driver,Free State,3.16
D004926,Nokuthula Mthembu,35,27,Code 10,Permanent,Northern Cape,3.88
D004927,Siyabonga Ndlovu,58,10,Code 10,Owner Driver,Western Cape,3.37
D004928,Ayanda Pillay,65,8,Code 10,Contract,North West,3.28
D004929,Lindelwa Ngcobo,55,23,Code 8,Contract,Northern Cape,3.62
D004930,Nokuthula Botha,62,7,Code 10,Permanent,Free State,4.05
D004931,Kabelo Moyo,25,6,Code 8,Permanent,Eastern Cape,4.01
D004932,Sibusiso Naidoo,47,26,Code 10,Permanent,Limpopo,3.59
D004933,Sipho Modise,37,21,Code 8,Permanent,Free State,4.33
D004934,Precious Dlamini,25,8,Code 10,Contract,KwaZulu-Natal,3.28
D004935,Karabo Mabena,29,10,Code 14,Contract,Limpopo,4.78
D004936,Busisiwe Williams,54,11,Code 10,Permanent,Mpumalanga,3.76
D004937,Kabelo Ndlovu,55,25,Code 14,Owner Driver,North West,4.58
D004938,Themba Dlamini,57,9,Code 14,Permanent,Free State,4.04
D004939,Busisiwe Cele,58,5,Code 8,Permanent,North West,3.47
D004940,Bongani Jacobs,62,12,Code 14,Permanent,North West,4.78
D004941,Precious Pillay,64,15,Code 14,Permanent,Gauteng,4.07
D004942,Mandla Molefe,41,26,Code 8,Permanent,Mpumalanga,4.08
D004943,Kabelo Cele,40,19,Code 14,Permanent,Eastern Cape,3.79
D004944,Amanda Naidoo,31,34,Code 14,Contract,Limpopo,4.03
D004945,Themba Modise,48,18,Code 8,Contract,Free State,4.18
D004946,Sipho Botha,60,28,Code 8,Contract,Free State,3.93
D004947,Precious Botha,31,7,Code 10,Permanent,Western Cape,3.23
D004948,Kagiso Pillay,43,4,Code 8,Permanent,Western Cape,3.04
D004949,Phumzile Cele,47,23,Code 10,Permanent,Eastern Cape,4.1
D004950,Sipho Botha,62,6,Code 10,Permanent,Gauteng,4.39
D004951,Siyabonga Modise,49,6,Code 14,Contract,Free State,4.41
D004952,Amanda Mkhize,45,12,Code 10,Permanent,Eastern Cape,4.19
D004953,Mandla Zulu,65,19,Code 14,Permanent,KwaZulu-Natal,5.0
D004954,Phumzile Mokoena,33,25,Code 10,Owner Driver,North West,3.96
D004955,Lindelwa Mkhize,61,21,Code 14,Permanent,Mpumalanga,4.71
D004956,Lerato Moyo,52,24,Code 8,Permanent,Limpopo,3.96
D004957,Sipho Ndlovu,61,14,Code 14,Permanent,Northern Cape,3.59
D004958,Mandla Ndlovu,65,6,Code 14,Permanent,North West,3.49
D004959,Sipho Modise,41,28,Code 8,Permanent,Limpopo,3.39
D004960,Dumisani Dlamini,30,1,Code 14,Owner Driver,Limpopo,3.81
D004961,Lwazi Dlamini,33,6,Code 8,Permanent,Western Cape,3.2
D004962,Mandla Mokoena,29,3,Code 10,Permanent,Northern Cape,4.0
D004963,Lindelwa Pillay,51,30,Code 8,Owner Driver,Mpumalanga,4.4
D004964,Zanele Khumalo,53,23,Code 8,Permanent,Western Cape,4.45
D004965,Kabelo Mahlangu,24,30,Code 8,Contract,KwaZulu-Natal,4.0
D004966,Nomsa Pillay,57,20,Code 8,Contract,Eastern Cape,4.43
D004967,Siyabonga Mabena,29,20,Code 10,Permanent,Northern Cape,4.53
D004968,Busisiwe Molefe,63,26,Code 10,Permanent,Free State,4.3
D004969,Sibusiso Mokoena,46,2,Code 8,Contract,Limpopo,3.99
D004970,Sipho Nkosi,53,26,Code 10,Permanent,Free State,4.02
D004971,Lerato Maseko,51,3,Code 10,Permanent,Eastern Cape,4.29
D004972,Kabelo Zulu,34,30,Code 14,Contract,North West,4.55
D004973,Mandla Mokoena,58,2,Code 10,Permanent,Eastern Cape,4.07
D004974,Nandi Mahlangu,37,3,Code 14,Permanent,Mpumalanga,3.93
D004975,Lindelwa Moyo,41,18,Code 8,Permanent,Free State,4.02
D004976,Kagiso Mahlangu,51,8,Code 10,Permanent,Limpopo,4.35
D004977,Kabelo Modise,46,26,Code 10,Permanent,Limpopo,4.11
D004978,Nomsa Van Wyk,36,28,Code 8,Permanent,Northern Cape,4.31
D004979,Bongani Sithole,38,27,Code 8,Owner Driver,Limpopo,3.36
D004980,Siyabonga Mkhize,24,24,Code 10,Contract,Limpopo,4.12
D004981,Zanele Naidoo,43,20,Code 10,Permanent,Free State,4.7
D004982,Dumisani Van Wyk,24,23,Code 10,Owner Driver,Gauteng,3.97
D004983,Nokuthula Van Wyk,45,7,Code 8,Contract,Free State,4.0
D004984,Ayanda Naidoo,58,19,Code 14,Permanent,Free State,4.18
D004985,Lerato Nkosi,54,18,Code 8,Owner Driver,North West,3.85
D004986,Karabo Van Wyk,45,6,Code 10,Contract,Northern Cape,4.88
D004987,Amanda Molefe,42,2,Code 8,Owner Driver,North West,3.54
D004988,Zanele Cele,37,10,Code 10,Owner Driver,North West,3.82
D004989,Ayanda Molefe,47,30,Code 8,Permanent,Free State,4.52
D004990,Sipho Ndlovu,63,18,Code 8,Permanent,North West,3.69
D004991,Siyabonga Mokoena,37,11,Code 8,Owner Driver,Mpumalanga,4.48
D004992,Nokuthula Moyo,28,13,Code 10,Permanent,Free State,3.88
D004993,Busisiwe Adams,35,21,Code 8,Permanent,North West,3.2
D004994,Phumzile Dlamini,39,9,Code 10,Permanent,Eastern Cape,3.58
D004995,Karabo Pillay,55,14,Code 14,Permanent,Limpopo,4.32
D004996,Sipho Khumalo,58,8,Code 8,Permanent,Mpumalanga,4.22
D004997,Siyabonga Botha,57,16,Code 10,Permanent,Eastern Cape,4.11
D004998,Amanda Zulu,39,30,Code 14,Owner Driver,Eastern Cape,4.38
D004999,Phumzile Adams,52,22,Code 10,Permanent,Western Cape,3.37
D005000,Lerato Mahlangu,63,13,Code 10,Permanent,Limpopo,3.75
D005001,Kabelo Van Wyk,45,23,Code 14,Contract,Northern Cape,3.89
D005002,Mandla Khumalo,27,19,Code 8,Contract,Mpumalanga,4.54
D005003,Lerato Williams,61,33,Code 8,Owner Driver,Limpopo,4.4
D005004,Dumisani Williams,43,34,Code 10,Contract,KwaZulu-Natal,4.11
D005005,Busisiwe Pillay,53,22,Code 10,Permanent,Free State,3.87
D005006,Nokuthula Dlamini,48,9,Code 8,Permanent,Eastern Cape,4.22
D005007,Tshepo Molefe,26,29,Code 8,Permanent,KwaZulu-Natal,4.06
D005008,Mpho Cele,46,7,Code 14,Permanent,Northern Cape,4.28
D005009,Precious Maseko,59,10,Code 8,Permanent,Gauteng,4.77
D005010,Nomsa Zulu,62,1,Code 10,Permanent,Northern Cape,3.92
D005011,Lerato Khumalo,33,27,Code 8,Permanent,North West,4.33
D005012,Phumzile Ngcobo,59,31,Code 8,Owner Driver,Eastern Cape,3.86
D005013,Lindelwa Botha,59,1,Code 14,Contract,Northern Cape,4.13
D005014,Zanele Mahlangu,29,7,Code 14,Owner Driver,Free State,3.61
D005015,Zanele Mabena,31,4,Code 8,Permanent,Free State,3.59
D005016,Sibusiso Botha,53,34,Code 14,Contract,Gauteng,3.22
D005017,Zanele Pillay,29,20,Code 14,Contract,Gauteng,2.86
D005018,Lerato Van Wyk,51,27,Code 8,Contract,North West,4.25
D005019,Kabelo Dlamini,61,28,Code 14,Owner Driver,Limpopo,3.55
D005020,Themba Van Wyk,54,10,Code 10,Permanent,Eastern Cape,3.83
D005021,Dumisani Zulu,29,10,Code 10,Permanent,Mpumalanga,3.77
D005022,Nokuthula Ngcobo,65,17,Code 10,Permanent,Northern Cape,3.64
D005023,Phumzile Botha,54,10,Code 10,Permanent,Western Cape,3.31
D005024,Sibusiso Nkosi,40,9,Code 8,Owner Driver,Limpopo,4.44
D005025,Sipho Botha,42,22,Code 10,Permanent,Limpopo,3.49
D005026,Amanda Van Wyk,57,13,Code 10,Permanent,Free State,2.82
D005027,Tshepo Mokoena,27,30,Code 10,Permanent,Free State,4.01
D005028,Kabelo Van Wyk,42,15,Code 8,Permanent,Free State,3.02
D005029,Busisiwe Molefe,31,1,Code 8,Contract,Northern Cape,3.69
D005030,Amanda Ngcobo,26,3,Code 14,Permanent,Western Cape,3.55
D005031,Amanda Pillay,60,11,Code 8,Contract,North West,3.4
D005032,Busisiwe Van Wyk,48,32,Code 14,Permanent,Gauteng,4.01
D005033,Nomsa Jacobs,27,20,Code 14,Contract,KwaZulu-Natal,3.99
D005034,Sipho Ndlovu,26,16,Code 10,Permanent,Free State,3.63
D005035,Sibusiso Mthembu,24,14,Code 10,Contract,Mpumalanga,4.32
D005036,Amanda Van Wyk,38,6,Code 14,Permanent,Western Cape,4.88
D005037,Amanda Moyo,64,23,Code 14,Permanent,Limpopo,3.49
D005038,Mpho Mokoena,35,16,Code 8,Permanent,Mpumalanga,3.61
D005039,Phumzile Molefe,45,12,Code 8,Owner Driver,Gauteng,4.13
D005040,Tshepo Zulu,64,21,Code 8,Owner Driver,North West,4.22
D005041,Tshepo Sithole,49,12,Code 8,Permanent,Western Cape,3.75
D005042,Lerato Mthembu,34,34,Code 10,Permanent,Western Cape,3.16
D005043,Kabelo Nkosi,38,11,Code 14,Contract,KwaZulu-Natal,4.41
D005044,Zanele Mthembu,53,11,Code 10,Permanent,Free State,3.67
D005045,Precious Modise,33,30,Code 14,Permanent,Western Cape,5.0
D005046,Nandi Mokoena,62,18,Code 8,Permanent,Gauteng,3.49
D005047,Lindelwa Moyo,47,33,Code 14,Owner Driver,Free State,4.32
D005048,Dumisani Sithole,60,26,Code 14,Permanent,Free State,4.8
D005049,Phumzile Maseko,46,5,Code 10,Permanent,Mpumalanga,3.06
D005050,Bongani Ndlovu,56,17,Code 8,Contract,Limpopo,4.67
D005051,Amanda Mthembu,23,4,Code 8,Contract,Mpumalanga,5.0
D005052,Precious Mabena,48,24,Code 14,Owner Driver,Limpopo,5.0
D005053,Siyabonga Naidoo,44,7,Code 8,Owner Driver,Free State,4.04
D005054,Amanda Moyo,48,18,Code 8,Contract,Eastern Cape,4.11
D005055,Mandla Botha,53,3,Code 10,Permanent,Gauteng,3.71
D005056,Bongani Botha,48,18,Code 10,Permanent,North West,3.89
D005057,Karabo Zulu,43,16,Code 10,Contract,Gauteng,2.46
D005058,Nomsa Dlamini,53,10,Code 10,Contract,North West,5.0
D005059,Ayanda Khumalo,31,2,Code 8,Permanent,Limpopo,4.46
D005060,Karabo Williams,35,6,Code 10,Permanent,KwaZulu-Natal,3.74
D005061,Zanele Ndlovu,45,10,Code 8,Permanent,Western Cape,3.26
D005062,Lwazi Williams,54,12,Code 10,Permanent,Eastern Cape,3.8
D005063,Amanda Dlamini,48,32,Code 8,Contract,Free State,4.23
D005064,Thabo Cele,35,15,Code 10,Permanent,Western Cape,4.37
D005065,Themba Mthembu,59,2,Code 14,Permanent,Mpumalanga,4.66
D005066,Nandi Mthembu,34,31,Code 10,Owner Driver,Eastern Cape,4.74
D005067,Lerato Khumalo,33,24,Code 10,Permanent,Western Cape,2.82
D005068,Lwazi Williams,38,5,Code 14,Permanent,Western Cape,4.63
D005069,Karabo Pillay,52,12,Code 8,Permanent,Eastern Cape,3.44
D005070,Amanda Mthembu,33,24,Code 14,Contract,Free State,4.32
D005071,Zanele Modise,56,7,Code 8,Owner Driver,KwaZulu-Natal,4.84
D005072,Sibusiso Mthembu,44,1,Code 8,Owner Driver,Gauteng,4.92
D005073,Dumisani Maseko,63,1,Code 8,Permanent,Northern Cape,4.59
D005074,Kabelo Botha,34,30,Code 8,Permanent,Limpopo,3.1
D005075,Lerato Jacobs,60,15,Code 10,Contract,Western Cape,3.65
D005076,Tshepo Pillay,60,9,Code 10,Permanent,Northern Cape,4.42
D005077,Nokuthula Ngcobo,42,16,Code 8,Permanent,Eastern Cape,4.23
D005078,Karabo Mokoena,35,12,Code 8,Permanent,Mpumalanga,3.41
D005079,Kabelo Sithole,28,34,Code 14,Contract,Free State,4.45
D005080,Themba Cele,27,1,Code 10,Contract,Northern Cape,3.8
D005081,Precious Nkosi,62,21,Code 8,Contract,Free State,3.93
D005082,Precious Maseko,42,17,Code 10,Owner Driver,Gauteng,3.33
D005083,Amanda Moyo,50,32,Code 10,Permanent,KwaZulu-Natal,4.77
D005084,Precious Jacobs,43,4,Code 8,Owner Driver,Free State,4.59
D005085,Sibusiso Mahlangu,30,1,Code 8,Owner Driver,KwaZulu-Natal,4.45
D005086,Themba Mthembu,31,31,Code 8,Contract,Free State,4.77
D005087,Kabelo Sithole,46,30,Code 8,Contract,Mpumalanga,4.48
D005088,Bongani Pillay,48,16,Code 10,Owner Driver,Western Cape,3.85
D005089,Precious Modise,40,23,Code 8,Permanent,Free State,4.72
D005090,Lwazi Mabena,65,12,Code 10,Permanent,Eastern Cape,3.45
D005091,Mpho Nkosi,53,12,Code 8,Permanent,KwaZulu-Natal,3.88
D005092,Dumisani Mthembu,56,3,Code 14,Permanent,Mpumalanga,4.47
D005093,Nomsa Mokoena,50,31,Code 10,Permanent,Mpumalanga,3.89
D005094,Lwazi Nkosi,50,34,Code 14,Owner Driver,Northern Cape,4.13
D005095,Kabelo Modise,23,3,Code 10,Permanent,Limpopo,5.0
D005096,Sipho Zulu,25,21,Code 14,Contract,Northern Cape,3.64
D005097,Karabo Mahlangu,32,33,Code 14,Owner Driver,KwaZulu-Natal,3.07
D005098,Thabo Naidoo,44,24,Code 10,Permanent,Mpumalanga,5.0
D005099,Thabo Khumalo,54,10,Code 10,Contract,Gauteng,3.07
D005100,Dumisani Modise,58,30,Code 14,Permanent,Free State,3.66
D005101,Thabo Khumalo,46,25,Code 10,Permanent,Western Cape,5.0
D005102,Nandi Zulu,28,6,Code 10,Owner Driver,North West,3.78
D005103,Zanele Naidoo,37,14,Code 10,Owner Driver,North West,3.71
D005104,Lwazi Mahlangu,30,23,Code 14,Permanent,Mpumalanga,2.83
D005105,Sipho Van Wyk,30,18,Code 8,Owner Driver,Gauteng,4.29
D005106,Lindelwa Ngcobo,41,13,Code 14,Permanent,Gauteng,5.0
D005107,Zanele Dlamini,36,17,Code 10,Permanent,KwaZulu-Natal,3.56
D005108,Nomsa Molefe,65,12,Code 14,Permanent,Northern Cape,3.75
D005109,Thabo Pillay,58,30,Code 10,Owner Driver,Gauteng,4.3
D005110,Lerato Molefe,40,22,Code 8,Permanent,Limpopo,4.68
D005111,Kabelo Sithole,43,5,Code 10,Contract,Free State,3.14
D005112,Nomsa Molefe,26,2,Code 8,Permanent,Limpopo,4.01
D005113,Busisiwe Van Wyk,60,4,Code 10,Contract,Eastern Cape,3.35
D005114,Lwazi Botha,47,32,Code 14,Permanent,KwaZulu-Natal,3.79
D005115,Kabelo Moyo,27,9,Code 14,Permanent,Limpopo,4.0
D005116,Lwazi Jacobs,28,17,Code 8,Owner Driver,North West,4.15
D005117,Dumisani Mokoena,60,9,Code 14,Owner Driver,Free State,3.03
D005118,Mpho Maseko,39,21,Code 10,Permanent,Gauteng,3.83
D005119,Precious Mahlangu,39,22,Code 10,Contract,Limpopo,3.51
D005120,Precious Naidoo,30,32,Code 8,Contract,Free State,4.94
D005121,Lindelwa Molefe,58,23,Code 10,Permanent,Northern Cape,3.79
D005122,Karabo Mabena,45,20,Code 8,Permanent,Limpopo,4.89
D005123,Lerato Modise,33,16,Code 10,Permanent,KwaZulu-Natal,4.48
D005124,Tshepo Zulu,63,7,Code 8,Contract,Western Cape,4.22
D005125,Dumisani Maseko,50,26,Code 10,Owner Driver,Western Cape,4.21
D005126,Phumzile Naidoo,49,26,Code 10,Permanent,Western Cape,5.0
D005127,Mpho Ndlovu,30,3,Code 10,Owner Driver,Free State,4.57
D005128,Themba Zulu,44,14,Code 10,Permanent,Limpopo,4.16
D005129,Karabo Sithole,24,5,Code 10,Contract,Limpopo,3.72
D005130,Ayanda Zulu,41,28,Code 10,Permanent,Western Cape,3.96
D005131,Nokuthula Pillay,35,14,Code 8,Permanent,Gauteng,3.56
D005132,Phumzile Zulu,37,27,Code 10,Contract,Free State,3.77
D005133,Nomsa Mahlangu,46,33,Code 14,Contract,North West,3.11
D005134,Lwazi Mokoena,65,19,Code 10,Contract,North West,3.38
D005135,Lwazi Adams,39,10,Code 10,Permanent,Limpopo,3.98
D005136,Bongani Mabena,64,12,Code 10,Permanent,KwaZulu-Natal,4.31
D005137,Busisiwe Nkosi,65,16,Code 10,Permanent,North West,4.08
D005138,Karabo Sithole,65,11,Code 10,Permanent,Mpumalanga,3.24
D005139,Dumisani Moyo,53,31,Code 10,Owner Driver,Northern Cape,4.0
D005140,Bongani Modise,62,28,Code 8,Permanent,Mpumalanga,4.16
D005141,Themba Dlamini,53,18,Code 8,Contract,KwaZulu-Natal,3.4
D005142,Siyabonga Mkhize,61,8,Code 8,Permanent,Gauteng,4.32
D005143,Karabo Mahlangu,40,10,Code 10,Contract,Free State,3.61
D005144,Sipho Cele,62,6,Code 10,Contract,Western Cape,3.2
D005145,Tshepo Khumalo,54,31,Code 10,Permanent,Limpopo,4.08
D005146,Lindelwa Jacobs,42,29,Code 10,Owner Driver,Mpumalanga,3.33
D005147,Dumisani Modise,38,9,Code 10,Owner Driver,Limpopo,4.24
D005148,Lerato Jacobs,39,3,Code 10,Owner Driver,Limpopo,4.03
D005149,Dumisani Van Wyk,60,34,Code 10,Permanent,Eastern Cape,3.57
D005150,Lerato Moyo,24,22,Code 14,Permanent,Limpopo,3.83
D005151,Thabo Ndlovu,50,8,Code 8,Permanent,North West,3.34
D005152,Nandi Adams,29,28,Code 8,Owner Driver,Eastern Cape,4.52
D005153,Nandi Williams,34,14,Code 8,Permanent,KwaZulu-Natal,4.22
D005154,Karabo Mokoena,24,4,Code 14,Permanent,Eastern Cape,5.0
D005155,Thabo Mabena,36,3,Code 8,Contract,KwaZulu-Natal,4.77
D005156,Mandla Sithole,51,12,Code 10,Contract,Eastern Cape,2.61
D005157,Siyabonga Molefe,35,9,Code 10,Permanent,KwaZulu-Natal,4.72
D005158,Themba Jacobs,30,23,Code 8,Permanent,Gauteng,3.85
D005159,Precious Mokoena,58,4,Code 8,Permanent,Eastern Cape,3.26
D005160,Siyabonga Pillay,50,1,Code 8,Permanent,Free State,4.13
D005161,Mpho Molefe,48,27,Code 10,Permanent,Eastern Cape,5.0
D005162,Lerato Pillay,40,14,Code 8,Permanent,North West,3.73
D005163,Kabelo Moyo,44,5,Code 8,Owner Driver,North West,3.46
D005164,Busisiwe Jacobs,39,15,Code 14,Permanent,Limpopo,2.98
D005165,Bongani Moyo,39,6,Code 10,Contract,Free State,4.54
D005166,Ayanda Williams,42,15,Code 8,Permanent,North West,3.87
D005167,Siyabonga Khumalo,59,12,Code 10,Contract,Free State,2.66
D005168,Nomsa Mokoena,40,33,Code 10,Permanent,KwaZulu-Natal,3.37
D005169,Bongani Adams,40,27,Code 10,Owner Driver,North West,4.42
D005170,Karabo Zulu,42,4,Code 8,Permanent,KwaZulu-Natal,3.37
D005171,Lerato Zulu,65,4,Code 8,Contract,Northern Cape,4.05
D005172,Kagiso Williams,38,30,Code 14,Permanent,Northern Cape,4.56
D005173,Nomsa Van Wyk,33,18,Code 14,Permanent,Gauteng,3.45
D005174,Mandla Mokoena,40,9,Code 10,Permanent,Mpumalanga,3.56
D005175,Themba Jacobs,47,6,Code 10,Permanent,Eastern Cape,3.33
D005176,Ayanda Mahlangu,63,18,Code 10,Permanent,KwaZulu-Natal,3.85
D005177,Dumisani Nkosi,25,29,Code 10,Permanent,Mpumalanga,3.07
D005178,Nandi Naidoo,43,31,Code 8,Permanent,KwaZulu-Natal,3.3
D005179,Tshepo Mokoena,49,16,Code 14,Permanent,Eastern Cape,2.93
D005180,Kabelo Nkosi,42,20,Code 8,Contract,Free State,4.4
D005181,Lwazi Ndlovu,26,31,Code 10,Contract,Eastern Cape,2.7
D005182,Nandi Jacobs,49,10,Code 10,Contract,Eastern Cape,4.38
D005183,Bongani Modise,50,6,Code 10,Contract,North West,4.13
D005184,Tshepo Ngcobo,58,7,Code 8,Permanent,Mpumalanga,3.84
D005185,Sibusiso Moyo,65,13,Code 10,Permanent,Northern Cape,4.59
D005186,Kabelo Naidoo,36,28,Code 14,Contract,Mpumalanga,4.53
D005187,Ayanda Maseko,60,1,Code 10,Permanent,Western Cape,3.71
D005188,Karabo Modise,34,27,Code 14,Permanent,KwaZulu-Natal,3.88
D005189,Busisiwe Sithole,35,16,Code 14,Permanent,Mpumalanga,3.87
D005190,Kabelo Mthembu,52,33,Code 8,Permanent,KwaZulu-Natal,3.84
D005191,Siyabonga Jacobs,60,16,Code 8,Contract,Mpumalanga,5.0
D005192,Zanele Molefe,43,29,Code 14,Permanent,Free State,3.23
D005193,Sipho Cele,56,18,Code 10,Permanent,Gauteng,5.0
D005194,Sipho Sithole,39,25,Code 10,Contract,Free State,4.06
D005195,Lindelwa Adams,59,21,Code 10,Contract,Mpumalanga,3.77
D005196,Mpho Pillay,64,29,Code 8,Permanent,Western Cape,4.15
D005197,Kabelo Mkhize,42,19,Code 8,Permanent,Eastern Cape,3.76
D005198,Dumisani Zulu,26,15,Code 10,Contract,Northern Cape,4.0
D005199,Precious Naidoo,38,33,Code 10,Permanent,Free State,4.81
D005200,Kabelo Zulu,44,1,Code 10,Owner Driver,North West,4.4
D005201,Lwazi Dlamini,23,16,Code 10,Contract,Mpumalanga,4.11
D005202,Sipho Van Wyk,41,32,Code 14,Contract,Limpopo,4.33
D005203,Thabo Khumalo,27,25,Code 10,Permanent,Free State,3.66
D005204,Lerato Williams,38,11,Code 10,Permanent,KwaZulu-Natal,3.65
D005205,Bongani Modise,57,21,Code 8,Owner Driver,Mpumalanga,4.87
D005206,Mandla Williams,32,30,Code 8,Contract,Mpumalanga,4.15
D005207,Amanda Moyo,45,33,Code 10,Permanent,Mpumalanga,5.0
D005208,Lerato Mthembu,57,29,Code 14,Permanent,Northern Cape,3.93
D005209,Dumisani Mokoena,40,8,Code 8,Contract,Limpopo,3.59
D005210,Ayanda Khumalo,64,25,Code 8,Owner Driver,KwaZulu-Natal,3.17
D005211,Mandla Van Wyk,59,15,Code 10,Permanent,Mpumalanga,4.57
D005212,Bongani Sithole,45,4,Code 10,Permanent,Western Cape,4.36
D005213,Lerato Nkosi,30,26,Code 8,Permanent,Eastern Cape,4.61
D005214,Amanda Adams,56,31,Code 10,Contract,Gauteng,4.68
D005215,Kabelo Mthembu,48,31,Code 10,Contract,North West,4.57
D005216,Precious Mkhize,58,16,Code 10,Owner Driver,Gauteng,4.42
D005217,Lindelwa Mokoena,62,8,Code 14,Permanent,KwaZulu-Natal,3.88
D005218,Lindelwa Sithole,41,29,Code 8,Contract,Northern Cape,3.29
D005219,Tshepo Adams,45,20,Code 10,Owner Driver,Gauteng,4.14
D005220,Karabo Molefe,64,12,Code 8,Permanent,Limpopo,4.03
D005221,Karabo Ndlovu,25,34,Code 8,Owner Driver,Gauteng,4.7
D005222,Karabo Mahlangu,31,28,Code 10,Permanent,KwaZulu-Natal,3.62
D005223,Zanele Cele,54,2,Code 10,Owner Driver,Limpopo,3.9
D005224,Nomsa Jacobs,30,19,Code 10,Permanent,North West,3.47
D005225,Kagiso Ndlovu,63,26,Code 14,Permanent,Limpopo,4.65
D005226,Themba Zulu,32,21,Code 8,Permanent,Free State,3.31
D005227,Sibusiso Mkhize,45,26,Code 10,Owner Driver,Western Cape,3.64
D005228,Nokuthula Ndlovu,29,29,Code 10,Owner Driver,Western Cape,4.75
D005229,Nokuthula Ndlovu,62,6,Code 10,Permanent,Northern Cape,4.28
D005230,Lerato Zulu,30,23,Code 10,Permanent,KwaZulu-Natal,3.25
D005231,Thabo Modise,28,4,Code 8,Contract,North West,4.32
D005232,Nokuthula Pillay,35,11,Code 8,Permanent,Eastern Cape,3.76
D005233,Mpho Molefe,43,28,Code 10,Permanent,Free State,4.25
D005234,Sipho Jacobs,49,34,Code 14,Contract,Eastern Cape,3.35
D005235,Themba Cele,42,18,Code 8,Owner Driver,North West,3.53
D005236,Karabo Sithole,32,11,Code 10,Permanent,Northern Cape,3.57
D005237,Siyabonga Zulu,60,29,Code 8,Permanent,Western Cape,5.0
D005238,Nokuthula Mthembu,59,17,Code 8,Permanent,Northern Cape,4.07
D005239,Bongani Ndlovu,42,4,Code 8,Permanent,Limpopo,3.83
D005240,Kagiso Pillay,61,24,Code 8,Contract,Mpumalanga,3.96
D005241,Lindelwa Ndlovu,24,24,Code 8,Contract,Gauteng,3.06
D005242,Lerato Pillay,58,19,Code 10,Permanent,Gauteng,4.65
D005243,Kagiso Mkhize,58,16,Code 10,Contract,Limpopo,4.53
D005244,Themba Maseko,60,32,Code 10,Owner Driver,Mpumalanga,3.74
D005245,Mpho Williams,43,3,Code 8,Permanent,Limpopo,4.78
D005246,Thabo Dlamini,35,2,Code 10,Contract,Free State,4.03
D005247,Phumzile Sithole,26,33,Code 14,Contract,North West,3.11
D005248,Sipho Ngcobo,41,9,Code 10,Permanent,KwaZulu-Natal,4.37
D005249,Kabelo Sithole,63,27,Code 10,Permanent,Mpumalanga,3.27
D005250,Dumisani Nkosi,62,18,Code 8,Contract,Mpumalanga,4.0
D005251,Busisiwe Jacobs,52,18,Code 10,Owner Driver,North West,4.05
D005252,Themba Botha,23,9,Code 10,Permanent,North West,4.38
D005253,Mpho Naidoo,36,27,Code 10,Permanent,Western Cape,4.08
D005254,Zanele Mabena,53,21,Code 10,Permanent,Northern Cape,3.7
D005255,Lwazi Ngcobo,45,24,Code 8,Permanent,Limpopo,3.72
D005256,Thabo Williams,23,23,Code 8,Permanent,Western Cape,4.15
D005257,Sibusiso Mahlangu,51,1,Code 8,Owner Driver,Mpumalanga,3.82
D005258,Siyabonga Mahlangu,53,12,Code 10,Permanent,Northern Cape,3.92
D005259,Lwazi Mahlangu,58,24,Code 10,Permanent,North West,4.34
D005260,Themba Mabena,44,18,Code 8,Permanent,Free State,3.15
D005261,Siyabonga Mokoena,48,3,Code 10,Owner Driver,KwaZulu-Natal,4.54
D005262,Tshepo Pillay,58,20,Code 10,Owner Driver,Northern Cape,3.28
D005263,Nandi Jacobs,33,25,Code 8,Contract,North West,4.26
D005264,Sibusiso Dlamini,55,14,Code 10,Permanent,Eastern Cape,4.11
D005265,Zanele Botha,42,20,Code 8,Permanent,Western Cape,4.21
D005266,Zanele Adams,52,28,Code 10,Permanent,Mpumalanga,4.3
D005267,Mandla Mkhize,41,31,Code 10,Contract,North West,4.4
D005268,Amanda Modise,29,5,Code 8,Contract,North West,4.05
D005269,Zanele Mabena,31,26,Code 8,Permanent,Free State,4.2
D005270,Karabo Ndlovu,31,6,Code 10,Permanent,KwaZulu-Natal,4.13
D005271,Bongani Maseko,46,20,Code 10,Contract,Northern Cape,4.55
D005272,Phumzile Jacobs,43,11,Code 14,Permanent,Western Cape,3.13
D005273,Lindelwa Zulu,29,22,Code 14,Owner Driver,Mpumalanga,3.38
D005274,Dumisani Sithole,42,14,Code 8,Permanent,Limpopo,3.21
D005275,Lwazi Ngcobo,24,5,Code 14,Owner Driver,Eastern Cape,3.19
D005276,Lerato Khumalo,60,8,Code 10,Permanent,Eastern Cape,3.16
D005277,Lerato Mahlangu,52,15,Code 10,Owner Driver,North West,4.03
D005278,Sipho Khumalo,36,25,Code 8,Contract,KwaZulu-Natal,3.84
D005279,Tshepo Van Wyk,28,5,Code 14,Owner Driver,Northern Cape,3.85
D005280,Amanda Mkhize,33,7,Code 8,Permanent,Northern Cape,3.69
D005281,Lerato Botha,65,1,Code 8,Permanent,Free State,4.41
D005282,Nokuthula Naidoo,61,21,Code 8,Permanent,Mpumalanga,4.62
D005283,Nomsa Cele,65,6,Code 14,Contract,North West,3.23
D005284,Nandi Maseko,35,7,Code 8,Permanent,Limpopo,3.07
D005285,Sipho Mkhize,23,20,Code 8,Contract,Free State,4.0
D005286,Kagiso Adams,59,10,Code 10,Contract,Mpumalanga,4.61
D005287,Sipho Moyo,61,23,Code 8,Permanent,Western Cape,2.99
D005288,Kagiso Sithole,49,14,Code 10,Permanent,Gauteng,4.09
D005289,Karabo Pillay,26,33,Code 10,Permanent,Mpumalanga,4.38
D005290,Kagiso Modise,50,31,Code 10,Permanent,Western Cape,2.52
D005291,Phumzile Van Wyk,26,3,Code 10,Contract,Mpumalanga,4.35
D005292,Kagiso Molefe,30,27,Code 8,Permanent,Free State,4.45
D005293,Themba Maseko,63,21,Code 8,Owner Driver,Western Cape,3.82
D005294,Zanele Zulu,50,13,Code 8,Permanent,Free State,4.36
D005295,Lindelwa Cele,57,21,Code 10,Permanent,Limpopo,4.19
D005296,Nokuthula Zulu,27,28,Code 8,Owner Driver,KwaZulu-Natal,4.08
D005297,Thabo Zulu,55,10,Code 10,Permanent,Free State,3.52
D005298,Dumisani Jacobs,40,26,Code 14,Permanent,Western Cape,2.88
D005299,Themba Ndlovu,39,21,Code 8,Permanent,Limpopo,4.0
D005300,Kagiso Modise,61,32,Code 8,Permanent,Limpopo,4.46
D005301,Siyabonga Adams,61,23,Code 14,Permanent,Free State,3.66
D005302,Kabelo Modise,59,8,Code 14,Owner Driver,Free State,3.4
D005303,Sibusiso Modise,64,31,Code 10,Contract,Gauteng,4.34
D005304,Thabo Pillay,35,10,Code 10,Owner Driver,North West,4.07
D005305,Kabelo Mabena,41,3,Code 10,Owner Driver,Free State,3.57
D005306,Lerato Moyo,28,19,Code 10,Owner Driver,Northern Cape,4.74
D005307,Busisiwe Cele,52,11,Code 10,Permanent,Eastern Cape,4.4
D005308,Phumzile Mthembu,65,3,Code 10,Owner Driver,Mpumalanga,4.73
D005309,Phumzile Naidoo,24,26,Code 10,Contract,Gauteng,3.86
D005310,Mandla Dlamini,38,13,Code 10,Contract,Eastern Cape,4.19
D005311,Nokuthula Mabena,24,7,Code 14,Contract,North West,4.6
D005312,Nokuthula Ndlovu,26,16,Code 8,Permanent,Free State,2.48
D005313,Dumisani Maseko,58,5,Code 8,Owner Driver,KwaZulu-Natal,3.78
D005314,Nandi Cele,58,30,Code 8,Contract,Mpumalanga,3.7
D005315,Mandla Molefe,25,14,Code 10,Permanent,North West,3.85
D005316,Themba Mkhize,30,4,Code 10,Contract,Northern Cape,3.44
D005317,Nandi Ndlovu,59,30,Code 10,Owner Driver,Western Cape,4.12
D005318,Thabo Jacobs,44,26,Code 10,Permanent,KwaZulu-Natal,4.13
D005319,Dumisani Sithole,57,3,Code 8,Contract,Limpopo,3.85
D005320,Mandla Khumalo,43,29,Code 8,Owner Driver,Northern Cape,4.04
D005321,Busisiwe Pillay,49,21,Code 8,Contract,Western Cape,4.04
D005322,Themba Moyo,29,7,Code 8,Contract,Northern Cape,2.87
D005323,Dumisani Modise,29,29,Code 14,Contract,Eastern Cape,3.92
D005324,Phumzile Mahlangu,39,2,Code 10,Owner Driver,Gauteng,4.18
D005325,Busisiwe Williams,25,28,Code 14,Contract,Northern Cape,3.17
D005326,Ayanda Ndlovu,30,3,Code 8,Owner Driver,Gauteng,5.0
D005327,Mpho Mahlangu,24,10,Code 8,Permanent,KwaZulu-Natal,3.91
D005328,Kagiso Nkosi,44,29,Code 10,Permanent,North West,4.13
D005329,Nokuthula Nkosi,33,13,Code 10,Permanent,Gauteng,4.16
D005330,Siyabonga Dlamini,30,21,Code 14,Permanent,Mpumalanga,4.4
D005331,Karabo Ndlovu,33,6,Code 10,Contract,North West,4.22
D005332,Sibusiso Ndlovu,27,29,Code 10,Permanent,Gauteng,4.28
D005333,Mandla Ngcobo,64,4,Code 14,Permanent,North West,4.17
D005334,Kagiso Pillay,24,34,Code 8,Permanent,Free State,3.61
D005335,Nomsa Van Wyk,49,29,Code 10,Owner Driver,Gauteng,3.58
D005336,Lwazi Mabena,39,8,Code 8,Contract,Northern Cape,4.34
D005337,Lerato Zulu,44,14,Code 8,Permanent,Eastern Cape,3.06
D005338,Lwazi Mahlangu,25,26,Code 8,Permanent,Free State,4.56
D005339,Nomsa Modise,26,22,Code 14,Permanent,Gauteng,4.35
D005340,Nandi Pillay,47,26,Code 10,Permanent,Gauteng,4.29
D005341,Sibusiso Ndlovu,46,26,Code 8,Permanent,Western Cape,3.69
D005342,Tshepo Pillay,37,26,Code 10,Permanent,North West,3.24
D005343,Karabo Mokoena,63,18,Code 10,Permanent,Eastern Cape,4.41
D005344,Zanele Mabena,36,34,Code 8,Owner Driver,Western Cape,4.03
D005345,Sipho Ndlovu,46,10,Code 10,Owner Driver,Western Cape,3.84
D005346,Nomsa Botha,44,17,Code 10,Contract,Free State,3.14
D005347,Ayanda Mabena,36,12,Code 10,Permanent,KwaZulu-Natal,4.45
D005348,Precious Ngcobo,31,17,Code 10,Permanent,Western Cape,3.77
D005349,Themba Mabena,61,10,Code 8,Owner Driver,North West,3.94
D005350,Zanele Maseko,62,12,Code 10,Permanent,Free State,3.99
D005351,Zanele Naidoo,54,28,Code 8,Owner Driver,Eastern Cape,4.34
D005352,Sibusiso Ngcobo,29,31,Code 8,Contract,Mpumalanga,3.63
D005353,Kagiso Mkhize,28,7,Code 10,Owner Driver,Northern Cape,3.68
D005354,Karabo Williams,43,1,Code 14,Permanent,Western Cape,4.49
D005355,Zanele Jacobs,31,9,Code 8,Permanent,Northern Cape,3.88
D005356,Tshepo Zulu,53,29,Code 10,Permanent,Limpopo,4.32
D005357,Themba Moyo,28,5,Code 10,Permanent,Gauteng,3.19
D005358,Kabelo Ngcobo,39,28,Code 10,Owner Driver,Free State,3.83
D005359,Dumisani Sithole,24,28,Code 8,Permanent,North West,2.84
D005360,Siyabonga Adams,54,9,Code 14,Owner Driver,Northern Cape,4.1
D005361,Karabo Ndlovu,41,34,Code 8,Permanent,Western Cape,4.01
D005362,Kagiso Ngcobo,24,11,Code 14,Contract,Eastern Cape,4.87
D005363,Ayanda Ngcobo,39,2,Code 10,Permanent,Eastern Cape,4.36
D005364,Mandla Naidoo,58,26,Code 10,Contract,Mpumalanga,5.0
D005365,Lerato Ndlovu,30,5,Code 14,Permanent,Limpopo,3.25
D005366,Busisiwe Jacobs,46,6,Code 8,Owner Driver,Free State,4.03
D005367,Sibusiso Cele,33,31,Code 8,Permanent,Limpopo,4.02
D005368,Precious Pillay,42,10,Code 14,Permanent,Limpopo,4.16
D005369,Mandla Modise,32,10,Code 14,Contract,Limpopo,3.84
D005370,Thabo Moyo,39,24,Code 10,Permanent,Limpopo,3.53
D005371,Themba Modise,28,17,Code 10,Contract,Limpopo,4.1
D005372,Sipho Nkosi,40,26,Code 14,Contract,Western Cape,4.21
D005373,Themba Van Wyk,54,6,Code 8,Permanent,Free State,4.08
D005374,Phumzile Mahlangu,48,8,Code 8,Contract,Northern Cape,2.87
D005375,Siyabonga Van Wyk,51,27,Code 14,Contract,Eastern Cape,4.36
D005376,Zanele Maseko,52,4,Code 8,Permanent,Northern Cape,4.14
D005377,Kabelo Williams,27,11,Code 10,Permanent,Gauteng,5.0
D005378,Bongani Williams,53,31,Code 8,Contract,Gauteng,4.36
D005379,Sipho Cele,64,33,Code 8,Owner Driver,Mpumalanga,4.2
D005380,Lerato Mthembu,48,14,Code 8,Permanent,Free State,4.83
D005381,Nandi Khumalo,39,8,Code 8,Permanent,Free State,3.97
D005382,Phumzile Mahlangu,65,26,Code 10,Contract,Limpopo,4.3
D005383,Sipho Adams,50,26,Code 14,Permanent,Northern Cape,5.0
D005384,Kagiso Cele,44,5,Code 14,Permanent,Eastern Cape,4.22
D005385,Bongani Botha,61,16,Code 10,Contract,Northern Cape,3.96
D005386,Sipho Khumalo,59,21,Code 10,Owner Driver,Eastern Cape,4.63
D005387,Themba Maseko,54,26,Code 14,Owner Driver,Northern Cape,3.36
D005388,Sibusiso Nkosi,42,13,Code 8,Permanent,North West,4.38
D005389,Zanele Khumalo,60,21,Code 8,Permanent,KwaZulu-Natal,4.83
D005390,Precious Mahlangu,59,25,Code 8,Permanent,Mpumalanga,3.13
D005391,Lwazi Moyo,59,30,Code 10,Permanent,Free State,3.12
D005392,Tshepo Mokoena,55,20,Code 8,Owner Driver,KwaZulu-Natal,4.35
D005393,Amanda Maseko,24,2,Code 14,Permanent,Gauteng,3.48
D005394,Lwazi Mahlangu,27,31,Code 8,Permanent,Eastern Cape,3.78
D005395,Tshepo Ndlovu,34,12,Code 14,Owner Driver,North West,4.12
D005396,Kabelo Jacobs,50,34,Code 10,Permanent,Gauteng,3.56
D005397,Siyabonga Dlamini,53,3,Code 14,Permanent,KwaZulu-Natal,4.36
D005398,Bongani Khumalo,40,23,Code 8,Contract,Mpumalanga,4.6
D005399,Nomsa Adams,39,21,Code 8,Permanent,Limpopo,3.64
D005400,Nandi Zulu,24,8,Code 8,Contract,Free State,3.89
D005401,Kabelo Ngcobo,60,24,Code 10,Permanent,North West,3.77
D005402,Lwazi Modise,31,32,Code 14,Permanent,KwaZulu-Natal,3.28
D005403,Nomsa Mkhize,49,5,Code 14,Contract,Western Cape,3.55
D005404,Nomsa Sithole,55,24,Code 14,Permanent,Eastern Cape,3.83
D005405,Sibusiso Dlamini,29,17,Code 14,Contract,Western Cape,4.0
D005406,Lwazi Botha,27,6,Code 10,Permanent,Gauteng,3.58
D005407,Tshepo Molefe,34,12,Code 10,Owner Driver,Northern Cape,4.01
D005408,Karabo Pillay,57,19,Code 8,Permanent,North West,4.44
D005409,Nomsa Ngcobo,29,21,Code 14,Permanent,Northern Cape,3.77
D005410,Sipho Mokoena,23,12,Code 8,Contract,North West,4.04
D005411,Sipho Jacobs,56,2,Code 14,Owner Driver,Limpopo,3.26
D005412,Lerato Van Wyk,54,18,Code 10,Contract,Mpumalanga,4.62
D005413,Ayanda Cele,57,32,Code 14,Permanent,Northern Cape,3.76
D005414,Thabo Mkhize,61,11,Code 8,Permanent,Mpumalanga,4.2
D005415,Amanda Moyo,48,7,Code 10,Permanent,North West,4.06
D005416,Kagiso Mahlangu,29,3,Code 10,Owner Driver,Western Cape,4.12
D005417,Kabelo Molefe,40,16,Code 10,Permanent,Northern Cape,4.24
D005418,Bongani Pillay,40,10,Code 10,Contract,Eastern Cape,4.04
D005419,Themba Pillay,53,29,Code 10,Permanent,Limpopo,4.29
D005420,Nandi Jacobs,50,4,Code 10,Permanent,Eastern Cape,3.23
D005421,Karabo Van Wyk,63,19,Code 8,Contract,Free State,2.86
D005422,Ayanda Modise,52,6,Code 10,Owner Driver,Free State,3.94
D005423,Precious Van Wyk,41,17,Code 8,Owner Driver,Western Cape,3.89
D005424,Siyabonga Ngcobo,57,2,Code 14,Contract,Eastern Cape,4.68
D005425,Busisiwe Mkhize,25,5,Code 8,Owner Driver,Western Cape,4.51
D005426,Tshepo Pillay,36,34,Code 10,Permanent,Eastern Cape,3.64
D005427,Nomsa Mkhize,23,14,Code 10,Permanent,Limpopo,4.45
D005428,Karabo Ngcobo,48,27,Code 10,Owner Driver,Western Cape,3.8
D005429,Amanda Van Wyk,25,32,Code 10,Permanent,Western Cape,4.13
D005430,Karabo Sithole,49,9,Code 10,Permanent,Limpopo,4.45
D005431,Nandi Ndlovu,25,28,Code 10,Permanent,Eastern Cape,3.78
D005432,Siyabonga Mkhize,26,9,Code 10,Owner Driver,Northern Cape,3.85
D005433,Lindelwa Dlamini,24,12,Code 8,Owner Driver,Gauteng,3.51
D005434,Lindelwa Nkosi,43,9,Code 8,Permanent,Eastern Cape,4.52
D005435,Karabo Modise,48,1,Code 10,Owner Driver,Northern Cape,4.16
D005436,Siyabonga Mabena,41,31,Code 10,Contract,Eastern Cape,4.55
D005437,Bongani Nkosi,34,26,Code 10,Permanent,Western Cape,4.02
D005438,Nandi Zulu,49,20,Code 10,Owner Driver,Northern Cape,4.08
D005439,Ayanda Naidoo,57,28,Code 14,Permanent,KwaZulu-Natal,4.57
D005440,Thabo Cele,35,32,Code 8,Permanent,Gauteng,3.95
D005441,Tshepo Zulu,31,5,Code 10,Permanent,Gauteng,3.81
D005442,Themba Modise,48,28,Code 8,Contract,Gauteng,3.79
D005443,Busisiwe Zulu,42,9,Code 10,Contract,KwaZulu-Natal,3.19
D005444,Kabelo Zulu,41,31,Code 10,Permanent,Gauteng,3.17
D005445,Bongani Jacobs,45,1,Code 14,Contract,KwaZulu-Natal,4.52
D005446,Thabo Mkhize,57,2,Code 10,Permanent,Mpumalanga,4.18
D005447,Mandla Pillay,25,30,Code 10,Permanent,Western Cape,3.15
D005448,Mandla Modise,24,15,Code 10,Permanent,Gauteng,3.01
D005449,Nandi Khumalo,34,17,Code 10,Permanent,Northern Cape,3.74
D005450,Kabelo Botha,54,28,Code 8,Owner Driver,Eastern Cape,4.31
D005451,Kagiso Adams,29,2,Code 14,Permanent,Western Cape,4.44
D005452,Kabelo Mthembu,48,15,Code 10,Permanent,Northern Cape,4.55
D005453,Sipho Nkosi,31,15,Code 8,Permanent,Northern Cape,3.04
D005454,Karabo Williams,28,16,Code 8,Permanent,KwaZulu-Natal,3.71
D005455,Thabo Ndlovu,48,4,Code 14,Contract,North West,4.16
D005456,Lwazi Cele,57,5,Code 8,Contract,Limpopo,4.17
D005457,Phumzile Botha,57,19,Code 10,Permanent,Free State,3.46
D005458,Siyabonga Botha,42,4,Code 8,Contract,Northern Cape,3.91
D005459,Zanele Cele,27,3,Code 8,Contract,Mpumalanga,4.97
D005460,Precious Maseko,23,25,Code 10,Contract,Eastern Cape,3.92
D005461,Ayanda Maseko,25,9,Code 14,Owner Driver,North West,3.06
D005462,Busisiwe Pillay,26,33,Code 8,Owner Driver,Northern Cape,3.84
D005463,Sipho Zulu,32,24,Code 8,Owner Driver,Limpopo,3.97
D005464,Ayanda Dlamini,65,19,Code 14,Contract,Eastern Cape,4.56
D005465,Lerato Maseko,55,10,Code 14,Permanent,Mpumalanga,3.78
D005466,Mpho Jacobs,51,26,Code 10,Permanent,Mpumalanga,4.66
D005467,Kagiso Molefe,35,12,Code 10,Permanent,Limpopo,3.94
D005468,Karabo Nkosi,25,17,Code 10,Permanent,Free State,3.79
D005469,Phumzile Pillay,39,12,Code 8,Permanent,Free State,3.93
D005470,Kagiso Cele,44,14,Code 14,Contract,Gauteng,4.49
D005471,Nokuthula Mthembu,57,5,Code 10,Contract,North West,4.36
D005472,Busisiwe Nkosi,46,7,Code 8,Permanent,Free State,3.93
D005473,Tshepo Mokoena,40,27,Code 14,Permanent,Western Cape,3.26
D005474,Ayanda Van Wyk,48,17,Code 10,Permanent,North West,4.46
D005475,Mandla Jacobs,32,27,Code 10,Permanent,Limpopo,4.34
D005476,Kagiso Naidoo,58,7,Code 10,Contract,North West,3.44
D005477,Bongani Modise,52,10,Code 8,Owner Driver,Northern Cape,4.24
D005478,Bongani Jacobs,27,26,Code 8,Contract,Limpopo,3.74
D005479,Themba Ngcobo,51,17,Code 10,Permanent,Gauteng,3.13
D005480,Kabelo Botha,47,2,Code 10,Permanent,Gauteng,3.07
D005481,Phumzile Sithole,38,33,Code 8,Permanent,Limpopo,4.07
D005482,Lindelwa Naidoo,26,9,Code 8,Contract,Eastern Cape,4.85
D005483,Ayanda Ndlovu,27,12,Code 8,Permanent,Free State,4.74
D005484,Precious Williams,56,12,Code 14,Owner Driver,Gauteng,4.53
D005485,Themba Van Wyk,55,31,Code 14,Contract,Eastern Cape,4.2
D005486,Nokuthula Mokoena,64,5,Code 8,Owner Driver,Eastern Cape,3.32
D005487,Kabelo Dlamini,34,17,Code 10,Contract,Mpumalanga,3.74
D005488,Nomsa Sithole,61,13,Code 10,Owner Driver,North West,4.31
D005489,Zanele Van Wyk,50,31,Code 14,Permanent,North West,3.73
D005490,Zanele Naidoo,46,5,Code 8,Owner Driver,Limpopo,4.02
D005491,Nomsa Jacobs,27,12,Code 10,Owner Driver,Northern Cape,4.06
D005492,Nomsa Williams,54,11,Code 14,Permanent,Gauteng,4.59
D005493,Thabo Khumalo,52,31,Code 10,Permanent,Eastern Cape,4.03
D005494,Kabelo Maseko,63,3,Code 8,Permanent,Western Cape,3.51
D005495,Busisiwe Ndlovu,42,5,Code 10,Permanent,KwaZulu-Natal,4.18
D005496,Busisiwe Mabena,64,7,Code 10,Permanent,North West,4.88
D005497,Lwazi Mahlangu,41,29,Code 8,Contract,KwaZulu-Natal,3.32
D005498,Precious Mokoena,28,6,Code 8,Contract,Gauteng,3.93
D005499,Lerato Williams,64,30,Code 8,Permanent,Western Cape,3.22
D005500,Amanda Mahlangu,28,24,Code 8,Permanent,North West,3.48
D005501,Thabo Mabena,44,5,Code 8,Permanent,Western Cape,3.66
D005502,Phumzile Botha,29,22,Code 8,Permanent,Mpumalanga,3.36
D005503,Ayanda Botha,42,32,Code 10,Owner Driver,Gauteng,3.3
D005504,Nokuthula Modise,31,6,Code 14,Permanent,Free State,4.05
D005505,Nomsa Naidoo,45,13,Code 8,Owner Driver,Northern Cape,3.74
D005506,Lindelwa Adams,54,21,Code 8,Permanent,Northern Cape,4.19
D005507,Nomsa Adams,57,9,Code 10,Contract,KwaZulu-Natal,3.63
D005508,Precious Mthembu,50,34,Code 10,Owner Driver,North West,4.32
D005509,Lwazi Mabena,37,1,Code 10,Permanent,Mpumalanga,4.06
D005510,Tshepo Cele,25,29,Code 10,Permanent,Free State,3.43
D005511,Busisiwe Williams,32,22,Code 10,Owner Driver,KwaZulu-Natal,3.45
D005512,Bongani Maseko,65,10,Code 8,Contract,Northern Cape,3.78
D005513,Nokuthula Adams,50,3,Code 10,Contract,Gauteng,4.3
D005514,Sipho Ndlovu,27,34,Code 8,Contract,Mpumalanga,3.84
D005515,Zanele Molefe,24,29,Code 10,Owner Driver,Mpumalanga,3.3
D005516,Tshepo Naidoo,28,9,Code 8,Permanent,KwaZulu-Natal,4.36
D005517,Ayanda Pillay,60,17,Code 8,Permanent,Gauteng,3.78
D005518,Ayanda Nkosi,25,24,Code 8,Owner Driver,Free State,4.07
D005519,Siyabonga Williams,32,27,Code 14,Owner Driver,Northern Cape,2.9
D005520,Ayanda Mthembu,46,21,Code 10,Owner Driver,Free State,3.45
D005521,Thabo Maseko,43,24,Code 10,Permanent,Limpopo,3.83
D005522,Siyabonga Williams,60,24,Code 10,Contract,Limpopo,3.87
D005523,Amanda Khumalo,29,28,Code 10,Permanent,Eastern Cape,4.3
D005524,Dumisani Nkosi,42,9,Code 10,Permanent,Mpumalanga,3.78
D005525,Tshepo Jacobs,29,13,Code 8,Contract,Eastern Cape,3.52
D005526,Zanele Adams,31,7,Code 10,Owner Driver,Limpopo,4.31
D005527,Kabelo Williams,49,33,Code 10,Permanent,Gauteng,4.63
D005528,Sibusiso Mabena,55,5,Code 8,Owner Driver,Northern Cape,4.28
D005529,Sipho Zulu,41,34,Code 8,Permanent,Northern Cape,3.6
D005530,Phumzile Mokoena,47,34,Code 10,Permanent,Free State,4.32
D005531,Karabo Zulu,30,14,Code 10,Permanent,Northern Cape,4.35
D005532,Nandi Williams,62,9,Code 8,Permanent,Gauteng,3.44
D005533,Amanda Pillay,48,30,Code 8,Contract,Mpumalanga,3.17
D005534,Thabo Naidoo,36,19,Code 10,Permanent,Free State,4.36
D005535,Tshepo Jacobs,23,14,Code 8,Permanent,Eastern Cape,4.17
D005536,Busisiwe Mahlangu,37,28,Code 10,Owner Driver,Western Cape,3.59
D005537,Ayanda Mkhize,45,26,Code 14,Permanent,Limpopo,3.74
D005538,Ayanda Mthembu,45,14,Code 10,Contract,Western Cape,3.81
D005539,Lindelwa Ndlovu,58,30,Code 8,Permanent,Free State,3.27
D005540,Mandla Modise,45,10,Code 8,Owner Driver,Gauteng,3.42
D005541,Mpho Ndlovu,33,31,Code 10,Permanent,Free State,3.82
D005542,Lwazi Mkhize,30,33,Code 10,Contract,KwaZulu-Natal,4.26
D005543,Amanda Adams,23,1,Code 10,Owner Driver,KwaZulu-Natal,3.98
D005544,Nokuthula Mkhize,51,26,Code 14,Contract,KwaZulu-Natal,4.27
D005545,Sipho Maseko,40,15,Code 10,Contract,Western Cape,4.21
D005546,Lerato Mkhize,55,28,Code 10,Permanent,Gauteng,3.43
D005547,Thabo Van Wyk,51,24,Code 10,Permanent,Western Cape,3.67
D005548,Lwazi Mahlangu,48,2,Code 14,Permanent,North West,3.54
D005549,Karabo Khumalo,58,25,Code 10,Permanent,Limpopo,3.36
D005550,Kagiso Pillay,56,30,Code 10,Owner Driver,Limpopo,4.21
D005551,Siyabonga Molefe,49,9,Code 10,Contract,KwaZulu-Natal,3.59
D005552,Sipho Mthembu,65,6,Code 10,Contract,North West,3.39
D005553,Kabelo Khumalo,50,7,Code 10,Contract,Limpopo,3.93
D005554,Ayanda Ngcobo,51,28,Code 10,Owner Driver,Mpumalanga,4.44
D005555,Ayanda Botha,30,32,Code 8,Contract,Northern Cape,4.03
D005556,Karabo Moyo,46,34,Code 8,Permanent,Free State,3.44
D005557,Zanele Moyo,60,25,Code 14,Permanent,Limpopo,5.0
D005558,Lwazi Van Wyk,42,6,Code 10,Permanent,Western Cape,3.64
D005559,Mpho Adams,39,13,Code 8,Contract,KwaZulu-Natal,3.53
D005560,Ayanda Sithole,37,15,Code 8,Owner Driver,Northern Cape,4.51
D005561,Thabo Mahlangu,25,32,Code 8,Contract,Mpumalanga,4.62
D005562,Ayanda Modise,42,24,Code 14,Contract,Mpumalanga,3.89
D005563,Kabelo Adams,64,27,Code 14,Permanent,Gauteng,2.94
D005564,Themba Mokoena,33,2,Code 8,Owner Driver,Limpopo,4.32
D005565,Zanele Botha,35,7,Code 8,Permanent,North West,3.32
D005566,Nomsa Van Wyk,45,10,Code 8,Contract,North West,4.69
D005567,Lwazi Mthembu,25,10,Code 14,Permanent,Gauteng,3.77
D005568,Nomsa Dlamini,38,21,Code 14,Owner Driver,Gauteng,3.87
D005569,Lwazi Maseko,32,26,Code 10,Permanent,North West,3.89
D005570,Themba Ngcobo,52,16,Code 10,Permanent,Northern Cape,4.52
D005571,Kagiso Ndlovu,64,34,Code 10,Permanent,KwaZulu-Natal,4.26
D005572,Sipho Mokoena,51,22,Code 14,Permanent,Northern Cape,3.94
D005573,Zanele Modise,41,8,Code 10,Permanent,Mpumalanga,4.41
D005574,Ayanda Naidoo,33,11,Code 14,Contract,Northern Cape,4.47
D005575,Precious Zulu,34,2,Code 14,Owner Driver,Northern Cape,4.22
D005576,Lwazi Mokoena,59,20,Code 8,Contract,Free State,4.73
D005577,Bongani Dlamini,31,34,Code 8,Owner Driver,Eastern Cape,4.11
D005578,Zanele Van Wyk,55,7,Code 8,Permanent,Northern Cape,4.06
D005579,Dumisani Sithole,59,6,Code 14,Permanent,North West,4.51
D005580,Amanda Dlamini,61,32,Code 8,Permanent,KwaZulu-Natal,2.71
D005581,Bongani Williams,56,27,Code 14,Owner Driver,Gauteng,4.34
D005582,Ayanda Mahlangu,64,8,Code 10,Contract,Mpumalanga,4.47
D005583,Nandi Molefe,36,25,Code 14,Permanent,Northern Cape,3.61
D005584,Lerato Dlamini,56,5,Code 14,Permanent,Western Cape,3.99
D005585,Sipho Maseko,52,26,Code 10,Permanent,KwaZulu-Natal,2.95
D005586,Amanda Mokoena,60,30,Code 10,Contract,Northern Cape,4.04
D005587,Sibusiso Mokoena,65,7,Code 10,Permanent,Limpopo,4.07
D005588,Kabelo Cele,40,16,Code 10,Permanent,Mpumalanga,4.26
D005589,Lerato Ndlovu,47,26,Code 8,Owner Driver,Western Cape,3.76
D005590,Tshepo Botha,32,8,Code 14,Permanent,North West,4.03
D005591,Siyabonga Nkosi,45,33,Code 10,Owner Driver,Western Cape,4.38
D005592,Kagiso Mkhize,29,17,Code 8,Contract,Western Cape,4.24
D005593,Mandla Zulu,27,17,Code 14,Permanent,Eastern Cape,3.8
D005594,Amanda Ndlovu,34,27,Code 8,Permanent,Gauteng,4.06
D005595,Ayanda Dlamini,32,27,Code 14,Owner Driver,Northern Cape,3.72
D005596,Thabo Ndlovu,23,30,Code 10,Contract,Eastern Cape,3.81
D005597,Mandla Mokoena,53,34,Code 8,Owner Driver,Western Cape,3.58
D005598,Thabo Mabena,51,33,Code 14,Permanent,Mpumalanga,3.85
D005599,Busisiwe Naidoo,40,3,Code 10,Contract,Western Cape,3.25
D005600,Karabo Botha,43,23,Code 8,Owner Driver,Gauteng,5.0
D005601,Dumisani Maseko,50,31,Code 10,Owner Driver,Eastern Cape,4.28
D005602,Tshepo Ndlovu,33,18,Code 8,Owner Driver,Free State,3.75
D005603,Sipho Pillay,28,9,Code 14,Permanent,Gauteng,3.42
D005604,Siyabonga Ndlovu,25,18,Code 10,Owner Driver,Mpumalanga,4.03
D005605,Themba Jacobs,26,2,Code 14,Permanent,Mpumalanga,4.54
D005606,Ayanda Williams,44,31,Code 8,Permanent,Limpopo,4.63
D005607,Bongani Molefe,42,18,Code 10,Permanent,Eastern Cape,3.55
D005608,Sibusiso Mkhize,53,21,Code 8,Permanent,Eastern Cape,4.37
D005609,Nandi Maseko,48,31,Code 14,Permanent,North West,4.69
D005610,Tshepo Maseko,39,7,Code 10,Permanent,Gauteng,4.57
D005611,Mpho Molefe,51,29,Code 14,Owner Driver,Free State,3.94
D005612,Zanele Pillay,27,3,Code 10,Contract,KwaZulu-Natal,5.0
D005613,Siyabonga Botha,45,5,Code 8,Contract,Mpumalanga,3.56
D005614,Sipho Zulu,31,9,Code 14,Owner Driver,Western Cape,4.04
D005615,Siyabonga Mahlangu,31,34,Code 10,Permanent,Northern Cape,3.84
D005616,Mandla Nkosi,60,19,Code 8,Permanent,Eastern Cape,3.54
D005617,Busisiwe Mabena,54,6,Code 10,Permanent,KwaZulu-Natal,4.17
D005618,Sibusiso Ngcobo,49,14,Code 8,Owner Driver,Eastern Cape,3.77
D005619,Nandi Modise,64,16,Code 10,Contract,Free State,3.52
D005620,Precious Modise,53,32,Code 8,Owner Driver,Western Cape,3.75
D005621,Nandi Williams,53,20,Code 8,Permanent,Mpumalanga,3.56
D005622,Busisiwe Naidoo,43,16,Code 8,Permanent,Western Cape,3.97
D005623,Lerato Van Wyk,38,9,Code 10,Permanent,Mpumalanga,3.33
D005624,Karabo Khumalo,27,23,Code 8,Contract,Eastern Cape,2.84
D005625,Themba Pillay,31,9,Code 8,Contract,North West,4.31
D005626,Mpho Dlamini,48,14,Code 10,Contract,Gauteng,3.18
D005627,Phumzile Dlamini,23,28,Code 10,Owner Driver,Mpumalanga,3.57
D005628,Themba Botha,54,19,Code 10,Permanent,Gauteng,3.91
D005629,Lindelwa Moyo,32,23,Code 10,Owner Driver,Western Cape,3.99
D005630,Karabo Pillay,59,12,Code 10,Permanent,Eastern Cape,4.56
D005631,Mandla Mabena,24,12,Code 14,Permanent,Free State,4.53
D005632,Nandi Van Wyk,50,32,Code 10,Permanent,KwaZulu-Natal,4.8
D005633,Sibusiso Botha,57,28,Code 10,Permanent,Northern Cape,3.42
D005634,Karabo Ndlovu,43,32,Code 14,Permanent,Limpopo,4.66
D005635,Lindelwa Mabena,28,9,Code 8,Permanent,Mpumalanga,3.79
D005636,Thabo Adams,34,13,Code 8,Contract,Free State,3.73
D005637,Sipho Pillay,36,21,Code 10,Permanent,KwaZulu-Natal,4.4
D005638,Phumzile Zulu,57,8,Code 10,Owner Driver,Mpumalanga,4.4
D005639,Nandi Mahlangu,43,18,Code 10,Owner Driver,Western Cape,5.0
D005640,Kabelo Dlamini,63,19,Code 14,Permanent,Western Cape,2.75
D005641,Lwazi Mabena,28,33,Code 14,Owner Driver,Free State,3.99
D005642,Themba Jacobs,23,7,Code 8,Permanent,Western Cape,3.61
D005643,Dumisani Mabena,42,6,Code 10,Owner Driver,Limpopo,4.28
D005644,Phumzile Dlamini,63,18,Code 8,Owner Driver,Free State,4.27
D005645,Karabo Mthembu,53,1,Code 14,Contract,Limpopo,3.72
D005646,Sipho Dlamini,31,18,Code 14,Permanent,Gauteng,3.29
D005647,Lindelwa Cele,62,20,Code 10,Permanent,Free State,4.78
D005648,Dumisani Moyo,34,10,Code 14,Owner Driver,Northern Cape,4.04
D005649,Mpho Mahlangu,45,2,Code 14,Permanent,KwaZulu-Natal,4.1
D005650,Nandi Mthembu,41,27,Code 10,Contract,North West,3.91
D005651,Kabelo Mahlangu,47,1,Code 8,Permanent,North West,4.24
D005652,Bongani Dlamini,46,13,Code 10,Contract,Limpopo,4.32
D005653,Bongani Sithole,48,30,Code 10,Contract,Mpumalanga,4.47
D005654,Precious Botha,65,33,Code 8,Permanent,Limpopo,4.72
D005655,Dumisani Botha,42,9,Code 8,Contract,North West,4.48
D005656,Zanele Maseko,58,20,Code 10,Contract,Mpumalanga,3.89
D005657,Sibusiso Khumalo,32,3,Code 8,Permanent,Northern Cape,4.47
D005658,Mandla Zulu,47,26,Code 10,Permanent,Western Cape,3.86
D005659,Nokuthula Molefe,47,31,Code 8,Permanent,Eastern Cape,5.0
D005660,Lerato Mokoena,23,9,Code 8,Permanent,North West,3.71
D005661,Mandla Dlamini,37,29,Code 10,Permanent,Northern Cape,3.59
D005662,Sibusiso Zulu,38,23,Code 8,Permanent,Northern Cape,4.25
D005663,Amanda Ngcobo,36,30,Code 10,Permanent,Free State,3.96
D005664,Kagiso Cele,50,15,Code 10,Permanent,Gauteng,4.48
D005665,Sibusiso Adams,32,1,Code 14,Permanent,Mpumalanga,4.34
D005666,Mandla Mkhize,54,16,Code 10,Owner Driver,Limpopo,3.61
D005667,Dumisani Mokoena,24,20,Code 10,Owner Driver,Limpopo,3.61
D005668,Dumisani Pillay,51,28,Code 8,Owner Driver,Northern Cape,3.94
D005669,Zanele Khumalo,40,27,Code 8,Contract,Gauteng,4.33
D005670,Dumisani Sithole,59,18,Code 10,Permanent,Western Cape,3.25
D005671,Lindelwa Naidoo,52,30,Code 8,Permanent,Mpumalanga,3.02
D005672,Bongani Cele,48,21,Code 8,Contract,Mpumalanga,3.85
D005673,Siyabonga Mahlangu,56,15,Code 10,Owner Driver,North West,3.85
D005674,Siyabonga Williams,34,12,Code 8,Contract,North West,4.38
D005675,Lwazi Van Wyk,40,3,Code 8,Owner Driver,Eastern Cape,4.79
D005676,Precious Khumalo,35,6,Code 10,Permanent,Western Cape,3.47
D005677,Nomsa Naidoo,58,7,Code 10,Permanent,North West,3.65
D005678,Nomsa Molefe,64,14,Code 10,Permanent,Mpumalanga,3.68
D005679,Themba Khumalo,48,12,Code 10,Contract,Free State,3.97
D005680,Dumisani Naidoo,61,5,Code 10,Permanent,Northern Cape,3.27
D005681,Mpho Mkhize,53,27,Code 10,Contract,Mpumalanga,3.86
D005682,Sibusiso Botha,55,30,Code 8,Permanent,Limpopo,4.15
D005683,Kabelo Ngcobo,52,15,Code 8,Permanent,Limpopo,3.57
D005684,Mandla Cele,52,23,Code 10,Contract,Limpopo,3.6
D005685,Amanda Nkosi,44,7,Code 14,Permanent,Northern Cape,2.87
D005686,Lindelwa Adams,50,12,Code 8,Owner Driver,Free State,4.37
D005687,Nomsa Mthembu,23,15,Code 8,Contract,Gauteng,4.11
D005688,Siyabonga Mthembu,46,8,Code 10,Owner Driver,Mpumalanga,3.92
D005689,Lindelwa Sithole,50,32,Code 10,Permanent,Northern Cape,4.29
D005690,Siyabonga Williams,23,5,Code 10,Permanent,Limpopo,4.47
D005691,Amanda Khumalo,33,6,Code 8,Permanent,Limpopo,3.8
D005692,Zanele Cele,38,5,Code 8,Permanent,Mpumalanga,3.59
D005693,Busisiwe Sithole,51,13,Code 8,Contract,Free State,4.17
D005694,Sibusiso Nkosi,39,33,Code 10,Permanent,Mpumalanga,4.7
D005695,Lerato Mabena,27,15,Code 10,Owner Driver,Free State,3.82
D005696,Nandi Mthembu,34,26,Code 10,Permanent,Northern Cape,3.55
D005697,Nomsa Van Wyk,40,7,Code 8,Permanent,North West,4.8
D005698,Busisiwe Van Wyk,35,17,Code 8,Owner Driver,Gauteng,4.29
D005699,Nandi Moyo,59,6,Code 10,Permanent,Eastern Cape,3.58
D005700,Kabelo Modise,62,5,Code 8,Permanent,Northern Cape,3.85
D005701,Kagiso Molefe,62,11,Code 10,Permanent,North West,3.34
D005702,Busisiwe Modise,44,21,Code 10,Permanent,North West,4.05
D005703,Nokuthula Van Wyk,24,28,Code 10,Owner Driver,Western Cape,3.5
D005704,Tshepo Sithole,60,30,Code 10,Owner Driver,Gauteng,4.67
D005705,Karabo Khumalo,64,15,Code 10,Owner Driver,North West,3.23
D005706,Themba Mahlangu,56,17,Code 10,Permanent,Limpopo,4.27
D005707,Nandi Moyo,58,7,Code 10,Permanent,Gauteng,3.78
D005708,Sibusiso Modise,61,20,Code 10,Owner Driver,Free State,3.85
D005709,Lerato Zulu,28,18,Code 8,Permanent,Mpumalanga,4.69
D005710,Lerato Naidoo,59,23,Code 8,Permanent,Free State,3.58
D005711,Sibusiso Khumalo,24,11,Code 10,Permanent,Eastern Cape,3.28
D005712,Busisiwe Mabena,44,28,Code 14,Permanent,KwaZulu-Natal,3.55
D005713,Dumisani Ndlovu,55,17,Code 10,Contract,Mpumalanga,3.71
D005714,Busisiwe Adams,39,20,Code 8,Permanent,North West,3.81
D005715,Dumisani Jacobs,42,23,Code 10,Owner Driver,North West,3.94
D005716,Busisiwe Mahlangu,59,8,Code 10,Owner Driver,Northern Cape,3.65
D005717,Sipho Dlamini,23,34,Code 10,Permanent,Eastern Cape,4.99
D005718,Kabelo Cele,51,16,Code 10,Permanent,Limpopo,3.81
D005719,Lwazi Mahlangu,47,21,Code 10,Contract,Western Cape,3.84
D005720,Thabo Ndlovu,29,34,Code 8,Permanent,Mpumalanga,3.56
D005721,Bongani Molefe,34,27,Code 10,Owner Driver,Western Cape,3.65
D005722,Karabo Mabena,26,8,Code 10,Permanent,Western Cape,3.78
D005723,Karabo Zulu,40,30,Code 10,Contract,Mpumalanga,4.36
D005724,Zanele Khumalo,59,9,Code 8,Permanent,Limpopo,3.66
D005725,Sipho Williams,32,22,Code 14,Permanent,Mpumalanga,4.53
D005726,Bongani Cele,32,16,Code 10,Owner Driver,Limpopo,4.0
D005727,Bongani Mahlangu,50,34,Code 14,Permanent,KwaZulu-Natal,4.04
D005728,Lindelwa Maseko,41,27,Code 10,Permanent,Northern Cape,4.69
D005729,Mpho Ngcobo,31,26,Code 8,Contract,Western Cape,3.15
D005730,Siyabonga Khumalo,45,31,Code 10,Contract,North West,5.0
D005731,Ayanda Naidoo,59,26,Code 14,Contract,Eastern Cape,3.93
D005732,Karabo Sithole,60,26,Code 10,Contract,Free State,2.93
D005733,Nandi Sithole,25,12,Code 10,Permanent,North West,3.76
D005734,Bongani Mabena,36,6,Code 14,Owner Driver,Gauteng,3.23
D005735,Kabelo Jacobs,31,11,Code 10,Permanent,North West,3.92
D005736,Amanda Naidoo,26,17,Code 14,Owner Driver,KwaZulu-Natal,4.53
D005737,Kagiso Pillay,40,30,Code 14,Permanent,Northern Cape,4.05
D005738,Dumisani Moyo,25,9,Code 10,Permanent,North West,3.73
D005739,Sipho Molefe,25,21,Code 10,Permanent,Western Cape,3.81
D005740,Kabelo Ngcobo,25,25,Code 10,Contract,Western Cape,4.33
D005741,Nomsa Moyo,62,31,Code 14,Permanent,Free State,3.93
D005742,Sipho Dlamini,46,29,Code 10,Permanent,North West,4.85
D005743,Karabo Sithole,45,27,Code 10,Permanent,Western Cape,3.24
D005744,Nomsa Khumalo,24,4,Code 10,Permanent,North West,4.25
D005745,Lwazi Zulu,27,18,Code 10,Permanent,KwaZulu-Natal,3.56
D005746,Siyabonga Khumalo,56,27,Code 8,Owner Driver,Free State,3.52
D005747,Precious Khumalo,62,11,Code 14,Permanent,Mpumalanga,3.95
D005748,Bongani Molefe,55,17,Code 10,Permanent,KwaZulu-Natal,2.78
D005749,Tshepo Modise,60,26,Code 10,Permanent,North West,4.49
D005750,Mandla Zulu,47,18,Code 10,Owner Driver,Western Cape,4.04
D005751,Lindelwa Zulu,60,24,Code 10,Permanent,Western Cape,2.44
D005752,Sipho Modise,28,32,Code 8,Owner Driver,Free State,4.04
D005753,Tshepo Ndlovu,57,9,Code 10,Owner Driver,Limpopo,4.87
D005754,Lerato Nkosi,47,2,Code 10,Permanent,Western Cape,4.25
D005755,Lwazi Jacobs,46,32,Code 10,Permanent,Mpumalanga,4.2
D005756,Bongani Botha,45,25,Code 8,Permanent,Eastern Cape,4.78
D005757,Nandi Williams,49,3,Code 10,Permanent,Limpopo,4.56
D005758,Zanele Ndlovu,45,18,Code 8,Permanent,Mpumalanga,4.61
D005759,Kabelo Maseko,23,30,Code 8,Permanent,Western Cape,4.63
D005760,Mpho Khumalo,49,15,Code 10,Owner Driver,North West,3.55
D005761,Bongani Mahlangu,58,32,Code 10,Contract,Free State,5.0
D005762,Dumisani Ngcobo,51,26,Code 10,Owner Driver,Northern Cape,4.22
D005763,Mpho Maseko,42,27,Code 8,Permanent,Free State,3.68
D005764,Zanele Mokoena,32,27,Code 8,Permanent,Northern Cape,3.49
D005765,Sipho Mabena,25,1,Code 14,Permanent,North West,2.89
D005766,Lerato Modise,32,2,Code 14,Owner Driver,Limpopo,4.27
D005767,Themba Cele,53,21,Code 10,Contract,Free State,4.13
D005768,Ayanda Modise,25,3,Code 10,Contract,Northern Cape,4.15
D005769,Thabo Maseko,63,20,Code 14,Permanent,Limpopo,3.78
D005770,Amanda Mthembu,28,3,Code 10,Owner Driver,Northern Cape,3.65
D005771,Thabo Mabena,31,8,Code 10,Permanent,Northern Cape,4.28
D005772,Lindelwa Williams,60,31,Code 14,Contract,Northern Cape,3.53
D005773,Bongani Dlamini,64,5,Code 10,Permanent,Eastern Cape,3.98
D005774,Siyabonga Pillay,24,20,Code 14,Permanent,Mpumalanga,4.88
D005775,Nokuthula Cele,43,29,Code 14,Permanent,Mpumalanga,5.0
D005776,Karabo Mthembu,24,14,Code 14,Contract,KwaZulu-Natal,4.08
D005777,Mandla Mokoena,52,28,Code 8,Owner Driver,Western Cape,3.6
D005778,Lwazi Ngcobo,48,12,Code 8,Permanent,Limpopo,4.66
D005779,Nomsa Ngcobo,53,19,Code 10,Contract,Western Cape,3.48
D005780,Sibusiso Adams,30,32,Code 10,Permanent,Limpopo,3.3
D005781,Bongani Nkosi,45,18,Code 8,Permanent,Mpumalanga,5.0
D005782,Nomsa Ngcobo,26,4,Code 14,Permanent,Free State,3.7
D005783,Ayanda Khumalo,30,30,Code 10,Permanent,Mpumalanga,3.57
D005784,Themba Nkosi,39,28,Code 10,Owner Driver,Western Cape,5.0
D005785,Phumzile Dlamini,55,19,Code 8,Permanent,Western Cape,4.04
D005786,Bongani Cele,39,8,Code 10,Owner Driver,Gauteng,4.47
D005787,Themba Moyo,47,3,Code 10,Permanent,Limpopo,4.86
D005788,Busisiwe Khumalo,63,11,Code 10,Permanent,Northern Cape,4.01
D005789,Precious Adams,28,17,Code 10,Owner Driver,Mpumalanga,4.06
D005790,Lerato Zulu,35,17,Code 14,Permanent,Western Cape,4.26
D005791,Thabo Mthembu,58,22,Code 10,Permanent,Mpumalanga,4.05
D005792,Zanele Pillay,49,7,Code 14,Permanent,Free State,4.15
D005793,Tshepo Adams,32,28,Code 8,Permanent,Gauteng,4.16
D005794,Precious Adams,65,6,Code 8,Permanent,Limpopo,3.35
D005795,Karabo Mkhize,43,7,Code 8,Permanent,KwaZulu-Natal,3.84
D005796,Siyabonga Jacobs,28,1,Code 10,Permanent,Limpopo,3.5
D005797,Kagiso Mkhize,25,24,Code 14,Contract,North West,4.27
D005798,Lwazi Mahlangu,56,15,Code 10,Permanent,Northern Cape,2.41
D005799,Tshepo Sithole,26,1,Code 8,Permanent,Gauteng,4.07
D005800,Busisiwe Pillay,53,33,Code 10,Permanent,Western Cape,5.0
D005801,Mandla Botha,24,28,Code 10,Permanent,KwaZulu-Natal,5.0
D005802,Thabo Mabena,25,26,Code 10,Permanent,KwaZulu-Natal,4.31
D005803,Lwazi Modise,64,27,Code 8,Permanent,KwaZulu-Natal,4.51
D005804,Nokuthula Mthembu,57,33,Code 8,Permanent,Gauteng,3.59
D005805,Mpho Mkhize,27,26,Code 8,Owner Driver,Northern Cape,3.3
D005806,Mandla Mabena,38,18,Code 14,Permanent,KwaZulu-Natal,3.76
D005807,Nandi Maseko,28,3,Code 14,Permanent,Northern Cape,4.51
D005808,Amanda Maseko,50,18,Code 10,Contract,Western Cape,3.47
D005809,Busisiwe Adams,48,1,Code 8,Permanent,Gauteng,4.25
D005810,Phumzile Adams,56,30,Code 10,Permanent,North West,4.06
D005811,Lindelwa Nkosi,55,22,Code 10,Permanent,KwaZulu-Natal,4.07
D005812,Karabo Maseko,35,12,Code 10,Contract,Mpumalanga,3.82
D005813,Nomsa Naidoo,36,20,Code 8,Contract,Limpopo,4.25
D005814,Bongani Mahlangu,51,17,Code 10,Permanent,KwaZulu-Natal,4.02
D005815,Themba Jacobs,63,1,Code 10,Permanent,KwaZulu-Natal,4.08
D005816,Mpho Nkosi,44,13,Code 10,Contract,North West,3.86
D005817,Mpho Naidoo,24,34,Code 8,Contract,Northern Cape,3.74
D005818,Phumzile Mokoena,55,1,Code 8,Owner Driver,Western Cape,4.09
D005819,Nandi Zulu,34,7,Code 10,Permanent,KwaZulu-Natal,3.65
D005820,Nomsa Khumalo,34,23,Code 8,Permanent,Northern Cape,4.12
D005821,Kagiso Botha,29,3,Code 10,Owner Driver,Eastern Cape,3.4
D005822,Thabo Mokoena,29,8,Code 10,Permanent,Limpopo,4.6
D005823,Mandla Adams,32,33,Code 10,Contract,Northern Cape,3.68
D005824,Nokuthula Molefe,64,9,Code 10,Contract,Western Cape,3.65
D005825,Mandla Moyo,32,25,Code 10,Owner Driver,Gauteng,3.62
D005826,Sibusiso Mabena,49,11,Code 10,Permanent,Eastern Cape,4.87
D005827,Ayanda Mokoena,65,21,Code 10,Permanent,Free State,3.88
D005828,Karabo Adams,47,19,Code 14,Contract,Western Cape,4.86
D005829,Phumzile Naidoo,62,33,Code 8,Permanent,Eastern Cape,3.95
D005830,Tshepo Nkosi,28,15,Code 8,Permanent,Gauteng,3.51
D005831,Themba Mokoena,27,26,Code 10,Permanent,Northern Cape,4.51
D005832,Dumisani Ngcobo,53,26,Code 14,Permanent,Northern Cape,4.43
D005833,Lindelwa Naidoo,38,3,Code 14,Permanent,North West,3.77
D005834,Nomsa Maseko,52,16,Code 8,Permanent,Western Cape,3.22
D005835,Sibusiso Williams,40,19,Code 14,Owner Driver,Western Cape,3.64
D005836,Mandla Botha,28,27,Code 14,Permanent,Gauteng,3.19
D005837,Mandla Khumalo,36,29,Code 10,Owner Driver,Free State,4.33
D005838,Dumisani Zulu,41,20,Code 14,Permanent,Northern Cape,4.37
D005839,Mandla Mokoena,44,30,Code 10,Permanent,Free State,3.6
D005840,Nandi Mokoena,35,3,Code 10,Permanent,Gauteng,4.6
D005841,Lwazi Mahlangu,27,34,Code 14,Permanent,Western Cape,4.24
D005842,Sipho Modise,44,24,Code 10,Permanent,Limpopo,4.99
D005843,Precious Mokoena,38,17,Code 8,Contract,North West,4.01
D005844,Ayanda Ndlovu,38,29,Code 10,Contract,Mpumalanga,4.74
D005845,Sipho Moyo,60,25,Code 10,Permanent,North West,3.91
D005846,Kabelo Ngcobo,33,1,Code 14,Permanent,Eastern Cape,4.02
D005847,Lindelwa Maseko,38,2,Code 8,Permanent,Free State,3.63
D005848,Kagiso Zulu,35,29,Code 10,Owner Driver,Mpumalanga,3.66
D005849,Bongani Mkhize,26,29,Code 14,Permanent,Gauteng,4.29
D005850,Sibusiso Mabena,55,2,Code 8,Permanent,Northern Cape,3.34
D005851,Nomsa Naidoo,47,12,Code 14,Permanent,Western Cape,4.65
D005852,Mandla Jacobs,40,25,Code 10,Permanent,Limpopo,3.16
D005853,Mpho Cele,24,4,Code 10,Permanent,Gauteng,3.81
D005854,Mpho Nkosi,56,3,Code 10,Contract,North West,3.97
D005855,Lwazi Mahlangu,53,14,Code 8,Permanent,Mpumalanga,3.37
D005856,Nokuthula Modise,37,32,Code 10,Permanent,Limpopo,4.42
D005857,Themba Modise,26,20,Code 14,Permanent,KwaZulu-Natal,4.04
D005858,Nomsa Mokoena,30,12,Code 8,Permanent,Gauteng,4.11
D005859,Tshepo Zulu,50,20,Code 8,Permanent,Northern Cape,3.9
D005860,Nandi Ngcobo,62,2,Code 14,Owner Driver,KwaZulu-Natal,4.17
D005861,Tshepo Cele,57,3,Code 10,Contract,Free State,3.86
D005862,Lerato Pillay,51,11,Code 10,Permanent,Eastern Cape,4.08
D005863,Lindelwa Van Wyk,65,29,Code 8,Permanent,KwaZulu-Natal,3.82
D005864,Zanele Ngcobo,37,16,Code 14,Permanent,North West,4.32
D005865,Sibusiso Van Wyk,57,34,Code 8,Owner Driver,Western Cape,4.37
D005866,Tshepo Maseko,24,29,Code 14,Permanent,Northern Cape,3.78
D005867,Karabo Moyo,53,8,Code 10,Permanent,Western Cape,4.23
D005868,Precious Van Wyk,52,4,Code 8,Permanent,KwaZulu-Natal,4.19
D005869,Themba Pillay,56,8,Code 14,Permanent,Western Cape,3.85
D005870,Siyabonga Ndlovu,44,22,Code 10,Permanent,Limpopo,4.27
D005871,Themba Ngcobo,49,8,Code 8,Owner Driver,North West,4.21
D005872,Busisiwe Mthembu,34,22,Code 8,Permanent,Free State,3.54
D005873,Kabelo Botha,63,5,Code 8,Permanent,Free State,4.48
D005874,Ayanda Dlamini,35,33,Code 10,Contract,Eastern Cape,4.12
D005875,Nokuthula Mkhize,27,7,Code 8,Permanent,KwaZulu-Natal,4.56
D005876,Nomsa Ngcobo,23,27,Code 8,Contract,Gauteng,4.1
D005877,Lindelwa Maseko,23,23,Code 10,Contract,Gauteng,4.31
D005878,Phumzile Naidoo,34,1,Code 14,Permanent,Northern Cape,4.16
D005879,Dumisani Ndlovu,64,11,Code 10,Owner Driver,Eastern Cape,5.0
D005880,Amanda Naidoo,58,29,Code 10,Permanent,Limpopo,3.37
D005881,Busisiwe Williams,58,32,Code 10,Permanent,Gauteng,3.89
D005882,Tshepo Dlamini,55,24,Code 10,Permanent,Free State,3.83
D005883,Amanda Modise,64,17,Code 10,Owner Driver,North West,3.69
D005884,Phumzile Zulu,40,4,Code 14,Permanent,North West,1.85
D005885,Mandla Sithole,40,34,Code 10,Permanent,Mpumalanga,3.92
D005886,Siyabonga Mahlangu,35,11,Code 10,Contract,Mpumalanga,4.52
D005887,Karabo Moyo,28,2,Code 10,Contract,Gauteng,3.58
D005888,Thabo Pillay,41,24,Code 10,Owner Driver,North West,4.33
D005889,Nomsa Botha,63,34,Code 8,Owner Driver,Mpumalanga,3.07
D005890,Precious Naidoo,65,27,Code 14,Contract,Gauteng,3.5
D005891,Mpho Mahlangu,49,14,Code 10,Owner Driver,KwaZulu-Natal,4.2
D005892,Lwazi Khumalo,39,3,Code 10,Contract,Gauteng,3.34
D005893,Karabo Mkhize,29,7,Code 14,Permanent,KwaZulu-Natal,4.33
D005894,Bongani Williams,48,13,Code 10,Permanent,Free State,3.96
D005895,Kabelo Mkhize,46,24,Code 8,Permanent,North West,3.34
D005896,Kabelo Williams,65,6,Code 8,Permanent,Northern Cape,3.3
D005897,Nandi Zulu,60,24,Code 10,Contract,KwaZulu-Natal,4.44
D005898,Ayanda Cele,41,22,Code 14,Permanent,Limpopo,3.88
D005899,Kabelo Dlamini,62,6,Code 10,Owner Driver,Limpopo,3.49
D005900,Kabelo Molefe,28,1,Code 10,Contract,Western Cape,3.81
D005901,Sipho Van Wyk,61,16,Code 14,Permanent,Eastern Cape,4.26
D005902,Themba Molefe,43,34,Code 8,Contract,North West,4.29
D005903,Dumisani Dlamini,61,15,Code 10,Permanent,North West,4.19
D005904,Themba Naidoo,62,28,Code 14,Permanent,Mpumalanga,3.85
D005905,Lerato Mokoena,63,1,Code 8,Permanent,Gauteng,3.39
D005906,Bongani Jacobs,40,30,Code 14,Contract,Northern Cape,3.1
D005907,Busisiwe Maseko,60,2,Code 8,Permanent,Eastern Cape,4.17
D005908,Mpho Sithole,44,1,Code 8,Contract,Free State,4.34
D005909,Tshepo Molefe,36,18,Code 8,Owner Driver,Gauteng,4.03
D005910,Lerato Mahlangu,37,28,Code 10,Permanent,Limpopo,4.93
D005911,Kabelo Maseko,23,17,Code 10,Owner Driver,Northern Cape,3.79
D005912,Precious Sithole,36,3,Code 8,Owner Driver,Limpopo,4.12
D005913,Dumisani Cele,57,14,Code 8,Owner Driver,Limpopo,4.18
D005914,Amanda Mokoena,63,6,Code 10,Permanent,Gauteng,4.21
D005915,Nandi Modise,54,26,Code 10,Permanent,Gauteng,4.55
D005916,Precious Williams,56,20,Code 10,Permanent,Gauteng,3.9
D005917,Mpho Mthembu,30,9,Code 8,Owner Driver,Mpumalanga,4.08
D005918,Busisiwe Khumalo,62,32,Code 14,Owner Driver,Gauteng,3.22
D005919,Nomsa Botha,41,32,Code 10,Permanent,Limpopo,3.57
D005920,Mandla Botha,56,8,Code 8,Permanent,Limpopo,3.27
D005921,Nokuthula Jacobs,47,22,Code 10,Contract,KwaZulu-Natal,3.79
D005922,Busisiwe Jacobs,31,29,Code 8,Owner Driver,Gauteng,3.78
D005923,Themba Nkosi,55,9,Code 8,Permanent,Gauteng,3.8
D005924,Lindelwa Botha,30,12,Code 8,Owner Driver,North West,3.64
D005925,Dumisani Maseko,38,30,Code 10,Owner Driver,Gauteng,4.35
D005926,Dumisani Adams,62,24,Code 14,Contract,Northern Cape,5.0
D005927,Lindelwa Nkosi,30,2,Code 8,Contract,Mpumalanga,4.37
D005928,Kabelo Zulu,61,24,Code 10,Owner Driver,Limpopo,3.77
D005929,Tshepo Mahlangu,31,3,Code 8,Owner Driver,Limpopo,4.08
D005930,Nomsa Mkhize,42,16,Code 8,Owner Driver,KwaZulu-Natal,4.26
D005931,Kabelo Van Wyk,64,7,Code 8,Permanent,Eastern Cape,4.1
D005932,Bongani Ngcobo,55,10,Code 10,Permanent,Gauteng,4.16
D005933,Busisiwe Sithole,52,31,Code 10,Owner Driver,KwaZulu-Natal,3.94
D005934,Lerato Mkhize,53,21,Code 14,Permanent,Northern Cape,4.31
D005935,Nokuthula Modise,37,1,Code 10,Permanent,KwaZulu-Natal,3.38
D005936,Karabo Naidoo,38,10,Code 10,Owner Driver,Western Cape,3.32
D005937,Amanda Jacobs,55,11,Code 8,Owner Driver,Limpopo,2.37
D005938,Kabelo Williams,29,31,Code 10,Contract,Gauteng,5.0
D005939,Lwazi Williams,46,28,Code 10,Contract,Limpopo,3.51
D005940,Amanda Sithole,61,15,Code 8,Permanent,Limpopo,3.05
D005941,Nokuthula Zulu,55,27,Code 14,Contract,Gauteng,3.41
D005942,Bongani Naidoo,54,26,Code 10,Owner Driver,Western Cape,4.38
D005943,Bongani Moyo,41,17,Code 14,Permanent,Eastern Cape,4.13
D005944,Tshepo Mokoena,40,19,Code 10,Permanent,Free State,4.44
D005945,Amanda Dlamini,35,17,Code 8,Permanent,North West,4.39
D005946,Zanele Naidoo,50,32,Code 14,Owner Driver,Gauteng,3.81
D005947,Phumzile Naidoo,39,32,Code 8,Contract,KwaZulu-Natal,3.66
D005948,Sipho Moyo,43,19,Code 10,Permanent,Limpopo,4.46
D005949,Ayanda Maseko,39,9,Code 8,Permanent,Gauteng,4.09
D005950,Amanda Molefe,65,8,Code 10,Permanent,Northern Cape,3.76
D005951,Mandla Adams,39,25,Code 10,Owner Driver,North West,3.78
D005952,Kagiso Zulu,28,32,Code 8,Contract,North West,4.59
D005953,Karabo Williams,43,19,Code 10,Permanent,Mpumalanga,4.52
D005954,Nomsa Nkosi,35,19,Code 8,Permanent,Gauteng,3.76
D005955,Nandi Moyo,46,1,Code 10,Permanent,Western Cape,4.04
D005956,Tshepo Jacobs,30,12,Code 10,Contract,Western Cape,3.6
D005957,Nandi Dlamini,37,18,Code 10,Contract,Western Cape,4.37
D005958,Lerato Naidoo,50,25,Code 8,Permanent,Western Cape,3.14
D005959,Mandla Ngcobo,38,25,Code 8,Owner Driver,Western Cape,3.92
D005960,Lindelwa Mthembu,39,13,Code 14,Contract,Free State,3.31
D005961,Karabo Mahlangu,34,25,Code 8,Contract,North West,4.53
D005962,Bongani Dlamini,29,31,Code 10,Contract,Mpumalanga,4.27
D005963,Nomsa Khumalo,38,14,Code 10,Permanent,Gauteng,3.7
D005964,Dumisani Van Wyk,50,14,Code 8,Owner Driver,Mpumalanga,3.1
D005965,Sipho Sithole,56,14,Code 14,Contract,KwaZulu-Natal,3.82
D005966,Busisiwe Modise,26,1,Code 8,Permanent,Northern Cape,5.0
D005967,Themba Mokoena,44,12,Code 10,Permanent,KwaZulu-Natal,3.79
D005968,Sibusiso Mokoena,57,22,Code 8,Permanent,KwaZulu-Natal,4.58
D005969,Lindelwa Mabena,28,5,Code 10,Contract,Eastern Cape,3.58
D005970,Mandla Mkhize,33,31,Code 10,Owner Driver,Western Cape,3.97
D005971,Zanele Modise,46,17,Code 10,Permanent,KwaZulu-Natal,3.78
D005972,Lindelwa Jacobs,33,21,Code 8,Permanent,Limpopo,3.38
D005973,Precious Maseko,34,34,Code 8,Contract,Western Cape,3.7
D005974,Bongani Ndlovu,30,5,Code 14,Owner Driver,Mpumalanga,4.1
D005975,Karabo Khumalo,40,34,Code 8,Contract,Eastern Cape,4.17
D005976,Sibusiso Naidoo,40,25,Code 10,Permanent,Northern Cape,3.76
D005977,Dumisani Sithole,30,31,Code 10,Permanent,Mpumalanga,4.37
D005978,Zanele Van Wyk,38,25,Code 10,Permanent,KwaZulu-Natal,3.01
D005979,Nomsa Van Wyk,64,7,Code 10,Permanent,Free State,4.2
D005980,Nomsa Cele,43,7,Code 10,Contract,North West,4.55
D005981,Lwazi Nkosi,23,5,Code 8,Permanent,Limpopo,3.26
D005982,Nokuthula Williams,61,15,Code 10,Permanent,Limpopo,4.34
D005983,Nomsa Williams,56,12,Code 14,Owner Driver,Western Cape,3.69
D005984,Thabo Pillay,58,22,Code 10,Permanent,Limpopo,3.57
D005985,Mpho Botha,54,30,Code 8,Contract,North West,4.5
D005986,Phumzile Modise,26,20,Code 10,Owner Driver,Eastern Cape,5.0
D005987,Bongani Mabena,24,11,Code 8,Permanent,Northern Cape,5.0
D005988,Mpho Mthembu,59,6,Code 8,Contract,Western Cape,3.61
D005989,Busisiwe Naidoo,24,24,Code 14,Permanent,Free State,4.18
D005990,Amanda Sithole,49,22,Code 8,Owner Driver,Mpumalanga,3.65
D005991,Zanele Mokoena,24,1,Code 10,Permanent,Western Cape,4.34
D005992,Lerato Adams,43,11,Code 8,Permanent,Northern Cape,4.61
D005993,Dumisani Zulu,36,7,Code 10,Contract,Western Cape,4.4
D005994,Ayanda Khumalo,42,28,Code 10,Owner Driver,North West,3.7
D005995,Kabelo Maseko,57,18,Code 10,Owner Driver,Mpumalanga,3.84
D005996,Zanele Modise,55,32,Code 8,Permanent,Free State,3.99
D005997,Lindelwa Williams,52,13,Code 10,Permanent,Free State,3.4
D005998,Ayanda Pillay,52,11,Code 10,Permanent,Gauteng,3.99
D005999,Nokuthula Naidoo,43,10,Code 10,Permanent,Northern Cape,3.93
D006000,Ayanda Adams,51,15,Code 10,Permanent,Gauteng,4.66
D006001,Mpho Naidoo,23,24,Code 10,Permanent,Gauteng,3.85
D006002,Kagiso Sithole,58,27,Code 10,Permanent,Mpumalanga,3.82
D006003,Tshepo Khumalo,64,7,Code 10,Permanent,North West,4.1
D006004,Zanele Mthembu,58,21,Code 8,Permanent,North West,3.42
D006005,Karabo Mahlangu,35,7,Code 10,Permanent,Gauteng,3.13
D006006,Tshepo Cele,27,10,Code 8,Permanent,KwaZulu-Natal,3.83
D006007,Nandi Ngcobo,62,3,Code 10,Permanent,Limpopo,4.04
D006008,Lwazi Van Wyk,49,25,Code 14,Contract,Free State,4.61
D006009,Siyabonga Adams,55,12,Code 8,Permanent,Gauteng,4.1
D006010,Ayanda Dlamini,50,11,Code 8,Permanent,Limpopo,4.41
D006011,Kabelo Van Wyk,47,16,Code 10,Owner Driver,Western Cape,3.2
D006012,Sibusiso Maseko,63,31,Code 10,Contract,Free State,4.46
D006013,Tshepo Mokoena,25,18,Code 10,Permanent,North West,4.46
D006014,Busisiwe Jacobs,44,23,Code 10,Permanent,North West,3.52
D006015,Tshepo Khumalo,29,10,Code 8,Contract,North West,4.88
D006016,Lwazi Mokoena,40,11,Code 10,Permanent,Gauteng,3.94
D006017,Kagiso Mkhize,54,32,Code 10,Owner Driver,Gauteng,3.97
D006018,Lerato Ndlovu,41,4,Code 8,Owner Driver,Northern Cape,4.7
D006019,Amanda Naidoo,23,23,Code 8,Permanent,KwaZulu-Natal,3.57
D006020,Lindelwa Mthembu,35,14,Code 14,Contract,Northern Cape,4.75
D006021,Mandla Mokoena,37,13,Code 8,Permanent,Western Cape,3.22
D006022,Sipho Botha,60,15,Code 10,Permanent,Northern Cape,4.47
D006023,Bongani Mabena,47,6,Code 10,Permanent,Free State,4.35
D006024,Tshepo Jacobs,63,27,Code 14,Contract,KwaZulu-Natal,3.8
D006025,Amanda Cele,42,29,Code 10,Contract,Mpumalanga,4.77
D006026,Lerato Sithole,35,24,Code 10,Owner Driver,Gauteng,4.48
D006027,Bongani Khumalo,62,15,Code 14,Contract,Free State,3.62
D006028,Precious Sithole,31,33,Code 10,Contract,Limpopo,5.0
D006029,Mandla Naidoo,58,20,Code 10,Contract,North West,4.48
D006030,Siyabonga Sithole,61,27,Code 8,Permanent,Limpopo,2.77
D006031,Nokuthula Naidoo,64,24,Code 10,Contract,Eastern Cape,4.19
D006032,Karabo Khumalo,26,4,Code 8,Permanent,Free State,4.17
D006033,Sipho Moyo,46,15,Code 8,Permanent,Free State,4.86
D006034,Siyabonga Maseko,65,15,Code 10,Permanent,Free State,4.12
D006035,Lindelwa Maseko,30,8,Code 8,Permanent,Gauteng,3.88
D006036,Lerato Jacobs,60,34,Code 14,Contract,Mpumalanga,3.65
D006037,Karabo Zulu,56,26,Code 10,Permanent,Free State,4.89
D006038,Tshepo Sithole,28,2,Code 8,Permanent,Free State,3.85
D006039,Sipho Modise,29,9,Code 10,Permanent,Eastern Cape,5.0
D006040,Nomsa Mabena,63,27,Code 8,Owner Driver,Free State,4.46
D006041,Nokuthula Mabena,29,6,Code 10,Contract,Mpumalanga,3.45
D006042,Nomsa Mkhize,48,14,Code 8,Permanent,Western Cape,3.37
D006043,Nokuthula Khumalo,64,32,Code 10,Permanent,Eastern Cape,3.27
D006044,Tshepo Botha,63,13,Code 8,Owner Driver,KwaZulu-Natal,2.4
D006045,Lindelwa Naidoo,53,29,Code 8,Contract,Free State,3.34
D006046,Kabelo Mabena,42,21,Code 10,Contract,North West,4.2
D006047,Lwazi Naidoo,25,29,Code 10,Permanent,Gauteng,4.59
D006048,Phumzile Molefe,35,23,Code 10,Permanent,North West,4.18
D006049,Kabelo Jacobs,47,10,Code 10,Permanent,Mpumalanga,3.14
D006050,Precious Ngcobo,35,25,Code 8,Owner Driver,KwaZulu-Natal,3.28
D006051,Busisiwe Mkhize,43,34,Code 14,Owner Driver,Northern Cape,3.85
D006052,Phumzile Jacobs,60,15,Code 8,Permanent,Free State,5.0
D006053,Phumzile Moyo,28,8,Code 8,Contract,North West,4.14
D006054,Ayanda Zulu,36,23,Code 8,Permanent,Free State,4.04
D006055,Nokuthula Dlamini,55,33,Code 10,Owner Driver,Eastern Cape,4.84
D006056,Dumisani Van Wyk,37,15,Code 8,Contract,Limpopo,4.25
D006057,Amanda Khumalo,63,30,Code 10,Permanent,Western Cape,3.83
D006058,Bongani Zulu,54,21,Code 8,Permanent,Northern Cape,3.38
D006059,Lindelwa Dlamini,44,1,Code 8,Permanent,Eastern Cape,2.84
D006060,Bongani Dlamini,58,30,Code 14,Permanent,Free State,3.72
D006061,Nandi Modise,53,9,Code 10,Contract,Mpumalanga,2.96
D006062,Mandla Naidoo,54,3,Code 14,Permanent,Gauteng,3.94
D006063,Kagiso Maseko,30,21,Code 14,Permanent,Northern Cape,4.45
D006064,Precious Williams,59,33,Code 8,Contract,Free State,4.05
D006065,Nokuthula Pillay,55,17,Code 10,Permanent,Western Cape,4.11
D006066,Mpho Jacobs,35,13,Code 8,Contract,North West,3.83
D006067,Kabelo Nkosi,62,1,Code 8,Permanent,Mpumalanga,4.37
D006068,Dumisani Jacobs,49,25,Code 14,Permanent,Northern Cape,3.61
D006069,Bongani Nkosi,30,33,Code 8,Permanent,Mpumalanga,3.11
D006070,Ayanda Naidoo,53,12,Code 10,Permanent,Western Cape,4.28
D006071,Lindelwa Adams,39,5,Code 8,Contract,Limpopo,4.91
D006072,Mandla Ngcobo,26,24,Code 8,Owner Driver,Free State,3.82
D006073,Nokuthula Ngcobo,34,9,Code 10,Contract,KwaZulu-Natal,4.21
D006074,Lindelwa Molefe,50,24,Code 14,Permanent,Gauteng,3.85
D006075,Bongani Khumalo,27,31,Code 10,Permanent,Western Cape,4.24
D006076,Themba Sithole,26,6,Code 8,Owner Driver,Gauteng,4.14
D006077,Tshepo Mokoena,43,21,Code 8,Owner Driver,Western Cape,3.2
D006078,Lerato Mahlangu,26,25,Code 8,Permanent,Mpumalanga,3.87
D006079,Phumzile Sithole,43,26,Code 10,Contract,Western Cape,3.67
D006080,Busisiwe Mkhize,42,3,Code 10,Owner Driver,Western Cape,3.26
D006081,Nandi Cele,23,23,Code 10,Owner Driver,Limpopo,3.81
D006082,Siyabonga Van Wyk,57,33,Code 8,Permanent,Northern Cape,3.02
D006083,Amanda Pillay,46,34,Code 8,Contract,Western Cape,4.58
D006084,Karabo Mthembu,53,31,Code 10,Owner Driver,North West,3.66
D006085,Lerato Jacobs,40,24,Code 10,Contract,Limpopo,4.14
D006086,Sipho Mokoena,41,13,Code 8,Contract,Limpopo,3.53
D006087,Sibusiso Modise,65,13,Code 14,Permanent,Western Cape,4.05
D006088,Tshepo Adams,50,2,Code 10,Permanent,Limpopo,3.78
D006089,Lerato Moyo,58,14,Code 8,Permanent,Western Cape,3.97
D006090,Thabo Naidoo,48,29,Code 14,Permanent,Gauteng,4.33
D006091,Zanele Molefe,43,23,Code 14,Contract,Northern Cape,3.47
D006092,Zanele Sithole,39,5,Code 14,Permanent,Northern Cape,2.64
D006093,Sibusiso Adams,38,20,Code 14,Permanent,KwaZulu-Natal,4.54
D006094,Precious Khumalo,57,20,Code 14,Permanent,KwaZulu-Natal,4.31
D006095,Tshepo Van Wyk,24,17,Code 10,Permanent,Gauteng,3.12
D006096,Themba Modise,64,4,Code 10,Permanent,KwaZulu-Natal,3.78
D006097,Tshepo Mthembu,37,3,Code 10,Permanent,Mpumalanga,3.85
D006098,Themba Molefe,32,25,Code 10,Permanent,Free State,3.99
D006099,Kabelo Mthembu,44,15,Code 10,Permanent,KwaZulu-Natal,3.09
D006100,Kabelo Mokoena,51,14,Code 14,Permanent,KwaZulu-Natal,3.82
D006101,Busisiwe Nkosi,51,16,Code 8,Permanent,Limpopo,4.1
D006102,Zanele Ngcobo,48,15,Code 10,Permanent,Mpumalanga,4.4
D006103,Busisiwe Sithole,32,24,Code 8,Permanent,Northern Cape,3.66
D006104,Zanele Williams,49,31,Code 8,Permanent,Gauteng,4.69
D006105,Amanda Pillay,46,14,Code 10,Permanent,Limpopo,3.2
D006106,Mandla Mabena,65,15,Code 10,Permanent,Northern Cape,4.39
D006107,Siyabonga Molefe,56,34,Code 14,Permanent,Free State,4.99
D006108,Nandi Mkhize,60,5,Code 14,Permanent,Gauteng,3.55
D006109,Nandi Molefe,47,29,Code 8,Permanent,Limpopo,3.21
D006110,Precious Cele,30,14,Code 10,Owner Driver,North West,3.87
D006111,Themba Zulu,32,29,Code 8,Permanent,North West,3.73
D006112,Nomsa Nkosi,56,26,Code 10,Contract,Free State,4.96
D006113,Nokuthula Ngcobo,53,18,Code 14,Contract,Limpopo,4.6
D006114,Sipho Molefe,52,10,Code 8,Permanent,Eastern Cape,4.25
D006115,Phumzile Jacobs,44,10,Code 10,Permanent,Western Cape,3.95
D006116,Sipho Mkhize,61,10,Code 10,Owner Driver,Eastern Cape,4.13
D006117,Ayanda Sithole,50,3,Code 10,Permanent,Free State,3.73
D006118,Nandi Mthembu,60,25,Code 10,Contract,KwaZulu-Natal,3.57
D006119,Precious Dlamini,47,31,Code 10,Permanent,Free State,3.7
D006120,Nokuthula Mabena,51,8,Code 8,Permanent,Free State,3.4
D006121,Thabo Ndlovu,42,30,Code 8,Contract,Eastern Cape,4.44
D006122,Tshepo Dlamini,41,29,Code 10,Contract,Limpopo,3.31
D006123,Sibusiso Adams,58,29,Code 14,Owner Driver,North West,4.25
D006124,Amanda Ndlovu,24,14,Code 10,Contract,Northern Cape,4.28
D006125,Mpho Molefe,34,18,Code 10,Owner Driver,Gauteng,3.89
D006126,Amanda Mabena,35,16,Code 8,Permanent,Gauteng,3.37
D006127,Nomsa Zulu,62,21,Code 10,Permanent,Mpumalanga,3.1
D006128,Mpho Williams,49,34,Code 10,Contract,Gauteng,3.52
D006129,Nomsa Dlamini,29,19,Code 10,Permanent,Northern Cape,3.01
D006130,Busisiwe Molefe,37,22,Code 10,Permanent,Western Cape,4.68
D006131,Kabelo Mthembu,40,20,Code 8,Permanent,Gauteng,4.35
D006132,Dumisani Moyo,37,27,Code 10,Owner Driver,Western Cape,5.0
D006133,Mpho Adams,28,13,Code 14,Permanent,Western Cape,3.52
D006134,Mpho Nkosi,51,31,Code 10,Contract,KwaZulu-Natal,4.39
D006135,Mandla Molefe,50,24,Code 14,Permanent,KwaZulu-Natal,3.41
D006136,Tshepo Dlamini,27,32,Code 14,Permanent,North West,3.28
D006137,Lerato Ngcobo,28,16,Code 8,Permanent,Free State,3.04
D006138,Mpho Molefe,59,28,Code 8,Contract,Northern Cape,4.09
D006139,Lwazi Zulu,59,26,Code 14,Contract,KwaZulu-Natal,4.53
D006140,Tshepo Moyo,34,23,Code 8,Permanent,KwaZulu-Natal,3.93
D006141,Kagiso Cele,37,19,Code 10,Owner Driver,Gauteng,3.82
D006142,Nokuthula Molefe,40,7,Code 8,Permanent,Gauteng,3.67
D006143,Dumisani Botha,30,22,Code 14,Permanent,KwaZulu-Natal,4.11
D006144,Nomsa Mokoena,47,19,Code 8,Permanent,Western Cape,4.57
D006145,Lindelwa Pillay,47,20,Code 10,Contract,Gauteng,3.64
D006146,Kabelo Jacobs,54,26,Code 10,Owner Driver,Northern Cape,3.94
D006147,Lerato Van Wyk,58,32,Code 8,Permanent,Gauteng,4.13
D006148,Precious Jacobs,46,3,Code 14,Permanent,Northern Cape,3.66
D006149,Precious Mkhize,34,18,Code 10,Permanent,North West,4.01
D006150,Nandi Mthembu,64,15,Code 10,Contract,Eastern Cape,4.47
D006151,Lerato Van Wyk,47,11,Code 10,Permanent,Northern Cape,3.97
D006152,Bongani Zulu,49,16,Code 8,Owner Driver,Northern Cape,3.93
D006153,Lerato Mthembu,53,30,Code 8,Permanent,Eastern Cape,4.1
D006154,Lerato Jacobs,23,3,Code 8,Permanent,North West,3.95
D006155,Ayanda Jacobs,34,11,Code 14,Permanent,North West,4.57
D006156,Precious Jacobs,23,20,Code 14,Contract,Free State,3.39
D006157,Busisiwe Ngcobo,58,18,Code 10,Permanent,Eastern Cape,4.18
D006158,Amanda Botha,48,33,Code 10,Permanent,Free State,4.31
D006159,Nomsa Zulu,60,11,Code 8,Permanent,KwaZulu-Natal,3.44
D006160,Siyabonga Mahlangu,29,12,Code 8,Permanent,Gauteng,4.04
D006161,Ayanda Ndlovu,57,13,Code 14,Permanent,Gauteng,4.76
D006162,Nokuthula Cele,58,16,Code 14,Owner Driver,Western Cape,3.4
D006163,Dumisani Cele,38,24,Code 10,Permanent,Eastern Cape,3.42
D006164,Nokuthula Dlamini,41,22,Code 10,Permanent,Gauteng,4.81
D006165,Lindelwa Mkhize,28,3,Code 8,Permanent,Free State,4.24
D006166,Karabo Botha,41,14,Code 10,Permanent,Mpumalanga,4.83
D006167,Zanele Maseko,40,1,Code 8,Permanent,Western Cape,4.2
D006168,Themba Sithole,31,25,Code 10,Permanent,Northern Cape,4.29
D006169,Dumisani Mabena,63,32,Code 14,Permanent,Western Cape,4.6
D006170,Kabelo Ngcobo,53,17,Code 8,Permanent,Mpumalanga,4.93
D006171,Precious Mthembu,48,26,Code 8,Permanent,Free State,4.69
D006172,Zanele Zulu,43,10,Code 14,Permanent,Mpumalanga,5.0
D006173,Lerato Moyo,45,1,Code 10,Owner Driver,KwaZulu-Natal,4.24
D006174,Themba Naidoo,29,19,Code 10,Owner Driver,North West,3.84
D006175,Precious Pillay,27,28,Code 8,Owner Driver,North West,3.24
D006176,Mpho Sithole,48,31,Code 8,Permanent,Eastern Cape,4.55
D006177,Ayanda Ndlovu,27,17,Code 14,Owner Driver,Limpopo,4.32
D006178,Amanda Zulu,36,5,Code 8,Permanent,Free State,3.44
D006179,Dumisani Mkhize,60,30,Code 10,Contract,Mpumalanga,3.78
D006180,Mpho Modise,37,14,Code 10,Contract,Limpopo,3.0
D006181,Karabo Jacobs,37,22,Code 8,Permanent,North West,4.02
D006182,Phumzile Moyo,51,8,Code 8,Permanent,Limpopo,3.62
D006183,Lwazi Mthembu,34,34,Code 14,Owner Driver,Western Cape,4.17
D006184,Nomsa Modise,51,3,Code 10,Owner Driver,Northern Cape,4.42
D006185,Amanda Khumalo,54,9,Code 10,Permanent,Mpumalanga,5.0
D006186,Dumisani Van Wyk,43,29,Code 10,Permanent,Western Cape,3.75
D006187,Lindelwa Mahlangu,36,34,Code 14,Permanent,Free State,3.7
D006188,Busisiwe Cele,33,29,Code 8,Permanent,Free State,3.54
D006189,Nandi Mabena,55,2,Code 10,Permanent,Free State,4.13
D006190,Kabelo Naidoo,37,20,Code 10,Permanent,North West,3.79
D006191,Amanda Moyo,50,11,Code 8,Contract,Free State,3.39
D006192,Kagiso Ndlovu,34,23,Code 10,Contract,KwaZulu-Natal,4.2
D006193,Siyabonga Mokoena,23,27,Code 8,Permanent,Western Cape,4.11
D006194,Phumzile Pillay,46,15,Code 10,Permanent,KwaZulu-Natal,4.53
D006195,Dumisani Naidoo,63,22,Code 8,Permanent,Eastern Cape,4.07
D006196,Sibusiso Mthembu,24,2,Code 10,Permanent,Mpumalanga,4.04
D006197,Lindelwa Zulu,51,11,Code 14,Contract,Northern Cape,3.61
D006198,Kagiso Ngcobo,39,6,Code 10,Permanent,Free State,4.2
D006199,Sibusiso Zulu,64,5,Code 8,Owner Driver,Eastern Cape,3.97
D006200,Zanele Ngcobo,44,20,Code 8,Permanent,Limpopo,4.98
D006201,Lindelwa Sithole,58,16,Code 8,Contract,Mpumalanga,4.27
D006202,Nandi Naidoo,45,26,Code 10,Permanent,Limpopo,3.46
D006203,Precious Mahlangu,59,22,Code 8,Permanent,Northern Cape,3.84
D006204,Nokuthula Molefe,37,20,Code 10,Contract,Eastern Cape,4.38
D006205,Mpho Naidoo,53,18,Code 10,Permanent,North West,3.42
D006206,Lerato Williams,33,27,Code 10,Permanent,Western Cape,3.87
D006207,Phumzile Williams,50,30,Code 8,Owner Driver,Eastern Cape,2.89
D006208,Nokuthula Maseko,38,18,Code 8,Contract,KwaZulu-Natal,4.39
D006209,Kabelo Mkhize,35,10,Code 14,Permanent,Eastern Cape,4.06
D006210,Thabo Ndlovu,35,34,Code 10,Permanent,North West,3.24
D006211,Busisiwe Molefe,27,29,Code 8,Contract,Eastern Cape,3.56
D006212,Nomsa Pillay,33,15,Code 10,Permanent,Limpopo,4.74
D006213,Lindelwa Ndlovu,49,9,Code 10,Owner Driver,KwaZulu-Natal,4.59
D006214,Amanda Nkosi,26,18,Code 10,Permanent,Gauteng,4.15
D006215,Lindelwa Molefe,54,8,Code 8,Permanent,Free State,3.23
D006216,Nokuthula Van Wyk,39,32,Code 10,Permanent,Northern Cape,4.72
D006217,Zanele Molefe,24,16,Code 14,Permanent,Northern Cape,4.7
D006218,Karabo Nkosi,54,32,Code 8,Permanent,Free State,4.32
D006219,Thabo Pillay,37,32,Code 14,Owner Driver,Northern Cape,4.07
D006220,Tshepo Mahlangu,29,17,Code 8,Permanent,KwaZulu-Natal,3.53
D006221,Phumzile Molefe,29,6,Code 8,Permanent,Limpopo,2.4
D006222,Lindelwa Williams,34,20,Code 8,Owner Driver,Western Cape,3.82
D006223,Kagiso Mokoena,37,13,Code 8,Contract,Free State,4.55
D006224,Dumisani Mahlangu,58,10,Code 8,Permanent,Eastern Cape,4.82
D006225,Kagiso Cele,63,2,Code 10,Owner Driver,Western Cape,2.8
D006226,Lindelwa Mabena,52,18,Code 8,Owner Driver,Western Cape,3.25
D006227,Ayanda Dlamini,41,7,Code 8,Permanent,North West,4.64
D006228,Sipho Ngcobo,63,6,Code 8,Contract,Gauteng,4.82
D006229,Nokuthula Naidoo,38,28,Code 8,Owner Driver,Eastern Cape,4.19
D006230,Lindelwa Maseko,52,31,Code 10,Contract,Eastern Cape,4.66
D006231,Nandi Khumalo,58,8,Code 8,Contract,Eastern Cape,3.45
D006232,Thabo Nkosi,32,22,Code 8,Contract,Mpumalanga,4.02
D006233,Amanda Dlamini,52,22,Code 8,Permanent,Eastern Cape,4.69
D006234,Amanda Williams,58,27,Code 8,Contract,Limpopo,3.88
D006235,Themba Naidoo,47,6,Code 10,Permanent,Limpopo,4.3
D006236,Lwazi Dlamini,30,6,Code 8,Permanent,Limpopo,3.4
D006237,Ayanda Jacobs,65,4,Code 10,Contract,North West,3.29
D006238,Amanda Mahlangu,54,30,Code 10,Contract,Gauteng,4.47
D006239,Tshepo Nkosi,61,29,Code 10,Permanent,KwaZulu-Natal,3.79
D006240,Dumisani Mahlangu,56,18,Code 14,Owner Driver,Western Cape,3.91
D006241,Precious Ndlovu,43,14,Code 10,Owner Driver,Northern Cape,3.0
D006242,Sipho Mthembu,28,11,Code 14,Permanent,Western Cape,3.93
D006243,Kabelo Van Wyk,30,34,Code 10,Permanent,Limpopo,4.25
D006244,Mandla Mabena,36,28,Code 14,Permanent,Free State,3.96
D006245,Sipho Mokoena,36,11,Code 8,Contract,Northern Cape,3.65
D006246,Mpho Cele,45,7,Code 14,Contract,Eastern Cape,3.93
D006247,Nokuthula Williams,33,25,Code 8,Contract,Northern Cape,3.18
D006248,Mpho Dlamini,42,32,Code 10,Permanent,Gauteng,3.38
D006249,Bongani Cele,65,25,Code 14,Contract,Eastern Cape,4.18
D006250,Lwazi Naidoo,60,3,Code 8,Contract,North West,3.73
D006251,Zanele Nkosi,44,1,Code 10,Permanent,KwaZulu-Natal,3.49
D006252,Lwazi Mokoena,50,5,Code 14,Owner Driver,Free State,3.87
D006253,Karabo Mabena,40,29,Code 10,Owner Driver,Gauteng,4.22
D006254,Zanele Adams,26,9,Code 14,Contract,Free State,3.37
D006255,Nomsa Van Wyk,40,4,Code 14,Permanent,KwaZulu-Natal,4.2
D006256,Busisiwe Ngcobo,51,17,Code 14,Permanent,KwaZulu-Natal,4.92
D006257,Kagiso Botha,48,7,Code 8,Permanent,North West,4.06
D006258,Sipho Williams,43,13,Code 10,Permanent,Northern Cape,3.04
D006259,Ayanda Maseko,24,27,Code 14,Permanent,Limpopo,4.15
D006260,Sibusiso Jacobs,25,34,Code 10,Owner Driver,KwaZulu-Natal,3.35
D006261,Nandi Sithole,49,3,Code 14,Permanent,KwaZulu-Natal,4.51
D006262,Busisiwe Naidoo,50,25,Code 10,Permanent,Northern Cape,2.92
D006263,Kagiso Moyo,40,25,Code 10,Contract,Free State,4.83
D006264,Nokuthula Modise,33,11,Code 10,Permanent,Northern Cape,3.91
D006265,Ayanda Nkosi,58,25,Code 10,Permanent,Mpumalanga,3.01
D006266,Kagiso Sithole,29,28,Code 8,Permanent,Limpopo,3.52
D006267,Themba Moyo,42,32,Code 8,Permanent,North West,4.19
D006268,Lindelwa Khumalo,25,19,Code 8,Permanent,Western Cape,4.49
D006269,Kabelo Naidoo,38,17,Code 8,Permanent,Northern Cape,4.28
D006270,Nandi Moyo,39,16,Code 10,Permanent,Gauteng,3.57
D006271,Siyabonga Mthembu,58,22,Code 14,Permanent,Limpopo,3.29
D006272,Phumzile Cele,30,9,Code 10,Contract,KwaZulu-Natal,3.17
D006273,Phumzile Dlamini,36,34,Code 10,Permanent,Limpopo,3.37
D006274,Phumzile Zulu,53,26,Code 10,Permanent,KwaZulu-Natal,2.99
D006275,Busisiwe Dlamini,55,22,Code 8,Permanent,Western Cape,3.47
D006276,Busisiwe Zulu,58,19,Code 8,Permanent,Western Cape,4.07
D006277,Dumisani Mthembu,65,13,Code 8,Permanent,Free State,3.79
D006278,Nomsa Williams,45,20,Code 10,Permanent,Free State,3.92
D006279,Nomsa Naidoo,43,2,Code 8,Permanent,Mpumalanga,4.25
D006280,Nokuthula Botha,30,17,Code 10,Permanent,Northern Cape,4.06
D006281,Nomsa Khumalo,58,16,Code 8,Owner Driver,North West,3.43
D006282,Bongani Molefe,43,1,Code 14,Permanent,Western Cape,4.45
D006283,Lerato Moyo,55,25,Code 10,Contract,Western Cape,4.42
D006284,Themba Maseko,63,20,Code 14,Permanent,Gauteng,2.83
D006285,Busisiwe Mabena,38,15,Code 10,Contract,Limpopo,3.95
D006286,Sipho Sithole,33,5,Code 10,Owner Driver,North West,4.53
D006287,Tshepo Ndlovu,30,11,Code 8,Owner Driver,Mpumalanga,4.13
D006288,Amanda Moyo,60,23,Code 10,Owner Driver,Eastern Cape,3.6
D006289,Lerato Pillay,53,3,Code 10,Permanent,North West,3.88
D006290,Lerato Nkosi,57,16,Code 8,Permanent,Mpumalanga,4.16
D006291,Lwazi Maseko,47,12,Code 10,Contract,Western Cape,3.2
D006292,Amanda Maseko,60,27,Code 10,Owner Driver,Gauteng,4.14
D006293,Zanele Ngcobo,47,9,Code 10,Permanent,Eastern Cape,4.14
D006294,Phumzile Modise,39,22,Code 10,Contract,Limpopo,3.52
D006295,Lindelwa Modise,43,2,Code 14,Permanent,Northern Cape,4.83
D006296,Amanda Naidoo,65,1,Code 8,Permanent,Eastern Cape,3.71
D006297,Bongani Zulu,46,3,Code 8,Permanent,North West,3.53
D006298,Karabo Dlamini,59,24,Code 14,Contract,North West,3.76
D006299,Amanda Moyo,39,17,Code 8,Permanent,Northern Cape,4.03
D006300,Mpho Mahlangu,51,21,Code 14,Owner Driver,KwaZulu-Natal,4.33
D006301,Tshepo Maseko,37,23,Code 8,Permanent,KwaZulu-Natal,4.33
D006302,Busisiwe Mabena,50,23,Code 8,Permanent,Eastern Cape,3.77
D006303,Dumisani Ngcobo,28,6,Code 8,Permanent,Eastern Cape,3.57
D006304,Lerato Mkhize,46,27,Code 10,Permanent,Northern Cape,3.75
D006305,Mandla Zulu,63,23,Code 8,Permanent,Mpumalanga,4.18
D006306,Nokuthula Molefe,35,23,Code 10,Permanent,KwaZulu-Natal,4.02
D006307,Nokuthula Mokoena,47,1,Code 14,Owner Driver,Mpumalanga,3.75
D006308,Sipho Maseko,41,9,Code 14,Contract,Limpopo,3.5
D006309,Karabo Botha,33,4,Code 8,Owner Driver,North West,4.02
D006310,Bongani Ndlovu,43,3,Code 8,Owner Driver,Mpumalanga,4.14
D006311,Siyabonga Khumalo,46,12,Code 10,Permanent,Western Cape,2.76
D006312,Precious Ndlovu,29,31,Code 14,Owner Driver,Northern Cape,4.31
D006313,Themba Mthembu,59,14,Code 14,Owner Driver,Northern Cape,2.43
D006314,Sibusiso Naidoo,42,16,Code 10,Permanent,Northern Cape,4.09
D006315,Bongani Mkhize,32,22,Code 14,Permanent,Eastern Cape,4.61
D006316,Nandi Pillay,35,6,Code 10,Permanent,KwaZulu-Natal,4.05
D006317,Phumzile Maseko,49,19,Code 8,Permanent,Northern Cape,4.08
D006318,Mpho Naidoo,35,32,Code 8,Permanent,Eastern Cape,4.63
D006319,Lindelwa Adams,54,11,Code 10,Permanent,Free State,4.55
D006320,Nandi Van Wyk,37,17,Code 8,Permanent,North West,3.39
D006321,Busisiwe Nkosi,59,7,Code 14,Permanent,KwaZulu-Natal,4.87
D006322,Busisiwe Zulu,47,21,Code 8,Permanent,Gauteng,3.75
D006323,Nandi Sithole,52,18,Code 10,Permanent,Limpopo,4.44
D006324,Mandla Khumalo,32,5,Code 8,Permanent,Northern Cape,3.16
D006325,Dumisani Pillay,52,17,Code 8,Permanent,Limpopo,2.71
D006326,Thabo Khumalo,34,27,Code 10,Permanent,Western Cape,4.14
D006327,Dumisani Mthembu,35,12,Code 8,Contract,Gauteng,3.42
D006328,Themba Moyo,55,14,Code 10,Permanent,North West,3.6
D006329,Lwazi Adams,36,27,Code 10,Owner Driver,Northern Cape,3.79
D006330,Precious Molefe,52,7,Code 10,Permanent,Eastern Cape,4.6
D006331,Karabo Van Wyk,27,6,Code 8,Permanent,Northern Cape,3.78
D006332,Lindelwa Khumalo,28,6,Code 10,Contract,North West,4.03
D006333,Dumisani Mabena,29,7,Code 8,Owner Driver,Limpopo,3.53
D006334,Thabo Ngcobo,27,24,Code 14,Permanent,Eastern Cape,4.49
D006335,Siyabonga Pillay,58,12,Code 8,Owner Driver,Mpumalanga,3.72
D006336,Mandla Mthembu,60,5,Code 14,Owner Driver,KwaZulu-Natal,4.18
D006337,Sipho Ndlovu,56,32,Code 8,Permanent,Limpopo,3.93
D006338,Lwazi Modise,51,33,Code 8,Permanent,Western Cape,3.38
D006339,Themba Ngcobo,49,14,Code 10,Contract,Western Cape,3.88
D006340,Dumisani Molefe,31,31,Code 8,Owner Driver,Gauteng,2.8
D006341,Phumzile Dlamini,37,13,Code 10,Permanent,Free State,3.95
D006342,Phumzile Botha,43,30,Code 14,Contract,Gauteng,3.74
D006343,Nokuthula Mabena,29,17,Code 10,Permanent,Mpumalanga,3.92
D006344,Nokuthula Molefe,32,26,Code 10,Permanent,KwaZulu-Natal,4.01
D006345,Mandla Williams,54,9,Code 10,Permanent,KwaZulu-Natal,4.52
D006346,Themba Modise,26,20,Code 14,Permanent,North West,4.29
D006347,Bongani Pillay,54,32,Code 8,Owner Driver,Gauteng,4.04
D006348,Dumisani Mahlangu,24,26,Code 10,Permanent,Northern Cape,4.11
D006349,Sipho Cele,23,30,Code 10,Permanent,Northern Cape,4.16
D006350,Sibusiso Adams,48,27,Code 14,Owner Driver,Northern Cape,4.2
D006351,Nandi Van Wyk,41,13,Code 8,Owner Driver,North West,4.89
D006352,Mandla Mthembu,47,17,Code 10,Permanent,KwaZulu-Natal,3.76
D006353,Dumisani Nkosi,33,23,Code 8,Contract,Limpopo,3.91
D006354,Lindelwa Williams,54,18,Code 10,Owner Driver,KwaZulu-Natal,3.81
D006355,Thabo Ndlovu,41,6,Code 8,Contract,KwaZulu-Natal,3.66
D006356,Zanele Botha,29,14,Code 10,Permanent,Eastern Cape,3.99
D006357,Phumzile Van Wyk,42,21,Code 10,Permanent,Mpumalanga,4.11
D006358,Kagiso Pillay,24,21,Code 8,Contract,Free State,4.01
D006359,Lerato Molefe,46,29,Code 8,Permanent,Eastern Cape,2.99
D006360,Sibusiso Mthembu,59,7,Code 8,Permanent,Limpopo,4.58
D006361,Sibusiso Naidoo,36,2,Code 14,Owner Driver,Mpumalanga,4.33
D006362,Bongani Mkhize,59,15,Code 8,Contract,Free State,3.88
D006363,Siyabonga Ndlovu,39,34,Code 10,Permanent,Free State,3.78
D006364,Lerato Mahlangu,55,9,Code 14,Contract,North West,3.83
D006365,Bongani Mokoena,41,28,Code 10,Permanent,Eastern Cape,3.99
D006366,Mpho Jacobs,25,12,Code 10,Contract,KwaZulu-Natal,4.36
D006367,Nokuthula Sithole,58,23,Code 10,Permanent,KwaZulu-Natal,2.38
D006368,Themba Nkosi,24,20,Code 8,Contract,Mpumalanga,3.36
D006369,Karabo Khumalo,56,7,Code 14,Contract,North West,3.69
D006370,Sipho Jacobs,63,34,Code 10,Permanent,Mpumalanga,4.05
D006371,Nomsa Mthembu,50,11,Code 10,Permanent,Free State,4.19
D006372,Nomsa Adams,52,2,Code 14,Owner Driver,Free State,4.09
D006373,Bongani Botha,60,22,Code 10,Permanent,Eastern Cape,4.21
D006374,Nokuthula Mthembu,38,13,Code 14,Owner Driver,North West,3.51
D006375,Nandi Pillay,24,21,Code 8,Permanent,Mpumalanga,4.91
D006376,Lerato Jacobs,60,12,Code 8,Permanent,Northern Cape,4.38
D006377,Busisiwe Mokoena,39,17,Code 10,Owner Driver,Eastern Cape,3.13
D006378,Tshepo Sithole,52,9,Code 8,Permanent,Mpumalanga,3.73
D006379,Dumisani Modise,48,13,Code 14,Owner Driver,Limpopo,4.75
D006380,Thabo Williams,31,29,Code 10,Owner Driver,Northern Cape,4.66
D006381,Sibusiso Van Wyk,64,28,Code 8,Permanent,Western Cape,3.66
D006382,Phumzile Jacobs,50,27,Code 14,Contract,KwaZulu-Natal,4.74
D006383,Lerato Moyo,55,20,Code 10,Owner Driver,Limpopo,5.0
D006384,Lwazi Mahlangu,61,19,Code 8,Contract,Mpumalanga,3.88
D006385,Kabelo Modise,45,28,Code 10,Permanent,Mpumalanga,3.57
D006386,Busisiwe Williams,24,3,Code 8,Permanent,Eastern Cape,3.97
D006387,Siyabonga Dlamini,32,21,Code 14,Contract,Western Cape,3.66
D006388,Karabo Molefe,38,12,Code 8,Owner Driver,Northern Cape,3.92
D006389,Ayanda Naidoo,64,26,Code 10,Contract,Northern Cape,3.51
D006390,Lindelwa Naidoo,65,7,Code 8,Permanent,Western Cape,4.21
D006391,Sipho Van Wyk,47,25,Code 10,Contract,North West,4.35
D006392,Kabelo Naidoo,23,26,Code 10,Permanent,Free State,3.98
D006393,Thabo Naidoo,56,8,Code 10,Owner Driver,Mpumalanga,3.68
D006394,Amanda Mthembu,39,31,Code 10,Contract,Free State,3.83
D006395,Sipho Nkosi,23,4,Code 10,Contract,Northern Cape,4.02
D006396,Karabo Mahlangu,48,11,Code 10,Permanent,Gauteng,4.64
D006397,Nokuthula Botha,40,26,Code 14,Permanent,Gauteng,3.69
D006398,Kagiso Khumalo,47,15,Code 10,Permanent,Limpopo,3.69
D006399,Siyabonga Jacobs,63,30,Code 8,Owner Driver,Limpopo,3.68
D006400,Themba Adams,57,17,Code 14,Permanent,Mpumalanga,4.98
D006401,Kabelo Cele,49,24,Code 10,Owner Driver,Gauteng,3.56
D006402,Lwazi Zulu,56,13,Code 8,Contract,Eastern Cape,4.62
D006403,Dumisani Jacobs,45,28,Code 14,Owner Driver,Mpumalanga,4.55
D006404,Lerato Zulu,33,27,Code 8,Permanent,Free State,4.36
D006405,Nokuthula Ngcobo,42,9,Code 10,Owner Driver,North West,3.67
D006406,Karabo Sithole,65,16,Code 8,Permanent,KwaZulu-Natal,3.3
D006407,Lindelwa Modise,47,24,Code 10,Owner Driver,Gauteng,4.62
D006408,Bongani Ngcobo,43,12,Code 10,Contract,Mpumalanga,3.7
D006409,Sipho Mabena,65,25,Code 8,Contract,KwaZulu-Natal,3.56
D006410,Thabo Adams,37,1,Code 14,Permanent,Northern Cape,3.75
D006411,Lindelwa Mthembu,58,29,Code 14,Permanent,Free State,3.04
D006412,Lerato Botha,49,10,Code 14,Permanent,Western Cape,4.32
D006413,Sipho Williams,50,4,Code 8,Permanent,Northern Cape,3.84
D006414,Tshepo Botha,26,22,Code 14,Contract,Eastern Cape,3.11
D006415,Sibusiso Cele,45,13,Code 8,Permanent,North West,4.65
D006416,Siyabonga Jacobs,28,29,Code 14,Owner Driver,Mpumalanga,3.48
D006417,Nomsa Zulu,53,23,Code 8,Contract,Mpumalanga,4.14
D006418,Amanda Mkhize,33,28,Code 8,Permanent,North West,2.9
D006419,Phumzile Nkosi,28,16,Code 14,Contract,Western Cape,3.98
D006420,Precious Cele,45,18,Code 14,Permanent,Northern Cape,3.9
D006421,Themba Williams,43,30,Code 10,Permanent,Northern Cape,4.5
D006422,Lindelwa Adams,24,21,Code 8,Permanent,Gauteng,4.56
D006423,Karabo Ngcobo,31,7,Code 8,Contract,KwaZulu-Natal,3.19
D006424,Ayanda Ngcobo,65,13,Code 8,Owner Driver,Free State,3.49
D006425,Lerato Ngcobo,35,20,Code 14,Permanent,Eastern Cape,2.37
D006426,Bongani Molefe,61,7,Code 14,Permanent,Eastern Cape,3.47
D006427,Tshepo Williams,41,21,Code 10,Contract,Gauteng,3.91
D006428,Kagiso Williams,65,23,Code 10,Permanent,North West,4.68
D006429,Nandi Mahlangu,23,10,Code 10,Contract,Western Cape,4.12
D006430,Mpho Naidoo,57,10,Code 8,Contract,North West,3.58
D006431,Nokuthula Naidoo,31,1,Code 14,Contract,KwaZulu-Natal,4.38
D006432,Thabo Botha,60,10,Code 10,Permanent,North West,3.45
D006433,Precious Dlamini,50,28,Code 14,Contract,Mpumalanga,2.78
D006434,Themba Molefe,30,23,Code 10,Contract,Free State,3.97
D006435,Nomsa Mabena,60,19,Code 8,Permanent,Limpopo,3.92
D006436,Sibusiso Williams,38,14,Code 8,Permanent,Limpopo,4.25
D006437,Lerato Modise,64,5,Code 10,Permanent,Limpopo,3.02
D006438,Precious Modise,44,14,Code 8,Owner Driver,Limpopo,4.71
D006439,Busisiwe Maseko,32,14,Code 10,Contract,Free State,3.71
D006440,Nandi Khumalo,33,10,Code 10,Contract,Limpopo,3.56
D006441,Sipho Naidoo,54,31,Code 10,Permanent,Free State,4.25
D006442,Kabelo Nkosi,32,24,Code 8,Permanent,Eastern Cape,3.85
D006443,Bongani Mkhize,38,30,Code 10,Permanent,Gauteng,2.94
D006444,Karabo Modise,51,13,Code 10,Permanent,North West,5.0
D006445,Siyabonga Williams,38,7,Code 8,Permanent,Free State,3.42
D006446,Phumzile Williams,53,9,Code 8,Permanent,North West,3.76
D006447,Nokuthula Mahlangu,49,14,Code 8,Permanent,Mpumalanga,3.83
D006448,Nandi Van Wyk,39,24,Code 10,Permanent,Eastern Cape,3.67
D006449,Lwazi Zulu,57,34,Code 8,Contract,Limpopo,3.52
D006450,Lerato Mkhize,47,32,Code 14,Contract,North West,3.34
D006451,Themba Ndlovu,57,9,Code 10,Permanent,Western Cape,3.42
D006452,Tshepo Modise,46,27,Code 10,Permanent,Western Cape,3.96
D006453,Ayanda Dlamini,51,14,Code 8,Permanent,KwaZulu-Natal,4.67
D006454,Precious Mthembu,36,30,Code 8,Contract,Limpopo,3.4
D006455,Precious Sithole,37,19,Code 10,Permanent,Free State,3.94
D006456,Mpho Van Wyk,23,30,Code 10,Contract,Free State,4.66
D006457,Busisiwe Mahlangu,64,15,Code 14,Contract,Eastern Cape,3.07
D006458,Nandi Jacobs,43,23,Code 8,Permanent,Free State,3.14
D006459,Mandla Mthembu,39,9,Code 8,Contract,North West,2.61
D006460,Zanele Williams,54,17,Code 8,Permanent,Free State,4.09
D006461,Lerato Zulu,37,30,Code 8,Permanent,Mpumalanga,3.33
D006462,Karabo Khumalo,47,29,Code 10,Contract,North West,3.58
D006463,Thabo Molefe,63,12,Code 10,Owner Driver,Western Cape,3.74
D006464,Thabo Pillay,49,8,Code 10,Contract,Western Cape,4.31
D006465,Lindelwa Mthembu,27,9,Code 14,Contract,Northern Cape,3.66
D006466,Mandla Mabena,59,19,Code 8,Contract,Limpopo,3.55
D006467,Sibusiso Sithole,48,3,Code 8,Permanent,Northern Cape,3.24
D006468,Siyabonga Khumalo,41,14,Code 10,Contract,Mpumalanga,4.56
D006469,Lerato Williams,33,2,Code 8,Permanent,Gauteng,3.46
D006470,Bongani Ngcobo,32,1,Code 14,Permanent,KwaZulu-Natal,3.33
D006471,Lindelwa Dlamini,40,17,Code 10,Contract,North West,4.4
D006472,Phumzile Mabena,42,34,Code 8,Permanent,Free State,4.25
D006473,Zanele Zulu,57,30,Code 10,Owner Driver,KwaZulu-Natal,4.62
D006474,Nandi Ndlovu,64,26,Code 14,Contract,Gauteng,3.85
D006475,Ayanda Khumalo,60,30,Code 8,Permanent,Gauteng,4.81
D006476,Themba Modise,63,3,Code 8,Contract,Free State,4.27
D006477,Dumisani Maseko,57,12,Code 14,Permanent,Western Cape,4.01
D006478,Siyabonga Botha,48,18,Code 14,Permanent,Eastern Cape,3.88
D006479,Lerato Mthembu,40,8,Code 8,Owner Driver,Western Cape,4.15
D006480,Nokuthula Khumalo,47,14,Code 14,Permanent,Eastern Cape,4.21
D006481,Precious Dlamini,46,2,Code 14,Permanent,Northern Cape,3.4
D006482,Thabo Naidoo,58,25,Code 10,Contract,Eastern Cape,3.94
D006483,Themba Botha,54,11,Code 10,Owner Driver,Eastern Cape,4.53
D006484,Siyabonga Mahlangu,56,30,Code 10,Permanent,Mpumalanga,4.12
D006485,Nandi Sithole,53,12,Code 10,Permanent,Free State,3.46
D006486,Nokuthula Van Wyk,54,20,Code 8,Owner Driver,Limpopo,3.6
D006487,Siyabonga Moyo,48,12,Code 8,Permanent,Gauteng,4.51
D006488,Siyabonga Jacobs,50,2,Code 14,Permanent,Mpumalanga,4.31
D006489,Kabelo Modise,33,9,Code 10,Owner Driver,Mpumalanga,3.97
D006490,Themba Jacobs,55,11,Code 8,Owner Driver,KwaZulu-Natal,3.12
D006491,Nokuthula Khumalo,37,14,Code 10,Contract,North West,4.29
D006492,Siyabonga Maseko,52,27,Code 8,Permanent,Limpopo,4.42
D006493,Nokuthula Nkosi,42,34,Code 14,Permanent,Free State,4.23
D006494,Mpho Khumalo,23,2,Code 8,Permanent,Gauteng,3.41
D006495,Lerato Modise,39,33,Code 10,Permanent,KwaZulu-Natal,3.57
D006496,Nomsa Ngcobo,49,33,Code 14,Permanent,Free State,4.9
D006497,Sipho Botha,25,9,Code 10,Contract,KwaZulu-Natal,4.97
D006498,Nokuthula Mkhize,39,2,Code 10,Contract,Western Cape,4.26
D006499,Mpho Mabena,23,25,Code 8,Permanent,Northern Cape,4.09
D006500,Kagiso Moyo,46,27,Code 10,Permanent,Limpopo,3.99
D006501,Nomsa Dlamini,34,14,Code 8,Permanent,KwaZulu-Natal,3.68
D006502,Lerato Moyo,44,11,Code 10,Permanent,Eastern Cape,3.77
D006503,Ayanda Ngcobo,60,10,Code 10,Owner Driver,Limpopo,4.1
D006504,Busisiwe Pillay,53,32,Code 14,Permanent,KwaZulu-Natal,3.83
D006505,Thabo Botha,23,2,Code 8,Permanent,Northern Cape,2.9
D006506,Siyabonga Mkhize,38,10,Code 10,Permanent,Gauteng,3.87
D006507,Tshepo Nkosi,32,19,Code 10,Permanent,Western Cape,4.19
D006508,Thabo Jacobs,50,9,Code 8,Owner Driver,Mpumalanga,3.76
D006509,Busisiwe Mkhize,56,32,Code 8,Owner Driver,Western Cape,3.69
D006510,Sibusiso Ndlovu,34,25,Code 10,Contract,Gauteng,4.35
D006511,Karabo Ndlovu,33,7,Code 10,Permanent,Free State,4.1
D006512,Nokuthula Van Wyk,61,5,Code 8,Contract,North West,4.47
D006513,Sibusiso Mokoena,24,2,Code 10,Owner Driver,North West,4.4
D006514,Sipho Mkhize,32,31,Code 8,Permanent,Gauteng,4.49
D006515,Kagiso Ndlovu,58,8,Code 10,Permanent,Eastern Cape,4.66
D006516,Precious Sithole,65,22,Code 14,Permanent,Northern Cape,3.8
D006517,Amanda Molefe,38,21,Code 10,Permanent,Limpopo,4.26
D006518,Dumisani Cele,47,24,Code 10,Permanent,Mpumalanga,3.79
D006519,Lindelwa Dlamini,57,6,Code 10,Contract,Eastern Cape,3.9
D006520,Lwazi Van Wyk,26,12,Code 10,Owner Driver,Eastern Cape,4.42
D006521,Ayanda Modise,37,21,Code 10,Permanent,Western Cape,4.72
D006522,Ayanda Khumalo,48,25,Code 10,Permanent,Free State,3.2
D006523,Thabo Jacobs,25,26,Code 10,Contract,Mpumalanga,2.62
D006524,Karabo Ndlovu,28,27,Code 8,Permanent,Western Cape,5.0
D006525,Themba Ndlovu,37,15,Code 8,Permanent,Northern Cape,5.0
D006526,Nokuthula Mokoena,31,11,Code 14,Permanent,North West,3.84
D006527,Mandla Khumalo,37,17,Code 10,Contract,North West,4.15
D006528,Bongani Mabena,60,33,Code 8,Permanent,Gauteng,3.8
D006529,Sipho Botha,54,28,Code 10,Permanent,Mpumalanga,4.53
D006530,Thabo Molefe,35,12,Code 8,Contract,Eastern Cape,4.24
D006531,Mpho Modise,64,23,Code 8,Permanent,Limpopo,3.75
D006532,Bongani Pillay,59,13,Code 8,Permanent,Northern Cape,5.0
D006533,Lindelwa Mahlangu,53,1,Code 8,Permanent,Western Cape,3.68
D006534,Lindelwa Dlamini,56,10,Code 8,Owner Driver,Western Cape,4.8
D006535,Lwazi Cele,34,16,Code 8,Permanent,Western Cape,3.52
D006536,Thabo Nkosi,62,16,Code 10,Contract,North West,3.84
D006537,Bongani Adams,32,27,Code 14,Contract,KwaZulu-Natal,2.95
D006538,Thabo Jacobs,61,31,Code 10,Permanent,Limpopo,4.21
D006539,Mandla Molefe,33,34,Code 10,Permanent,Limpopo,3.14
D006540,Kabelo Mokoena,45,31,Code 8,Contract,Northern Cape,3.51
D006541,Lindelwa Mokoena,41,34,Code 10,Contract,Eastern Cape,3.77
D006542,Busisiwe Mokoena,59,31,Code 10,Permanent,Northern Cape,4.61
D006543,Phumzile Molefe,34,4,Code 10,Permanent,KwaZulu-Natal,4.36
D006544,Mandla Mthembu,24,24,Code 10,Permanent,Gauteng,4.31
D006545,Kabelo Ngcobo,50,12,Code 10,Owner Driver,Gauteng,4.08
D006546,Zanele Maseko,46,1,Code 10,Owner Driver,Mpumalanga,4.2
D006547,Zanele Jacobs,55,34,Code 10,Permanent,Mpumalanga,4.36
D006548,Karabo Jacobs,65,28,Code 8,Owner Driver,Mpumalanga,2.94
D006549,Themba Mokoena,46,10,Code 8,Owner Driver,North West,4.64
D006550,Lindelwa Mokoena,61,6,Code 14,Permanent,North West,5.0
D006551,Ayanda Pillay,37,20,Code 8,Permanent,Gauteng,4.66
D006552,Tshepo Khumalo,56,23,Code 14,Permanent,Mpumalanga,4.23
D006553,Precious Mthembu,32,21,Code 10,Owner Driver,Limpopo,3.84
D006554,Karabo Adams,57,32,Code 8,Contract,Mpumalanga,3.92
D006555,Sipho Moyo,54,10,Code 10,Permanent,Western Cape,3.97
D006556,Zanele Dlamini,28,4,Code 10,Owner Driver,Western Cape,4.18
D006557,Zanele Mthembu,53,24,Code 10,Permanent,Northern Cape,3.66
D006558,Thabo Molefe,33,26,Code 10,Permanent,Western Cape,3.81
D006559,Busisiwe Pillay,32,30,Code 8,Contract,Gauteng,3.53
D006560,Siyabonga Nkosi,36,5,Code 8,Permanent,Northern Cape,4.0
D006561,Sibusiso Adams,59,24,Code 8,Permanent,Gauteng,4.32
D006562,Dumisani Zulu,27,25,Code 8,Permanent,Gauteng,3.56
D006563,Sibusiso Molefe,61,22,Code 8,Permanent,North West,3.52
D006564,Thabo Sithole,35,21,Code 10,Owner Driver,KwaZulu-Natal,3.58
D006565,Zanele Dlamini,53,26,Code 8,Permanent,KwaZulu-Natal,3.7
D006566,Nandi Khumalo,59,11,Code 8,Permanent,Gauteng,3.85
D006567,Lindelwa Molefe,29,25,Code 8,Contract,Gauteng,4.55
D006568,Karabo Naidoo,43,29,Code 10,Owner Driver,Free State,4.04
D006569,Phumzile Cele,33,7,Code 8,Permanent,Gauteng,4.1
D006570,Themba Zulu,49,30,Code 8,Permanent,Limpopo,4.71
D006571,Kagiso Dlamini,64,28,Code 10,Owner Driver,KwaZulu-Natal,3.13
D006572,Busisiwe Botha,40,11,Code 14,Contract,Northern Cape,3.46
D006573,Lerato Sithole,42,18,Code 8,Owner Driver,Eastern Cape,4.66
D006574,Bongani Ndlovu,27,32,Code 8,Owner Driver,Limpopo,3.52
D006575,Ayanda Naidoo,37,2,Code 10,Contract,Gauteng,4.05
D006576,Bongani Nkosi,58,22,Code 10,Contract,Western Cape,4.48
D006577,Bongani Dlamini,36,34,Code 10,Permanent,Mpumalanga,4.03
D006578,Zanele Molefe,27,18,Code 10,Contract,Mpumalanga,4.9
D006579,Zanele Modise,53,17,Code 8,Permanent,Free State,4.32
D006580,Kabelo Ngcobo,61,6,Code 8,Owner Driver,KwaZulu-Natal,4.91
D006581,Lwazi Pillay,49,13,Code 8,Contract,Eastern Cape,3.78
D006582,Ayanda Molefe,44,8,Code 8,Permanent,Northern Cape,3.98
D006583,Busisiwe Mthembu,64,10,Code 8,Permanent,Gauteng,4.58
D006584,Thabo Jacobs,63,21,Code 8,Permanent,North West,5.0
D006585,Kagiso Botha,40,15,Code 8,Permanent,KwaZulu-Natal,4.47
D006586,Nandi Dlamini,45,6,Code 10,Permanent,Gauteng,4.24
D006587,Nomsa Sithole,46,13,Code 10,Contract,Northern Cape,4.5
D006588,Tshepo Mkhize,27,22,Code 8,Permanent,Limpopo,3.94
D006589,Busisiwe Cele,38,17,Code 14,Permanent,Free State,4.34
D006590,Sibusiso Modise,55,32,Code 8,Permanent,Limpopo,4.85
D006591,Zanele Mahlangu,35,26,Code 8,Contract,Gauteng,4.42
D006592,Lwazi Cele,32,29,Code 14,Permanent,Free State,3.7
D006593,Lindelwa Mokoena,38,7,Code 10,Owner Driver,Gauteng,3.79
D006594,Kabelo Pillay,43,3,Code 14,Permanent,KwaZulu-Natal,4.02
D006595,Nomsa Ndlovu,32,10,Code 10,Owner Driver,Northern Cape,4.21
D006596,Bongani Sithole,48,10,Code 10,Contract,Western Cape,3.61
D006597,Phumzile Van Wyk,45,5,Code 10,Permanent,Eastern Cape,3.53
D006598,Bongani Ngcobo,34,14,Code 8,Contract,Gauteng,3.73
D006599,Phumzile Williams,40,18,Code 8,Contract,North West,4.52
D006600,Sipho Ngcobo,47,29,Code 10,Permanent,Eastern Cape,3.82
D006601,Bongani Modise,55,13,Code 10,Permanent,Free State,4.41
D006602,Tshepo Williams,38,12,Code 14,Contract,Western Cape,4.87
D006603,Kagiso Adams,65,3,Code 10,Permanent,North West,4.21
D006604,Phumzile Ngcobo,35,33,Code 10,Contract,Limpopo,3.39
D006605,Lindelwa Mkhize,26,10,Code 8,Owner Driver,Gauteng,5.0
D006606,Sibusiso Sithole,25,5,Code 10,Contract,Western Cape,3.78
D006607,Nomsa Nkosi,65,33,Code 10,Permanent,Mpumalanga,3.11
D006608,Busisiwe Mthembu,43,5,Code 10,Permanent,Mpumalanga,5.0
D006609,Sibusiso Mahlangu,62,12,Code 10,Contract,Western Cape,4.07
D006610,Siyabonga Pillay,49,25,Code 8,Permanent,Eastern Cape,2.23
D006611,Amanda Naidoo,48,2,Code 8,Owner Driver,Free State,3.69
D006612,Kabelo Khumalo,45,33,Code 8,Permanent,Western Cape,4.17
D006613,Busisiwe Mthembu,23,7,Code 10,Permanent,KwaZulu-Natal,4.28
D006614,Thabo Maseko,36,27,Code 8,Contract,Eastern Cape,3.21
D006615,Zanele Ngcobo,64,16,Code 10,Owner Driver,Gauteng,3.55
D006616,Lerato Sithole,35,10,Code 8,Permanent,Mpumalanga,4.39
D006617,Ayanda Maseko,55,34,Code 8,Permanent,Limpopo,3.78
D006618,Kabelo Botha,44,9,Code 10,Permanent,Western Cape,4.2
D006619,Mandla Dlamini,39,29,Code 14,Contract,Mpumalanga,3.12
D006620,Bongani Modise,59,30,Code 10,Owner Driver,Western Cape,5.0
D006621,Sibusiso Ngcobo,57,19,Code 10,Contract,Gauteng,3.49
D006622,Thabo Naidoo,46,12,Code 10,Permanent,Gauteng,4.03
D006623,Busisiwe Mokoena,58,1,Code 10,Permanent,Northern Cape,3.75
D006624,Precious Mokoena,53,6,Code 10,Permanent,KwaZulu-Natal,3.78
D006625,Busisiwe Molefe,29,10,Code 8,Permanent,Eastern Cape,4.03
D006626,Karabo Modise,29,15,Code 8,Contract,Eastern Cape,3.64
D006627,Zanele Dlamini,40,12,Code 8,Permanent,North West,4.91
D006628,Lwazi Mabena,50,23,Code 8,Permanent,North West,4.11
D006629,Bongani Ngcobo,43,4,Code 10,Contract,Mpumalanga,4.0
D006630,Lindelwa Khumalo,60,18,Code 10,Contract,North West,5.0
D006631,Dumisani Mabena,62,9,Code 10,Contract,Limpopo,2.96
D006632,Phumzile Adams,25,31,Code 14,Contract,Free State,4.0
D006633,Mpho Mokoena,57,34,Code 14,Permanent,Western Cape,4.31
D006634,Tshepo Nkosi,57,14,Code 10,Contract,Free State,4.62
D006635,Nokuthula Molefe,54,31,Code 14,Contract,Limpopo,4.61
D006636,Mandla Ndlovu,56,19,Code 8,Contract,Northern Cape,4.21
D006637,Karabo Maseko,64,10,Code 8,Permanent,KwaZulu-Natal,3.93
D006638,Bongani Molefe,47,18,Code 10,Permanent,Eastern Cape,3.97
D006639,Sibusiso Williams,35,15,Code 8,Owner Driver,Eastern Cape,4.5
D006640,Bongani Sithole,36,22,Code 14,Permanent,Western Cape,4.53
D006641,Mpho Jacobs,24,27,Code 10,Contract,KwaZulu-Natal,3.83
D006642,Dumisani Sithole,24,5,Code 10,Owner Driver,Free State,3.7
D006643,Amanda Moyo,47,13,Code 10,Contract,Limpopo,3.78
D006644,Lindelwa Nkosi,62,11,Code 14,Permanent,Western Cape,3.17
D006645,Dumisani Pillay,60,33,Code 10,Owner Driver,Limpopo,4.99
D006646,Busisiwe Ngcobo,28,31,Code 14,Contract,Eastern Cape,4.33
D006647,Tshepo Zulu,60,23,Code 8,Permanent,Mpumalanga,3.87
D006648,Karabo Khumalo,37,12,Code 14,Owner Driver,Mpumalanga,3.91
D006649,Sipho Ndlovu,23,4,Code 14,Owner Driver,Free State,4.05
D006650,Nomsa Zulu,23,23,Code 14,Permanent,Western Cape,4.93
D006651,Sipho Van Wyk,34,24,Code 8,Contract,KwaZulu-Natal,4.48
D006652,Sipho Molefe,25,30,Code 14,Permanent,Eastern Cape,2.98
D006653,Tshepo Adams,31,8,Code 14,Permanent,Mpumalanga,3.87
D006654,Sibusiso Adams,55,27,Code 8,Permanent,Mpumalanga,3.7
D006655,Busisiwe Maseko,37,26,Code 10,Contract,North West,5.0
D006656,Mpho Mokoena,49,21,Code 10,Contract,Gauteng,3.19
D006657,Ayanda Mabena,31,29,Code 14,Owner Driver,North West,4.77
D006658,Nokuthula Adams,53,33,Code 10,Permanent,Western Cape,5.0
D006659,Lindelwa Mabena,37,26,Code 10,Permanent,North West,3.94
D006660,Karabo Moyo,58,13,Code 10,Owner Driver,Eastern Cape,4.36
D006661,Lerato Nkosi,44,17,Code 8,Contract,Mpumalanga,5.0
D006662,Lwazi Modise,46,29,Code 8,Permanent,Western Cape,4.36
D006663,Phumzile Cele,42,29,Code 10,Contract,KwaZulu-Natal,3.63
D006664,Ayanda Williams,61,32,Code 8,Permanent,North West,4.93
D006665,Mpho Botha,65,14,Code 8,Permanent,Mpumalanga,3.27
D006666,Phumzile Williams,63,22,Code 8,Owner Driver,Mpumalanga,4.32
D006667,Lerato Maseko,38,23,Code 10,Owner Driver,Gauteng,3.75
D006668,Kabelo Dlamini,40,26,Code 10,Permanent,Gauteng,5.0
D006669,Ayanda Botha,59,13,Code 8,Owner Driver,Eastern Cape,3.11
D006670,Lwazi Dlamini,58,15,Code 14,Permanent,North West,3.97
D006671,Sipho Modise,42,2,Code 14,Permanent,Free State,4.39
D006672,Thabo Khumalo,62,13,Code 14,Contract,Northern Cape,4.01
D006673,Nomsa Mokoena,48,16,Code 10,Permanent,Eastern Cape,4.09
D006674,Dumisani Maseko,33,14,Code 10,Permanent,North West,3.79
D006675,Nandi Pillay,45,12,Code 8,Permanent,North West,3.7
D006676,Zanele Dlamini,42,31,Code 14,Contract,Limpopo,3.34
D006677,Nomsa Mthembu,54,26,Code 8,Permanent,Mpumalanga,3.16
D006678,Phumzile Botha,41,34,Code 10,Permanent,Free State,4.0
D006679,Phumzile Mahlangu,54,21,Code 8,Permanent,Free State,4.55
D006680,Kabelo Modise,49,22,Code 10,Contract,KwaZulu-Natal,4.53
D006681,Precious Ngcobo,63,28,Code 14,Contract,Western Cape,4.44
D006682,Amanda Mthembu,52,25,Code 8,Owner Driver,Gauteng,3.05
D006683,Dumisani Naidoo,39,18,Code 14,Contract,KwaZulu-Natal,4.2
D006684,Amanda Sithole,54,21,Code 10,Permanent,Free State,4.29
D006685,Siyabonga Mkhize,65,28,Code 8,Contract,Limpopo,3.96
D006686,Karabo Pillay,58,11,Code 10,Permanent,KwaZulu-Natal,3.67
D006687,Bongani Naidoo,25,32,Code 8,Permanent,North West,4.75
D006688,Tshepo Cele,33,2,Code 14,Permanent,Western Cape,4.48
D006689,Themba Cele,39,17,Code 8,Contract,Gauteng,4.02
D006690,Kagiso Sithole,54,17,Code 8,Owner Driver,North West,4.01
D006691,Bongani Mokoena,62,28,Code 10,Permanent,Limpopo,4.06
D006692,Mpho Adams,45,23,Code 10,Permanent,Gauteng,4.66
D006693,Mandla Mokoena,55,4,Code 8,Permanent,Northern Cape,3.6
D006694,Mandla Mthembu,65,21,Code 8,Owner Driver,Gauteng,3.82
D006695,Lerato Mokoena,23,22,Code 8,Permanent,Limpopo,3.58
D006696,Lerato Naidoo,30,9,Code 14,Permanent,Western Cape,4.89
D006697,Dumisani Mokoena,35,20,Code 14,Permanent,North West,4.43
D006698,Amanda Ndlovu,36,28,Code 8,Owner Driver,Eastern Cape,5.0
D006699,Lwazi Ngcobo,23,18,Code 14,Permanent,KwaZulu-Natal,4.34
D006700,Ayanda Ndlovu,25,15,Code 8,Contract,Northern Cape,4.91
D006701,Lerato Mkhize,45,16,Code 8,Permanent,Western Cape,3.41
D006702,Busisiwe Van Wyk,52,26,Code 8,Owner Driver,Free State,3.66
D006703,Zanele Mokoena,61,22,Code 10,Permanent,Limpopo,5.0
D006704,Themba Cele,48,26,Code 8,Owner Driver,Eastern Cape,3.81
D006705,Mpho Sithole,46,30,Code 8,Permanent,Northern Cape,4.53
D006706,Lwazi Mokoena,25,5,Code 8,Permanent,Western Cape,4.2
D006707,Dumisani Mahlangu,28,4,Code 8,Permanent,Limpopo,4.31
D006708,Dumisani Mahlangu,31,34,Code 10,Permanent,Free State,4.29
D006709,Kagiso Dlamini,59,5,Code 10,Permanent,KwaZulu-Natal,3.35
D006710,Nokuthula Mkhize,58,18,Code 10,Permanent,Free State,4.96
D006711,Nandi Mthembu,34,26,Code 8,Permanent,Mpumalanga,3.67
D006712,Tshepo Ngcobo,64,23,Code 14,Permanent,Mpumalanga,3.94
D006713,Lindelwa Dlamini,32,19,Code 14,Permanent,KwaZulu-Natal,3.85
D006714,Bongani Naidoo,29,6,Code 10,Permanent,Western Cape,3.77
D006715,Nomsa Ndlovu,36,27,Code 10,Permanent,Limpopo,4.38
D006716,Sibusiso Nkosi,40,2,Code 10,Permanent,Western Cape,3.97
D006717,Tshepo Williams,34,25,Code 8,Contract,North West,4.07
D006718,Precious Khumalo,31,16,Code 10,Contract,Western Cape,3.5
D006719,Phumzile Moyo,25,1,Code 10,Permanent,KwaZulu-Natal,3.92
D006720,Lerato Dlamini,41,33,Code 14,Permanent,Gauteng,3.86
D006721,Kabelo Williams,43,31,Code 14,Permanent,Free State,3.96
D006722,Tshepo Dlamini,49,29,Code 8,Permanent,Eastern Cape,3.36
D006723,Nandi Dlamini,33,8,Code 10,Owner Driver,Western Cape,4.01
D006724,Sipho Cele,52,29,Code 10,Permanent,Mpumalanga,4.8
D006725,Sibusiso Mabena,29,25,Code 10,Permanent,Gauteng,4.0
D006726,Lwazi Mthembu,46,25,Code 10,Permanent,Limpopo,2.83
D006727,Precious Mthembu,27,34,Code 14,Permanent,Gauteng,3.48
D006728,Nokuthula Adams,57,25,Code 8,Permanent,KwaZulu-Natal,3.97
D006729,Themba Maseko,46,21,Code 10,Permanent,Northern Cape,3.7
D006730,Mandla Moyo,31,4,Code 14,Permanent,Free State,4.43
D006731,Amanda Mokoena,36,12,Code 10,Permanent,Western Cape,3.76
D006732,Sibusiso Naidoo,39,27,Code 8,Permanent,KwaZulu-Natal,4.02
D006733,Lindelwa Sithole,44,17,Code 8,Permanent,Limpopo,4.11
D006734,Mpho Maseko,35,13,Code 8,Owner Driver,Eastern Cape,3.47
D006735,Thabo Nkosi,39,2,Code 8,Contract,Free State,3.35
D006736,Zanele Mkhize,27,6,Code 10,Permanent,Eastern Cape,4.19
D006737,Nomsa Ndlovu,39,20,Code 8,Contract,Limpopo,4.14
D006738,Tshepo Maseko,64,24,Code 14,Permanent,Mpumalanga,3.34
D006739,Karabo Botha,27,19,Code 14,Permanent,Free State,4.31
D006740,Lwazi Van Wyk,64,11,Code 8,Permanent,Northern Cape,3.95
D006741,Tshepo Mkhize,35,24,Code 8,Owner Driver,Northern Cape,3.66
D006742,Karabo Molefe,31,4,Code 8,Permanent,Gauteng,3.79
D006743,Busisiwe Cele,27,14,Code 8,Owner Driver,Mpumalanga,4.83
D006744,Dumisani Adams,28,4,Code 8,Permanent,Western Cape,5.0
D006745,Kabelo Mabena,35,12,Code 10,Permanent,Free State,4.9
D006746,Sipho Nkosi,28,9,Code 8,Owner Driver,Mpumalanga,4.47
D006747,Kabelo Ngcobo,46,11,Code 10,Permanent,Limpopo,4.61
D006748,Siyabonga Williams,38,16,Code 10,Permanent,Northern Cape,4.29
D006749,Siyabonga Maseko,34,12,Code 8,Permanent,Western Cape,4.42
D006750,Thabo Mkhize,63,29,Code 10,Contract,Northern Cape,4.56
D006751,Siyabonga Mabena,37,22,Code 14,Contract,Eastern Cape,3.86
D006752,Busisiwe Zulu,35,6,Code 10,Permanent,KwaZulu-Natal,3.64
D006753,Zanele Molefe,33,5,Code 8,Contract,KwaZulu-Natal,3.93
D006754,Zanele Mabena,30,33,Code 8,Permanent,Free State,3.05
D006755,Lindelwa Van Wyk,65,28,Code 10,Contract,Limpopo,4.62
D006756,Phumzile Jacobs,62,25,Code 8,Owner Driver,Western Cape,3.98
D006757,Themba Moyo,46,20,Code 10,Owner Driver,Western Cape,4.52
D006758,Siyabonga Mkhize,35,17,Code 10,Owner Driver,Mpumalanga,4.18
D006759,Mandla Mahlangu,49,1,Code 10,Permanent,Limpopo,4.57
D006760,Lindelwa Moyo,53,20,Code 14,Permanent,Free State,4.2
D006761,Tshepo Dlamini,38,26,Code 8,Owner Driver,Mpumalanga,3.56
D006762,Lwazi Van Wyk,63,30,Code 10,Permanent,Free State,3.77
D006763,Kabelo Mthembu,58,14,Code 10,Owner Driver,Limpopo,3.69
D006764,Tshepo Molefe,38,5,Code 10,Owner Driver,Gauteng,2.94
D006765,Kagiso Moyo,54,29,Code 10,Contract,KwaZulu-Natal,3.64
D006766,Mpho Khumalo,47,10,Code 10,Permanent,Northern Cape,4.15
D006767,Nokuthula Cele,40,29,Code 8,Permanent,Mpumalanga,4.61
D006768,Themba Van Wyk,42,7,Code 10,Owner Driver,Western Cape,4.16
D006769,Themba Dlamini,42,23,Code 10,Owner Driver,Northern Cape,4.21
D006770,Busisiwe Modise,60,15,Code 10,Owner Driver,Limpopo,4.54
D006771,Bongani Sithole,32,6,Code 8,Contract,North West,4.25
D006772,Ayanda Van Wyk,63,12,Code 14,Permanent,Free State,4.48
D006773,Kagiso Modise,50,13,Code 14,Owner Driver,Eastern Cape,4.26
D006774,Kabelo Mthembu,59,4,Code 14,Permanent,Free State,3.65
D006775,Ayanda Botha,53,9,Code 8,Owner Driver,Mpumalanga,3.98
D006776,Mpho Ndlovu,27,1,Code 8,Permanent,Western Cape,4.24
D006777,Nokuthula Maseko,40,17,Code 8,Permanent,Eastern Cape,3.45
D006778,Nokuthula Jacobs,24,20,Code 10,Permanent,Western Cape,3.57
D006779,Siyabonga Botha,35,14,Code 10,Owner Driver,Free State,3.99
D006780,Busisiwe Cele,63,22,Code 14,Permanent,North West,4.28
D006781,Bongani Pillay,47,25,Code 10,Owner Driver,Limpopo,3.53
D006782,Nokuthula Pillay,47,19,Code 8,Contract,North West,3.86
D006783,Nokuthula Molefe,46,32,Code 10,Permanent,Gauteng,4.88
D006784,Kagiso Ndlovu,42,32,Code 10,Permanent,Free State,3.5
D006785,Sipho Molefe,49,28,Code 10,Contract,Limpopo,4.19
D006786,Lerato Mthembu,59,14,Code 10,Permanent,KwaZulu-Natal,4.19
D006787,Kagiso Maseko,64,1,Code 8,Owner Driver,Free State,4.05
D006788,Dumisani Ndlovu,32,23,Code 14,Permanent,KwaZulu-Natal,3.25
D006789,Thabo Williams,54,22,Code 10,Permanent,Eastern Cape,4.54
D006790,Nokuthula Sithole,49,31,Code 8,Contract,Free State,4.27
D006791,Nomsa Zulu,43,30,Code 14,Contract,Eastern Cape,3.77
D006792,Zanele Mabena,43,27,Code 10,Permanent,KwaZulu-Natal,3.18
D006793,Tshepo Moyo,38,19,Code 10,Owner Driver,Eastern Cape,3.39
D006794,Precious Dlamini,44,20,Code 10,Owner Driver,Free State,3.69
D006795,Kabelo Williams,47,14,Code 8,Contract,Limpopo,4.55
D006796,Phumzile Williams,43,27,Code 10,Owner Driver,KwaZulu-Natal,4.99
D006797,Amanda Botha,29,6,Code 14,Permanent,Northern Cape,5.0
D006798,Lwazi Nkosi,63,19,Code 10,Permanent,Mpumalanga,4.53
D006799,Busisiwe Mokoena,38,10,Code 8,Permanent,Northern Cape,3.28
D006800,Lwazi Sithole,39,12,Code 8,Contract,Gauteng,4.28
D006801,Ayanda Modise,27,19,Code 8,Permanent,North West,4.27
D006802,Thabo Adams,25,1,Code 10,Contract,Gauteng,4.11
D006803,Zanele Williams,47,10,Code 8,Permanent,North West,4.03
D006804,Bongani Ndlovu,27,26,Code 8,Permanent,Free State,4.74
D006805,Themba Adams,27,23,Code 8,Permanent,Eastern Cape,3.83
D006806,Ayanda Nkosi,37,33,Code 8,Permanent,KwaZulu-Natal,4.71
D006807,Karabo Pillay,33,28,Code 14,Owner Driver,Northern Cape,4.48
D006808,Kabelo Modise,56,3,Code 8,Permanent,Free State,4.28
D006809,Siyabonga Cele,53,29,Code 10,Permanent,Northern Cape,3.37
D006810,Kagiso Moyo,43,12,Code 10,Permanent,Limpopo,4.61
D006811,Zanele Ngcobo,31,17,Code 8,Contract,Western Cape,3.88
D006812,Kagiso Van Wyk,44,28,Code 14,Permanent,Free State,3.89
D006813,Mpho Mahlangu,37,2,Code 14,Permanent,Eastern Cape,4.2
D006814,Thabo Naidoo,39,10,Code 10,Contract,North West,4.07
D006815,Busisiwe Ndlovu,42,34,Code 10,Permanent,North West,3.73
D006816,Dumisani Mthembu,48,31,Code 8,Permanent,Free State,5.0
D006817,Nomsa Maseko,50,30,Code 8,Permanent,Free State,4.54
D006818,Karabo Zulu,28,20,Code 14,Permanent,Western Cape,3.77
D006819,Kabelo Moyo,57,31,Code 10,Permanent,Western Cape,4.72
D006820,Lindelwa Nkosi,31,21,Code 10,Owner Driver,Eastern Cape,4.7
D006821,Sipho Mahlangu,44,29,Code 8,Permanent,Gauteng,3.23
D006822,Kagiso Moyo,27,26,Code 14,Permanent,Northern Cape,4.65
D006823,Siyabonga Jacobs,23,28,Code 14,Permanent,KwaZulu-Natal,4.14
D006824,Sibusiso Sithole,46,22,Code 10,Contract,KwaZulu-Natal,4.55
D006825,Mandla Mabena,26,29,Code 10,Owner Driver,Limpopo,4.43
D006826,Mpho Van Wyk,61,22,Code 10,Permanent,Mpumalanga,3.59
D006827,Kagiso Mabena,34,9,Code 8,Permanent,KwaZulu-Natal,4.26
D006828,Sibusiso Mahlangu,56,27,Code 10,Owner Driver,North West,3.22
D006829,Nokuthula Mkhize,48,13,Code 8,Contract,Mpumalanga,3.58
D006830,Themba Ndlovu,33,15,Code 14,Owner Driver,Eastern Cape,3.5
D006831,Karabo Mthembu,53,29,Code 8,Permanent,Free State,4.87
D006832,Lindelwa Van Wyk,53,20,Code 10,Permanent,North West,4.06
D006833,Sibusiso Sithole,63,20,Code 10,Permanent,Mpumalanga,3.94
D006834,Sibusiso Sithole,29,3,Code 8,Owner Driver,Free State,4.38
D006835,Bongani Maseko,37,31,Code 8,Permanent,Western Cape,3.86
D006836,Zanele Naidoo,60,32,Code 8,Permanent,Eastern Cape,3.74
D006837,Nandi Mkhize,39,24,Code 14,Permanent,Eastern Cape,4.53
D006838,Sipho Moyo,60,18,Code 8,Owner Driver,Limpopo,4.03
D006839,Sibusiso Nkosi,42,1,Code 14,Contract,Free State,3.99
D006840,Kagiso Moyo,33,12,Code 10,Contract,Free State,3.7
D006841,Nokuthula Modise,33,26,Code 10,Owner Driver,Gauteng,3.31
D006842,Ayanda Ngcobo,35,32,Code 14,Contract,Eastern Cape,4.85
D006843,Nandi Mabena,49,10,Code 8,Permanent,Free State,3.97
D006844,Bongani Cele,65,2,Code 10,Owner Driver,Limpopo,4.47
D006845,Sipho Naidoo,39,24,Code 8,Owner Driver,Gauteng,4.11
D006846,Themba Mahlangu,60,33,Code 10,Contract,Limpopo,4.18
D006847,Sibusiso Mokoena,23,16,Code 14,Contract,Western Cape,4.2
D006848,Thabo Modise,42,13,Code 10,Contract,Western Cape,4.47
D006849,Phumzile Mabena,44,17,Code 10,Permanent,Mpumalanga,4.02
D006850,Kagiso Sithole,40,10,Code 10,Permanent,KwaZulu-Natal,3.48
D006851,Siyabonga Botha,28,13,Code 8,Permanent,KwaZulu-Natal,4.37
D006852,Phumzile Mabena,45,31,Code 14,Permanent,Gauteng,5.0
D006853,Nandi Molefe,46,11,Code 14,Permanent,North West,3.59
D006854,Nokuthula Moyo,38,31,Code 14,Contract,Northern Cape,4.35
D006855,Siyabonga Naidoo,28,18,Code 10,Permanent,Gauteng,3.93
D006856,Ayanda Botha,45,19,Code 10,Owner Driver,Eastern Cape,3.96
D006857,Sibusiso Maseko,32,17,Code 10,Permanent,Free State,3.4
D006858,Nomsa Jacobs,39,12,Code 14,Contract,Northern Cape,3.33
D006859,Ayanda Jacobs,35,5,Code 8,Permanent,KwaZulu-Natal,3.43
D006860,Sibusiso Modise,60,15,Code 10,Permanent,KwaZulu-Natal,3.81
D006861,Ayanda Khumalo,59,21,Code 14,Permanent,Gauteng,3.69
D006862,Busisiwe Khumalo,60,23,Code 8,Owner Driver,Eastern Cape,3.53
D006863,Precious Williams,58,13,Code 8,Contract,Limpopo,3.67
D006864,Nokuthula Khumalo,39,23,Code 10,Permanent,Western Cape,4.01
D006865,Lindelwa Dlamini,38,33,Code 14,Contract,Northern Cape,3.53
D006866,Busisiwe Sithole,30,23,Code 10,Contract,Western Cape,4.14
D006867,Amanda Mabena,54,19,Code 14,Permanent,KwaZulu-Natal,4.55
D006868,Zanele Maseko,33,25,Code 10,Permanent,Eastern Cape,4.62
D006869,Mandla Jacobs,35,15,Code 8,Contract,Free State,4.53
D006870,Precious Mthembu,62,21,Code 14,Owner Driver,Mpumalanga,3.42
D006871,Themba Naidoo,28,5,Code 14,Owner Driver,Northern Cape,4.71
D006872,Mandla Mkhize,40,30,Code 8,Owner Driver,Mpumalanga,4.1
D006873,Lerato Mkhize,29,27,Code 10,Permanent,Limpopo,3.2
D006874,Tshepo Van Wyk,27,5,Code 14,Permanent,Eastern Cape,3.37
D006875,Mandla Van Wyk,27,23,Code 8,Permanent,KwaZulu-Natal,4.65
D006876,Ayanda Mokoena,42,26,Code 8,Permanent,Free State,3.68
D006877,Lindelwa Mahlangu,65,23,Code 8,Owner Driver,Western Cape,3.05
D006878,Busisiwe Zulu,50,19,Code 10,Owner Driver,Gauteng,3.63
D006879,Precious Moyo,42,9,Code 10,Owner Driver,Mpumalanga,4.23
D006880,Kabelo Khumalo,60,32,Code 10,Permanent,Free State,4.43
D006881,Sipho Molefe,33,25,Code 8,Owner Driver,Gauteng,3.82
D006882,Karabo Ndlovu,46,19,Code 10,Owner Driver,Mpumalanga,4.89
D006883,Kabelo Jacobs,63,31,Code 8,Permanent,Limpopo,2.94
D006884,Nandi Mahlangu,47,10,Code 10,Contract,North West,3.32
D006885,Busisiwe Botha,56,5,Code 8,Permanent,North West,4.95
D006886,Bongani Adams,35,31,Code 10,Contract,Eastern Cape,4.16
D006887,Lerato Dlamini,24,12,Code 14,Contract,Northern Cape,3.31
D006888,Precious Dlamini,31,4,Code 10,Contract,North West,4.28
D006889,Nandi Nkosi,61,23,Code 8,Permanent,Free State,3.92
D006890,Thabo Molefe,63,5,Code 10,Permanent,Limpopo,3.57
D006891,Lindelwa Ndlovu,42,18,Code 10,Permanent,North West,3.73
D006892,Themba Naidoo,62,32,Code 10,Permanent,Gauteng,4.44
D006893,Kagiso Botha,43,19,Code 10,Permanent,Limpopo,2.99
D006894,Ayanda Naidoo,60,5,Code 10,Contract,Free State,3.29
D006895,Siyabonga Pillay,63,33,Code 8,Permanent,Western Cape,3.16
D006896,Busisiwe Van Wyk,48,23,Code 10,Contract,Western Cape,4.33
D006897,Kagiso Ngcobo,36,29,Code 14,Permanent,Eastern Cape,4.47
D006898,Nandi Mkhize,53,2,Code 10,Contract,Western Cape,4.34
D006899,Kagiso Ngcobo,56,17,Code 8,Permanent,Free State,4.39
D006900,Nandi Sithole,56,13,Code 10,Owner Driver,Limpopo,2.39
D006901,Dumisani Modise,54,22,Code 10,Permanent,Eastern Cape,4.23
D006902,Bongani Ngcobo,29,25,Code 10,Permanent,North West,4.32
D006903,Precious Ngcobo,46,8,Code 10,Permanent,North West,3.84
D006904,Tshepo Cele,52,16,Code 10,Permanent,Limpopo,4.01
D006905,Precious Mabena,36,34,Code 8,Owner Driver,North West,4.3
D006906,Mandla Botha,24,18,Code 10,Permanent,Western Cape,4.28
D006907,Mandla Mokoena,29,16,Code 14,Owner Driver,Eastern Cape,4.82
D006908,Lindelwa Mkhize,55,2,Code 8,Contract,Eastern Cape,2.51
D006909,Mpho Mthembu,57,19,Code 10,Permanent,Gauteng,3.71
D006910,Thabo Mkhize,41,7,Code 8,Permanent,Western Cape,3.82
D006911,Sibusiso Cele,54,1,Code 14,Owner Driver,Northern Cape,4.74
D006912,Lindelwa Ngcobo,39,34,Code 8,Owner Driver,Western Cape,5.0
D006913,Amanda Cele,42,18,Code 10,Permanent,Gauteng,3.98
D006914,Nandi Molefe,50,10,Code 14,Owner Driver,Mpumalanga,4.39
D006915,Kagiso Maseko,34,18,Code 10,Permanent,Gauteng,4.26
D006916,Zanele Ngcobo,54,29,Code 14,Owner Driver,Limpopo,3.82
D006917,Precious Adams,39,7,Code 8,Contract,Western Cape,4.37
D006918,Nomsa Mthembu,39,25,Code 10,Contract,North West,4.74
D006919,Kagiso Mkhize,50,31,Code 14,Owner Driver,Limpopo,3.89
D006920,Sibusiso Sithole,40,27,Code 14,Permanent,Free State,4.83
D006921,Amanda Ndlovu,32,19,Code 14,Permanent,Western Cape,4.0
D006922,Precious Dlamini,41,33,Code 8,Permanent,Free State,3.36
D006923,Precious Adams,59,4,Code 10,Owner Driver,Western Cape,4.77
D006924,Siyabonga Pillay,47,10,Code 10,Contract,Western Cape,4.7
D006925,Lwazi Ndlovu,39,26,Code 8,Permanent,Free State,4.32
D006926,Lwazi Mthembu,63,21,Code 10,Permanent,Western Cape,2.95
D006927,Phumzile Maseko,27,22,Code 10,Permanent,Mpumalanga,3.62
D006928,Sipho Khumalo,45,14,Code 10,Permanent,Western Cape,4.61
D006929,Siyabonga Ndlovu,60,6,Code 10,Permanent,Gauteng,3.73
D006930,Themba Ndlovu,38,25,Code 14,Permanent,Eastern Cape,4.47
D006931,Mpho Nkosi,27,28,Code 10,Permanent,Free State,4.36
D006932,Precious Dlamini,30,11,Code 10,Permanent,KwaZulu-Natal,5.0
D006933,Nokuthula Khumalo,60,9,Code 14,Contract,Northern Cape,4.82
D006934,Zanele Pillay,29,24,Code 10,Permanent,Gauteng,3.59
D006935,Nomsa Molefe,41,13,Code 14,Permanent,Limpopo,4.69
D006936,Thabo Pillay,58,21,Code 8,Contract,Western Cape,3.99
D006937,Nomsa Williams,52,18,Code 10,Permanent,Eastern Cape,5.0
D006938,Ayanda Naidoo,52,11,Code 10,Permanent,North West,3.32
D006939,Lwazi Ndlovu,47,9,Code 10,Permanent,Limpopo,4.03
D006940,Nomsa Sithole,32,31,Code 10,Owner Driver,North West,3.5
D006941,Busisiwe Ndlovu,63,16,Code 10,Owner Driver,Free State,3.73
D006942,Karabo Jacobs,46,22,Code 8,Permanent,Western Cape,2.16
D006943,Nokuthula Cele,62,29,Code 10,Owner Driver,North West,3.91
D006944,Siyabonga Sithole,59,19,Code 10,Permanent,Limpopo,4.29
D006945,Ayanda Mthembu,44,10,Code 10,Permanent,Western Cape,3.18
D006946,Nokuthula Jacobs,56,15,Code 14,Permanent,Western Cape,4.31
D006947,Amanda Jacobs,40,8,Code 10,Contract,North West,4.0
D006948,Nomsa Mthembu,50,14,Code 10,Owner Driver,KwaZulu-Natal,4.35
D006949,Busisiwe Nkosi,55,28,Code 10,Permanent,Western Cape,3.65
D006950,Amanda Maseko,23,7,Code 10,Permanent,North West,3.89
D006951,Tshepo Mabena,47,1,Code 8,Permanent,Western Cape,5.0
D006952,Phumzile Mabena,37,29,Code 10,Contract,Eastern Cape,4.28
D006953,Siyabonga Sithole,39,32,Code 8,Permanent,North West,3.88
D006954,Bongani Khumalo,62,25,Code 10,Permanent,Western Cape,3.57
D006955,Kabelo Ndlovu,49,14,Code 14,Permanent,KwaZulu-Natal,4.53
D006956,Lwazi Ndlovu,54,27,Code 14,Contract,Eastern Cape,3.69
D006957,Tshepo Pillay,51,33,Code 10,Owner Driver,North West,4.1
D006958,Sipho Jacobs,34,14,Code 10,Owner Driver,Gauteng,4.38
D006959,Dumisani Maseko,53,8,Code 8,Permanent,Northern Cape,4.53
D006960,Tshepo Nkosi,24,4,Code 8,Permanent,Free State,5.0
D006961,Mpho Molefe,41,26,Code 14,Contract,Mpumalanga,4.93
D006962,Mpho Mabena,44,8,Code 10,Contract,Northern Cape,3.7
D006963,Karabo Cele,48,33,Code 10,Permanent,Northern Cape,4.57
D006964,Kagiso Khumalo,23,7,Code 10,Contract,Northern Cape,4.54
D006965,Themba Adams,38,6,Code 8,Contract,Northern Cape,3.98
D006966,Busisiwe Adams,23,34,Code 10,Permanent,Gauteng,3.78
D006967,Mandla Cele,60,8,Code 8,Permanent,Gauteng,3.6
D006968,Nomsa Mokoena,29,29,Code 8,Contract,Gauteng,3.07
D006969,Zanele Botha,61,23,Code 8,Permanent,Eastern Cape,4.13
D006970,Lerato Botha,55,7,Code 10,Permanent,Northern Cape,4.68
D006971,Sipho Maseko,28,21,Code 10,Permanent,KwaZulu-Natal,4.58
D006972,Lwazi Molefe,64,16,Code 10,Permanent,KwaZulu-Natal,3.52
D006973,Thabo Maseko,60,34,Code 8,Permanent,Limpopo,3.27
D006974,Bongani Mahlangu,47,10,Code 10,Contract,Western Cape,4.53
D006975,Sibusiso Naidoo,55,22,Code 10,Contract,North West,3.78
D006976,Sibusiso Zulu,63,25,Code 14,Contract,Eastern Cape,3.22
D006977,Karabo Molefe,37,33,Code 8,Contract,Gauteng,3.34
D006978,Lwazi Williams,32,14,Code 10,Contract,Western Cape,3.61
D006979,Phumzile Ngcobo,24,24,Code 8,Contract,Northern Cape,4.03
D006980,Precious Mahlangu,38,19,Code 10,Contract,Limpopo,3.7
D006981,Mpho Khumalo,51,21,Code 14,Permanent,Northern Cape,4.12
D006982,Amanda Molefe,26,33,Code 10,Permanent,Eastern Cape,3.8
D006983,Lerato Ndlovu,56,24,Code 14,Permanent,KwaZulu-Natal,4.18
D006984,Kagiso Mabena,31,7,Code 8,Permanent,North West,4.93
D006985,Lerato Ndlovu,51,11,Code 10,Permanent,Western Cape,4.26
D006986,Bongani Modise,48,2,Code 8,Permanent,North West,4.65
D006987,Bongani Adams,58,12,Code 8,Permanent,North West,3.32
D006988,Lindelwa Mokoena,58,11,Code 10,Permanent,Gauteng,3.83
D006989,Zanele Williams,48,15,Code 10,Permanent,Western Cape,3.67
D006990,Bongani Mabena,58,8,Code 10,Contract,Western Cape,5.0
D006991,Kagiso Mahlangu,38,4,Code 10,Owner Driver,Free State,4.86
D006992,Ayanda Van Wyk,38,4,Code 14,Owner Driver,Mpumalanga,3.72
D006993,Busisiwe Zulu,59,18,Code 8,Permanent,Western Cape,4.19
D006994,Sipho Cele,23,4,Code 8,Contract,Eastern Cape,2.44
D006995,Themba Naidoo,24,2,Code 8,Permanent,Eastern Cape,3.79
D006996,Mpho Nkosi,37,1,Code 10,Owner Driver,North West,5.0
D006997,Sipho Khumalo,25,25,Code 10,Permanent,Northern Cape,4.48
D006998,Ayanda Cele,54,30,Code 8,Permanent,Limpopo,4.43
D006999,Ayanda Mthembu,46,4,Code 14,Contract,North West,4.14
D007000,Sibusiso Cele,49,19,Code 14,Owner Driver,Free State,3.13
D007001,Mpho Zulu,23,9,Code 10,Permanent,Eastern Cape,4.25
D007002,Karabo Modise,54,16,Code 14,Permanent,Mpumalanga,3.33
D007003,Zanele Mthembu,25,6,Code 8,Contract,Northern Cape,3.71
D007004,Sipho Mkhize,44,13,Code 8,Permanent,Eastern Cape,3.5
D007005,Bongani Maseko,32,3,Code 8,Owner Driver,Free State,3.49
D007006,Kabelo Cele,42,30,Code 14,Permanent,Eastern Cape,4.05
D007007,Mandla Adams,31,10,Code 8,Permanent,Mpumalanga,4.04
D007008,Busisiwe Maseko,65,3,Code 10,Permanent,Northern Cape,3.57
D007009,Lwazi Naidoo,24,23,Code 14,Permanent,Eastern Cape,4.61
D007010,Karabo Botha,51,23,Code 8,Owner Driver,Gauteng,3.8
D007011,Mpho Mahlangu,64,26,Code 8,Contract,North West,3.82
D007012,Mpho Van Wyk,36,17,Code 8,Permanent,Limpopo,3.78
D007013,Karabo Khumalo,45,19,Code 8,Contract,Eastern Cape,3.91
D007014,Tshepo Van Wyk,56,1,Code 14,Permanent,Northern Cape,4.77
D007015,Precious Naidoo,62,34,Code 10,Contract,Eastern Cape,4.82
D007016,Lerato Adams,50,7,Code 10,Owner Driver,North West,4.33
D007017,Sibusiso Mahlangu,45,13,Code 10,Owner Driver,Eastern Cape,4.76
D007018,Precious Khumalo,34,25,Code 14,Owner Driver,Western Cape,3.35
D007019,Karabo Van Wyk,48,7,Code 10,Contract,Free State,3.65
D007020,Kabelo Pillay,48,1,Code 8,Permanent,Mpumalanga,4.06
D007021,Dumisani Modise,43,4,Code 10,Owner Driver,Limpopo,3.62
D007022,Kagiso Mthembu,54,31,Code 8,Permanent,Eastern Cape,3.6
D007023,Precious Adams,24,3,Code 8,Permanent,Northern Cape,4.45
D007024,Lwazi Pillay,24,34,Code 8,Permanent,KwaZulu-Natal,3.06
D007025,Karabo Naidoo,50,34,Code 10,Permanent,Gauteng,3.09
D007026,Lwazi Adams,25,3,Code 10,Permanent,KwaZulu-Natal,3.75
D007027,Nandi Dlamini,39,17,Code 10,Permanent,KwaZulu-Natal,3.56
D007028,Thabo Nkosi,60,34,Code 14,Permanent,Eastern Cape,3.63
D007029,Lerato Cele,48,30,Code 14,Permanent,Free State,3.6
D007030,Lerato Cele,36,29,Code 10,Permanent,KwaZulu-Natal,3.24
D007031,Busisiwe Dlamini,36,7,Code 14,Permanent,Gauteng,4.15
D007032,Zanele Van Wyk,25,11,Code 10,Permanent,Gauteng,3.52
D007033,Siyabonga Ndlovu,64,3,Code 8,Contract,Western Cape,4.62
D007034,Sibusiso Zulu,39,5,Code 8,Permanent,Western Cape,4.23
D007035,Nandi Sithole,35,2,Code 10,Contract,Mpumalanga,4.86
D007036,Mpho Williams,36,20,Code 14,Permanent,Limpopo,4.2
D007037,Nokuthula Nkosi,65,10,Code 14,Permanent,Northern Cape,4.56
D007038,Bongani Moyo,62,2,Code 10,Owner Driver,KwaZulu-Natal,4.9
D007039,Zanele Ndlovu,50,21,Code 8,Permanent,Gauteng,4.36
D007040,Nokuthula Sithole,48,11,Code 14,Permanent,Mpumalanga,5.0
D007041,Karabo Van Wyk,28,20,Code 10,Contract,Gauteng,4.15
D007042,Mandla Maseko,52,29,Code 10,Owner Driver,Western Cape,3.64
D007043,Thabo Naidoo,42,27,Code 10,Owner Driver,Western Cape,5.0
D007044,Sibusiso Mabena,33,17,Code 14,Permanent,Free State,4.02
D007045,Themba Mabena,57,7,Code 8,Owner Driver,Mpumalanga,4.06
D007046,Nandi Ndlovu,60,12,Code 8,Owner Driver,Free State,3.62
D007047,Lwazi Ndlovu,34,2,Code 14,Contract,Northern Cape,4.04
D007048,Phumzile Molefe,59,11,Code 10,Permanent,Eastern Cape,4.68
D007049,Themba Van Wyk,24,12,Code 8,Permanent,Mpumalanga,3.46
D007050,Tshepo Adams,56,4,Code 10,Permanent,KwaZulu-Natal,3.36
D007051,Siyabonga Adams,59,3,Code 10,Contract,North West,3.99
D007052,Bongani Modise,45,5,Code 10,Owner Driver,North West,3.39
D007053,Lerato Dlamini,34,24,Code 10,Contract,KwaZulu-Natal,3.2
D007054,Tshepo Sithole,28,34,Code 10,Permanent,Western Cape,4.03
D007055,Ayanda Pillay,45,23,Code 10,Permanent,Eastern Cape,4.15
D007056,Lerato Mkhize,64,27,Code 8,Permanent,Limpopo,4.01
D007057,Karabo Jacobs,43,24,Code 10,Permanent,KwaZulu-Natal,4.83
D007058,Nomsa Mkhize,51,13,Code 10,Permanent,Western Cape,3.42
D007059,Lerato Mabena,44,1,Code 10,Contract,Mpumalanga,3.68
D007060,Dumisani Mahlangu,63,19,Code 14,Contract,KwaZulu-Natal,4.04
D007061,Phumzile Ngcobo,50,30,Code 8,Permanent,Western Cape,3.98
D007062,Dumisani Mokoena,42,1,Code 14,Owner Driver,KwaZulu-Natal,2.92
D007063,Phumzile Mahlangu,56,15,Code 8,Permanent,Gauteng,4.08
D007064,Nandi Maseko,54,6,Code 14,Contract,Eastern Cape,3.73
D007065,Mpho Molefe,62,7,Code 8,Owner Driver,Limpopo,3.77
D007066,Precious Sithole,63,4,Code 10,Permanent,North West,4.55
D007067,Sibusiso Cele,41,2,Code 8,Contract,Northern Cape,3.42
D007068,Nandi Mokoena,57,28,Code 10,Permanent,Western Cape,4.31
D007069,Zanele Sithole,59,29,Code 14,Permanent,Limpopo,3.88
D007070,Zanele Adams,29,17,Code 10,Permanent,Northern Cape,4.04
D007071,Thabo Ndlovu,55,12,Code 8,Contract,Limpopo,3.2
D007072,Nokuthula Zulu,65,24,Code 8,Permanent,KwaZulu-Natal,4.19
D007073,Mpho Van Wyk,43,24,Code 10,Contract,Free State,4.64
D007074,Zanele Molefe,65,12,Code 14,Contract,Limpopo,5.0
D007075,Phumzile Nkosi,25,10,Code 10,Permanent,Gauteng,4.45
D007076,Thabo Modise,31,19,Code 8,Permanent,North West,4.36
D007077,Ayanda Mthembu,26,2,Code 8,Permanent,Mpumalanga,3.97
D007078,Nomsa Molefe,64,6,Code 10,Permanent,Eastern Cape,4.1
D007079,Mpho Mkhize,43,25,Code 14,Owner Driver,Free State,4.23
D007080,Sibusiso Mabena,60,27,Code 10,Permanent,Mpumalanga,3.32
D007081,Tshepo Maseko,31,19,Code 8,Permanent,Mpumalanga,3.52
D007082,Kabelo Ngcobo,54,13,Code 8,Permanent,Limpopo,3.76
D007083,Lerato Cele,39,11,Code 10,Contract,Western Cape,4.22
D007084,Themba Maseko,57,22,Code 10,Permanent,KwaZulu-Natal,3.31
D007085,Sibusiso Cele,53,34,Code 10,Permanent,Northern Cape,5.0
D007086,Bongani Ngcobo,47,10,Code 14,Permanent,Free State,4.25
D007087,Precious Mokoena,52,18,Code 10,Contract,Northern Cape,3.49
D007088,Nandi Moyo,26,25,Code 8,Permanent,North West,3.45
D007089,Zanele Maseko,50,19,Code 8,Permanent,Northern Cape,3.76
D007090,Thabo Adams,29,29,Code 10,Permanent,KwaZulu-Natal,2.16
D007091,Siyabonga Mabena,28,34,Code 14,Owner Driver,KwaZulu-Natal,2.78
D007092,Nomsa Sithole,37,12,Code 10,Permanent,Free State,3.77
D007093,Mandla Mokoena,41,15,Code 8,Owner Driver,KwaZulu-Natal,4.48
D007094,Mpho Sithole,27,8,Code 10,Contract,Mpumalanga,3.92
D007095,Nokuthula Dlamini,52,4,Code 10,Permanent,Northern Cape,3.76
D007096,Kabelo Naidoo,32,2,Code 10,Permanent,North West,3.96
D007097,Themba Van Wyk,56,6,Code 10,Owner Driver,Northern Cape,4.09
D007098,Zanele Naidoo,35,3,Code 10,Owner Driver,Free State,3.46
D007099,Lindelwa Nkosi,65,24,Code 10,Contract,Western Cape,3.64
D007100,Nomsa Williams,57,1,Code 10,Contract,Limpopo,2.76
D007101,Bongani Jacobs,54,14,Code 8,Permanent,Eastern Cape,3.8
D007102,Kagiso Mthembu,33,9,Code 10,Permanent,KwaZulu-Natal,5.0
D007103,Mandla Modise,44,16,Code 14,Permanent,Limpopo,3.42
D007104,Zanele Maseko,37,18,Code 8,Contract,Gauteng,2.7
D007105,Lindelwa Mahlangu,56,4,Code 8,Contract,Free State,3.67
D007106,Nokuthula Sithole,57,16,Code 14,Permanent,Eastern Cape,5.0
D007107,Kagiso Sithole,29,25,Code 8,Permanent,Northern Cape,3.28
D007108,Zanele Botha,38,6,Code 10,Permanent,Free State,3.96
D007109,Lerato Ngcobo,60,2,Code 14,Permanent,Western Cape,3.67
D007110,Ayanda Zulu,41,6,Code 8,Contract,North West,3.18
D007111,Lerato Dlamini,63,21,Code 14,Owner Driver,Eastern Cape,3.55
D007112,Thabo Mabena,45,14,Code 14,Permanent,Gauteng,4.11
D007113,Mandla Mthembu,58,10,Code 14,Permanent,Mpumalanga,3.96
D007114,Mandla Nkosi,50,9,Code 8,Permanent,KwaZulu-Natal,4.09
D007115,Precious Sithole,41,28,Code 10,Contract,Limpopo,4.21
D007116,Mpho Williams,50,14,Code 14,Permanent,Northern Cape,3.41
D007117,Busisiwe Modise,46,9,Code 8,Owner Driver,Northern Cape,3.26
D007118,Tshepo Modise,32,5,Code 10,Contract,Eastern Cape,3.72
D007119,Tshepo Mabena,35,23,Code 10,Permanent,North West,3.64
D007120,Lerato Mabena,25,24,Code 10,Owner Driver,Mpumalanga,3.0
D007121,Kagiso Moyo,31,21,Code 14,Permanent,North West,4.55
D007122,Busisiwe Cele,40,7,Code 10,Owner Driver,Free State,4.39
D007123,Lwazi Molefe,45,22,Code 8,Contract,Mpumalanga,3.65
D007124,Kabelo Jacobs,43,24,Code 8,Permanent,Western Cape,4.37
D007125,Lindelwa Cele,53,26,Code 10,Permanent,Northern Cape,4.3
D007126,Thabo Jacobs,59,12,Code 8,Permanent,Northern Cape,1.83
D007127,Kagiso Ndlovu,43,2,Code 10,Permanent,North West,3.85
D007128,Thabo Ngcobo,60,6,Code 8,Permanent,KwaZulu-Natal,3.82
D007129,Themba Jacobs,53,24,Code 14,Owner Driver,Western Cape,3.98
D007130,Sibusiso Naidoo,49,22,Code 10,Permanent,Limpopo,3.79
D007131,Thabo Naidoo,65,1,Code 8,Contract,Northern Cape,3.8
D007132,Ayanda Moyo,33,21,Code 14,Owner Driver,Mpumalanga,3.34
D007133,Bongani Khumalo,59,6,Code 14,Permanent,KwaZulu-Natal,4.02
D007134,Sibusiso Khumalo,43,15,Code 14,Contract,Eastern Cape,3.91
D007135,Tshepo Nkosi,51,24,Code 10,Owner Driver,Limpopo,3.8
D007136,Amanda Mabena,37,6,Code 10,Contract,Gauteng,3.16
D007137,Nomsa Ngcobo,51,13,Code 14,Permanent,Limpopo,2.99
D007138,Themba Williams,33,28,Code 14,Owner Driver,Northern Cape,4.01
D007139,Bongani Maseko,54,9,Code 10,Permanent,Northern Cape,4.05
D007140,Phumzile Nkosi,29,10,Code 14,Permanent,North West,4.37
D007141,Precious Ndlovu,60,1,Code 10,Permanent,Limpopo,4.41
D007142,Zanele Mkhize,25,13,Code 14,Permanent,North West,4.11
D007143,Tshepo Khumalo,65,18,Code 10,Permanent,KwaZulu-Natal,4.74
D007144,Ayanda Mkhize,64,19,Code 10,Contract,Eastern Cape,3.7
D007145,Lerato Pillay,35,16,Code 14,Permanent,Northern Cape,3.84
D007146,Tshepo Mabena,23,3,Code 14,Contract,North West,4.43
D007147,Lindelwa Mahlangu,27,3,Code 14,Permanent,Gauteng,3.27
D007148,Tshepo Molefe,39,21,Code 14,Permanent,North West,3.59
D007149,Siyabonga Mthembu,40,24,Code 10,Contract,Eastern Cape,3.55
D007150,Siyabonga Sithole,55,34,Code 8,Owner Driver,North West,4.66
D007151,Karabo Ndlovu,39,28,Code 8,Permanent,Mpumalanga,3.02
D007152,Siyabonga Ndlovu,44,31,Code 14,Permanent,Limpopo,3.98
D007153,Nokuthula Pillay,28,27,Code 10,Owner Driver,Western Cape,5.0
D007154,Bongani Naidoo,40,20,Code 8,Permanent,Northern Cape,3.76
D007155,Lwazi Botha,27,22,Code 10,Permanent,Free State,4.28
D007156,Lerato Khumalo,57,11,Code 10,Contract,KwaZulu-Natal,3.9
D007157,Sipho Naidoo,54,25,Code 10,Contract,Western Cape,4.27
D007158,Lwazi Zulu,30,4,Code 8,Permanent,Gauteng,4.32
D007159,Kabelo Naidoo,48,14,Code 8,Permanent,Western Cape,4.24
D007160,Tshepo Naidoo,27,3,Code 10,Permanent,Eastern Cape,4.03
D007161,Phumzile Maseko,56,27,Code 10,Contract,KwaZulu-Natal,3.19
D007162,Sibusiso Sithole,36,1,Code 10,Permanent,Free State,3.47
D007163,Dumisani Pillay,56,29,Code 8,Permanent,Mpumalanga,4.66
D007164,Ayanda Botha,33,15,Code 8,Contract,Free State,4.23
D007165,Sibusiso Ngcobo,27,5,Code 14,Permanent,Gauteng,3.65
D007166,Lindelwa Jacobs,42,7,Code 10,Permanent,KwaZulu-Natal,3.36
D007167,Sibusiso Molefe,62,11,Code 14,Contract,Eastern Cape,5.0
D007168,Karabo Jacobs,61,11,Code 14,Permanent,Limpopo,4.58
D007169,Nandi Dlamini,32,4,Code 8,Contract,Northern Cape,4.06
D007170,Precious Jacobs,40,21,Code 8,Contract,Mpumalanga,3.72
D007171,Mandla Botha,34,26,Code 8,Permanent,Eastern Cape,3.5
D007172,Dumisani Ngcobo,23,23,Code 14,Permanent,North West,4.71
D007173,Themba Pillay,34,31,Code 10,Contract,KwaZulu-Natal,4.11
D007174,Lindelwa Jacobs,23,33,Code 10,Permanent,Gauteng,4.11
D007175,Lwazi Sithole,32,25,Code 8,Permanent,Mpumalanga,4.08
D007176,Nandi Maseko,33,22,Code 14,Permanent,Eastern Cape,4.47
D007177,Ayanda Modise,60,32,Code 10,Permanent,Eastern Cape,4.6
D007178,Mpho Botha,59,4,Code 8,Permanent,Mpumalanga,3.89
D007179,Lindelwa Adams,56,28,Code 14,Permanent,Northern Cape,4.35
D007180,Kagiso Botha,39,32,Code 14,Owner Driver,North West,4.85
D007181,Kagiso Zulu,31,29,Code 14,Permanent,KwaZulu-Natal,3.94
D007182,Nandi Pillay,31,3,Code 8,Permanent,Northern Cape,4.35
D007183,Mpho Zulu,56,34,Code 10,Permanent,Limpopo,4.2
D007184,Dumisani Modise,28,5,Code 10,Permanent,Limpopo,5.0
D007185,Themba Dlamini,57,31,Code 10,Permanent,Mpumalanga,3.99
D007186,Phumzile Adams,60,6,Code 10,Permanent,Eastern Cape,4.23
D007187,Sibusiso Ndlovu,51,32,Code 10,Permanent,Gauteng,3.8
D007188,Thabo Mthembu,44,31,Code 8,Contract,Gauteng,5.0
D007189,Lwazi Zulu,52,13,Code 10,Permanent,Limpopo,3.91
D007190,Nokuthula Van Wyk,31,13,Code 8,Permanent,Eastern Cape,4.36
D007191,Precious Adams,29,10,Code 10,Contract,Eastern Cape,4.56
D007192,Sibusiso Zulu,54,27,Code 10,Permanent,Gauteng,3.96
D007193,Lerato Mkhize,59,10,Code 8,Permanent,Western Cape,4.91
D007194,Karabo Jacobs,55,33,Code 10,Contract,Limpopo,4.41
D007195,Nandi Zulu,47,19,Code 10,Owner Driver,North West,4.06
D007196,Sipho Van Wyk,24,16,Code 10,Owner Driver,Gauteng,4.35
D007197,Lerato Botha,44,2,Code 14,Owner Driver,Northern Cape,4.95
D007198,Thabo Adams,31,21,Code 10,Contract,Gauteng,4.08
D007199,Sipho Khumalo,30,22,Code 10,Contract,KwaZulu-Natal,3.55
D007200,Dumisani Pillay,32,1,Code 10,Contract,KwaZulu-Natal,3.72
D007201,Kagiso Jacobs,58,33,Code 10,Contract,North West,4.4
D007202,Lindelwa Adams,44,13,Code 10,Permanent,Eastern Cape,3.99
D007203,Zanele Cele,42,29,Code 14,Contract,Free State,3.77
D007204,Lwazi Mkhize,56,16,Code 8,Permanent,Northern Cape,3.76
D007205,Dumisani Williams,40,14,Code 10,Permanent,Northern Cape,3.74
D007206,Mpho Mahlangu,45,10,Code 10,Permanent,Gauteng,4.81
D007207,Thabo Mabena,44,4,Code 10,Permanent,Mpumalanga,3.53
D007208,Siyabonga Zulu,27,33,Code 8,Permanent,Limpopo,3.51
D007209,Sibusiso Dlamini,28,11,Code 10,Permanent,Gauteng,2.91
D007210,Siyabonga Zulu,36,16,Code 10,Permanent,KwaZulu-Natal,4.1
D007211,Sibusiso Molefe,35,4,Code 10,Permanent,Gauteng,4.43
D007212,Dumisani Pillay,62,27,Code 8,Contract,Western Cape,4.57
D007213,Themba Zulu,29,8,Code 8,Owner Driver,Western Cape,3.11
D007214,Mandla Ngcobo,27,34,Code 10,Owner Driver,Northern Cape,3.58
D007215,Mpho Modise,30,2,Code 8,Contract,Eastern Cape,4.21
D007216,Zanele Pillay,36,14,Code 8,Permanent,Limpopo,3.12
D007217,Themba Ngcobo,42,9,Code 14,Permanent,Eastern Cape,4.01
D007218,Busisiwe Mthembu,35,2,Code 10,Permanent,Eastern Cape,4.72
D007219,Lwazi Moyo,51,5,Code 10,Permanent,North West,3.43
D007220,Thabo Ngcobo,51,20,Code 10,Owner Driver,Mpumalanga,4.21
D007221,Bongani Ndlovu,56,21,Code 10,Permanent,Western Cape,3.73
D007222,Kabelo Nkosi,63,17,Code 10,Contract,KwaZulu-Natal,4.36
D007223,Ayanda Modise,65,3,Code 10,Owner Driver,Northern Cape,3.9
D007224,Themba Khumalo,36,14,Code 10,Permanent,Free State,3.43
D007225,Precious Nkosi,62,9,Code 10,Permanent,Eastern Cape,3.74
D007226,Themba Dlamini,23,27,Code 10,Permanent,Eastern Cape,4.37
D007227,Thabo Ndlovu,45,9,Code 10,Contract,Mpumalanga,4.51
D007228,Zanele Dlamini,61,26,Code 10,Owner Driver,Eastern Cape,4.47
D007229,Kabelo Jacobs,65,4,Code 14,Owner Driver,North West,3.32
D007230,Kabelo Sithole,26,14,Code 10,Owner Driver,Limpopo,4.4
D007231,Thabo Molefe,44,31,Code 10,Contract,Northern Cape,4.56
D007232,Nomsa Mabena,52,16,Code 8,Owner Driver,Northern Cape,4.56
D007233,Zanele Mthembu,55,11,Code 8,Permanent,Northern Cape,5.0
D007234,Kagiso Adams,56,24,Code 8,Permanent,Northern Cape,3.74
D007235,Sibusiso Dlamini,48,18,Code 14,Owner Driver,Limpopo,4.43
D007236,Kagiso Ndlovu,40,6,Code 14,Permanent,KwaZulu-Natal,3.95
D007237,Amanda Pillay,54,24,Code 8,Permanent,Northern Cape,3.09
D007238,Karabo Molefe,40,34,Code 10,Owner Driver,Eastern Cape,3.13
D007239,Lindelwa Jacobs,34,33,Code 8,Permanent,Free State,4.17
D007240,Nandi Botha,26,34,Code 8,Permanent,Free State,4.35
D007241,Sibusiso Pillay,50,8,Code 8,Permanent,Mpumalanga,4.4
D007242,Lindelwa Jacobs,24,10,Code 8,Permanent,Eastern Cape,4.36
D007243,Nokuthula Naidoo,59,11,Code 8,Owner Driver,KwaZulu-Natal,3.87
D007244,Phumzile Adams,49,3,Code 10,Permanent,Gauteng,4.5
D007245,Ayanda Khumalo,55,29,Code 8,Contract,Limpopo,4.15
D007246,Kagiso Naidoo,33,19,Code 14,Contract,Eastern Cape,4.22
D007247,Busisiwe Botha,41,30,Code 8,Permanent,Gauteng,3.47
D007248,Ayanda Mahlangu,51,18,Code 8,Permanent,Free State,4.46
D007249,Amanda Williams,53,31,Code 14,Permanent,KwaZulu-Natal,3.41
D007250,Dumisani Cele,59,19,Code 14,Contract,Eastern Cape,3.57
D007251,Tshepo Botha,50,19,Code 10,Permanent,North West,3.73
D007252,Amanda Modise,32,29,Code 8,Contract,Free State,3.92
D007253,Phumzile Nkosi,36,1,Code 8,Permanent,North West,4.31
D007254,Nokuthula Mahlangu,49,20,Code 8,Permanent,Mpumalanga,5.0
D007255,Precious Naidoo,29,21,Code 14,Permanent,North West,3.86
D007256,Kagiso Ndlovu,37,34,Code 8,Permanent,Limpopo,3.8
D007257,Nandi Mokoena,33,14,Code 10,Contract,Limpopo,4.11
D007258,Amanda Ndlovu,31,33,Code 8,Owner Driver,North West,3.84
D007259,Bongani Cele,35,15,Code 8,Owner Driver,Limpopo,5.0
D007260,Tshepo Mabena,32,4,Code 8,Permanent,North West,4.47
D007261,Themba Dlamini,24,23,Code 14,Permanent,Western Cape,4.03
D007262,Karabo Dlamini,64,29,Code 10,Contract,Limpopo,3.05
D007263,Siyabonga Jacobs,50,17,Code 14,Permanent,Mpumalanga,3.69
D007264,Kagiso Van Wyk,37,16,Code 10,Permanent,Mpumalanga,4.21
D007265,Nandi Sithole,46,8,Code 8,Permanent,Limpopo,4.52
D007266,Siyabonga Modise,28,25,Code 14,Permanent,Limpopo,4.17
D007267,Dumisani Pillay,29,30,Code 8,Permanent,Eastern Cape,4.16
D007268,Nomsa Molefe,60,24,Code 10,Permanent,Gauteng,3.88
D007269,Nandi Moyo,41,8,Code 10,Permanent,Mpumalanga,3.7
D007270,Busisiwe Mahlangu,51,5,Code 10,Permanent,Mpumalanga,3.15
D007271,Dumisani Zulu,57,6,Code 10,Contract,Gauteng,4.38
D007272,Zanele Maseko,31,17,Code 10,Contract,Mpumalanga,4.88
D007273,Dumisani Modise,57,31,Code 8,Permanent,Eastern Cape,3.82
D007274,Busisiwe Mokoena,40,26,Code 10,Permanent,Gauteng,4.97
D007275,Lwazi Sithole,30,32,Code 10,Permanent,Western Cape,4.43
D007276,Nandi Pillay,62,24,Code 10,Permanent,Mpumalanga,3.32
D007277,Sipho Mabena,40,28,Code 14,Contract,KwaZulu-Natal,3.96
D007278,Themba Khumalo,41,17,Code 10,Permanent,Gauteng,3.59
D007279,Mandla Botha,24,33,Code 14,Owner Driver,Northern Cape,4.3
D007280,Thabo Sithole,46,25,Code 10,Contract,Eastern Cape,4.15
D007281,Siyabonga Mkhize,52,2,Code 8,Permanent,Northern Cape,4.18
D007282,Kagiso Moyo,39,23,Code 14,Contract,Gauteng,4.11
D007283,Lindelwa Dlamini,54,33,Code 10,Permanent,Limpopo,3.93
D007284,Lwazi Zulu,26,28,Code 10,Contract,North West,4.13
D007285,Sibusiso Dlamini,53,32,Code 14,Contract,Eastern Cape,3.99
D007286,Busisiwe Williams,61,6,Code 14,Permanent,Free State,3.97
D007287,Ayanda Khumalo,63,24,Code 14,Permanent,Free State,3.55
D007288,Phumzile Nkosi,56,23,Code 10,Owner Driver,Northern Cape,3.28
D007289,Thabo Mthembu,36,17,Code 8,Owner Driver,Limpopo,3.67
D007290,Tshepo Pillay,55,25,Code 10,Contract,KwaZulu-Natal,4.16
D007291,Nokuthula Zulu,51,1,Code 8,Contract,Limpopo,4.17
D007292,Lindelwa Molefe,57,16,Code 14,Contract,Western Cape,4.59
D007293,Kabelo Modise,50,9,Code 14,Permanent,Northern Cape,4.82
D007294,Mpho Maseko,58,14,Code 14,Owner Driver,Free State,3.65
D007295,Themba Mokoena,30,18,Code 8,Permanent,Eastern Cape,4.3
D007296,Kabelo Mokoena,27,28,Code 8,Permanent,Free State,4.81
D007297,Sibusiso Modise,34,1,Code 10,Contract,Eastern Cape,4.38
D007298,Themba Ndlovu,49,10,Code 8,Permanent,KwaZulu-Natal,4.41
D007299,Siyabonga Sithole,52,10,Code 14,Permanent,Limpopo,3.69
D007300,Sibusiso Pillay,52,24,Code 8,Permanent,Western Cape,4.21
D007301,Busisiwe Williams,37,3,Code 8,Owner Driver,North West,3.69
D007302,Thabo Adams,35,7,Code 14,Contract,North West,4.79
D007303,Mpho Adams,42,21,Code 14,Permanent,KwaZulu-Natal,3.67
D007304,Precious Pillay,24,4,Code 8,Permanent,Free State,3.56
D007305,Lerato Zulu,65,30,Code 14,Permanent,KwaZulu-Natal,3.76
D007306,Precious Van Wyk,51,23,Code 10,Permanent,Mpumalanga,4.72
D007307,Phumzile Mokoena,23,11,Code 10,Permanent,Limpopo,4.63
D007308,Sipho Botha,40,34,Code 8,Permanent,KwaZulu-Natal,4.11
D007309,Siyabonga Ngcobo,25,16,Code 8,Owner Driver,North West,4.27
D007310,Mpho Mokoena,37,22,Code 14,Permanent,Eastern Cape,3.92
D007311,Zanele Pillay,43,8,Code 8,Permanent,Northern Cape,4.1
D007312,Thabo Dlamini,58,20,Code 8,Contract,Gauteng,3.9
D007313,Busisiwe Botha,53,15,Code 8,Permanent,Western Cape,3.5
D007314,Siyabonga Khumalo,56,23,Code 14,Owner Driver,Mpumalanga,4.22
D007315,Ayanda Khumalo,60,6,Code 10,Permanent,KwaZulu-Natal,4.01
D007316,Phumzile Nkosi,54,3,Code 14,Permanent,Limpopo,4.61
D007317,Phumzile Mabena,50,33,Code 10,Contract,Mpumalanga,3.37
D007318,Precious Modise,64,2,Code 10,Owner Driver,Northern Cape,3.72
D007319,Lindelwa Mahlangu,46,21,Code 10,Contract,Gauteng,3.78
D007320,Lwazi Nkosi,47,4,Code 10,Permanent,Limpopo,3.98
D007321,Kagiso Adams,57,6,Code 10,Permanent,Western Cape,3.68
D007322,Sipho Pillay,45,11,Code 8,Permanent,Northern Cape,4.2
D007323,Sibusiso Khumalo,49,2,Code 14,Permanent,Free State,3.54
D007324,Siyabonga Ngcobo,37,9,Code 10,Permanent,Limpopo,3.14
D007325,Zanele Maseko,50,14,Code 14,Permanent,Limpopo,3.74
D007326,Lerato Ngcobo,36,26,Code 10,Contract,Eastern Cape,3.58
D007327,Themba Mokoena,34,19,Code 8,Owner Driver,Northern Cape,4.92
D007328,Dumisani Mkhize,49,19,Code 10,Owner Driver,Gauteng,4.22
D007329,Kagiso Maseko,34,15,Code 10,Owner Driver,Eastern Cape,4.35
D007330,Siyabonga Adams,37,11,Code 10,Permanent,North West,4.24
D007331,Kagiso Modise,52,1,Code 10,Owner Driver,Western Cape,4.01
D007332,Nandi Cele,53,21,Code 10,Permanent,Limpopo,3.72
D007333,Dumisani Ndlovu,33,24,Code 14,Permanent,Mpumalanga,4.56
D007334,Dumisani Sithole,27,28,Code 10,Permanent,Western Cape,4.16
D007335,Mandla Khumalo,62,6,Code 10,Permanent,Limpopo,3.07
D007336,Nokuthula Van Wyk,58,23,Code 10,Owner Driver,Mpumalanga,4.05
D007337,Tshepo Van Wyk,60,22,Code 14,Permanent,Mpumalanga,3.18
D007338,Lerato Pillay,57,20,Code 10,Permanent,KwaZulu-Natal,3.78
D007339,Mpho Moyo,50,21,Code 14,Permanent,Free State,4.91
D007340,Karabo Botha,26,23,Code 10,Permanent,Free State,4.66
D007341,Siyabonga Ndlovu,43,29,Code 10,Permanent,Mpumalanga,5.0
D007342,Zanele Nkosi,44,5,Code 8,Permanent,Limpopo,4.52
D007343,Lerato Jacobs,65,5,Code 8,Permanent,Northern Cape,4.85
D007344,Lwazi Adams,59,24,Code 10,Permanent,Mpumalanga,3.68
D007345,Thabo Cele,52,18,Code 10,Contract,North West,3.35
D007346,Bongani Naidoo,31,20,Code 8,Permanent,Northern Cape,3.6
D007347,Thabo Mabena,31,26,Code 10,Owner Driver,Free State,3.17
D007348,Tshepo Jacobs,43,30,Code 8,Permanent,Gauteng,3.57
D007349,Kagiso Khumalo,57,3,Code 10,Permanent,Gauteng,3.75
D007350,Thabo Modise,61,25,Code 8,Contract,KwaZulu-Natal,4.34
D007351,Sibusiso Mokoena,39,22,Code 8,Permanent,Mpumalanga,3.24
D007352,Lerato Zulu,51,4,Code 10,Permanent,Northern Cape,4.08
D007353,Mandla Mthembu,57,30,Code 8,Permanent,Limpopo,4.19
D007354,Ayanda Nkosi,27,11,Code 8,Contract,Northern Cape,4.66
D007355,Nokuthula Van Wyk,52,30,Code 14,Permanent,Free State,4.41
D007356,Sibusiso Mabena,65,20,Code 10,Permanent,Gauteng,3.82
D007357,Zanele Molefe,38,11,Code 14,Permanent,Limpopo,4.3
D007358,Dumisani Ngcobo,53,30,Code 8,Permanent,Gauteng,4.01
D007359,Tshepo Moyo,47,21,Code 8,Permanent,Northern Cape,3.73
D007360,Precious Cele,39,12,Code 10,Permanent,Western Cape,4.6
D007361,Lwazi Williams,35,7,Code 8,Contract,North West,4.67
D007362,Dumisani Maseko,55,15,Code 10,Permanent,Free State,3.45
D007363,Bongani Khumalo,43,30,Code 8,Permanent,Eastern Cape,3.06
D007364,Kabelo Williams,47,2,Code 8,Permanent,Eastern Cape,3.54
D007365,Bongani Modise,37,19,Code 10,Contract,Free State,5.0
D007366,Kabelo Naidoo,50,19,Code 10,Contract,Western Cape,4.43
D007367,Amanda Zulu,34,31,Code 10,Permanent,Gauteng,4.73
D007368,Amanda Moyo,64,4,Code 8,Contract,Gauteng,4.55
D007369,Thabo Mahlangu,47,29,Code 10,Permanent,Limpopo,3.49
D007370,Amanda Pillay,52,11,Code 10,Owner Driver,Free State,4.01
D007371,Bongani Mokoena,57,1,Code 8,Contract,KwaZulu-Natal,4.18
D007372,Themba Moyo,65,23,Code 8,Contract,Eastern Cape,4.52
D007373,Nandi Dlamini,61,4,Code 10,Permanent,Northern Cape,3.41
D007374,Sipho Zulu,42,33,Code 10,Contract,Free State,4.26
D007375,Bongani Mabena,23,11,Code 10,Permanent,KwaZulu-Natal,4.93
D007376,Themba Ndlovu,40,6,Code 10,Permanent,Limpopo,3.96
D007377,Precious Pillay,53,17,Code 8,Permanent,Free State,4.07
D007378,Mandla Ndlovu,48,17,Code 8,Contract,Northern Cape,2.94
D007379,Amanda Nkosi,59,19,Code 8,Permanent,Eastern Cape,4.7
D007380,Bongani Mahlangu,26,15,Code 10,Owner Driver,Western Cape,4.84
D007381,Phumzile Van Wyk,25,16,Code 14,Permanent,Western Cape,4.33
D007382,Ayanda Mabena,56,10,Code 10,Owner Driver,Eastern Cape,5.0
D007383,Precious Moyo,40,16,Code 8,Owner Driver,Eastern Cape,2.99
D007384,Busisiwe Modise,60,5,Code 8,Owner Driver,Free State,3.79
D007385,Karabo Zulu,43,14,Code 10,Permanent,Limpopo,4.22
D007386,Karabo Sithole,30,9,Code 10,Owner Driver,Limpopo,4.24
D007387,Ayanda Moyo,24,1,Code 10,Permanent,Western Cape,3.95
D007388,Sipho Sithole,36,19,Code 8,Owner Driver,Limpopo,3.76
D007389,Siyabonga Naidoo,36,27,Code 8,Permanent,Gauteng,3.66
D007390,Karabo Mokoena,46,8,Code 10,Contract,Northern Cape,4.74
D007391,Amanda Mabena,40,34,Code 8,Owner Driver,Limpopo,3.92
D007392,Siyabonga Adams,28,2,Code 10,Permanent,Limpopo,3.54
D007393,Busisiwe Zulu,54,27,Code 8,Permanent,KwaZulu-Natal,3.56
D007394,Phumzile Ndlovu,28,20,Code 10,Permanent,Northern Cape,4.07
D007395,Phumzile Pillay,39,22,Code 10,Permanent,Free State,4.04
D007396,Zanele Pillay,65,4,Code 8,Permanent,Mpumalanga,3.98
D007397,Mpho Van Wyk,49,19,Code 10,Permanent,Mpumalanga,4.58
D007398,Thabo Jacobs,38,30,Code 10,Contract,Limpopo,3.72
D007399,Nandi Adams,28,20,Code 10,Permanent,Mpumalanga,2.96
D007400,Sipho Ngcobo,53,25,Code 10,Contract,North West,4.34
D007401,Sibusiso Khumalo,43,17,Code 10,Contract,Western Cape,5.0
D007402,Sipho Zulu,46,14,Code 10,Permanent,Gauteng,3.87
D007403,Thabo Dlamini,41,15,Code 10,Owner Driver,Gauteng,4.06
D007404,Nomsa Mabena,42,27,Code 14,Contract,Eastern Cape,3.69
D007405,Mandla Mkhize,27,14,Code 10,Owner Driver,Western Cape,3.65
D007406,Lwazi Pillay,53,28,Code 14,Permanent,Limpopo,3.5
D007407,Sibusiso Nkosi,55,30,Code 10,Permanent,Mpumalanga,4.35
D007408,Mandla Dlamini,54,23,Code 14,Permanent,Free State,3.98
D007409,Phumzile Williams,31,21,Code 8,Contract,Western Cape,3.69
D007410,Zanele Dlamini,36,22,Code 10,Contract,North West,4.82
D007411,Thabo Mabena,46,10,Code 14,Owner Driver,Mpumalanga,4.18
D007412,Lerato Naidoo,62,19,Code 8,Permanent,KwaZulu-Natal,3.37
D007413,Mandla Mahlangu,37,19,Code 10,Owner Driver,Free State,3.64
D007414,Precious Adams,65,7,Code 10,Permanent,KwaZulu-Natal,5.0
D007415,Precious Williams,29,28,Code 10,Permanent,Free State,4.35
D007416,Nokuthula Adams,59,9,Code 8,Owner Driver,Northern Cape,3.76
D007417,Siyabonga Naidoo,54,10,Code 8,Permanent,Gauteng,4.73
D007418,Lindelwa Mokoena,25,16,Code 14,Owner Driver,North West,4.7
D007419,Lindelwa Mabena,31,19,Code 10,Permanent,Western Cape,4.98
D007420,Zanele Mkhize,62,23,Code 10,Permanent,Mpumalanga,3.29
D007421,Lindelwa Van Wyk,27,14,Code 8,Permanent,Northern Cape,4.75
D007422,Nomsa Nkosi,63,4,Code 10,Contract,Mpumalanga,4.92
D007423,Dumisani Jacobs,30,30,Code 10,Permanent,Eastern Cape,3.55
D007424,Tshepo Khumalo,38,32,Code 8,Owner Driver,Free State,3.66
D007425,Busisiwe Botha,50,10,Code 8,Permanent,Eastern Cape,3.66
D007426,Thabo Maseko,24,27,Code 10,Contract,North West,3.2
D007427,Nokuthula Nkosi,44,4,Code 8,Permanent,Limpopo,4.33
D007428,Amanda Zulu,62,2,Code 8,Permanent,Eastern Cape,3.6
D007429,Ayanda Botha,47,30,Code 8,Contract,Western Cape,4.73
D007430,Amanda Sithole,60,8,Code 14,Permanent,Mpumalanga,4.98
D007431,Busisiwe Mahlangu,25,19,Code 10,Permanent,Northern Cape,4.07
D007432,Themba Ndlovu,57,14,Code 8,Permanent,Eastern Cape,4.52
D007433,Nokuthula Van Wyk,35,25,Code 8,Contract,Free State,3.76
D007434,Lindelwa Mabena,40,34,Code 10,Contract,KwaZulu-Natal,3.59
D007435,Kagiso Mthembu,54,4,Code 10,Permanent,Mpumalanga,4.85
D007436,Mandla Dlamini,35,5,Code 14,Permanent,Northern Cape,3.82
D007437,Amanda Sithole,51,18,Code 14,Owner Driver,Northern Cape,4.33
D007438,Sipho Mthembu,26,21,Code 8,Permanent,Western Cape,4.75
D007439,Siyabonga Moyo,56,28,Code 10,Permanent,Mpumalanga,4.83
D007440,Zanele Mthembu,24,18,Code 10,Permanent,KwaZulu-Natal,3.4
D007441,Kagiso Ngcobo,54,9,Code 10,Permanent,Northern Cape,3.74
D007442,Sipho Mthembu,43,26,Code 14,Contract,Free State,4.51
D007443,Sibusiso Adams,30,9,Code 14,Contract,Gauteng,4.85
D007444,Sibusiso Molefe,28,20,Code 8,Owner Driver,KwaZulu-Natal,3.71
D007445,Bongani Ndlovu,29,23,Code 8,Contract,Northern Cape,4.93
D007446,Ayanda Mahlangu,48,7,Code 8,Owner Driver,North West,4.43
D007447,Karabo Ndlovu,42,21,Code 8,Permanent,Gauteng,3.99
D007448,Kabelo Maseko,35,30,Code 8,Permanent,Mpumalanga,4.6
D007449,Sipho Ngcobo,47,5,Code 8,Contract,Mpumalanga,4.64
D007450,Thabo Ndlovu,37,9,Code 10,Owner Driver,Free State,5.0
D007451,Bongani Mthembu,35,28,Code 8,Permanent,Eastern Cape,3.94
D007452,Zanele Molefe,27,1,Code 8,Owner Driver,Gauteng,3.52
D007453,Lerato Cele,64,10,Code 10,Permanent,Mpumalanga,4.63
D007454,Nokuthula Maseko,50,8,Code 14,Owner Driver,Northern Cape,3.34
D007455,Sibusiso Naidoo,36,16,Code 8,Permanent,Free State,5.0
D007456,Mandla Cele,65,31,Code 14,Permanent,Limpopo,3.51
D007457,Kagiso Van Wyk,30,29,Code 14,Owner Driver,Northern Cape,4.73
D007458,Phumzile Nkosi,60,2,Code 14,Permanent,KwaZulu-Natal,3.9
D007459,Siyabonga Botha,27,28,Code 10,Contract,KwaZulu-Natal,3.59
D007460,Precious Modise,57,34,Code 10,Permanent,Gauteng,3.92
D007461,Sibusiso Mokoena,46,11,Code 14,Permanent,Mpumalanga,3.66
D007462,Phumzile Mkhize,60,6,Code 10,Owner Driver,North West,3.94
D007463,Bongani Naidoo,61,24,Code 10,Contract,Limpopo,3.97
D007464,Siyabonga Molefe,58,14,Code 8,Contract,Free State,3.61
D007465,Busisiwe Mokoena,45,18,Code 10,Permanent,Western Cape,4.15
D007466,Lindelwa Ndlovu,61,32,Code 10,Permanent,North West,4.16
D007467,Ayanda Moyo,62,21,Code 14,Permanent,Free State,3.84
D007468,Nomsa Mthembu,50,2,Code 8,Permanent,Western Cape,3.36
D007469,Nandi Khumalo,42,13,Code 8,Permanent,Mpumalanga,4.78
D007470,Sibusiso Zulu,28,17,Code 14,Permanent,Northern Cape,3.84
D007471,Phumzile Botha,35,9,Code 10,Permanent,North West,3.99
D007472,Mandla Mkhize,49,12,Code 14,Owner Driver,Eastern Cape,4.17
D007473,Nokuthula Botha,64,2,Code 14,Contract,Eastern Cape,3.99
D007474,Thabo Mkhize,34,30,Code 10,Owner Driver,Eastern Cape,3.26
D007475,Ayanda Pillay,48,23,Code 14,Contract,KwaZulu-Natal,4.56
D007476,Tshepo Williams,62,30,Code 8,Contract,Mpumalanga,4.7
D007477,Nandi Naidoo,41,23,Code 14,Owner Driver,Eastern Cape,4.21
D007478,Siyabonga Botha,34,18,Code 8,Contract,Western Cape,3.43
D007479,Nomsa Maseko,23,26,Code 10,Permanent,KwaZulu-Natal,2.82
D007480,Busisiwe Mokoena,63,23,Code 10,Permanent,Western Cape,3.65
D007481,Nandi Modise,65,3,Code 8,Owner Driver,Free State,3.87
D007482,Siyabonga Mkhize,58,13,Code 10,Permanent,Gauteng,4.34
D007483,Nokuthula Molefe,55,3,Code 10,Owner Driver,KwaZulu-Natal,3.59
D007484,Bongani Maseko,31,5,Code 10,Contract,Gauteng,4.39
D007485,Ayanda Jacobs,37,22,Code 10,Owner Driver,Limpopo,4.59
D007486,Lindelwa Jacobs,56,26,Code 10,Owner Driver,Limpopo,4.26
D007487,Mandla Nkosi,48,23,Code 10,Permanent,Gauteng,4.33
D007488,Lerato Mahlangu,42,22,Code 8,Contract,Western Cape,3.71
D007489,Precious Pillay,43,14,Code 8,Permanent,Mpumalanga,3.16
D007490,Bongani Cele,31,2,Code 10,Owner Driver,North West,3.63
D007491,Tshepo Mahlangu,65,24,Code 8,Contract,Free State,4.29
D007492,Siyabonga Ngcobo,28,10,Code 10,Owner Driver,Limpopo,4.93
D007493,Amanda Mahlangu,23,1,Code 8,Owner Driver,Eastern Cape,4.4
D007494,Nokuthula Ngcobo,52,13,Code 10,Owner Driver,KwaZulu-Natal,5.0
D007495,Lwazi Dlamini,58,32,Code 10,Permanent,KwaZulu-Natal,3.33
D007496,Nomsa Naidoo,42,14,Code 8,Permanent,Western Cape,4.03
D007497,Nokuthula Modise,45,11,Code 14,Contract,Western Cape,3.03
D007498,Thabo Naidoo,64,4,Code 10,Permanent,Western Cape,3.19
D007499,Zanele Nkosi,65,20,Code 10,Owner Driver,North West,3.73
D007500,Kagiso Mabena,24,23,Code 8,Contract,Mpumalanga,3.77
D007501,Themba Dlamini,37,21,Code 10,Contract,Limpopo,3.61
D007502,Sibusiso Williams,51,30,Code 8,Contract,North West,3.11
D007503,Thabo Naidoo,44,5,Code 10,Owner Driver,KwaZulu-Natal,4.51
D007504,Kagiso Williams,30,24,Code 10,Permanent,North West,3.69
D007505,Lerato Mthembu,48,28,Code 8,Owner Driver,Gauteng,3.48
D007506,Thabo Zulu,36,31,Code 10,Contract,Western Cape,4.29
D007507,Kagiso Khumalo,62,9,Code 10,Permanent,KwaZulu-Natal,3.02
D007508,Phumzile Khumalo,32,30,Code 10,Permanent,Mpumalanga,3.48
D007509,Kabelo Mabena,33,18,Code 8,Contract,KwaZulu-Natal,3.88
D007510,Precious Sithole,58,32,Code 8,Permanent,Free State,4.28
D007511,Bongani Pillay,61,30,Code 10,Permanent,Limpopo,4.54
D007512,Nandi Botha,48,21,Code 8,Contract,Free State,3.68
D007513,Thabo Mkhize,52,14,Code 10,Contract,Eastern Cape,3.2
D007514,Sipho Moyo,34,10,Code 8,Permanent,Northern Cape,3.81
D007515,Nokuthula Mthembu,27,28,Code 8,Contract,Western Cape,3.93
D007516,Mandla Zulu,53,31,Code 10,Contract,North West,4.43
D007517,Bongani Nkosi,29,19,Code 8,Permanent,Western Cape,3.95
D007518,Zanele Maseko,32,5,Code 14,Permanent,Gauteng,3.78
D007519,Siyabonga Mabena,57,14,Code 14,Contract,Mpumalanga,3.51
D007520,Mpho Dlamini,60,10,Code 8,Contract,Eastern Cape,4.79
D007521,Themba Ndlovu,47,15,Code 14,Owner Driver,Western Cape,4.02
D007522,Sibusiso Adams,28,8,Code 14,Permanent,Limpopo,3.98
D007523,Amanda Maseko,62,10,Code 8,Owner Driver,North West,4.73
D007524,Sipho Moyo,29,10,Code 10,Contract,Northern Cape,4.68
D007525,Karabo Mabena,48,8,Code 14,Permanent,Northern Cape,3.36
D007526,Dumisani Nkosi,64,20,Code 10,Owner Driver,Gauteng,4.44
D007527,Nomsa Pillay,62,23,Code 14,Permanent,Northern Cape,3.78
D007528,Thabo Mkhize,24,8,Code 8,Owner Driver,Eastern Cape,4.12
D007529,Precious Mabena,27,14,Code 10,Owner Driver,Gauteng,4.13
D007530,Phumzile Nkosi,40,25,Code 8,Permanent,Northern Cape,3.71
D007531,Themba Botha,63,4,Code 10,Permanent,North West,2.85
D007532,Busisiwe Adams,50,29,Code 8,Permanent,Western Cape,4.37
D007533,Karabo Maseko,37,30,Code 8,Permanent,Eastern Cape,4.97
D007534,Lwazi Sithole,32,2,Code 14,Permanent,Mpumalanga,4.03
D007535,Bongani Van Wyk,52,25,Code 8,Permanent,Northern Cape,3.5
D007536,Bongani Cele,34,9,Code 14,Permanent,KwaZulu-Natal,3.64
D007537,Ayanda Mthembu,46,24,Code 14,Owner Driver,Limpopo,4.55
D007538,Phumzile Nkosi,38,13,Code 10,Permanent,Western Cape,4.81
D007539,Amanda Khumalo,64,18,Code 8,Contract,Limpopo,4.6
D007540,Nomsa Naidoo,32,8,Code 10,Owner Driver,Limpopo,4.52
D007541,Nandi Modise,36,14,Code 10,Permanent,KwaZulu-Natal,3.73
D007542,Karabo Maseko,26,30,Code 8,Permanent,Free State,4.57
D007543,Zanele Moyo,57,8,Code 14,Owner Driver,Free State,4.73
D007544,Kagiso Modise,50,2,Code 8,Permanent,North West,4.16
D007545,Precious Zulu,40,29,Code 10,Owner Driver,Free State,3.5
D007546,Busisiwe Mabena,56,22,Code 14,Permanent,Northern Cape,3.66
D007547,Nokuthula Nkosi,50,13,Code 14,Permanent,KwaZulu-Natal,4.24
D007548,Nomsa Mokoena,39,4,Code 10,Owner Driver,North West,4.45
D007549,Sipho Adams,51,32,Code 8,Permanent,KwaZulu-Natal,4.22
D007550,Kabelo Mokoena,24,23,Code 8,Owner Driver,Northern Cape,4.13
D007551,Tshepo Nkosi,58,16,Code 10,Permanent,Gauteng,4.03
D007552,Sipho Maseko,45,15,Code 8,Contract,Gauteng,3.07
D007553,Siyabonga Mahlangu,43,4,Code 10,Permanent,Free State,4.11
D007554,Amanda Moyo,24,10,Code 10,Contract,Limpopo,3.97
D007555,Themba Mkhize,24,4,Code 10,Contract,Northern Cape,3.32
D007556,Lwazi Pillay,54,11,Code 10,Owner Driver,Limpopo,3.41
D007557,Nandi Moyo,26,20,Code 10,Contract,Eastern Cape,3.48
D007558,Mpho Khumalo,37,24,Code 8,Permanent,KwaZulu-Natal,3.23
D007559,Tshepo Mokoena,41,6,Code 8,Contract,Western Cape,4.3
D007560,Themba Khumalo,25,6,Code 14,Permanent,Eastern Cape,3.4
D007561,Lindelwa Mabena,43,29,Code 10,Permanent,Northern Cape,4.25
D007562,Mpho Van Wyk,26,20,Code 10,Owner Driver,Eastern Cape,4.89
D007563,Lwazi Mahlangu,50,23,Code 10,Contract,Northern Cape,4.47
D007564,Amanda Sithole,63,18,Code 10,Permanent,Eastern Cape,4.72
D007565,Thabo Pillay,44,18,Code 14,Permanent,Northern Cape,3.98
D007566,Nokuthula Khumalo,50,34,Code 10,Permanent,Mpumalanga,3.8
D007567,Lerato Ndlovu,30,2,Code 8,Contract,Limpopo,4.53
D007568,Busisiwe Mokoena,57,11,Code 10,Permanent,Mpumalanga,4.58
D007569,Kabelo Cele,36,9,Code 14,Owner Driver,KwaZulu-Natal,4.79
D007570,Siyabonga Williams,53,19,Code 8,Contract,North West,4.57
D007571,Mandla Moyo,39,5,Code 8,Permanent,Limpopo,4.4
D007572,Dumisani Cele,25,29,Code 8,Owner Driver,Northern Cape,3.69
D007573,Precious Mahlangu,36,11,Code 8,Contract,Gauteng,4.36
D007574,Ayanda Mokoena,46,2,Code 14,Permanent,Gauteng,3.86
D007575,Phumzile Modise,25,7,Code 8,Permanent,Gauteng,3.85
D007576,Nokuthula Ndlovu,55,20,Code 10,Contract,Gauteng,4.21
D007577,Nomsa Pillay,49,22,Code 8,Contract,Limpopo,3.18
D007578,Lerato Jacobs,25,29,Code 8,Permanent,KwaZulu-Natal,4.26
D007579,Lindelwa Mthembu,32,1,Code 8,Permanent,North West,4.22
D007580,Lindelwa Maseko,28,21,Code 14,Contract,Eastern Cape,2.93
D007581,Kagiso Cele,65,20,Code 8,Contract,Mpumalanga,4.29
D007582,Siyabonga Naidoo,43,23,Code 8,Contract,Limpopo,3.31
D007583,Mpho Mokoena,42,17,Code 8,Contract,KwaZulu-Natal,4.34
D007584,Sipho Moyo,62,34,Code 14,Permanent,Mpumalanga,3.51
D007585,Tshepo Mahlangu,62,22,Code 14,Permanent,Gauteng,3.96
D007586,Lindelwa Mthembu,61,5,Code 14,Permanent,Limpopo,3.15
D007587,Kagiso Sithole,61,12,Code 14,Permanent,KwaZulu-Natal,3.52
D007588,Sibusiso Ndlovu,49,15,Code 8,Permanent,Limpopo,5.0
D007589,Zanele Ndlovu,44,16,Code 10,Contract,KwaZulu-Natal,3.79
D007590,Nokuthula Mahlangu,30,21,Code 10,Permanent,North West,3.19
D007591,Bongani Modise,34,9,Code 8,Permanent,KwaZulu-Natal,3.18
D007592,Nokuthula Maseko,35,2,Code 8,Permanent,Eastern Cape,4.09
D007593,Sibusiso Mahlangu,55,29,Code 10,Permanent,KwaZulu-Natal,3.88
D007594,Lwazi Mkhize,25,10,Code 10,Permanent,Gauteng,4.44
D007595,Busisiwe Molefe,60,8,Code 14,Contract,Eastern Cape,5.0
D007596,Amanda Molefe,64,28,Code 14,Contract,Limpopo,3.99
D007597,Sibusiso Nkosi,44,19,Code 8,Permanent,Northern Cape,3.85
D007598,Amanda Moyo,65,14,Code 14,Owner Driver,Mpumalanga,3.68
D007599,Dumisani Mahlangu,46,2,Code 10,Contract,Gauteng,3.84
D007600,Themba Maseko,58,26,Code 8,Owner Driver,Northern Cape,3.44
D007601,Ayanda Moyo,35,28,Code 8,Contract,Free State,3.83
D007602,Mandla Mkhize,33,4,Code 10,Contract,Western Cape,4.09
D007603,Nomsa Williams,39,20,Code 14,Owner Driver,Western Cape,4.03
D007604,Bongani Pillay,25,15,Code 8,Permanent,Northern Cape,4.07
D007605,Mandla Zulu,30,32,Code 10,Permanent,Gauteng,3.22
D007606,Thabo Zulu,43,5,Code 8,Owner Driver,Mpumalanga,3.89
D007607,Themba Dlamini,62,34,Code 8,Permanent,Limpopo,4.23
D007608,Dumisani Mthembu,56,27,Code 10,Permanent,Western Cape,3.94
D007609,Kabelo Sithole,29,10,Code 10,Permanent,Western Cape,3.14
D007610,Kabelo Mokoena,44,32,Code 10,Permanent,Mpumalanga,4.86
D007611,Nomsa Zulu,40,29,Code 10,Permanent,Limpopo,4.06
D007612,Lerato Modise,53,5,Code 14,Permanent,KwaZulu-Natal,3.48
D007613,Nandi Mthembu,59,5,Code 14,Owner Driver,KwaZulu-Natal,3.17
D007614,Sipho Botha,59,34,Code 8,Contract,Limpopo,3.97
D007615,Themba Mthembu,52,17,Code 8,Contract,Free State,3.23
D007616,Sibusiso Pillay,57,14,Code 10,Permanent,Limpopo,3.92
D007617,Nokuthula Ngcobo,52,22,Code 8,Permanent,Gauteng,3.48
D007618,Busisiwe Adams,48,7,Code 14,Permanent,Gauteng,4.2
D007619,Siyabonga Sithole,27,34,Code 10,Owner Driver,Mpumalanga,4.2
D007620,Ayanda Naidoo,52,1,Code 10,Owner Driver,Free State,4.8
D007621,Kagiso Dlamini,33,24,Code 14,Contract,Eastern Cape,4.08
D007622,Kagiso Dlamini,43,7,Code 8,Contract,Limpopo,4.04
D007623,Sipho Cele,27,6,Code 14,Owner Driver,Mpumalanga,3.8
D007624,Themba Moyo,59,8,Code 8,Contract,Gauteng,5.0
D007625,Lerato Williams,49,14,Code 8,Permanent,Gauteng,3.56
D007626,Nomsa Williams,65,3,Code 10,Permanent,North West,3.11
D007627,Thabo Jacobs,37,26,Code 8,Owner Driver,Eastern Cape,3.51
D007628,Busisiwe Williams,45,24,Code 14,Owner Driver,KwaZulu-Natal,4.23
D007629,Kabelo Pillay,53,7,Code 8,Permanent,Northern Cape,2.76
D007630,Sipho Mokoena,34,25,Code 8,Owner Driver,Free State,3.06
D007631,Sibusiso Cele,65,2,Code 10,Permanent,Gauteng,3.45
D007632,Sipho Van Wyk,57,30,Code 8,Permanent,Western Cape,4.36
D007633,Lindelwa Maseko,36,21,Code 14,Permanent,Eastern Cape,4.81
D007634,Lerato Khumalo,55,2,Code 8,Owner Driver,Free State,4.58
D007635,Sipho Botha,41,22,Code 8,Permanent,Eastern Cape,3.99
D007636,Lerato Sithole,45,4,Code 8,Contract,North West,4.01
D007637,Dumisani Ndlovu,23,33,Code 8,Permanent,Free State,3.06
D007638,Kagiso Molefe,43,15,Code 10,Permanent,Gauteng,3.87
D007639,Lwazi Mabena,32,31,Code 10,Permanent,Eastern Cape,4.31
D007640,Bongani Nkosi,49,34,Code 10,Permanent,Northern Cape,3.99
D007641,Amanda Maseko,49,19,Code 10,Contract,Gauteng,3.87
D007642,Mpho Adams,52,28,Code 8,Permanent,Free State,4.9
D007643,Phumzile Ndlovu,42,30,Code 14,Permanent,North West,3.33
D007644,Karabo Maseko,54,9,Code 14,Permanent,Northern Cape,4.56
D007645,Amanda Dlamini,23,34,Code 10,Permanent,Eastern Cape,4.09
D007646,Precious Pillay,44,18,Code 8,Permanent,KwaZulu-Natal,3.88
D007647,Lwazi Ndlovu,42,34,Code 8,Permanent,Eastern Cape,4.44
D007648,Bongani Sithole,38,10,Code 10,Contract,Gauteng,3.82
D007649,Tshepo Khumalo,51,23,Code 10,Contract,North West,3.6
D007650,Phumzile Cele,42,12,Code 10,Permanent,Free State,3.61
D007651,Ayanda Van Wyk,65,23,Code 14,Permanent,Eastern Cape,4.81
D007652,Lwazi Moyo,52,3,Code 14,Contract,Gauteng,3.23
D007653,Ayanda Maseko,31,23,Code 14,Owner Driver,Free State,3.69
D007654,Nandi Mthembu,28,25,Code 8,Owner Driver,KwaZulu-Natal,3.55
D007655,Ayanda Mokoena,28,12,Code 8,Permanent,Eastern Cape,4.24
D007656,Lwazi Mokoena,34,30,Code 10,Contract,Northern Cape,4.52
D007657,Zanele Sithole,55,16,Code 14,Permanent,Western Cape,3.71
D007658,Busisiwe Zulu,39,14,Code 8,Contract,Northern Cape,4.19
D007659,Bongani Williams,52,29,Code 10,Permanent,Gauteng,3.4
D007660,Bongani Cele,43,22,Code 14,Contract,North West,4.77
D007661,Themba Naidoo,64,17,Code 10,Permanent,Limpopo,3.67
D007662,Karabo Molefe,64,20,Code 8,Owner Driver,North West,4.88
D007663,Mandla Ndlovu,55,1,Code 8,Permanent,Limpopo,4.13
D007664,Phumzile Adams,43,5,Code 8,Contract,Northern Cape,4.27
D007665,Zanele Pillay,40,6,Code 10,Permanent,Western Cape,5.0
D007666,Themba Sithole,26,34,Code 8,Contract,Eastern Cape,3.58
D007667,Tshepo Mahlangu,42,23,Code 14,Permanent,Northern Cape,4.49
D007668,Lerato Nkosi,43,7,Code 10,Permanent,KwaZulu-Natal,4.41
D007669,Precious Moyo,27,23,Code 10,Permanent,Western Cape,5.0
D007670,Amanda Mabena,58,24,Code 8,Permanent,Gauteng,5.0
D007671,Themba Modise,59,14,Code 8,Permanent,Mpumalanga,4.0
D007672,Lwazi Modise,25,6,Code 8,Permanent,Eastern Cape,3.19
D007673,Dumisani Khumalo,60,2,Code 10,Permanent,Free State,3.59
D007674,Mandla Sithole,62,1,Code 10,Contract,North West,3.7
D007675,Karabo Sithole,47,19,Code 10,Contract,North West,3.48
D007676,Siyabonga Sithole,45,23,Code 10,Permanent,Limpopo,4.1
D007677,Lwazi Maseko,26,33,Code 10,Contract,Western Cape,3.71
D007678,Dumisani Khumalo,49,21,Code 10,Owner Driver,Eastern Cape,4.0
D007679,Kabelo Mthembu,44,32,Code 8,Owner Driver,North West,3.13
D007680,Lerato Cele,65,31,Code 14,Owner Driver,Eastern Cape,2.85
D007681,Tshepo Khumalo,34,15,Code 8,Owner Driver,Western Cape,3.97
D007682,Nomsa Pillay,29,29,Code 10,Permanent,Free State,3.82
D007683,Bongani Molefe,31,30,Code 8,Permanent,Mpumalanga,4.46
D007684,Lindelwa Mkhize,63,12,Code 10,Contract,Mpumalanga,5.0
D007685,Nomsa Molefe,64,3,Code 14,Permanent,Free State,4.09
D007686,Lerato Nkosi,51,2,Code 10,Contract,KwaZulu-Natal,3.69
D007687,Siyabonga Mahlangu,48,18,Code 10,Permanent,Western Cape,3.8
D007688,Zanele Jacobs,46,27,Code 10,Contract,Gauteng,4.89
D007689,Sipho Williams,64,30,Code 8,Contract,Western Cape,4.22
D007690,Lindelwa Mabena,58,28,Code 10,Permanent,Western Cape,4.07
D007691,Bongani Jacobs,46,30,Code 8,Permanent,Mpumalanga,4.3
D007692,Kagiso Zulu,52,1,Code 8,Permanent,Northern Cape,3.16
D007693,Mpho Sithole,64,9,Code 8,Permanent,Northern Cape,3.5
D007694,Nandi Naidoo,34,18,Code 10,Owner Driver,Western Cape,4.13
D007695,Themba Moyo,23,29,Code 8,Permanent,Gauteng,5.0
D007696,Kabelo Maseko,30,12,Code 8,Permanent,Limpopo,3.91
D007697,Ayanda Ngcobo,60,21,Code 8,Permanent,North West,3.79
D007698,Lerato Moyo,55,11,Code 10,Permanent,North West,4.47
D007699,Nandi Maseko,31,27,Code 10,Contract,Free State,4.23
D007700,Precious Dlamini,46,33,Code 8,Permanent,Mpumalanga,2.9
D007701,Tshepo Modise,63,20,Code 8,Permanent,Gauteng,4.84
D007702,Ayanda Ngcobo,24,25,Code 8,Contract,North West,3.77
D007703,Karabo Williams,63,9,Code 10,Permanent,Northern Cape,3.24
D007704,Bongani Pillay,51,25,Code 8,Permanent,Gauteng,4.33
D007705,Nokuthula Mabena,43,33,Code 10,Owner Driver,Gauteng,4.2
D007706,Mpho Mahlangu,55,1,Code 10,Permanent,Western Cape,3.47
D007707,Ayanda Nkosi,23,20,Code 8,Owner Driver,North West,3.4
D007708,Kabelo Mokoena,48,17,Code 10,Contract,Mpumalanga,3.77
D007709,Nokuthula Modise,56,8,Code 10,Owner Driver,KwaZulu-Natal,3.7
D007710,Lerato Mthembu,24,1,Code 8,Permanent,Free State,3.82
D007711,Kagiso Jacobs,38,27,Code 10,Permanent,KwaZulu-Natal,4.09
D007712,Lindelwa Khumalo,65,26,Code 8,Owner Driver,Western Cape,4.72
D007713,Ayanda Khumalo,52,30,Code 8,Owner Driver,Gauteng,2.84
D007714,Nandi Mabena,31,17,Code 10,Contract,Western Cape,3.21
D007715,Sibusiso Van Wyk,52,10,Code 8,Permanent,North West,4.39
D007716,Precious Williams,48,14,Code 10,Permanent,Western Cape,4.79
D007717,Tshepo Molefe,50,23,Code 14,Permanent,North West,4.03
D007718,Phumzile Molefe,32,31,Code 10,Owner Driver,Northern Cape,4.07
D007719,Karabo Mkhize,40,30,Code 10,Contract,Western Cape,2.78
D007720,Kagiso Dlamini,56,26,Code 8,Contract,Eastern Cape,4.69
D007721,Mpho Modise,65,18,Code 14,Owner Driver,Free State,2.95
D007722,Kabelo Cele,56,6,Code 8,Contract,Free State,4.13
D007723,Nomsa Moyo,40,24,Code 8,Contract,Limpopo,4.18
D007724,Zanele Molefe,42,27,Code 10,Permanent,KwaZulu-Natal,3.13
D007725,Lwazi Mahlangu,26,7,Code 10,Permanent,North West,3.65
D007726,Thabo Sithole,37,34,Code 10,Permanent,Eastern Cape,4.05
D007727,Karabo Mahlangu,52,6,Code 8,Owner Driver,Eastern Cape,4.3
D007728,Nomsa Jacobs,32,29,Code 10,Permanent,Northern Cape,3.63
D007729,Karabo Jacobs,56,12,Code 14,Permanent,Gauteng,3.66
D007730,Mandla Mahlangu,53,17,Code 8,Permanent,KwaZulu-Natal,4.44
D007731,Themba Nkosi,62,24,Code 14,Contract,Free State,5.0
D007732,Karabo Williams,35,15,Code 10,Owner Driver,North West,3.87
D007733,Dumisani Molefe,37,28,Code 10,Owner Driver,KwaZulu-Natal,3.95
D007734,Sibusiso Nkosi,53,12,Code 8,Permanent,Limpopo,4.37
D007735,Amanda Mahlangu,31,34,Code 14,Contract,Northern Cape,4.13
D007736,Sibusiso Ndlovu,44,23,Code 10,Owner Driver,Western Cape,4.21
D007737,Zanele Mthembu,27,18,Code 14,Contract,Limpopo,4.09
D007738,Busisiwe Mthembu,53,32,Code 8,Permanent,KwaZulu-Natal,4.06
D007739,Karabo Mahlangu,35,31,Code 10,Owner Driver,Gauteng,3.66
D007740,Sibusiso Mahlangu,33,6,Code 10,Permanent,Limpopo,4.2
D007741,Bongani Sithole,34,9,Code 8,Contract,KwaZulu-Natal,3.57
D007742,Dumisani Ngcobo,41,21,Code 8,Owner Driver,Mpumalanga,4.23
D007743,Zanele Van Wyk,55,17,Code 10,Contract,Western Cape,4.05
D007744,Lerato Ndlovu,64,22,Code 10,Permanent,Eastern Cape,3.97
D007745,Zanele Zulu,57,9,Code 8,Permanent,Eastern Cape,3.9
D007746,Lerato Ngcobo,49,30,Code 14,Permanent,North West,3.6
D007747,Dumisani Modise,32,22,Code 8,Contract,KwaZulu-Natal,4.02
D007748,Mandla Botha,60,26,Code 8,Contract,Free State,4.02
D007749,Nokuthula Mthembu,31,27,Code 10,Owner Driver,Northern Cape,3.66
D007750,Siyabonga Adams,52,32,Code 10,Permanent,Eastern Cape,3.29
D007751,Lerato Nkosi,26,14,Code 10,Owner Driver,Western Cape,3.68
D007752,Tshepo Mabena,36,27,Code 10,Owner Driver,Gauteng,4.03
D007753,Kabelo Mahlangu,59,14,Code 10,Owner Driver,Western Cape,3.18
D007754,Themba Cele,36,1,Code 8,Contract,Eastern Cape,3.13
D007755,Nokuthula Mkhize,59,17,Code 10,Permanent,Northern Cape,4.64
D007756,Zanele Modise,55,32,Code 8,Owner Driver,Western Cape,4.38
D007757,Kagiso Pillay,48,2,Code 14,Permanent,Free State,4.95
D007758,Ayanda Mkhize,32,16,Code 10,Contract,Mpumalanga,3.37
D007759,Kagiso Ngcobo,45,16,Code 14,Permanent,Gauteng,4.56
D007760,Nomsa Khumalo,37,3,Code 8,Permanent,Free State,4.1
D007761,Dumisani Jacobs,32,28,Code 14,Permanent,Free State,3.91
D007762,Sipho Pillay,27,12,Code 10,Permanent,Northern Cape,4.28
D007763,Lindelwa Pillay,44,33,Code 14,Permanent,Limpopo,5.0
D007764,Mpho Mabena,46,32,Code 14,Contract,Northern Cape,3.51
D007765,Bongani Moyo,58,11,Code 10,Permanent,Western Cape,4.63
D007766,Precious Mokoena,59,34,Code 10,Contract,Free State,3.86
D007767,Dumisani Moyo,25,28,Code 10,Contract,KwaZulu-Natal,4.58
D007768,Karabo Ndlovu,52,30,Code 8,Permanent,Gauteng,3.01
D007769,Dumisani Sithole,46,30,Code 14,Permanent,Eastern Cape,3.96
D007770,Sipho Ngcobo,34,19,Code 14,Owner Driver,Mpumalanga,4.01
D007771,Dumisani Molefe,23,19,Code 10,Contract,Eastern Cape,3.87
D007772,Tshepo Ndlovu,46,34,Code 8,Contract,KwaZulu-Natal,4.62
D007773,Amanda Naidoo,24,17,Code 14,Permanent,North West,3.95
D007774,Sipho Van Wyk,54,14,Code 8,Permanent,Gauteng,3.39
D007775,Sibusiso Mabena,46,30,Code 10,Permanent,North West,3.37
D007776,Kagiso Pillay,44,9,Code 8,Owner Driver,Limpopo,4.14
D007777,Phumzile Khumalo,47,7,Code 10,Permanent,Northern Cape,4.05
D007778,Lerato Pillay,23,6,Code 8,Permanent,Northern Cape,4.72
D007779,Kagiso Naidoo,53,16,Code 14,Contract,Northern Cape,4.5
D007780,Lindelwa Molefe,35,3,Code 10,Contract,North West,4.23
D007781,Nomsa Dlamini,48,24,Code 10,Permanent,Northern Cape,3.89
D007782,Nomsa Mabena,49,26,Code 10,Permanent,Free State,4.15
D007783,Themba Botha,47,3,Code 10,Owner Driver,Gauteng,3.8
D007784,Lerato Jacobs,50,8,Code 10,Owner Driver,Limpopo,3.89
D007785,Ayanda Botha,37,24,Code 14,Permanent,Gauteng,3.37
D007786,Lindelwa Khumalo,25,33,Code 10,Permanent,Limpopo,4.18
D007787,Nomsa Modise,53,31,Code 8,Permanent,North West,5.0
D007788,Kabelo Williams,48,29,Code 8,Permanent,Limpopo,4.1
D007789,Lerato Molefe,51,27,Code 8,Owner Driver,Mpumalanga,4.31
D007790,Zanele Molefe,25,29,Code 14,Permanent,Free State,3.12
D007791,Karabo Ndlovu,51,17,Code 14,Permanent,Northern Cape,3.89
D007792,Dumisani Naidoo,45,32,Code 10,Permanent,Eastern Cape,4.72
D007793,Nokuthula Mahlangu,64,33,Code 14,Permanent,Mpumalanga,4.1
D007794,Amanda Mabena,51,7,Code 8,Permanent,Mpumalanga,3.6
D007795,Thabo Botha,58,21,Code 10,Owner Driver,KwaZulu-Natal,4.49
D007796,Precious Mkhize,40,31,Code 14,Permanent,Gauteng,5.0
D007797,Busisiwe Van Wyk,53,6,Code 14,Contract,Limpopo,4.9
D007798,Phumzile Nkosi,32,12,Code 10,Permanent,KwaZulu-Natal,4.19
D007799,Mpho Adams,37,3,Code 10,Permanent,Free State,4.07
D007800,Lindelwa Nkosi,40,5,Code 8,Permanent,Gauteng,3.41
D007801,Nomsa Naidoo,48,16,Code 8,Contract,Eastern Cape,4.08
D007802,Karabo Nkosi,29,26,Code 10,Permanent,Northern Cape,4.43
D007803,Sibusiso Moyo,59,31,Code 8,Permanent,Eastern Cape,3.75
D007804,Amanda Jacobs,59,9,Code 10,Owner Driver,Limpopo,3.58
D007805,Themba Ndlovu,63,17,Code 10,Owner Driver,North West,4.22
D007806,Mpho Adams,33,21,Code 10,Permanent,Free State,4.27
D007807,Bongani Molefe,63,6,Code 10,Permanent,Free State,4.66
D007808,Nomsa Molefe,46,14,Code 14,Contract,Eastern Cape,4.23
D007809,Mpho Sithole,61,3,Code 10,Permanent,North West,4.61
D007810,Sibusiso Williams,63,26,Code 14,Permanent,Limpopo,4.4
D007811,Mandla Mkhize,44,34,Code 10,Contract,Northern Cape,3.83
D007812,Precious Cele,42,3,Code 10,Owner Driver,Free State,3.97
D007813,Amanda Molefe,35,27,Code 10,Contract,Free State,3.92
D007814,Bongani Van Wyk,64,31,Code 8,Permanent,KwaZulu-Natal,3.33
D007815,Siyabonga Zulu,28,31,Code 10,Permanent,Western Cape,3.74
D007816,Lindelwa Botha,45,23,Code 10,Permanent,Free State,3.5
D007817,Kagiso Williams,41,7,Code 10,Permanent,Western Cape,4.37
D007818,Sipho Van Wyk,49,26,Code 10,Permanent,North West,3.8
D007819,Lwazi Cele,29,1,Code 10,Permanent,Free State,4.41
D007820,Ayanda Mthembu,23,23,Code 8,Owner Driver,Free State,3.09
D007821,Ayanda Naidoo,65,29,Code 10,Contract,Western Cape,3.59
D007822,Sipho Adams,50,3,Code 8,Contract,North West,3.02
D007823,Busisiwe Mahlangu,45,26,Code 8,Permanent,Gauteng,3.97
D007824,Kagiso Cele,62,6,Code 10,Permanent,Free State,3.65
D007825,Ayanda Moyo,53,4,Code 10,Contract,Eastern Cape,4.78
D007826,Nokuthula Ndlovu,47,2,Code 10,Permanent,Eastern Cape,4.22
D007827,Thabo Ngcobo,42,28,Code 8,Permanent,Limpopo,4.44
D007828,Mpho Naidoo,62,18,Code 10,Owner Driver,North West,4.49
D007829,Mandla Van Wyk,49,34,Code 10,Permanent,Eastern Cape,4.57
D007830,Amanda Van Wyk,31,26,Code 10,Contract,Eastern Cape,4.5
D007831,Mandla Ngcobo,59,26,Code 8,Permanent,North West,3.3
D007832,Kagiso Khumalo,60,22,Code 8,Owner Driver,KwaZulu-Natal,3.9
D007833,Themba Williams,27,9,Code 10,Owner Driver,Mpumalanga,3.87
D007834,Thabo Botha,30,24,Code 10,Permanent,KwaZulu-Natal,5.0
D007835,Amanda Mahlangu,50,1,Code 10,Contract,Mpumalanga,4.15
D007836,Amanda Nkosi,24,34,Code 10,Permanent,Free State,3.31
D007837,Ayanda Mabena,40,27,Code 10,Contract,Free State,4.02
D007838,Zanele Cele,60,20,Code 10,Permanent,Western Cape,4.34
D007839,Amanda Sithole,27,16,Code 8,Permanent,KwaZulu-Natal,3.94
D007840,Nokuthula Cele,63,23,Code 8,Permanent,Western Cape,4.54
D007841,Nomsa Mthembu,57,10,Code 10,Permanent,Mpumalanga,4.8
D007842,Themba Jacobs,29,21,Code 10,Permanent,Northern Cape,3.47
D007843,Ayanda Khumalo,59,3,Code 14,Permanent,Free State,5.0
D007844,Dumisani Van Wyk,25,13,Code 10,Permanent,Western Cape,3.47
D007845,Mandla Dlamini,43,28,Code 10,Contract,KwaZulu-Natal,3.58
D007846,Nokuthula Moyo,41,5,Code 8,Contract,North West,4.09
D007847,Thabo Adams,34,3,Code 14,Owner Driver,Gauteng,3.96
D007848,Siyabonga Van Wyk,40,10,Code 8,Permanent,North West,4.66
D007849,Bongani Jacobs,28,33,Code 8,Contract,Free State,4.57
D007850,Siyabonga Khumalo,44,31,Code 10,Permanent,Mpumalanga,4.46
D007851,Nandi Naidoo,64,32,Code 14,Permanent,Western Cape,4.25
D007852,Sipho Maseko,40,14,Code 10,Permanent,KwaZulu-Natal,3.84
D007853,Bongani Sithole,55,16,Code 10,Permanent,Limpopo,3.31
D007854,Mandla Ngcobo,39,9,Code 10,Permanent,Free State,4.83
D007855,Mpho Mkhize,53,9,Code 10,Contract,Limpopo,5.0
D007856,Ayanda Zulu,61,32,Code 10,Permanent,Mpumalanga,3.52
D007857,Bongani Ngcobo,47,32,Code 8,Permanent,Mpumalanga,4.32
D007858,Precious Pillay,51,28,Code 8,Contract,North West,3.75
D007859,Precious Pillay,55,27,Code 8,Permanent,Gauteng,4.27
D007860,Sipho Mkhize,59,27,Code 14,Owner Driver,Gauteng,3.82
D007861,Nandi Khumalo,59,34,Code 8,Contract,Gauteng,3.73
D007862,Phumzile Adams,35,5,Code 14,Permanent,Mpumalanga,4.54
D007863,Precious Adams,24,34,Code 10,Owner Driver,KwaZulu-Natal,4.43
D007864,Lwazi Zulu,64,4,Code 10,Contract,Limpopo,4.66
D007865,Phumzile Sithole,47,32,Code 10,Permanent,Northern Cape,4.12
D007866,Sibusiso Dlamini,48,23,Code 10,Owner Driver,Free State,3.62
D007867,Dumisani Naidoo,30,6,Code 14,Permanent,North West,3.46
D007868,Nomsa Cele,52,6,Code 8,Owner Driver,Free State,4.9
D007869,Dumisani Williams,39,20,Code 14,Permanent,KwaZulu-Natal,3.53
D007870,Themba Dlamini,57,21,Code 14,Owner Driver,Mpumalanga,3.91
D007871,Kabelo Mokoena,62,22,Code 14,Permanent,North West,4.21
D007872,Amanda Nkosi,62,8,Code 14,Permanent,Mpumalanga,3.9
D007873,Siyabonga Botha,64,22,Code 10,Permanent,KwaZulu-Natal,4.29
D007874,Nomsa Cele,24,33,Code 8,Permanent,Mpumalanga,3.59
D007875,Precious Mthembu,54,23,Code 8,Permanent,Northern Cape,3.89
D007876,Phumzile Dlamini,62,26,Code 10,Contract,Gauteng,4.04
D007877,Siyabonga Cele,26,4,Code 10,Permanent,Limpopo,4.03
D007878,Kabelo Zulu,35,20,Code 8,Permanent,Eastern Cape,3.47
D007879,Kabelo Mthembu,54,12,Code 10,Owner Driver,Eastern Cape,3.42
D007880,Mandla Ngcobo,51,30,Code 14,Owner Driver,North West,3.82
D007881,Kagiso Sithole,26,23,Code 8,Contract,Eastern Cape,4.34
D007882,Zanele Maseko,41,6,Code 10,Permanent,North West,4.28
D007883,Bongani Modise,64,32,Code 8,Contract,Northern Cape,4.99
D007884,Lwazi Ngcobo,61,14,Code 8,Permanent,Limpopo,3.49
D007885,Nandi Pillay,60,12,Code 8,Contract,North West,5.0
D007886,Karabo Mahlangu,32,7,Code 8,Permanent,Northern Cape,3.41
D007887,Dumisani Maseko,43,28,Code 8,Owner Driver,Northern Cape,3.34
D007888,Bongani Williams,51,12,Code 10,Contract,Free State,3.49
D007889,Siyabonga Van Wyk,42,20,Code 8,Owner Driver,Northern Cape,3.08
D007890,Kagiso Mkhize,49,13,Code 10,Contract,Northern Cape,3.91
D007891,Nokuthula Sithole,25,28,Code 8,Permanent,Eastern Cape,4.3
D007892,Dumisani Dlamini,30,22,Code 10,Permanent,Limpopo,4.01
D007893,Sibusiso Adams,65,22,Code 10,Permanent,Limpopo,3.62
D007894,Lwazi Adams,38,22,Code 14,Contract,Western Cape,3.73
D007895,Kagiso Mthembu,23,31,Code 8,Permanent,Free State,4.64
D007896,Mpho Mkhize,23,9,Code 14,Owner Driver,Limpopo,3.82
D007897,Nandi Mkhize,65,27,Code 14,Permanent,Gauteng,4.39
D007898,Amanda Williams,29,13,Code 10,Permanent,Gauteng,5.0
D007899,Kagiso Mabena,62,3,Code 8,Permanent,Western Cape,3.59
D007900,Dumisani Mokoena,49,28,Code 10,Contract,Northern Cape,4.25
D007901,Phumzile Mabena,56,16,Code 10,Owner Driver,Free State,3.53
D007902,Bongani Nkosi,34,33,Code 10,Owner Driver,KwaZulu-Natal,4.07
D007903,Busisiwe Khumalo,50,28,Code 10,Permanent,Gauteng,4.7
D007904,Nandi Ngcobo,54,24,Code 8,Permanent,Western Cape,3.6
D007905,Kagiso Botha,46,8,Code 10,Permanent,Northern Cape,3.82
D007906,Zanele Maseko,31,30,Code 10,Permanent,Free State,4.59
D007907,Siyabonga Maseko,57,6,Code 10,Permanent,North West,4.77
D007908,Zanele Mkhize,48,4,Code 8,Permanent,Limpopo,4.77
D007909,Nomsa Pillay,34,32,Code 10,Permanent,Mpumalanga,2.63
D007910,Thabo Mokoena,64,13,Code 10,Owner Driver,Limpopo,3.47
D007911,Mpho Cele,49,10,Code 10,Contract,Eastern Cape,4.4
D007912,Bongani Cele,51,20,Code 8,Permanent,Gauteng,3.4
D007913,Mandla Zulu,64,5,Code 10,Permanent,Eastern Cape,4.21
D007914,Precious Mkhize,43,29,Code 10,Permanent,North West,3.84
D007915,Phumzile Mahlangu,61,28,Code 14,Owner Driver,Limpopo,4.59
D007916,Kagiso Adams,28,30,Code 8,Owner Driver,North West,3.9
D007917,Bongani Adams,59,6,Code 10,Permanent,Northern Cape,2.82
D007918,Amanda Maseko,38,17,Code 14,Contract,Eastern Cape,3.87
D007919,Phumzile Jacobs,38,8,Code 8,Permanent,Western Cape,3.71
D007920,Karabo Mkhize,48,7,Code 10,Owner Driver,Limpopo,3.73
D007921,Lindelwa Jacobs,39,6,Code 10,Contract,Mpumalanga,4.72
D007922,Bongani Khumalo,36,27,Code 8,Owner Driver,Free State,4.12
D007923,Lwazi Mokoena,31,17,Code 8,Permanent,North West,3.96
D007924,Kagiso Nkosi,55,25,Code 8,Permanent,Limpopo,4.04
D007925,Dumisani Maseko,42,13,Code 10,Permanent,Eastern Cape,4.04
D007926,Sipho Moyo,45,19,Code 8,Permanent,Eastern Cape,4.55
D007927,Dumisani Moyo,41,2,Code 8,Owner Driver,Eastern Cape,4.64
D007928,Dumisani Mabena,50,21,Code 14,Permanent,Mpumalanga,4.11
D007929,Zanele Williams,42,22,Code 10,Contract,Western Cape,5.0
D007930,Lindelwa Dlamini,45,27,Code 14,Contract,Northern Cape,4.27
D007931,Bongani Mthembu,61,25,Code 10,Contract,North West,3.81
D007932,Zanele Maseko,28,14,Code 10,Contract,Northern Cape,3.82
D007933,Nandi Molefe,32,22,Code 8,Owner Driver,Gauteng,3.77
D007934,Mandla Ngcobo,30,10,Code 8,Contract,KwaZulu-Natal,3.41
D007935,Thabo Naidoo,65,24,Code 10,Permanent,KwaZulu-Natal,4.68
D007936,Ayanda Botha,31,6,Code 8,Owner Driver,Eastern Cape,3.67
D007937,Karabo Ngcobo,42,6,Code 10,Permanent,Limpopo,4.66
D007938,Phumzile Mkhize,45,8,Code 14,Contract,North West,4.05
D007939,Kagiso Botha,38,16,Code 10,Permanent,Northern Cape,3.06
D007940,Nandi Sithole,49,23,Code 14,Permanent,Free State,3.98
D007941,Lerato Jacobs,46,22,Code 10,Owner Driver,Northern Cape,4.98
D007942,Kagiso Sithole,60,8,Code 8,Permanent,North West,2.45
D007943,Bongani Moyo,38,22,Code 10,Contract,Free State,4.18
D007944,Tshepo Mokoena,47,6,Code 10,Owner Driver,Gauteng,3.47
D007945,Precious Ndlovu,33,3,Code 8,Contract,Limpopo,3.49
D007946,Nokuthula Jacobs,44,11,Code 10,Contract,Free State,5.0
D007947,Busisiwe Moyo,44,23,Code 14,Owner Driver,Mpumalanga,4.61
D007948,Themba Van Wyk,33,16,Code 14,Owner Driver,Limpopo,4.33
D007949,Nokuthula Zulu,27,2,Code 10,Owner Driver,KwaZulu-Natal,3.66
D007950,Siyabonga Mokoena,32,16,Code 8,Owner Driver,Limpopo,5.0
D007951,Kagiso Van Wyk,23,31,Code 14,Permanent,North West,4.01
D007952,Lindelwa Molefe,53,10,Code 14,Permanent,KwaZulu-Natal,3.9
D007953,Phumzile Dlamini,47,22,Code 10,Owner Driver,Limpopo,3.71
D007954,Tshepo Adams,54,18,Code 14,Permanent,Limpopo,4.04
D007955,Karabo Mahlangu,36,24,Code 8,Permanent,North West,5.0
D007956,Kagiso Botha,60,4,Code 10,Permanent,Eastern Cape,3.51
D007957,Themba Williams,45,26,Code 10,Permanent,Eastern Cape,3.24
D007958,Nomsa Cele,58,32,Code 8,Contract,Eastern Cape,4.5
D007959,Kabelo Cele,27,17,Code 14,Permanent,Northern Cape,3.22
D007960,Precious Williams,64,34,Code 10,Contract,North West,4.4
D007961,Phumzile Mahlangu,58,28,Code 14,Permanent,Eastern Cape,4.06
D007962,Karabo Molefe,60,32,Code 10,Permanent,KwaZulu-Natal,4.59
D007963,Busisiwe Zulu,41,24,Code 8,Permanent,Western Cape,3.1
D007964,Ayanda Botha,25,3,Code 14,Contract,Limpopo,4.31
D007965,Thabo Moyo,44,19,Code 8,Permanent,Mpumalanga,3.42
D007966,Nandi Modise,45,9,Code 8,Permanent,Mpumalanga,3.77
D007967,Mpho Dlamini,49,26,Code 10,Contract,Limpopo,3.83
D007968,Precious Maseko,47,24,Code 14,Contract,Northern Cape,3.66
D007969,Karabo Van Wyk,45,9,Code 10,Permanent,KwaZulu-Natal,3.87
D007970,Kagiso Modise,25,19,Code 8,Permanent,Eastern Cape,4.06
D007971,Siyabonga Zulu,44,31,Code 14,Owner Driver,Gauteng,3.95
D007972,Lerato Mthembu,56,17,Code 8,Contract,KwaZulu-Natal,4.37
D007973,Mpho Williams,64,8,Code 10,Permanent,Northern Cape,3.2
D007974,Siyabonga Mabena,61,8,Code 10,Permanent,Northern Cape,3.72
D007975,Nokuthula Cele,27,29,Code 8,Permanent,Northern Cape,3.54
D007976,Kabelo Modise,26,21,Code 10,Owner Driver,Eastern Cape,4.05
D007977,Mpho Ndlovu,59,3,Code 10,Permanent,North West,3.61
D007978,Nomsa Maseko,48,28,Code 10,Contract,Eastern Cape,4.27
D007979,Lerato Cele,29,21,Code 10,Permanent,Western Cape,4.2
D007980,Phumzile Botha,54,24,Code 10,Permanent,North West,3.72
D007981,Mandla Moyo,52,8,Code 10,Permanent,Limpopo,3.48
D007982,Nandi Dlamini,48,24,Code 10,Permanent,KwaZulu-Natal,3.81
D007983,Karabo Mthembu,31,25,Code 8,Permanent,Gauteng,3.99
D007984,Busisiwe Molefe,35,25,Code 10,Permanent,Free State,3.12
D007985,Ayanda Pillay,28,32,Code 14,Permanent,Free State,3.9
D007986,Siyabonga Moyo,34,30,Code 14,Permanent,KwaZulu-Natal,4.17
D007987,Nandi Sithole,33,24,Code 8,Contract,Eastern Cape,3.75
D007988,Zanele Mahlangu,32,32,Code 10,Permanent,North West,4.37
D007989,Nomsa Modise,35,2,Code 14,Owner Driver,Gauteng,4.57
D007990,Sibusiso Mokoena,47,14,Code 14,Permanent,Limpopo,4.33
D007991,Zanele Jacobs,31,6,Code 8,Permanent,North West,5.0
D007992,Bongani Mabena,38,3,Code 10,Permanent,Free State,4.1
D007993,Lerato Khumalo,32,27,Code 8,Permanent,Mpumalanga,4.27
D007994,Themba Moyo,49,7,Code 10,Owner Driver,Eastern Cape,4.21
D007995,Busisiwe Molefe,61,11,Code 14,Contract,Gauteng,4.08
D007996,Lindelwa Mahlangu,31,29,Code 14,Owner Driver,Free State,4.13
D007997,Themba Botha,47,3,Code 8,Permanent,Limpopo,3.77
D007998,Amanda Botha,53,6,Code 10,Contract,North West,3.56
D007999,Lwazi Modise,52,26,Code 8,Permanent,North West,3.76
D008000,Precious Molefe,40,28,Code 10,Permanent,KwaZulu-Natal,4.25
D008001,Lwazi Moyo,41,8,Code 14,Permanent,Western Cape,4.01
D008002,Precious Ndlovu,63,23,Code 10,Owner Driver,Northern Cape,4.44
D008003,Precious Dlamini,23,11,Code 10,Permanent,Eastern Cape,3.33
D008004,Nomsa Mahlangu,23,18,Code 14,Contract,Western Cape,3.19
D008005,Nomsa Mkhize,65,9,Code 10,Permanent,Gauteng,3.0
D008006,Lerato Botha,58,29,Code 10,Permanent,Free State,4.34
D008007,Thabo Molefe,65,15,Code 10,Permanent,Gauteng,4.36
D008008,Dumisani Moyo,57,23,Code 8,Owner Driver,Northern Cape,3.74
D008009,Zanele Khumalo,30,30,Code 8,Owner Driver,Gauteng,4.49
D008010,Ayanda Moyo,62,6,Code 8,Owner Driver,KwaZulu-Natal,4.24
D008011,Zanele Maseko,36,5,Code 14,Permanent,Mpumalanga,4.84
D008012,Amanda Modise,57,10,Code 10,Permanent,Eastern Cape,4.13
D008013,Nomsa Ngcobo,62,20,Code 8,Contract,Western Cape,3.56
D008014,Siyabonga Van Wyk,47,7,Code 8,Permanent,Eastern Cape,3.13
D008015,Thabo Molefe,63,12,Code 10,Owner Driver,Free State,4.06
D008016,Kagiso Botha,46,26,Code 10,Permanent,Western Cape,4.25
D008017,Precious Khumalo,38,18,Code 10,Contract,Limpopo,3.41
D008018,Nomsa Ndlovu,47,3,Code 10,Permanent,Mpumalanga,3.99
D008019,Mandla Williams,25,16,Code 10,Permanent,Free State,3.96
D008020,Siyabonga Moyo,45,29,Code 8,Permanent,Northern Cape,3.63
D008021,Precious Van Wyk,62,29,Code 10,Contract,Northern Cape,4.49
D008022,Kagiso Mkhize,62,29,Code 8,Owner Driver,Mpumalanga,4.35
D008023,Mpho Mthembu,33,26,Code 8,Owner Driver,Eastern Cape,3.93
D008024,Thabo Adams,58,33,Code 14,Owner Driver,North West,4.64
D008025,Thabo Mkhize,56,4,Code 10,Permanent,Free State,4.29
D008026,Amanda Williams,54,31,Code 8,Permanent,Eastern Cape,5.0
D008027,Ayanda Sithole,64,1,Code 10,Permanent,Eastern Cape,3.48
D008028,Busisiwe Zulu,42,10,Code 8,Contract,Free State,3.96
D008029,Lwazi Jacobs,51,4,Code 14,Owner Driver,KwaZulu-Natal,4.67
D008030,Ayanda Cele,50,17,Code 10,Permanent,KwaZulu-Natal,3.32
D008031,Phumzile Jacobs,50,20,Code 14,Permanent,Mpumalanga,4.13
D008032,Lwazi Van Wyk,52,24,Code 14,Permanent,Western Cape,3.53
D008033,Precious Moyo,51,32,Code 10,Contract,Western Cape,3.82
D008034,Kabelo Jacobs,56,28,Code 8,Permanent,Western Cape,3.73
D008035,Bongani Khumalo,38,11,Code 10,Permanent,Free State,4.3
D008036,Dumisani Nkosi,64,19,Code 8,Permanent,Eastern Cape,4.91
D008037,Dumisani Maseko,40,19,Code 10,Owner Driver,Free State,4.43
D008038,Sipho Moyo,39,3,Code 8,Permanent,Mpumalanga,4.55
D008039,Tshepo Mokoena,45,5,Code 10,Contract,Eastern Cape,3.93
D008040,Themba Williams,25,9,Code 10,Permanent,Northern Cape,5.0
D008041,Sipho Zulu,25,24,Code 14,Owner Driver,Eastern Cape,4.15
D008042,Dumisani Adams,44,24,Code 10,Contract,Eastern Cape,4.47
D008043,Mpho Zulu,26,6,Code 14,Permanent,Eastern Cape,4.75
D008044,Sibusiso Jacobs,53,20,Code 14,Owner Driver,Western Cape,4.93
D008045,Zanele Modise,53,2,Code 10,Owner Driver,Eastern Cape,3.81
D008046,Bongani Naidoo,44,23,Code 14,Permanent,Eastern Cape,3.36
D008047,Mpho Khumalo,33,8,Code 8,Permanent,Eastern Cape,4.32
D008048,Dumisani Moyo,42,23,Code 8,Contract,KwaZulu-Natal,3.24
D008049,Dumisani Mkhize,51,27,Code 8,Permanent,Eastern Cape,4.79
D008050,Kabelo Modise,45,10,Code 8,Owner Driver,Northern Cape,4.46
D008051,Precious Zulu,58,29,Code 10,Permanent,Limpopo,4.85
D008052,Mandla Sithole,55,21,Code 8,Permanent,Mpumalanga,4.65
D008053,Lwazi Moyo,26,33,Code 8,Contract,Gauteng,3.29
D008054,Karabo Dlamini,62,8,Code 8,Owner Driver,Eastern Cape,3.8
D008055,Zanele Botha,50,5,Code 10,Contract,Free State,4.08
D008056,Tshepo Dlamini,60,29,Code 10,Permanent,Free State,4.21
D008057,Busisiwe Jacobs,42,4,Code 10,Contract,Western Cape,4.21
D008058,Kagiso Modise,24,17,Code 10,Permanent,Gauteng,4.4
D008059,Mandla Ngcobo,35,9,Code 10,Owner Driver,Gauteng,4.6
D008060,Siyabonga Sithole,52,31,Code 10,Contract,Eastern Cape,4.39
D008061,Zanele Khumalo,24,22,Code 8,Owner Driver,Mpumalanga,4.92
D008062,Lindelwa Molefe,56,4,Code 10,Permanent,Western Cape,4.46
D008063,Lerato Mkhize,45,20,Code 14,Contract,Mpumalanga,3.67
D008064,Dumisani Ndlovu,42,1,Code 10,Permanent,Northern Cape,4.18
D008065,Sipho Botha,39,16,Code 8,Permanent,Limpopo,4.25
D008066,Siyabonga Adams,41,14,Code 10,Owner Driver,Northern Cape,3.39
D008067,Precious Naidoo,63,13,Code 10,Permanent,Northern Cape,4.03
D008068,Karabo Moyo,57,12,Code 10,Contract,Limpopo,3.43
D008069,Siyabonga Cele,51,30,Code 10,Owner Driver,Limpopo,3.4
D008070,Sibusiso Adams,58,31,Code 8,Permanent,Limpopo,4.42
D008071,Mpho Mokoena,44,24,Code 8,Permanent,Gauteng,3.31
D008072,Busisiwe Maseko,64,2,Code 10,Owner Driver,Mpumalanga,4.1
D008073,Ayanda Van Wyk,37,8,Code 10,Owner Driver,Limpopo,4.76
D008074,Tshepo Jacobs,46,11,Code 10,Contract,Free State,4.14
D008075,Nomsa Cele,25,28,Code 10,Contract,Northern Cape,3.74
D008076,Precious Sithole,34,1,Code 10,Permanent,Eastern Cape,4.41
D008077,Sibusiso Nkosi,31,17,Code 8,Permanent,North West,3.47
D008078,Karabo Mkhize,38,14,Code 10,Permanent,Eastern Cape,3.08
D008079,Tshepo Modise,48,1,Code 14,Permanent,Free State,4.24
D008080,Kagiso Khumalo,23,4,Code 14,Owner Driver,Limpopo,4.4
D008081,Sibusiso Sithole,26,30,Code 8,Permanent,Eastern Cape,4.08
D008082,Nomsa Naidoo,48,8,Code 14,Permanent,North West,3.94
D008083,Nokuthula Mkhize,32,31,Code 8,Contract,Gauteng,4.19
D008084,Nandi Mabena,47,18,Code 8,Permanent,Limpopo,4.63
D008085,Tshepo Mabena,60,3,Code 10,Owner Driver,Western Cape,4.76
D008086,Lwazi Nkosi,50,6,Code 10,Permanent,Mpumalanga,4.21
D008087,Nokuthula Mahlangu,44,26,Code 10,Contract,Northern Cape,4.07
D008088,Mpho Van Wyk,65,30,Code 10,Permanent,Mpumalanga,3.28
D008089,Busisiwe Ndlovu,32,17,Code 14,Contract,Western Cape,3.91
D008090,Kabelo Nkosi,59,5,Code 8,Contract,Western Cape,4.51
D008091,Kagiso Dlamini,65,24,Code 8,Contract,Eastern Cape,4.26
D008092,Phumzile Mahlangu,39,29,Code 10,Contract,KwaZulu-Natal,3.45
D008093,Lindelwa Mahlangu,53,23,Code 10,Permanent,North West,4.21
D008094,Tshepo Ngcobo,44,3,Code 14,Owner Driver,Eastern Cape,3.99
D008095,Busisiwe Zulu,27,19,Code 8,Permanent,Free State,5.0
D008096,Nokuthula Ngcobo,61,32,Code 8,Contract,KwaZulu-Natal,3.57
D008097,Themba Mkhize,42,28,Code 8,Contract,Limpopo,5.0
D008098,Phumzile Mabena,34,6,Code 8,Owner Driver,Gauteng,4.25
D008099,Kagiso Sithole,45,16,Code 10,Contract,North West,4.71
D008100,Lwazi Molefe,48,1,Code 14,Contract,North West,4.19
D008101,Sipho Ndlovu,35,19,Code 14,Permanent,Free State,4.19
D008102,Zanele Mahlangu,37,17,Code 10,Owner Driver,Eastern Cape,4.08
D008103,Siyabonga Khumalo,56,16,Code 8,Owner Driver,North West,4.86
D008104,Thabo Zulu,37,11,Code 14,Permanent,KwaZulu-Natal,4.92
D008105,Kagiso Ndlovu,24,32,Code 10,Permanent,Mpumalanga,4.89
D008106,Amanda Zulu,36,8,Code 8,Owner Driver,North West,4.24
D008107,Mpho Ngcobo,33,17,Code 10,Permanent,Western Cape,4.31
D008108,Mandla Mthembu,49,23,Code 8,Permanent,Western Cape,4.41
D008109,Mpho Modise,57,15,Code 8,Permanent,Northern Cape,5.0
D008110,Lwazi Naidoo,32,23,Code 10,Permanent,KwaZulu-Natal,3.51
D008111,Lwazi Molefe,53,13,Code 10,Permanent,Mpumalanga,4.65
D008112,Nokuthula Sithole,44,28,Code 10,Owner Driver,KwaZulu-Natal,4.07
D008113,Lwazi Ndlovu,52,34,Code 10,Contract,North West,4.77
D008114,Sipho Jacobs,56,11,Code 8,Contract,Northern Cape,4.23
D008115,Lwazi Pillay,36,20,Code 8,Contract,Gauteng,3.7
D008116,Themba Mahlangu,64,25,Code 10,Contract,Free State,4.24
D008117,Kabelo Mahlangu,45,15,Code 8,Owner Driver,Free State,4.72
D008118,Nokuthula Maseko,26,18,Code 10,Permanent,Northern Cape,4.64
D008119,Mpho Williams,42,32,Code 10,Permanent,Gauteng,2.82
D008120,Kagiso Ndlovu,27,17,Code 10,Permanent,North West,4.52
D008121,Ayanda Pillay,25,33,Code 8,Contract,Limpopo,3.3
D008122,Lindelwa Ndlovu,35,23,Code 8,Owner Driver,North West,4.26
D008123,Kagiso Mokoena,46,5,Code 8,Permanent,Western Cape,4.05
D008124,Sibusiso Mahlangu,26,20,Code 10,Contract,Western Cape,3.54
D008125,Dumisani Cele,38,21,Code 8,Permanent,Northern Cape,3.09
D008126,Mandla Williams,34,30,Code 8,Permanent,Gauteng,4.49
D008127,Lindelwa Dlamini,24,2,Code 8,Permanent,North West,3.76
D008128,Thabo Jacobs,60,2,Code 8,Contract,Free State,3.86
D008129,Nomsa Cele,43,4,Code 8,Contract,Limpopo,4.29
D008130,Themba Sithole,47,5,Code 8,Contract,Limpopo,3.8
D008131,Amanda Maseko,57,23,Code 14,Permanent,Free State,4.33
D008132,Zanele Jacobs,27,27,Code 8,Contract,KwaZulu-Natal,3.65
D008133,Lerato Pillay,28,1,Code 10,Contract,Free State,3.73
D008134,Themba Mkhize,23,20,Code 14,Permanent,Gauteng,5.0
D008135,Tshepo Botha,51,27,Code 8,Contract,Free State,4.91
D008136,Lerato Moyo,24,2,Code 10,Permanent,Mpumalanga,3.88
D008137,Nomsa Naidoo,53,28,Code 10,Permanent,Eastern Cape,4.66
D008138,Nokuthula Molefe,23,5,Code 8,Contract,North West,4.36
D008139,Karabo Botha,60,18,Code 8,Permanent,Western Cape,4.55
D008140,Phumzile Williams,42,25,Code 10,Contract,Northern Cape,4.1
D008141,Karabo Molefe,65,11,Code 14,Owner Driver,KwaZulu-Natal,4.14
D008142,Nandi Moyo,40,14,Code 10,Contract,North West,3.76
D008143,Nandi Modise,37,25,Code 10,Permanent,Mpumalanga,4.47
D008144,Nokuthula Cele,31,22,Code 8,Owner Driver,Gauteng,4.72
D008145,Ayanda Mahlangu,52,19,Code 10,Contract,Eastern Cape,3.75
D008146,Sibusiso Williams,65,7,Code 10,Permanent,Free State,3.87
D008147,Sibusiso Modise,24,12,Code 10,Owner Driver,KwaZulu-Natal,4.02
D008148,Dumisani Naidoo,42,31,Code 10,Owner Driver,North West,3.88
D008149,Kabelo Williams,43,26,Code 8,Contract,North West,3.74
D008150,Lerato Mkhize,54,5,Code 10,Contract,Free State,3.57
D008151,Themba Ndlovu,56,2,Code 10,Permanent,North West,4.76
D008152,Ayanda Van Wyk,37,11,Code 14,Contract,Mpumalanga,4.73
D008153,Sibusiso Modise,53,1,Code 10,Owner Driver,KwaZulu-Natal,4.48
D008154,Sipho Van Wyk,44,6,Code 8,Permanent,KwaZulu-Natal,3.69
D008155,Tshepo Ndlovu,25,29,Code 14,Contract,Western Cape,4.05
D008156,Sipho Adams,46,24,Code 10,Contract,Limpopo,4.65
D008157,Karabo Williams,62,26,Code 8,Owner Driver,Mpumalanga,2.77
D008158,Thabo Jacobs,39,8,Code 8,Permanent,KwaZulu-Natal,4.49
D008159,Zanele Mabena,25,10,Code 10,Contract,Western Cape,3.68
D008160,Sipho Khumalo,53,7,Code 14,Permanent,KwaZulu-Natal,4.52
D008161,Lerato Maseko,57,9,Code 10,Permanent,Eastern Cape,3.99
D008162,Kabelo Khumalo,47,1,Code 10,Permanent,KwaZulu-Natal,3.91
D008163,Ayanda Mkhize,33,9,Code 8,Owner Driver,Northern Cape,3.53
D008164,Bongani Molefe,62,2,Code 10,Contract,Mpumalanga,4.06
D008165,Lwazi Cele,46,28,Code 10,Contract,Western Cape,4.41
D008166,Bongani Naidoo,24,25,Code 10,Permanent,Northern Cape,4.33
D008167,Lindelwa Naidoo,37,12,Code 10,Permanent,Mpumalanga,4.07
D008168,Kagiso Mkhize,30,26,Code 10,Contract,Western Cape,3.94
D008169,Kagiso Pillay,44,14,Code 10,Contract,North West,4.45
D008170,Zanele Dlamini,35,5,Code 10,Contract,Gauteng,3.85
D008171,Dumisani Mthembu,43,14,Code 10,Owner Driver,Eastern Cape,4.25
D008172,Siyabonga Modise,35,33,Code 10,Owner Driver,Eastern Cape,3.77
D008173,Precious Dlamini,48,22,Code 10,Permanent,Eastern Cape,3.26
D008174,Mpho Mthembu,31,25,Code 10,Permanent,Eastern Cape,4.6
D008175,Mpho Van Wyk,38,1,Code 14,Contract,Northern Cape,2.69
D008176,Nandi Williams,61,34,Code 10,Owner Driver,Northern Cape,4.13
D008177,Dumisani Molefe,65,17,Code 10,Permanent,Gauteng,3.58
D008178,Tshepo Cele,57,7,Code 14,Owner Driver,Western Cape,5.0
D008179,Sibusiso Cele,37,13,Code 14,Contract,Free State,4.16
D008180,Sipho Sithole,24,9,Code 10,Permanent,Northern Cape,3.73
D008181,Siyabonga Modise,44,30,Code 10,Owner Driver,Limpopo,3.75
D008182,Kabelo Ndlovu,44,12,Code 10,Contract,Free State,4.54
D008183,Siyabonga Khumalo,60,8,Code 10,Permanent,Free State,3.9
D008184,Themba Cele,37,21,Code 14,Contract,Eastern Cape,3.47
D008185,Lerato Mthembu,51,27,Code 8,Owner Driver,Limpopo,4.4
D008186,Bongani Van Wyk,57,14,Code 8,Owner Driver,KwaZulu-Natal,4.86
D008187,Dumisani Maseko,53,11,Code 8,Contract,Free State,4.84
D008188,Busisiwe Dlamini,49,20,Code 8,Permanent,Limpopo,4.14
D008189,Tshepo Khumalo,25,6,Code 10,Permanent,Eastern Cape,4.07
D008190,Tshepo Sithole,25,3,Code 14,Contract,Mpumalanga,4.59
D008191,Ayanda Naidoo,65,6,Code 10,Owner Driver,Western Cape,3.89
D008192,Nandi Ndlovu,35,13,Code 14,Permanent,Free State,4.03
D008193,Zanele Mabena,49,2,Code 14,Owner Driver,North West,4.28
D008194,Tshepo Nkosi,44,16,Code 8,Permanent,Free State,3.5
D008195,Amanda Mabena,32,16,Code 10,Permanent,Gauteng,3.61
D008196,Nomsa Naidoo,34,15,Code 10,Permanent,Gauteng,3.98
D008197,Nomsa Mokoena,30,18,Code 14,Permanent,Gauteng,3.8
D008198,Themba Botha,56,33,Code 8,Owner Driver,KwaZulu-Natal,4.03
D008199,Mandla Pillay,55,32,Code 14,Contract,Northern Cape,3.99
D008200,Dumisani Modise,50,15,Code 10,Permanent,Limpopo,4.23
D008201,Siyabonga Mkhize,59,2,Code 10,Permanent,Free State,3.3
D008202,Nomsa Molefe,62,27,Code 8,Permanent,Northern Cape,3.66
D008203,Mandla Botha,36,15,Code 8,Permanent,North West,3.97
D008204,Themba Cele,47,20,Code 8,Contract,Free State,3.15
D008205,Bongani Mthembu,57,22,Code 10,Permanent,Limpopo,4.99
D008206,Kagiso Botha,29,2,Code 10,Owner Driver,Gauteng,3.65
D008207,Lwazi Botha,36,11,Code 10,Contract,Western Cape,3.78
D008208,Themba Mokoena,60,20,Code 10,Contract,Free State,3.87
D008209,Bongani Mokoena,42,18,Code 8,Permanent,Mpumalanga,3.61
D008210,Bongani Nkosi,33,31,Code 10,Owner Driver,Western Cape,4.1
D008211,Thabo Moyo,23,18,Code 8,Contract,Gauteng,3.07
D008212,Kabelo Mabena,28,10,Code 14,Permanent,North West,4.07
D008213,Dumisani Mthembu,39,14,Code 10,Permanent,Northern Cape,3.55
D008214,Nandi Botha,40,32,Code 10,Permanent,Western Cape,3.66
D008215,Ayanda Modise,49,26,Code 10,Permanent,Mpumalanga,4.48
D008216,Sibusiso Mahlangu,33,25,Code 8,Contract,Gauteng,3.74
D008217,Mandla Modise,48,24,Code 8,Contract,Gauteng,4.18
D008218,Sibusiso Ndlovu,54,20,Code 8,Owner Driver,Northern Cape,3.55
D008219,Dumisani Adams,30,5,Code 10,Permanent,Mpumalanga,4.79
D008220,Nandi Mthembu,52,28,Code 8,Permanent,Mpumalanga,3.94
D008221,Lindelwa Botha,43,16,Code 10,Permanent,Mpumalanga,3.97
D008222,Mandla Mahlangu,25,33,Code 8,Owner Driver,Mpumalanga,4.27
D008223,Nomsa Mabena,45,26,Code 14,Owner Driver,KwaZulu-Natal,3.98
D008224,Siyabonga Mthembu,33,2,Code 10,Permanent,North West,3.71
D008225,Siyabonga Ngcobo,30,31,Code 10,Owner Driver,Western Cape,4.35
D008226,Nokuthula Moyo,27,14,Code 14,Permanent,KwaZulu-Natal,4.23
D008227,Bongani Sithole,23,1,Code 8,Permanent,Mpumalanga,4.94
D008228,Nokuthula Mahlangu,58,6,Code 10,Permanent,Mpumalanga,3.53
D008229,Kagiso Mabena,34,29,Code 8,Contract,Eastern Cape,4.55
D008230,Sipho Zulu,26,3,Code 10,Contract,Mpumalanga,4.45
D008231,Phumzile Ndlovu,54,24,Code 8,Contract,Gauteng,4.2
D008232,Thabo Modise,46,13,Code 14,Permanent,Eastern Cape,4.47
D008233,Bongani Zulu,53,7,Code 10,Permanent,Limpopo,4.43
D008234,Bongani Zulu,64,21,Code 10,Permanent,Western Cape,4.19
D008235,Nomsa Pillay,56,13,Code 10,Owner Driver,Eastern Cape,3.94
D008236,Tshepo Cele,61,34,Code 10,Permanent,Western Cape,3.32
D008237,Nokuthula Maseko,35,16,Code 14,Permanent,Mpumalanga,3.59
D008238,Zanele Ndlovu,44,3,Code 8,Contract,Gauteng,3.11
D008239,Nokuthula Dlamini,52,19,Code 8,Permanent,KwaZulu-Natal,4.4
D008240,Sibusiso Mokoena,34,25,Code 10,Permanent,Free State,4.04
D008241,Busisiwe Ndlovu,43,20,Code 14,Owner Driver,Northern Cape,3.86
D008242,Dumisani Ngcobo,37,7,Code 8,Permanent,Western Cape,4.6
D008243,Ayanda Pillay,38,19,Code 10,Contract,Gauteng,3.84
D008244,Ayanda Adams,43,10,Code 8,Permanent,Eastern Cape,3.48
D008245,Themba Mokoena,46,14,Code 10,Permanent,Gauteng,4.45
D008246,Bongani Naidoo,25,25,Code 14,Permanent,Mpumalanga,5.0
D008247,Mpho Khumalo,59,3,Code 10,Contract,Limpopo,3.55
D008248,Phumzile Zulu,23,16,Code 8,Owner Driver,Northern Cape,4.35
D008249,Thabo Pillay,54,30,Code 10,Owner Driver,North West,3.81
D008250,Nokuthula Van Wyk,45,11,Code 10,Owner Driver,Western Cape,3.3
D008251,Siyabonga Williams,56,29,Code 10,Permanent,Gauteng,4.33
D008252,Lindelwa Williams,56,4,Code 10,Permanent,Gauteng,3.27
D008253,Tshepo Zulu,65,15,Code 10,Permanent,Western Cape,4.03
D008254,Sipho Khumalo,53,24,Code 10,Permanent,Northern Cape,2.9
D008255,Zanele Mkhize,39,20,Code 8,Owner Driver,KwaZulu-Natal,3.65
D008256,Kagiso Molefe,28,34,Code 14,Contract,Free State,3.51
D008257,Lindelwa Molefe,63,4,Code 10,Owner Driver,KwaZulu-Natal,4.54
D008258,Dumisani Sithole,48,21,Code 10,Permanent,Eastern Cape,3.96
D008259,Lerato Nkosi,40,17,Code 10,Contract,North West,4.81
D008260,Busisiwe Moyo,28,13,Code 10,Owner Driver,Northern Cape,4.42
D008261,Mpho Modise,52,28,Code 8,Owner Driver,Western Cape,4.25
D008262,Sibusiso Williams,34,32,Code 8,Permanent,Mpumalanga,3.43
D008263,Siyabonga Ngcobo,36,28,Code 10,Contract,Limpopo,4.25
D008264,Themba Ngcobo,47,12,Code 10,Permanent,North West,4.52
D008265,Bongani Ngcobo,25,20,Code 10,Permanent,Western Cape,4.11
D008266,Ayanda Mkhize,26,31,Code 10,Contract,Gauteng,4.11
D008267,Mandla Moyo,41,10,Code 10,Permanent,Gauteng,4.58
D008268,Siyabonga Pillay,25,17,Code 8,Permanent,Limpopo,3.99
D008269,Kabelo Molefe,55,24,Code 10,Permanent,Northern Cape,4.72
D008270,Phumzile Cele,44,27,Code 14,Permanent,Mpumalanga,3.8
D008271,Lindelwa Williams,46,19,Code 14,Owner Driver,KwaZulu-Natal,4.7
D008272,Lwazi Moyo,35,8,Code 10,Permanent,Northern Cape,4.37
D008273,Lwazi Mkhize,51,13,Code 8,Permanent,Northern Cape,3.53
D008274,Kabelo Mabena,62,7,Code 10,Permanent,Northern Cape,2.7
D008275,Zanele Dlamini,28,2,Code 8,Permanent,North West,3.56
D008276,Lerato Botha,46,21,Code 14,Permanent,Mpumalanga,4.62
D008277,Nandi Ndlovu,65,31,Code 14,Contract,Eastern Cape,3.55
D008278,Dumisani Jacobs,35,19,Code 14,Owner Driver,KwaZulu-Natal,4.26
D008279,Bongani Zulu,60,8,Code 10,Permanent,Western Cape,4.53
D008280,Nokuthula Naidoo,29,25,Code 14,Contract,Mpumalanga,3.6
D008281,Themba Cele,57,7,Code 10,Contract,Gauteng,3.94
D008282,Sipho Khumalo,35,1,Code 8,Permanent,Free State,4.58
D008283,Nokuthula Mokoena,23,28,Code 14,Permanent,Northern Cape,3.32
D008284,Sibusiso Sithole,31,12,Code 8,Contract,Northern Cape,4.36
D008285,Precious Nkosi,59,14,Code 14,Permanent,Mpumalanga,4.4
D008286,Precious Jacobs,39,11,Code 8,Permanent,KwaZulu-Natal,3.37
D008287,Thabo Modise,37,16,Code 14,Owner Driver,Western Cape,4.75
D008288,Lindelwa Mthembu,58,31,Code 10,Permanent,Western Cape,3.42
D008289,Nomsa Mthembu,45,13,Code 10,Permanent,North West,3.95
D008290,Kabelo Adams,44,18,Code 10,Permanent,Eastern Cape,4.19
D008291,Tshepo Moyo,44,26,Code 10,Contract,Limpopo,3.56
D008292,Kabelo Nkosi,33,33,Code 14,Permanent,KwaZulu-Natal,3.91
D008293,Lerato Sithole,46,34,Code 14,Owner Driver,Gauteng,4.95
D008294,Dumisani Naidoo,40,11,Code 8,Permanent,Mpumalanga,4.44
D008295,Thabo Mkhize,60,24,Code 8,Permanent,Western Cape,3.56
D008296,Bongani Mahlangu,55,12,Code 10,Contract,Northern Cape,4.59
D008297,Nokuthula Van Wyk,24,10,Code 14,Permanent,Northern Cape,3.41
D008298,Busisiwe Pillay,42,32,Code 8,Owner Driver,Limpopo,4.01
D008299,Sibusiso Williams,36,15,Code 14,Contract,Western Cape,4.5
D008300,Nokuthula Botha,24,25,Code 8,Contract,North West,5.0
D008301,Kagiso Sithole,39,13,Code 10,Permanent,Free State,3.14
D008302,Nandi Mokoena,61,29,Code 8,Permanent,Northern Cape,4.9
D008303,Nandi Botha,64,31,Code 8,Permanent,Mpumalanga,2.96
D008304,Kagiso Khumalo,65,13,Code 8,Contract,Mpumalanga,3.56
D008305,Themba Ngcobo,32,11,Code 10,Owner Driver,Mpumalanga,3.94
D008306,Mandla Van Wyk,31,18,Code 14,Contract,Eastern Cape,3.89
D008307,Kagiso Khumalo,55,5,Code 10,Owner Driver,Gauteng,3.26
D008308,Busisiwe Sithole,52,22,Code 10,Permanent,Northern Cape,3.14
D008309,Sibusiso Ndlovu,57,29,Code 10,Contract,Free State,3.05
D008310,Mpho Cele,56,4,Code 10,Contract,Eastern Cape,4.77
D008311,Lerato Khumalo,41,33,Code 8,Contract,Free State,4.15
D008312,Ayanda Ngcobo,24,12,Code 10,Permanent,North West,4.56
D008313,Kagiso Moyo,65,1,Code 10,Contract,North West,3.68
D008314,Lwazi Mabena,49,13,Code 8,Contract,Limpopo,3.06
D008315,Kabelo Pillay,39,24,Code 10,Permanent,North West,3.81
D008316,Siyabonga Pillay,57,32,Code 14,Permanent,Mpumalanga,3.47
D008317,Karabo Cele,60,1,Code 10,Permanent,Western Cape,3.87
D008318,Zanele Pillay,61,28,Code 10,Permanent,Free State,3.87
D008319,Bongani Williams,30,26,Code 10,Owner Driver,Northern Cape,2.98
D008320,Tshepo Pillay,56,27,Code 8,Owner Driver,Eastern Cape,4.85
D008321,Mandla Botha,44,32,Code 14,Owner Driver,Eastern Cape,4.45
D008322,Ayanda Williams,60,17,Code 14,Contract,Eastern Cape,4.23
D008323,Precious Mabena,24,25,Code 8,Permanent,Limpopo,3.38
D008324,Thabo Molefe,28,23,Code 8,Owner Driver,North West,3.35
D008325,Lerato Mkhize,28,8,Code 10,Contract,Northern Cape,3.62
D008326,Kabelo Cele,60,6,Code 8,Contract,Gauteng,4.37
D008327,Mandla Dlamini,63,10,Code 14,Contract,North West,4.1
D008328,Ayanda Molefe,62,6,Code 10,Permanent,Limpopo,3.73
D008329,Nomsa Molefe,52,19,Code 10,Permanent,Northern Cape,5.0
D008330,Kagiso Dlamini,62,30,Code 14,Owner Driver,Gauteng,3.32
D008331,Sipho Sithole,59,6,Code 8,Owner Driver,Eastern Cape,4.18
D008332,Thabo Adams,54,6,Code 8,Contract,Limpopo,3.67
D008333,Mpho Dlamini,59,27,Code 10,Permanent,North West,3.72
D008334,Thabo Molefe,41,6,Code 10,Contract,Mpumalanga,4.09
D008335,Mandla Ngcobo,55,15,Code 10,Contract,Northern Cape,3.25
D008336,Karabo Nkosi,48,18,Code 14,Permanent,KwaZulu-Natal,4.02
D008337,Ayanda Dlamini,65,24,Code 10,Owner Driver,North West,4.69
D008338,Dumisani Maseko,49,5,Code 10,Permanent,KwaZulu-Natal,3.83
D008339,Tshepo Cele,51,10,Code 10,Permanent,Mpumalanga,4.11
D008340,Nandi Modise,54,14,Code 10,Contract,Northern Cape,3.85
D008341,Bongani Nkosi,38,22,Code 14,Permanent,Limpopo,3.87
D008342,Kagiso Ndlovu,55,11,Code 10,Contract,Eastern Cape,4.78
D008343,Mandla Botha,32,21,Code 14,Permanent,Limpopo,4.04
D008344,Busisiwe Naidoo,42,9,Code 8,Owner Driver,Gauteng,3.59
D008345,Mpho Maseko,26,31,Code 8,Permanent,Mpumalanga,4.61
D008346,Sibusiso Zulu,57,6,Code 8,Owner Driver,North West,4.39
D008347,Kagiso Mahlangu,63,32,Code 10,Permanent,Free State,3.59
D008348,Nokuthula Maseko,28,10,Code 8,Owner Driver,Gauteng,3.99
D008349,Nandi Maseko,59,6,Code 10,Permanent,Western Cape,3.47
D008350,Nomsa Mkhize,58,24,Code 8,Contract,Eastern Cape,5.0
D008351,Bongani Molefe,46,7,Code 14,Permanent,Gauteng,3.83
D008352,Sibusiso Molefe,43,15,Code 8,Permanent,Free State,4.16
D008353,Tshepo Mkhize,34,17,Code 8,Owner Driver,Gauteng,3.43
D008354,Zanele Ngcobo,46,8,Code 14,Permanent,Mpumalanga,3.09
D008355,Precious Naidoo,35,4,Code 8,Owner Driver,North West,4.39
D008356,Lindelwa Maseko,39,4,Code 10,Contract,Western Cape,5.0
D008357,Karabo Modise,63,22,Code 8,Permanent,Gauteng,4.63
D008358,Ayanda Molefe,24,1,Code 10,Contract,Eastern Cape,4.62
D008359,Kabelo Ngcobo,44,33,Code 14,Permanent,North West,3.31
D008360,Precious Khumalo,38,6,Code 8,Permanent,Eastern Cape,3.52
D008361,Ayanda Mahlangu,34,18,Code 10,Permanent,Limpopo,3.5
D008362,Mandla Sithole,33,14,Code 14,Permanent,Mpumalanga,4.63
D008363,Phumzile Mkhize,39,31,Code 14,Owner Driver,Free State,3.88
D008364,Thabo Cele,60,12,Code 8,Permanent,Gauteng,4.15
D008365,Zanele Adams,57,15,Code 8,Permanent,Gauteng,4.28
D008366,Siyabonga Adams,57,33,Code 8,Permanent,KwaZulu-Natal,4.24
D008367,Busisiwe Van Wyk,42,19,Code 14,Permanent,Limpopo,4.05
D008368,Kagiso Sithole,38,31,Code 10,Owner Driver,Limpopo,4.29
D008369,Kagiso Adams,38,14,Code 14,Permanent,Northern Cape,5.0
D008370,Zanele Nkosi,46,16,Code 10,Contract,Free State,3.64
D008371,Karabo Mkhize,58,26,Code 10,Permanent,Limpopo,3.65
D008372,Busisiwe Ngcobo,36,16,Code 14,Permanent,Western Cape,3.5
D008373,Siyabonga Adams,29,18,Code 10,Owner Driver,Western Cape,4.52
D008374,Kagiso Adams,47,24,Code 14,Contract,Northern Cape,3.87
D008375,Nokuthula Mabena,54,12,Code 8,Contract,Eastern Cape,4.1
D008376,Thabo Williams,42,31,Code 8,Owner Driver,Northern Cape,3.49
D008377,Mpho Moyo,27,23,Code 8,Permanent,Western Cape,4.31
D008378,Bongani Moyo,33,30,Code 10,Permanent,Northern Cape,4.32
D008379,Lwazi Van Wyk,64,19,Code 14,Permanent,Eastern Cape,4.38
D008380,Mandla Moyo,61,27,Code 10,Owner Driver,North West,3.07
D008381,Lwazi Modise,61,10,Code 10,Contract,Limpopo,4.34
D008382,Sipho Zulu,63,15,Code 10,Permanent,Limpopo,3.49
D008383,Kabelo Cele,27,27,Code 14,Permanent,Eastern Cape,4.16
D008384,Busisiwe Mokoena,57,19,Code 14,Permanent,Western Cape,4.45
D008385,Phumzile Molefe,24,21,Code 8,Owner Driver,Limpopo,4.32
D008386,Ayanda Adams,62,12,Code 10,Owner Driver,Northern Cape,4.03
D008387,Nandi Dlamini,46,27,Code 8,Permanent,Northern Cape,3.91
D008388,Lindelwa Williams,63,20,Code 8,Permanent,Northern Cape,3.64
D008389,Phumzile Cele,39,11,Code 10,Permanent,KwaZulu-Natal,3.8
D008390,Themba Adams,29,21,Code 8,Permanent,KwaZulu-Natal,4.17
D008391,Siyabonga Adams,49,21,Code 8,Contract,Free State,4.04
D008392,Themba Mthembu,39,13,Code 8,Permanent,Free State,3.76
D008393,Themba Botha,48,13,Code 14,Permanent,Western Cape,3.25
D008394,Thabo Zulu,23,28,Code 8,Contract,North West,4.34
D008395,Sipho Moyo,62,3,Code 14,Permanent,Northern Cape,3.74
D008396,Bongani Molefe,38,25,Code 8,Owner Driver,Free State,4.27
D008397,Karabo Ndlovu,56,21,Code 8,Contract,KwaZulu-Natal,4.47
D008398,Mpho Mabena,45,2,Code 8,Owner Driver,Gauteng,3.37
D008399,Kagiso Ndlovu,26,10,Code 10,Contract,North West,3.76
D008400,Lwazi Nkosi,39,28,Code 10,Permanent,Eastern Cape,4.69
D008401,Busisiwe Ndlovu,42,29,Code 14,Permanent,Mpumalanga,4.13
D008402,Mandla Van Wyk,49,29,Code 10,Permanent,Western Cape,3.97
D008403,Nandi Williams,33,8,Code 8,Permanent,Mpumalanga,4.04
D008404,Themba Modise,48,7,Code 8,Contract,Limpopo,4.37
D008405,Sibusiso Modise,56,7,Code 14,Contract,KwaZulu-Natal,4.4
D008406,Nandi Mokoena,27,22,Code 8,Permanent,KwaZulu-Natal,4.53
D008407,Thabo Dlamini,55,23,Code 14,Permanent,KwaZulu-Natal,4.36
D008408,Sibusiso Mkhize,61,2,Code 8,Owner Driver,KwaZulu-Natal,2.63
D008409,Lerato Mthembu,29,16,Code 14,Contract,North West,2.95
D008410,Lwazi Mahlangu,58,33,Code 14,Owner Driver,Gauteng,3.92
D008411,Nandi Maseko,23,33,Code 10,Owner Driver,Northern Cape,4.39
D008412,Nomsa Botha,31,9,Code 10,Permanent,Free State,3.99
D008413,Nokuthula Nkosi,58,25,Code 14,Permanent,Gauteng,3.69
D008414,Themba Pillay,53,27,Code 10,Owner Driver,Mpumalanga,3.93
D008415,Ayanda Molefe,53,30,Code 8,Permanent,Western Cape,3.6
D008416,Mpho Mabena,37,7,Code 8,Permanent,North West,4.08
D008417,Mpho Jacobs,40,8,Code 14,Contract,Western Cape,5.0
D008418,Lindelwa Moyo,64,12,Code 10,Permanent,North West,3.88
D008419,Mandla Naidoo,41,25,Code 10,Permanent,Eastern Cape,3.89
D008420,Dumisani Mthembu,35,20,Code 14,Permanent,Limpopo,3.51
D008421,Busisiwe Naidoo,42,22,Code 14,Permanent,Mpumalanga,3.37
D008422,Thabo Cele,56,27,Code 14,Contract,Northern Cape,5.0
D008423,Mandla Sithole,28,8,Code 8,Permanent,Western Cape,4.46
D008424,Karabo Sithole,64,28,Code 8,Owner Driver,Eastern Cape,3.86
D008425,Phumzile Ngcobo,44,34,Code 14,Contract,Free State,4.48
D008426,Dumisani Mokoena,58,17,Code 10,Permanent,Northern Cape,3.21
D008427,Themba Ndlovu,43,1,Code 10,Contract,Gauteng,3.67
D008428,Lwazi Khumalo,47,6,Code 8,Permanent,North West,3.58
D008429,Nandi Jacobs,37,26,Code 10,Permanent,North West,4.17
D008430,Nokuthula Van Wyk,61,25,Code 14,Permanent,North West,4.96
D008431,Mandla Zulu,42,14,Code 14,Permanent,Western Cape,4.4
D008432,Mpho Van Wyk,37,30,Code 10,Permanent,KwaZulu-Natal,4.4
D008433,Sipho Modise,32,16,Code 10,Permanent,Mpumalanga,4.08
D008434,Thabo Maseko,27,10,Code 10,Owner Driver,Free State,4.03
D008435,Nandi Molefe,28,21,Code 10,Permanent,Western Cape,4.61
D008436,Busisiwe Maseko,25,16,Code 10,Owner Driver,Eastern Cape,4.25
D008437,Thabo Botha,56,32,Code 10,Permanent,KwaZulu-Natal,2.63
D008438,Lwazi Maseko,49,10,Code 8,Contract,Northern Cape,5.0
D008439,Mpho Maseko,64,9,Code 14,Owner Driver,Western Cape,3.59
D008440,Busisiwe Nkosi,31,17,Code 14,Permanent,North West,3.98
D008441,Sibusiso Molefe,49,33,Code 10,Permanent,Western Cape,3.95
D008442,Sibusiso Sithole,50,9,Code 14,Permanent,Western Cape,3.56
D008443,Bongani Nkosi,56,19,Code 14,Owner Driver,Eastern Cape,4.87
D008444,Precious Modise,28,26,Code 14,Contract,Limpopo,3.87
D008445,Siyabonga Moyo,27,17,Code 10,Contract,Free State,3.7
D008446,Siyabonga Williams,28,18,Code 14,Permanent,Mpumalanga,4.12
D008447,Kagiso Moyo,65,13,Code 14,Contract,Gauteng,5.0
D008448,Mpho Molefe,62,26,Code 14,Permanent,KwaZulu-Natal,4.0
D008449,Mandla Mahlangu,51,23,Code 8,Permanent,Western Cape,5.0
D008450,Phumzile Van Wyk,44,30,Code 14,Permanent,KwaZulu-Natal,2.83
D008451,Dumisani Jacobs,42,26,Code 8,Contract,Mpumalanga,4.05
D008452,Nokuthula Sithole,61,23,Code 10,Permanent,North West,4.83
D008453,Karabo Botha,50,5,Code 10,Permanent,Free State,3.33
D008454,Mpho Mthembu,38,3,Code 10,Contract,Limpopo,3.59
D008455,Mandla Dlamini,24,33,Code 14,Permanent,North West,3.84
D008456,Dumisani Modise,52,32,Code 10,Owner Driver,Mpumalanga,2.96
D008457,Amanda Modise,51,22,Code 10,Permanent,Limpopo,4.68
D008458,Lerato Dlamini,50,3,Code 8,Permanent,Limpopo,3.69
D008459,Karabo Maseko,29,30,Code 14,Permanent,Free State,4.16
D008460,Busisiwe Khumalo,65,1,Code 14,Permanent,North West,3.01
D008461,Karabo Khumalo,64,28,Code 8,Owner Driver,Limpopo,4.52
D008462,Lindelwa Mabena,48,7,Code 14,Owner Driver,KwaZulu-Natal,4.65
D008463,Precious Adams,35,29,Code 8,Permanent,KwaZulu-Natal,3.97
D008464,Thabo Van Wyk,45,31,Code 8,Permanent,Eastern Cape,3.94
D008465,Busisiwe Nkosi,59,29,Code 8,Contract,Free State,3.68
D008466,Siyabonga Zulu,54,21,Code 14,Contract,Northern Cape,3.43
D008467,Nokuthula Dlamini,60,9,Code 8,Owner Driver,Mpumalanga,3.46
D008468,Lerato Van Wyk,39,22,Code 14,Permanent,Mpumalanga,4.75
D008469,Zanele Cele,41,27,Code 14,Contract,Gauteng,5.0
D008470,Amanda Jacobs,24,16,Code 8,Contract,Western Cape,4.47
D008471,Ayanda Adams,58,27,Code 8,Permanent,Mpumalanga,4.48
D008472,Nandi Botha,53,22,Code 10,Permanent,KwaZulu-Natal,4.18
D008473,Karabo Mabena,59,26,Code 10,Owner Driver,Free State,4.06
D008474,Lwazi Moyo,61,5,Code 8,Permanent,Eastern Cape,4.91
D008475,Mpho Mthembu,58,13,Code 10,Owner Driver,KwaZulu-Natal,5.0
D008476,Dumisani Mkhize,54,28,Code 8,Owner Driver,Northern Cape,4.12
D008477,Karabo Nkosi,62,16,Code 14,Permanent,Limpopo,2.89
D008478,Lindelwa Ngcobo,46,2,Code 8,Contract,Free State,3.55
D008479,Thabo Mabena,44,31,Code 10,Owner Driver,Western Cape,3.27
D008480,Dumisani Adams,55,27,Code 10,Owner Driver,Gauteng,4.61
D008481,Nandi Williams,58,22,Code 10,Permanent,Northern Cape,4.45
D008482,Lerato Maseko,38,23,Code 10,Permanent,Eastern Cape,3.96
D008483,Zanele Khumalo,43,8,Code 10,Permanent,Limpopo,3.95
D008484,Mpho Adams,61,29,Code 14,Permanent,Northern Cape,3.65
D008485,Kagiso Cele,51,22,Code 10,Contract,Gauteng,3.5
D008486,Siyabonga Pillay,54,29,Code 14,Contract,North West,4.74
D008487,Ayanda Modise,35,25,Code 8,Permanent,Eastern Cape,4.83
D008488,Mandla Ndlovu,26,10,Code 8,Permanent,Eastern Cape,2.86
D008489,Lerato Sithole,25,17,Code 10,Permanent,North West,4.13
D008490,Amanda Van Wyk,40,9,Code 10,Permanent,Limpopo,3.21
D008491,Nomsa Molefe,44,20,Code 8,Permanent,Limpopo,4.73
D008492,Lwazi Adams,36,4,Code 10,Owner Driver,Gauteng,4.58
D008493,Precious Modise,52,5,Code 14,Permanent,Free State,4.66
D008494,Nandi Zulu,32,14,Code 8,Permanent,Limpopo,3.7
D008495,Precious Mabena,32,3,Code 14,Owner Driver,Northern Cape,3.84
D008496,Lindelwa Molefe,62,22,Code 8,Permanent,Northern Cape,4.17
D008497,Lwazi Jacobs,25,27,Code 10,Contract,North West,4.04
D008498,Mpho Ngcobo,63,29,Code 14,Contract,Northern Cape,4.46
D008499,Lindelwa Modise,62,26,Code 10,Owner Driver,Gauteng,4.82
D008500,Tshepo Modise,52,13,Code 8,Permanent,Gauteng,4.18
D008501,Kabelo Mthembu,47,11,Code 10,Owner Driver,Eastern Cape,3.73
D008502,Siyabonga Mthembu,57,28,Code 10,Permanent,Free State,4.47
D008503,Sibusiso Sithole,57,33,Code 10,Permanent,KwaZulu-Natal,3.58
D008504,Amanda Dlamini,39,29,Code 10,Owner Driver,Eastern Cape,3.89
D008505,Themba Molefe,50,15,Code 10,Owner Driver,Free State,3.39
D008506,Thabo Moyo,50,16,Code 8,Contract,Western Cape,4.37
D008507,Precious Mahlangu,47,3,Code 8,Contract,Mpumalanga,4.61
D008508,Phumzile Mabena,59,22,Code 10,Owner Driver,Western Cape,4.04
D008509,Ayanda Mthembu,54,20,Code 8,Owner Driver,Mpumalanga,4.62
D008510,Zanele Nkosi,41,29,Code 10,Permanent,Gauteng,4.67
D008511,Busisiwe Pillay,37,33,Code 10,Permanent,Western Cape,2.93
D008512,Ayanda Nkosi,61,19,Code 8,Permanent,Eastern Cape,3.06
D008513,Amanda Nkosi,60,18,Code 10,Contract,Eastern Cape,3.91
D008514,Nandi Ngcobo,51,6,Code 8,Permanent,Limpopo,3.51
D008515,Precious Maseko,31,11,Code 10,Contract,North West,4.46
D008516,Themba Nkosi,36,25,Code 14,Permanent,Limpopo,3.64
D008517,Mpho Ndlovu,33,25,Code 10,Permanent,Mpumalanga,3.77
D008518,Amanda Adams,38,31,Code 10,Permanent,Limpopo,4.66
D008519,Precious Mahlangu,24,10,Code 10,Permanent,Eastern Cape,4.27
D008520,Phumzile Mabena,46,33,Code 10,Permanent,KwaZulu-Natal,3.22
D008521,Nomsa Molefe,37,24,Code 8,Owner Driver,North West,5.0
D008522,Siyabonga Williams,65,34,Code 14,Contract,Eastern Cape,2.51
D008523,Nokuthula Modise,36,7,Code 14,Permanent,North West,4.09
D008524,Phumzile Khumalo,28,14,Code 10,Permanent,KwaZulu-Natal,3.86
D008525,Busisiwe Van Wyk,28,25,Code 10,Permanent,Limpopo,3.47
D008526,Kagiso Mahlangu,34,20,Code 14,Permanent,Gauteng,3.87
D008527,Karabo Ngcobo,37,13,Code 10,Contract,Western Cape,4.07
D008528,Amanda Van Wyk,56,1,Code 8,Owner Driver,Eastern Cape,4.11
D008529,Nandi Ngcobo,29,2,Code 10,Permanent,KwaZulu-Natal,3.92
D008530,Dumisani Naidoo,33,14,Code 14,Permanent,Western Cape,3.5
D008531,Busisiwe Zulu,34,22,Code 8,Permanent,Free State,4.23
D008532,Tshepo Zulu,39,25,Code 10,Permanent,Western Cape,4.59
D008533,Kagiso Mabena,57,21,Code 10,Contract,Free State,4.08
D008534,Bongani Moyo,51,33,Code 10,Contract,Western Cape,4.12
D008535,Nandi Sithole,50,23,Code 10,Owner Driver,Limpopo,3.96
D008536,Dumisani Nkosi,60,3,Code 14,Contract,Free State,2.58
D008537,Lindelwa Dlamini,33,20,Code 8,Owner Driver,Free State,5.0
D008538,Kagiso Jacobs,30,22,Code 10,Contract,Northern Cape,3.52
D008539,Karabo Naidoo,55,23,Code 8,Permanent,Northern Cape,4.22
D008540,Busisiwe Modise,35,5,Code 10,Contract,Gauteng,4.68
D008541,Mpho Jacobs,56,4,Code 8,Contract,Free State,4.52
D008542,Siyabonga Nkosi,29,31,Code 10,Permanent,Mpumalanga,4.52
D008543,Nandi Ndlovu,25,9,Code 10,Owner Driver,Western Cape,5.0
D008544,Nandi Maseko,60,31,Code 14,Permanent,Western Cape,4.7
D008545,Thabo Dlamini,60,14,Code 8,Permanent,Northern Cape,4.05
D008546,Amanda Mabena,49,30,Code 8,Permanent,Free State,3.72
D008547,Lindelwa Adams,43,2,Code 10,Contract,Gauteng,3.81
D008548,Precious Zulu,26,11,Code 10,Contract,KwaZulu-Natal,3.83
D008549,Phumzile Mabena,39,12,Code 14,Permanent,Mpumalanga,3.87
D008550,Themba Dlamini,58,19,Code 10,Permanent,North West,4.01
D008551,Nomsa Jacobs,62,22,Code 8,Permanent,North West,4.9
D008552,Kagiso Khumalo,24,2,Code 10,Contract,Eastern Cape,2.81
D008553,Tshepo Ndlovu,54,34,Code 8,Contract,Free State,4.34
D008554,Precious Mkhize,63,6,Code 10,Owner Driver,Mpumalanga,4.4
D008555,Nandi Sithole,41,9,Code 14,Owner Driver,Limpopo,3.22
D008556,Kabelo Mthembu,41,31,Code 14,Permanent,Limpopo,4.94
D008557,Mpho Adams,55,23,Code 10,Permanent,North West,4.16
D008558,Mandla Modise,48,21,Code 14,Permanent,Mpumalanga,3.6
D008559,Karabo Adams,24,18,Code 14,Contract,Eastern Cape,3.32
D008560,Sibusiso Mahlangu,48,20,Code 8,Permanent,Gauteng,4.77
D008561,Siyabonga Naidoo,31,25,Code 14,Contract,Western Cape,3.32
D008562,Lwazi Moyo,49,31,Code 10,Permanent,Limpopo,4.4
D008563,Karabo Botha,52,13,Code 14,Owner Driver,Mpumalanga,4.6
D008564,Dumisani Adams,53,6,Code 10,Permanent,Gauteng,3.3
D008565,Lerato Nkosi,48,5,Code 8,Contract,Western Cape,3.75
D008566,Siyabonga Moyo,28,19,Code 8,Owner Driver,Free State,3.41
D008567,Nokuthula Mthembu,35,19,Code 8,Permanent,Mpumalanga,3.35
D008568,Kabelo Ngcobo,48,21,Code 8,Permanent,Eastern Cape,5.0
D008569,Lindelwa Adams,23,31,Code 8,Permanent,Northern Cape,3.88
D008570,Themba Sithole,36,34,Code 8,Owner Driver,Free State,4.61
D008571,Lindelwa Khumalo,52,8,Code 8,Owner Driver,Mpumalanga,3.79
D008572,Nomsa Ndlovu,39,11,Code 10,Permanent,Mpumalanga,3.87
D008573,Amanda Adams,54,1,Code 14,Owner Driver,Western Cape,4.58
D008574,Nomsa Dlamini,52,28,Code 10,Permanent,Eastern Cape,5.0
D008575,Siyabonga Van Wyk,60,25,Code 10,Owner Driver,Limpopo,3.86
D008576,Karabo Zulu,33,7,Code 10,Owner Driver,Gauteng,3.59
D008577,Bongani Nkosi,55,11,Code 14,Permanent,KwaZulu-Natal,4.05
D008578,Tshepo Pillay,50,14,Code 8,Owner Driver,KwaZulu-Natal,3.82
D008579,Lindelwa Pillay,27,5,Code 10,Contract,Eastern Cape,3.32
D008580,Busisiwe Molefe,41,9,Code 10,Permanent,Limpopo,4.55
D008581,Nomsa Dlamini,44,34,Code 8,Permanent,North West,3.97
D008582,Nomsa Maseko,42,11,Code 8,Owner Driver,Eastern Cape,3.71
D008583,Nokuthula Naidoo,42,17,Code 10,Permanent,Limpopo,4.04
D008584,Mandla Khumalo,24,17,Code 14,Permanent,Free State,3.59
D008585,Ayanda Khumalo,58,21,Code 8,Owner Driver,Northern Cape,3.84
D008586,Nokuthula Jacobs,55,11,Code 8,Permanent,Free State,2.95
D008587,Sipho Mabena,53,1,Code 10,Contract,Northern Cape,3.44
D008588,Themba Mkhize,49,21,Code 10,Permanent,Gauteng,3.01
D008589,Ayanda Van Wyk,47,18,Code 10,Owner Driver,Free State,5.0
D008590,Karabo Naidoo,50,27,Code 10,Permanent,Northern Cape,2.79
D008591,Nandi Van Wyk,47,7,Code 10,Permanent,Mpumalanga,4.0
D008592,Kabelo Botha,51,16,Code 10,Permanent,Mpumalanga,4.46
D008593,Thabo Mabena,63,24,Code 8,Permanent,North West,3.53
D008594,Busisiwe Modise,34,7,Code 10,Permanent,Northern Cape,3.83
D008595,Amanda Ndlovu,52,19,Code 10,Permanent,North West,4.15
D008596,Lwazi Zulu,28,7,Code 10,Contract,North West,3.92
D008597,Mandla Nkosi,43,27,Code 14,Permanent,Gauteng,4.61
D008598,Kabelo Nkosi,39,2,Code 8,Permanent,North West,3.95
D008599,Sipho Modise,45,18,Code 8,Permanent,North West,3.62
D008600,Siyabonga Jacobs,59,26,Code 10,Contract,North West,4.64
D008601,Zanele Molefe,57,34,Code 14,Contract,Gauteng,4.55
D008602,Dumisani Maseko,62,3,Code 10,Permanent,Mpumalanga,3.98
D008603,Lwazi Mahlangu,53,16,Code 8,Permanent,Limpopo,3.64
D008604,Lindelwa Botha,34,34,Code 8,Owner Driver,Mpumalanga,4.33
D008605,Bongani Cele,23,34,Code 14,Contract,Western Cape,4.02
D008606,Kagiso Mthembu,26,5,Code 10,Permanent,Eastern Cape,3.98
D008607,Lwazi Pillay,53,24,Code 14,Contract,North West,3.57
D008608,Karabo Williams,52,23,Code 14,Permanent,Limpopo,3.86
D008609,Sibusiso Van Wyk,38,34,Code 10,Permanent,Mpumalanga,4.62
D008610,Phumzile Molefe,59,28,Code 14,Contract,Free State,3.83
D008611,Phumzile Mthembu,37,33,Code 14,Permanent,Gauteng,3.71
D008612,Precious Moyo,52,10,Code 10,Contract,Gauteng,5.0
D008613,Kagiso Nkosi,63,30,Code 14,Contract,Western Cape,4.42
D008614,Karabo Khumalo,28,8,Code 8,Permanent,Gauteng,3.78
D008615,Thabo Pillay,64,7,Code 10,Permanent,Eastern Cape,4.55
D008616,Nandi Maseko,58,4,Code 8,Contract,North West,4.36
D008617,Nomsa Nkosi,61,8,Code 10,Contract,Mpumalanga,3.46
D008618,Karabo Mthembu,53,15,Code 10,Permanent,Free State,4.04
D008619,Nandi Ngcobo,37,34,Code 10,Owner Driver,Northern Cape,3.74
D008620,Sibusiso Molefe,63,17,Code 8,Permanent,Western Cape,4.1
D008621,Nomsa Jacobs,64,25,Code 10,Contract,Gauteng,3.9
D008622,Phumzile Naidoo,26,32,Code 14,Permanent,Northern Cape,3.63
D008623,Dumisani Mahlangu,55,34,Code 14,Permanent,Mpumalanga,4.07
D008624,Karabo Ndlovu,33,29,Code 10,Permanent,KwaZulu-Natal,4.39
D008625,Zanele Maseko,45,24,Code 14,Contract,Limpopo,3.54
D008626,Nandi Jacobs,36,18,Code 10,Owner Driver,Northern Cape,4.12
D008627,Themba Molefe,62,20,Code 10,Contract,Gauteng,3.44
D008628,Nandi Naidoo,51,11,Code 10,Owner Driver,North West,3.88
D008629,Dumisani Williams,51,33,Code 10,Contract,Northern Cape,4.77
D008630,Themba Ndlovu,49,23,Code 8,Contract,KwaZulu-Natal,3.39
D008631,Sibusiso Maseko,29,20,Code 10,Owner Driver,North West,4.7
D008632,Sipho Ngcobo,46,29,Code 14,Permanent,Limpopo,4.41
D008633,Bongani Mthembu,32,8,Code 14,Permanent,Gauteng,4.2
D008634,Zanele Mokoena,30,17,Code 14,Permanent,Northern Cape,4.55
D008635,Sibusiso Dlamini,48,18,Code 10,Permanent,Limpopo,3.49
D008636,Kagiso Zulu,46,20,Code 14,Permanent,Western Cape,4.75
D008637,Dumisani Modise,52,4,Code 10,Owner Driver,Mpumalanga,3.38
D008638,Dumisani Mahlangu,25,4,Code 10,Permanent,Limpopo,4.54
D008639,Mandla Mokoena,63,29,Code 8,Owner Driver,Western Cape,3.18
D008640,Nomsa Nkosi,55,21,Code 8,Contract,KwaZulu-Natal,4.36
D008641,Dumisani Mthembu,61,33,Code 8,Owner Driver,KwaZulu-Natal,4.11
D008642,Lindelwa Naidoo,47,5,Code 8,Owner Driver,Northern Cape,3.17
D008643,Sipho Khumalo,40,33,Code 10,Owner Driver,Limpopo,3.16
D008644,Zanele Moyo,30,2,Code 10,Permanent,Free State,4.34
D008645,Nomsa Ngcobo,54,13,Code 10,Contract,KwaZulu-Natal,4.73
D008646,Kagiso Maseko,26,17,Code 14,Permanent,Limpopo,4.6
D008647,Amanda Pillay,24,15,Code 10,Permanent,North West,4.36
D008648,Sipho Ndlovu,60,11,Code 10,Contract,KwaZulu-Natal,4.35
D008649,Karabo Mkhize,60,29,Code 10,Permanent,KwaZulu-Natal,4.68
D008650,Karabo Mthembu,26,31,Code 14,Permanent,Free State,4.28
D008651,Ayanda Sithole,45,12,Code 10,Permanent,KwaZulu-Natal,4.45
D008652,Nokuthula Mahlangu,25,27,Code 14,Permanent,Western Cape,3.67
D008653,Zanele Adams,46,7,Code 8,Contract,Northern Cape,4.04
D008654,Mpho Van Wyk,25,29,Code 14,Permanent,Northern Cape,3.36
D008655,Themba Sithole,24,26,Code 8,Permanent,Mpumalanga,4.42
D008656,Lwazi Nkosi,46,18,Code 8,Permanent,Limpopo,3.52
D008657,Nandi Dlamini,33,8,Code 8,Permanent,Free State,4.11
D008658,Lerato Ngcobo,35,26,Code 14,Contract,Eastern Cape,3.67
D008659,Nokuthula Jacobs,28,15,Code 10,Permanent,North West,4.96
D008660,Sibusiso Mokoena,55,19,Code 10,Contract,Mpumalanga,3.94
D008661,Zanele Cele,65,20,Code 14,Permanent,Mpumalanga,4.87
D008662,Phumzile Moyo,44,25,Code 10,Permanent,Limpopo,4.12
D008663,Siyabonga Mahlangu,52,28,Code 10,Owner Driver,Western Cape,4.78
D008664,Ayanda Mokoena,52,20,Code 14,Permanent,Eastern Cape,3.8
D008665,Busisiwe Pillay,42,10,Code 8,Permanent,Limpopo,3.7
D008666,Tshepo Mokoena,54,13,Code 10,Permanent,Western Cape,2.81
D008667,Nokuthula Sithole,31,14,Code 10,Permanent,Gauteng,4.24
D008668,Sibusiso Cele,32,24,Code 8,Permanent,KwaZulu-Natal,4.88
D008669,Lwazi Mkhize,45,33,Code 14,Permanent,Eastern Cape,3.91
D008670,Karabo Nkosi,34,34,Code 8,Permanent,KwaZulu-Natal,3.56
D008671,Thabo Jacobs,28,21,Code 8,Permanent,KwaZulu-Natal,3.45
D008672,Nandi Cele,61,11,Code 10,Owner Driver,Mpumalanga,4.26
D008673,Ayanda Mokoena,36,34,Code 10,Contract,Free State,3.67
D008674,Lerato Sithole,58,2,Code 10,Permanent,Mpumalanga,3.34
D008675,Thabo Moyo,26,27,Code 10,Contract,North West,3.99
D008676,Tshepo Botha,37,4,Code 8,Permanent,Free State,3.81
D008677,Dumisani Williams,50,22,Code 10,Permanent,Eastern Cape,4.47
D008678,Lwazi Modise,29,19,Code 8,Contract,Western Cape,4.71
D008679,Nandi Mabena,26,9,Code 8,Contract,Western Cape,4.07
D008680,Bongani Nkosi,52,14,Code 10,Owner Driver,Gauteng,3.24
D008681,Sipho Pillay,51,2,Code 8,Owner Driver,Gauteng,4.08
D008682,Sipho Adams,26,6,Code 8,Permanent,Eastern Cape,3.39
D008683,Bongani Naidoo,56,16,Code 10,Permanent,Western Cape,4.01
D008684,Zanele Naidoo,47,22,Code 8,Permanent,KwaZulu-Natal,3.98
D008685,Mpho Cele,29,8,Code 10,Permanent,Free State,4.76
D008686,Nandi Nkosi,47,23,Code 8,Owner Driver,Mpumalanga,4.66
D008687,Kagiso Mahlangu,38,29,Code 8,Permanent,Gauteng,4.18
D008688,Themba Jacobs,56,24,Code 10,Permanent,Free State,3.63
D008689,Amanda Pillay,38,21,Code 8,Owner Driver,Limpopo,4.61
D008690,Mpho Nkosi,54,12,Code 10,Permanent,Mpumalanga,5.0
D008691,Lwazi Mabena,32,2,Code 8,Permanent,KwaZulu-Natal,3.48
D008692,Amanda Williams,55,9,Code 8,Permanent,KwaZulu-Natal,4.1
D008693,Tshepo Moyo,30,33,Code 10,Contract,Limpopo,4.5
D008694,Mandla Mokoena,50,7,Code 8,Permanent,Eastern Cape,3.12
D008695,Mandla Khumalo,36,13,Code 10,Owner Driver,KwaZulu-Natal,2.88
D008696,Mandla Zulu,44,11,Code 10,Contract,Western Cape,3.74
D008697,Mandla Sithole,55,27,Code 8,Owner Driver,KwaZulu-Natal,2.97
D008698,Kagiso Dlamini,30,20,Code 8,Owner Driver,Eastern Cape,3.88
D008699,Phumzile Mahlangu,26,19,Code 8,Contract,Western Cape,3.47
D008700,Lindelwa Sithole,62,28,Code 14,Contract,Limpopo,4.38
D008701,Ayanda Nkosi,53,32,Code 14,Owner Driver,Mpumalanga,2.79
D008702,Mandla Dlamini,26,27,Code 10,Owner Driver,North West,4.23
D008703,Sibusiso Khumalo,48,20,Code 10,Permanent,Western Cape,4.0
D008704,Precious Mabena,43,24,Code 8,Permanent,Northern Cape,3.0
D008705,Phumzile Pillay,30,13,Code 14,Permanent,Free State,4.37
D008706,Nandi Van Wyk,53,4,Code 10,Permanent,Eastern Cape,3.84
D008707,Lwazi Mthembu,52,11,Code 8,Permanent,North West,5.0
D008708,Themba Modise,40,32,Code 10,Permanent,Limpopo,4.6
D008709,Sibusiso Moyo,46,16,Code 14,Contract,KwaZulu-Natal,4.46
D008710,Mpho Khumalo,51,22,Code 8,Permanent,North West,3.69
D008711,Bongani Sithole,25,23,Code 10,Permanent,North West,3.82
D008712,Amanda Sithole,51,2,Code 14,Contract,Northern Cape,4.29
D008713,Zanele Naidoo,54,19,Code 8,Permanent,Mpumalanga,4.56
D008714,Dumisani Jacobs,29,32,Code 8,Owner Driver,North West,4.51
D008715,Lindelwa Zulu,33,9,Code 10,Contract,KwaZulu-Natal,3.96
D008716,Themba Khumalo,30,19,Code 8,Owner Driver,Free State,3.46
D008717,Phumzile Zulu,61,33,Code 10,Contract,Western Cape,4.63
D008718,Amanda Zulu,42,10,Code 10,Owner Driver,North West,3.86
D008719,Kagiso Molefe,39,11,Code 8,Permanent,Mpumalanga,2.96
D008720,Lerato Mahlangu,32,1,Code 14,Permanent,Western Cape,3.18
D008721,Kabelo Sithole,48,34,Code 10,Contract,Gauteng,4.07
D008722,Dumisani Mthembu,37,6,Code 10,Contract,Northern Cape,3.12
D008723,Dumisani Jacobs,50,28,Code 8,Contract,North West,4.72
D008724,Phumzile Modise,33,7,Code 14,Contract,Limpopo,5.0
D008725,Precious Dlamini,30,33,Code 10,Permanent,Mpumalanga,3.84
D008726,Ayanda Adams,62,9,Code 8,Owner Driver,Limpopo,4.46
D008727,Phumzile Mabena,61,13,Code 8,Permanent,Limpopo,5.0
D008728,Thabo Khumalo,63,32,Code 14,Permanent,Northern Cape,5.0
D008729,Kabelo Ndlovu,29,28,Code 8,Owner Driver,Limpopo,4.43
D008730,Zanele Mkhize,51,9,Code 8,Contract,Eastern Cape,4.09
D008731,Mpho Molefe,54,34,Code 10,Contract,Western Cape,4.43
D008732,Amanda Molefe,33,14,Code 14,Permanent,Eastern Cape,4.07
D008733,Sibusiso Dlamini,57,4,Code 8,Owner Driver,Mpumalanga,3.52
D008734,Dumisani Dlamini,36,17,Code 14,Permanent,Mpumalanga,4.44
D008735,Nomsa Moyo,34,22,Code 10,Contract,Eastern Cape,3.07
D008736,Themba Van Wyk,60,17,Code 10,Contract,Northern Cape,3.6
D008737,Kabelo Mokoena,59,3,Code 8,Contract,North West,4.09
D008738,Nokuthula Williams,32,34,Code 8,Permanent,Mpumalanga,3.55
D008739,Amanda Nkosi,31,26,Code 8,Owner Driver,Western Cape,3.09
D008740,Siyabonga Cele,44,22,Code 8,Permanent,Limpopo,4.72
D008741,Kagiso Van Wyk,40,31,Code 10,Contract,Eastern Cape,3.95
D008742,Themba Moyo,47,15,Code 14,Permanent,North West,3.8
D008743,Ayanda Van Wyk,45,26,Code 10,Contract,Mpumalanga,3.74
D008744,Bongani Williams,29,16,Code 10,Permanent,North West,4.25
D008745,Sibusiso Mthembu,52,25,Code 8,Permanent,KwaZulu-Natal,4.63
D008746,Bongani Modise,36,3,Code 14,Permanent,Northern Cape,4.07
D008747,Busisiwe Jacobs,50,22,Code 8,Permanent,Western Cape,3.42
D008748,Lindelwa Cele,39,20,Code 14,Permanent,Eastern Cape,4.38
D008749,Dumisani Maseko,36,13,Code 10,Contract,North West,3.63
D008750,Lindelwa Nkosi,62,13,Code 8,Contract,Northern Cape,4.61
D008751,Kagiso Molefe,62,1,Code 14,Owner Driver,North West,3.54
D008752,Themba Van Wyk,26,29,Code 8,Permanent,Northern Cape,4.86
D008753,Lwazi Mkhize,51,19,Code 8,Permanent,Northern Cape,3.43
D008754,Amanda Mokoena,24,23,Code 10,Permanent,Free State,3.13
D008755,Ayanda Zulu,42,14,Code 10,Contract,KwaZulu-Natal,4.13
D008756,Phumzile Dlamini,24,21,Code 14,Permanent,Mpumalanga,3.84
D008757,Sibusiso Pillay,43,25,Code 10,Permanent,Northern Cape,4.53
D008758,Zanele Mkhize,25,29,Code 14,Contract,Western Cape,3.29
D008759,Themba Williams,49,22,Code 10,Contract,KwaZulu-Natal,4.13
D008760,Themba Modise,36,2,Code 8,Owner Driver,Limpopo,3.76
D008761,Amanda Adams,45,4,Code 14,Owner Driver,North West,4.84
D008762,Siyabonga Mokoena,33,30,Code 14,Owner Driver,Free State,4.77
D008763,Precious Mthembu,63,30,Code 8,Contract,Gauteng,4.84
D008764,Mandla Cele,50,9,Code 8,Permanent,North West,4.43
D008765,Sipho Adams,40,6,Code 10,Permanent,Limpopo,4.65
D008766,Themba Moyo,44,8,Code 14,Contract,Limpopo,3.06
D008767,Busisiwe Molefe,63,34,Code 10,Owner Driver,Free State,2.95
D008768,Nokuthula Jacobs,28,19,Code 10,Contract,Northern Cape,2.93
D008769,Ayanda Zulu,31,16,Code 8,Owner Driver,Mpumalanga,4.2
D008770,Nandi Ndlovu,60,34,Code 8,Permanent,Northern Cape,4.34
D008771,Kabelo Molefe,47,25,Code 10,Permanent,Eastern Cape,3.85
D008772,Mpho Moyo,54,29,Code 8,Permanent,North West,3.69
D008773,Precious Molefe,45,33,Code 14,Owner Driver,KwaZulu-Natal,4.55
D008774,Lindelwa Moyo,60,27,Code 14,Owner Driver,Eastern Cape,4.09
D008775,Themba Molefe,64,20,Code 8,Owner Driver,Northern Cape,4.6
D008776,Sipho Ngcobo,33,1,Code 10,Owner Driver,North West,4.7
D008777,Zanele Botha,55,1,Code 14,Permanent,Free State,4.19
D008778,Sipho Botha,54,28,Code 8,Permanent,KwaZulu-Natal,3.77
D008779,Thabo Molefe,63,26,Code 10,Contract,Northern Cape,4.03
D008780,Nandi Khumalo,29,31,Code 10,Owner Driver,Limpopo,4.11
D008781,Nokuthula Mokoena,64,9,Code 10,Owner Driver,North West,4.1
D008782,Ayanda Molefe,57,19,Code 10,Permanent,Eastern Cape,4.47
D008783,Mpho Mabena,32,16,Code 10,Permanent,Mpumalanga,4.84
D008784,Lindelwa Nkosi,25,13,Code 14,Contract,North West,4.79
D008785,Kabelo Molefe,35,34,Code 8,Permanent,Free State,4.08
D008786,Kabelo Jacobs,54,18,Code 10,Contract,KwaZulu-Natal,4.44
D008787,Busisiwe Maseko,62,23,Code 10,Owner Driver,North West,4.52
D008788,Nomsa Jacobs,27,32,Code 10,Permanent,Gauteng,3.43
D008789,Mpho Dlamini,63,17,Code 10,Permanent,Eastern Cape,4.63
D008790,Karabo Naidoo,53,7,Code 8,Permanent,Eastern Cape,2.37
D008791,Zanele Zulu,64,19,Code 10,Permanent,North West,4.31
D008792,Dumisani Mahlangu,47,34,Code 10,Contract,North West,3.08
D008793,Tshepo Adams,34,2,Code 14,Owner Driver,Eastern Cape,3.69
D008794,Sibusiso Zulu,33,12,Code 10,Owner Driver,KwaZulu-Natal,4.66
D008795,Kabelo Maseko,57,23,Code 10,Permanent,Eastern Cape,4.42
D008796,Nokuthula Nkosi,44,25,Code 10,Permanent,Northern Cape,3.38
D008797,Tshepo Mthembu,42,21,Code 10,Owner Driver,Mpumalanga,3.98
D008798,Mandla Moyo,33,24,Code 10,Owner Driver,Limpopo,3.82
D008799,Precious Moyo,36,29,Code 10,Contract,Limpopo,3.67
D008800,Karabo Molefe,43,33,Code 10,Owner Driver,Mpumalanga,3.47
D008801,Amanda Mokoena,60,26,Code 14,Owner Driver,Gauteng,3.91
D008802,Mandla Moyo,55,5,Code 14,Owner Driver,North West,3.3
D008803,Mandla Cele,60,10,Code 10,Contract,Western Cape,3.72
D008804,Nomsa Molefe,47,18,Code 10,Contract,Mpumalanga,3.63
D008805,Busisiwe Mahlangu,26,19,Code 14,Contract,KwaZulu-Natal,4.74
D008806,Lindelwa Dlamini,38,21,Code 8,Permanent,North West,4.32
D008807,Lerato Modise,62,29,Code 10,Permanent,Northern Cape,4.63
D008808,Ayanda Nkosi,32,32,Code 14,Permanent,KwaZulu-Natal,3.27
D008809,Nomsa Mthembu,46,10,Code 10,Owner Driver,North West,4.19
D008810,Themba Molefe,50,1,Code 14,Permanent,KwaZulu-Natal,4.82
D008811,Nandi Ngcobo,28,31,Code 10,Owner Driver,Mpumalanga,3.87
D008812,Mandla Pillay,28,1,Code 8,Permanent,KwaZulu-Natal,3.2
D008813,Thabo Molefe,63,10,Code 10,Permanent,Northern Cape,5.0
D008814,Thabo Naidoo,47,30,Code 10,Permanent,KwaZulu-Natal,3.54
D008815,Kabelo Mahlangu,64,33,Code 8,Owner Driver,Limpopo,5.0
D008816,Ayanda Ngcobo,56,17,Code 8,Permanent,Free State,4.53
D008817,Mpho Maseko,58,13,Code 14,Owner Driver,North West,3.84
D008818,Kabelo Ndlovu,62,11,Code 10,Permanent,Western Cape,4.38
D008819,Dumisani Adams,40,2,Code 10,Permanent,Mpumalanga,3.06
D008820,Kabelo Nkosi,63,19,Code 10,Permanent,Limpopo,4.64
D008821,Kagiso Botha,60,5,Code 10,Permanent,Free State,4.72
D008822,Thabo Molefe,54,29,Code 10,Permanent,KwaZulu-Natal,3.71
D008823,Ayanda Mkhize,24,19,Code 8,Permanent,Eastern Cape,4.24
D008824,Kabelo Maseko,59,19,Code 10,Owner Driver,Free State,3.99
D008825,Busisiwe Khumalo,60,7,Code 8,Owner Driver,Free State,4.59
D008826,Siyabonga Dlamini,43,21,Code 8,Owner Driver,Free State,4.22
D008827,Nokuthula Zulu,23,16,Code 8,Permanent,Mpumalanga,4.31
D008828,Kabelo Williams,43,16,Code 14,Contract,Western Cape,4.25
D008829,Zanele Botha,61,11,Code 10,Permanent,Limpopo,4.62
D008830,Mpho Khumalo,52,23,Code 10,Permanent,Northern Cape,4.59
D008831,Sibusiso Nkosi,61,4,Code 8,Permanent,Eastern Cape,4.94
D008832,Lerato Williams,36,2,Code 8,Owner Driver,Mpumalanga,4.4
D008833,Nokuthula Mabena,65,21,Code 8,Permanent,Western Cape,2.99
D008834,Nandi Mokoena,52,26,Code 14,Permanent,Gauteng,3.95
D008835,Busisiwe Botha,25,17,Code 10,Permanent,North West,3.89
D008836,Karabo Cele,36,4,Code 10,Permanent,North West,4.73
D008837,Karabo Adams,38,19,Code 10,Permanent,Eastern Cape,3.9
D008838,Mpho Modise,41,3,Code 8,Permanent,KwaZulu-Natal,3.53
D008839,Kagiso Moyo,26,29,Code 8,Owner Driver,Western Cape,4.02
D008840,Mpho Molefe,54,8,Code 14,Contract,Northern Cape,3.47
D008841,Phumzile Mokoena,44,12,Code 10,Permanent,KwaZulu-Natal,5.0
D008842,Lwazi Cele,29,10,Code 10,Permanent,Limpopo,3.56
D008843,Sibusiso Williams,33,17,Code 8,Permanent,Free State,3.97
D008844,Nandi Williams,25,26,Code 10,Permanent,KwaZulu-Natal,4.27
D008845,Amanda Dlamini,59,4,Code 8,Permanent,Free State,4.35
D008846,Sibusiso Nkosi,63,32,Code 10,Permanent,North West,3.68
D008847,Mpho Mahlangu,34,16,Code 10,Permanent,Free State,3.76
D008848,Precious Cele,38,27,Code 10,Owner Driver,Eastern Cape,4.15
D008849,Sibusiso Dlamini,39,27,Code 14,Contract,Eastern Cape,3.1
D008850,Themba Ndlovu,40,34,Code 14,Permanent,North West,4.11
D008851,Zanele Botha,49,32,Code 8,Contract,Free State,4.84
D008852,Ayanda Sithole,63,15,Code 14,Contract,Mpumalanga,4.99
D008853,Ayanda Mabena,30,8,Code 14,Contract,Free State,4.25
D008854,Mpho Van Wyk,53,1,Code 8,Contract,Northern Cape,4.43
D008855,Lerato Naidoo,62,6,Code 10,Owner Driver,Western Cape,4.65
D008856,Nandi Botha,33,5,Code 8,Contract,Eastern Cape,3.61
D008857,Phumzile Dlamini,32,15,Code 8,Owner Driver,Gauteng,3.82
D008858,Sipho Dlamini,35,5,Code 14,Permanent,Eastern Cape,4.67
D008859,Themba Modise,24,6,Code 10,Permanent,Gauteng,3.88
D008860,Nokuthula Naidoo,38,29,Code 14,Contract,Western Cape,3.39
D008861,Themba Williams,29,19,Code 10,Permanent,Northern Cape,3.95
D008862,Dumisani Van Wyk,38,12,Code 10,Contract,North West,3.58
D008863,Tshepo Cele,58,18,Code 10,Contract,Gauteng,3.95
D008864,Kagiso Maseko,24,6,Code 8,Owner Driver,Limpopo,3.63
D008865,Tshepo Mthembu,59,31,Code 14,Owner Driver,Limpopo,4.64
D008866,Lwazi Ndlovu,26,17,Code 10,Permanent,Free State,4.05
D008867,Nomsa Mokoena,38,30,Code 8,Contract,Northern Cape,4.43
D008868,Nomsa Mkhize,31,13,Code 8,Permanent,Western Cape,3.75
D008869,Busisiwe Sithole,43,30,Code 10,Permanent,KwaZulu-Natal,3.46
D008870,Dumisani Molefe,30,28,Code 10,Permanent,Mpumalanga,3.75
D008871,Themba Mthembu,46,12,Code 8,Permanent,North West,4.15
D008872,Lwazi Molefe,65,8,Code 10,Contract,Western Cape,3.46
D008873,Precious Dlamini,24,12,Code 14,Permanent,Mpumalanga,4.4
D008874,Tshepo Mthembu,53,34,Code 8,Permanent,North West,3.91
D008875,Themba Mokoena,49,30,Code 14,Owner Driver,Free State,3.12
D008876,Nandi Molefe,34,13,Code 10,Contract,Gauteng,4.14
D008877,Bongani Pillay,32,3,Code 10,Owner Driver,Free State,3.8
D008878,Tshepo Khumalo,47,3,Code 10,Owner Driver,North West,3.47
D008879,Siyabonga Mahlangu,53,16,Code 8,Contract,Free State,4.18
D008880,Tshepo Pillay,61,6,Code 10,Contract,Limpopo,5.0
D008881,Phumzile Ndlovu,59,31,Code 8,Permanent,Gauteng,3.85
D008882,Lindelwa Ndlovu,45,17,Code 10,Permanent,Mpumalanga,3.45
D008883,Karabo Jacobs,26,15,Code 10,Permanent,Northern Cape,4.09
D008884,Tshepo Dlamini,58,31,Code 14,Contract,Eastern Cape,4.59
D008885,Lindelwa Mabena,28,1,Code 8,Permanent,Mpumalanga,3.55
D008886,Karabo Botha,54,4,Code 10,Contract,Free State,3.85
D008887,Mandla Moyo,25,1,Code 14,Owner Driver,Gauteng,3.57
D008888,Karabo Adams,43,16,Code 10,Contract,North West,4.53
D008889,Zanele Adams,63,21,Code 14,Permanent,Eastern Cape,4.16
D008890,Nokuthula Adams,48,27,Code 10,Contract,Western Cape,3.55
D008891,Ayanda Van Wyk,65,30,Code 14,Permanent,Mpumalanga,3.27
D008892,Sipho Cele,35,27,Code 10,Permanent,Northern Cape,4.16
D008893,Tshepo Mkhize,61,14,Code 14,Permanent,Mpumalanga,4.68
D008894,Nandi Nkosi,38,1,Code 10,Permanent,KwaZulu-Natal,4.17
D008895,Sibusiso Williams,45,24,Code 10,Permanent,Northern Cape,3.91
D008896,Kagiso Sithole,63,34,Code 10,Contract,Free State,4.07
D008897,Zanele Mthembu,55,34,Code 8,Permanent,Gauteng,4.2
D008898,Dumisani Mthembu,38,26,Code 14,Permanent,Mpumalanga,3.8
D008899,Bongani Mthembu,29,25,Code 14,Permanent,North West,3.93
D008900,Kabelo Modise,65,7,Code 10,Permanent,Northern Cape,4.5
D008901,Busisiwe Jacobs,37,31,Code 14,Contract,Mpumalanga,4.09
D008902,Lerato Moyo,43,30,Code 14,Owner Driver,Mpumalanga,4.34
D008903,Lindelwa Ndlovu,39,31,Code 14,Permanent,North West,4.38
D008904,Precious Mkhize,58,2,Code 8,Contract,Gauteng,3.9
D008905,Thabo Zulu,56,16,Code 10,Permanent,North West,2.8
D008906,Sipho Williams,54,3,Code 14,Contract,North West,3.43
D008907,Precious Cele,42,13,Code 8,Permanent,Free State,4.23
D008908,Tshepo Van Wyk,45,28,Code 14,Permanent,Gauteng,3.71
D008909,Zanele Botha,58,10,Code 10,Owner Driver,Mpumalanga,3.65
D008910,Phumzile Mabena,54,14,Code 14,Permanent,Limpopo,4.16
D008911,Bongani Ngcobo,24,19,Code 8,Permanent,Limpopo,4.36
D008912,Zanele Sithole,44,17,Code 8,Owner Driver,Gauteng,2.76
D008913,Busisiwe Maseko,27,10,Code 14,Permanent,Free State,4.19
D008914,Zanele Maseko,24,25,Code 8,Owner Driver,Northern Cape,4.89
D008915,Mandla Jacobs,55,2,Code 8,Permanent,North West,5.0
D008916,Karabo Mthembu,26,9,Code 8,Contract,Western Cape,3.94
D008917,Dumisani Naidoo,39,14,Code 14,Contract,Eastern Cape,4.43
D008918,Bongani Botha,35,26,Code 8,Contract,Free State,4.35
D008919,Ayanda Nkosi,32,15,Code 10,Permanent,Gauteng,3.49
D008920,Precious Khumalo,47,20,Code 10,Permanent,Mpumalanga,4.66
D008921,Busisiwe Jacobs,58,23,Code 8,Owner Driver,Gauteng,3.66
D008922,Kagiso Mthembu,46,29,Code 8,Owner Driver,Northern Cape,2.93
D008923,Kagiso Jacobs,46,32,Code 8,Contract,Western Cape,4.33
D008924,Tshepo Pillay,53,4,Code 8,Contract,Western Cape,3.0
D008925,Bongani Moyo,50,31,Code 10,Owner Driver,Gauteng,3.02
D008926,Amanda Van Wyk,25,3,Code 14,Permanent,KwaZulu-Natal,3.62
D008927,Bongani Mahlangu,31,10,Code 10,Permanent,North West,4.54
D008928,Sibusiso Adams,44,2,Code 14,Permanent,Northern Cape,3.89
D008929,Thabo Pillay,60,2,Code 10,Contract,Free State,4.77
D008930,Sipho Nkosi,50,26,Code 10,Owner Driver,Eastern Cape,4.02
D008931,Lindelwa Ndlovu,39,31,Code 10,Contract,KwaZulu-Natal,3.71
D008932,Precious Botha,62,23,Code 8,Contract,Eastern Cape,3.84
D008933,Mpho Ngcobo,40,22,Code 10,Contract,KwaZulu-Natal,5.0
D008934,Precious Molefe,61,27,Code 8,Permanent,Gauteng,4.35
D008935,Kabelo Cele,28,8,Code 8,Contract,Limpopo,4.51
D008936,Mpho Botha,33,22,Code 8,Permanent,Limpopo,3.64
D008937,Thabo Zulu,29,34,Code 10,Permanent,Free State,5.0
D008938,Ayanda Sithole,48,33,Code 10,Permanent,KwaZulu-Natal,4.1
D008939,Lwazi Moyo,43,21,Code 10,Permanent,KwaZulu-Natal,3.72
D008940,Kagiso Botha,39,5,Code 10,Permanent,Northern Cape,3.31
D008941,Zanele Cele,31,2,Code 8,Contract,North West,4.01
D008942,Nokuthula Sithole,44,29,Code 8,Permanent,Western Cape,3.66
D008943,Mandla Cele,54,9,Code 8,Contract,Limpopo,5.0
D008944,Kabelo Moyo,28,19,Code 10,Permanent,KwaZulu-Natal,3.53
D008945,Lerato Nkosi,36,22,Code 14,Permanent,Northern Cape,4.73
D008946,Lwazi Molefe,31,32,Code 14,Contract,Free State,3.58
D008947,Karabo Maseko,28,21,Code 8,Owner Driver,Northern Cape,3.92
D008948,Tshepo Zulu,42,24,Code 8,Permanent,KwaZulu-Natal,4.4
D008949,Lindelwa Jacobs,65,22,Code 8,Contract,Gauteng,4.05
D008950,Lindelwa Williams,23,4,Code 14,Permanent,Gauteng,3.76
D008951,Mpho Botha,54,8,Code 10,Owner Driver,KwaZulu-Natal,4.16
D008952,Nomsa Modise,44,29,Code 10,Permanent,Free State,4.54
D008953,Kagiso Moyo,28,11,Code 14,Permanent,Western Cape,4.1
D008954,Themba Mokoena,31,10,Code 10,Contract,Northern Cape,4.03
D008955,Nomsa Cele,36,31,Code 10,Contract,KwaZulu-Natal,4.19
D008956,Nokuthula Molefe,52,29,Code 10,Contract,Mpumalanga,3.88
D008957,Thabo Mthembu,41,10,Code 8,Contract,Western Cape,3.57
D008958,Thabo Jacobs,52,29,Code 8,Owner Driver,Western Cape,3.18
D008959,Precious Zulu,59,25,Code 10,Contract,Gauteng,3.97
D008960,Sipho Van Wyk,50,34,Code 8,Permanent,Gauteng,3.98
D008961,Phumzile Sithole,33,33,Code 10,Contract,Eastern Cape,3.53
D008962,Busisiwe Mabena,46,7,Code 14,Permanent,Northern Cape,4.06
D008963,Kagiso Williams,23,22,Code 8,Permanent,KwaZulu-Natal,4.37
D008964,Mpho Ndlovu,54,10,Code 8,Contract,North West,4.4
D008965,Kagiso Pillay,53,22,Code 10,Contract,Northern Cape,4.19
D008966,Dumisani Molefe,58,1,Code 8,Permanent,Western Cape,3.04
D008967,Kagiso Van Wyk,40,31,Code 14,Permanent,Eastern Cape,2.88
D008968,Karabo Molefe,56,20,Code 8,Permanent,North West,4.77
D008969,Tshepo Nkosi,60,7,Code 10,Contract,Northern Cape,4.49
D008970,Ayanda Maseko,47,3,Code 8,Owner Driver,Limpopo,4.84
D008971,Nomsa Cele,24,22,Code 8,Permanent,Gauteng,3.77
D008972,Sipho Ngcobo,37,28,Code 14,Permanent,North West,3.76
D008973,Dumisani Molefe,43,18,Code 8,Contract,Eastern Cape,4.51
D008974,Karabo Mkhize,58,11,Code 14,Permanent,Limpopo,4.41
D008975,Kagiso Van Wyk,40,20,Code 10,Permanent,KwaZulu-Natal,4.01
D008976,Phumzile Cele,35,14,Code 14,Owner Driver,North West,3.56
D008977,Karabo Molefe,58,18,Code 14,Permanent,Gauteng,3.43
D008978,Thabo Mabena,40,30,Code 10,Owner Driver,Gauteng,3.68
D008979,Tshepo Mkhize,57,1,Code 10,Permanent,KwaZulu-Natal,3.12
D008980,Busisiwe Van Wyk,65,6,Code 14,Permanent,Limpopo,3.45
D008981,Sipho Mabena,38,16,Code 10,Permanent,Limpopo,4.33
D008982,Sibusiso Ndlovu,53,15,Code 8,Contract,North West,3.55
D008983,Phumzile Dlamini,57,19,Code 10,Permanent,KwaZulu-Natal,4.04
D008984,Busisiwe Mabena,59,27,Code 8,Permanent,Eastern Cape,3.89
D008985,Nomsa Modise,32,4,Code 8,Contract,KwaZulu-Natal,3.72
D008986,Kagiso Pillay,63,17,Code 10,Permanent,Northern Cape,4.96
D008987,Thabo Zulu,47,32,Code 14,Owner Driver,Limpopo,4.02
D008988,Sibusiso Mahlangu,33,26,Code 10,Permanent,Eastern Cape,5.0
D008989,Nokuthula Moyo,33,6,Code 8,Permanent,Gauteng,3.09
D008990,Bongani Sithole,59,14,Code 14,Permanent,Western Cape,5.0
D008991,Bongani Mabena,58,31,Code 10,Permanent,Limpopo,3.59
D008992,Phumzile Mkhize,32,5,Code 8,Owner Driver,Northern Cape,3.27
D008993,Sibusiso Ngcobo,25,25,Code 8,Contract,North West,4.25
D008994,Nomsa Adams,37,11,Code 10,Permanent,Gauteng,4.37
D008995,Siyabonga Khumalo,57,9,Code 14,Permanent,KwaZulu-Natal,4.5
D008996,Siyabonga Mokoena,51,27,Code 8,Permanent,KwaZulu-Natal,4.38
D008997,Lwazi Ndlovu,58,18,Code 8,Owner Driver,Mpumalanga,4.47
D008998,Karabo Mthembu,28,2,Code 14,Contract,Free State,4.64
D008999,Mpho Zulu,32,19,Code 10,Contract,Northern Cape,3.88
D009000,Dumisani Mokoena,37,12,Code 8,Permanent,Limpopo,3.92
D009001,Sipho Van Wyk,34,5,Code 8,Contract,Mpumalanga,3.12
D009002,Sibusiso Mokoena,36,33,Code 10,Permanent,KwaZulu-Natal,3.8
D009003,Sipho Mkhize,47,15,Code 8,Contract,Northern Cape,3.02
D009004,Nandi Mthembu,45,12,Code 14,Contract,North West,4.25
D009005,Nandi Khumalo,34,3,Code 8,Permanent,Gauteng,4.17
D009006,Sipho Mahlangu,62,5,Code 8,Permanent,Limpopo,3.86
D009007,Karabo Mkhize,46,32,Code 10,Permanent,Northern Cape,4.31
D009008,Nokuthula Ndlovu,44,23,Code 8,Contract,Free State,3.23
D009009,Karabo Mokoena,36,9,Code 10,Contract,Limpopo,3.85
D009010,Zanele Jacobs,59,10,Code 8,Contract,Eastern Cape,3.31
D009011,Karabo Pillay,32,4,Code 8,Contract,Free State,3.84
D009012,Lwazi Jacobs,57,8,Code 8,Permanent,Mpumalanga,3.92
D009013,Sibusiso Sithole,39,10,Code 10,Permanent,North West,4.34
D009014,Themba Zulu,42,23,Code 14,Contract,KwaZulu-Natal,3.34
D009015,Siyabonga Moyo,37,15,Code 10,Permanent,Gauteng,5.0
D009016,Mpho Mahlangu,51,12,Code 10,Contract,Gauteng,4.32
D009017,Lerato Mokoena,43,16,Code 14,Contract,Limpopo,3.96
D009018,Sibusiso Pillay,65,30,Code 10,Permanent,KwaZulu-Natal,3.93
D009019,Tshepo Pillay,40,27,Code 10,Permanent,Western Cape,4.71
D009020,Lwazi Adams,49,26,Code 10,Contract,Western Cape,4.21
D009021,Kabelo Pillay,50,24,Code 8,Permanent,Mpumalanga,3.59
D009022,Kagiso Naidoo,34,1,Code 8,Permanent,Free State,3.79
D009023,Mpho Jacobs,61,18,Code 8,Permanent,Free State,3.97
D009024,Thabo Cele,31,5,Code 8,Permanent,Western Cape,4.08
D009025,Siyabonga Mokoena,61,23,Code 10,Owner Driver,Eastern Cape,3.51
D009026,Phumzile Pillay,40,21,Code 10,Permanent,Western Cape,3.7
D009027,Lerato Mthembu,60,9,Code 10,Contract,North West,3.71
D009028,Thabo Cele,63,26,Code 10,Permanent,Gauteng,3.73
D009029,Thabo Nkosi,57,20,Code 10,Permanent,KwaZulu-Natal,4.73
D009030,Kabelo Ndlovu,28,27,Code 10,Contract,Limpopo,3.16
D009031,Nomsa Moyo,41,22,Code 10,Permanent,Limpopo,4.16
D009032,Tshepo Nkosi,27,24,Code 10,Permanent,Mpumalanga,4.4
D009033,Sipho Botha,25,15,Code 8,Contract,Free State,3.67
D009034,Phumzile Pillay,31,4,Code 14,Permanent,Western Cape,3.75
D009035,Mandla Mokoena,26,28,Code 10,Permanent,Northern Cape,4.35
D009036,Mpho Mkhize,62,3,Code 14,Contract,North West,3.64
D009037,Tshepo Mahlangu,53,8,Code 10,Contract,North West,3.77
D009038,Karabo Adams,53,20,Code 14,Permanent,Eastern Cape,3.04
D009039,Themba Adams,38,21,Code 10,Permanent,North West,4.76
D009040,Themba Cele,64,9,Code 10,Permanent,Western Cape,3.67
D009041,Dumisani Williams,46,20,Code 14,Owner Driver,KwaZulu-Natal,4.0
D009042,Phumzile Mabena,59,19,Code 14,Contract,Eastern Cape,3.97
D009043,Karabo Modise,32,8,Code 8,Permanent,North West,3.83
D009044,Nokuthula Modise,36,26,Code 8,Contract,Mpumalanga,4.31
D009045,Karabo Ngcobo,46,9,Code 8,Permanent,KwaZulu-Natal,4.24
D009046,Kagiso Cele,50,5,Code 10,Owner Driver,KwaZulu-Natal,3.64
D009047,Siyabonga Mthembu,36,31,Code 8,Owner Driver,Mpumalanga,4.17
D009048,Phumzile Adams,51,21,Code 8,Permanent,Gauteng,3.59
D009049,Ayanda Mabena,42,6,Code 8,Owner Driver,Free State,4.38
D009050,Mpho Sithole,57,12,Code 10,Permanent,Gauteng,4.13
D009051,Precious Jacobs,48,33,Code 10,Contract,Mpumalanga,3.75
D009052,Phumzile Williams,29,26,Code 10,Permanent,Western Cape,2.86
D009053,Bongani Ndlovu,44,17,Code 8,Permanent,Free State,3.98
D009054,Thabo Ndlovu,40,11,Code 10,Permanent,Northern Cape,4.29
D009055,Kagiso Mahlangu,35,33,Code 10,Contract,Mpumalanga,4.03
D009056,Nandi Dlamini,34,32,Code 8,Owner Driver,Mpumalanga,3.37
D009057,Amanda Molefe,25,7,Code 10,Owner Driver,Mpumalanga,3.4
D009058,Thabo Moyo,34,13,Code 8,Permanent,North West,4.36
D009059,Dumisani Botha,29,25,Code 10,Permanent,Northern Cape,4.21
D009060,Lerato Ngcobo,38,32,Code 14,Contract,Gauteng,3.83
D009061,Lwazi Mabena,34,20,Code 8,Permanent,Northern Cape,3.82
D009062,Busisiwe Cele,26,6,Code 10,Contract,Northern Cape,4.49
D009063,Bongani Mokoena,31,27,Code 10,Permanent,KwaZulu-Natal,4.17
D009064,Kagiso Maseko,33,5,Code 14,Owner Driver,Northern Cape,3.7
D009065,Sipho Dlamini,59,16,Code 8,Contract,Mpumalanga,3.86
D009066,Ayanda Cele,41,8,Code 10,Permanent,North West,4.4
D009067,Nokuthula Zulu,49,3,Code 10,Contract,Mpumalanga,4.45
D009068,Nandi Khumalo,23,30,Code 10,Permanent,Free State,4.69
D009069,Precious Sithole,64,8,Code 10,Owner Driver,Northern Cape,3.9
D009070,Mandla Jacobs,24,8,Code 8,Contract,North West,4.3
D009071,Kagiso Van Wyk,45,34,Code 10,Permanent,Mpumalanga,3.96
D009072,Themba Williams,23,24,Code 8,Permanent,Western Cape,4.14
D009073,Busisiwe Naidoo,65,19,Code 10,Permanent,Free State,4.14
D009074,Busisiwe Naidoo,53,27,Code 14,Contract,Gauteng,3.74
D009075,Lwazi Ngcobo,60,23,Code 10,Permanent,Eastern Cape,4.13
D009076,Tshepo Cele,33,8,Code 10,Contract,Gauteng,3.98
D009077,Tshepo Moyo,24,15,Code 8,Permanent,Gauteng,3.38
D009078,Mpho Maseko,39,33,Code 8,Permanent,Mpumalanga,4.05
D009079,Sipho Mokoena,29,3,Code 10,Owner Driver,Northern Cape,4.85
D009080,Karabo Mahlangu,58,12,Code 14,Permanent,Northern Cape,4.2
D009081,Bongani Pillay,31,15,Code 10,Owner Driver,Eastern Cape,3.85
D009082,Tshepo Mabena,51,7,Code 10,Permanent,Northern Cape,3.98
D009083,Mandla Molefe,54,17,Code 8,Permanent,Northern Cape,3.91
D009084,Kagiso Ngcobo,64,1,Code 14,Contract,Eastern Cape,3.03
D009085,Karabo Naidoo,58,2,Code 10,Contract,Gauteng,4.19
D009086,Nandi Modise,54,24,Code 8,Permanent,Limpopo,3.47
D009087,Lwazi Van Wyk,30,21,Code 14,Contract,Western Cape,3.74
D009088,Nomsa Modise,40,8,Code 8,Permanent,Limpopo,5.0
D009089,Precious Botha,23,4,Code 8,Permanent,Northern Cape,4.46
D009090,Karabo Maseko,33,32,Code 10,Owner Driver,Western Cape,4.85
D009091,Nomsa Khumalo,49,2,Code 8,Permanent,Eastern Cape,3.94
D009092,Mandla Van Wyk,63,30,Code 10,Permanent,Northern Cape,3.6
D009093,Kabelo Sithole,29,13,Code 8,Owner Driver,Limpopo,3.83
D009094,Ayanda Moyo,26,4,Code 10,Permanent,Mpumalanga,3.79
D009095,Dumisani Moyo,27,25,Code 8,Permanent,North West,3.99
D009096,Sipho Modise,38,15,Code 10,Permanent,Gauteng,4.12
D009097,Karabo Mthembu,34,14,Code 10,Contract,Eastern Cape,4.39
D009098,Lwazi Ndlovu,51,3,Code 10,Owner Driver,Eastern Cape,3.87
D009099,Lindelwa Williams,38,14,Code 14,Permanent,North West,4.6
D009100,Tshepo Jacobs,35,7,Code 8,Permanent,Northern Cape,4.31
D009101,Amanda Jacobs,54,23,Code 8,Permanent,Free State,3.83
D009102,Nokuthula Pillay,30,10,Code 10,Contract,Gauteng,3.95
D009103,Busisiwe Khumalo,50,19,Code 14,Permanent,Free State,3.69
D009104,Zanele Modise,28,33,Code 10,Contract,North West,3.87
D009105,Sibusiso Molefe,38,27,Code 10,Owner Driver,Eastern Cape,4.27
D009106,Nomsa Williams,57,4,Code 10,Permanent,Free State,4.19
D009107,Nandi Williams,31,5,Code 8,Permanent,Western Cape,3.43
D009108,Mpho Mkhize,47,27,Code 10,Permanent,KwaZulu-Natal,4.19
D009109,Amanda Van Wyk,28,24,Code 10,Permanent,Mpumalanga,3.67
D009110,Kabelo Mkhize,65,34,Code 10,Permanent,Northern Cape,3.77
D009111,Phumzile Zulu,29,14,Code 8,Owner Driver,Eastern Cape,3.67
D009112,Sipho Nkosi,61,10,Code 10,Owner Driver,Northern Cape,4.61
D009113,Nomsa Ngcobo,60,2,Code 10,Contract,Free State,3.85
D009114,Sipho Mokoena,36,1,Code 8,Permanent,Free State,3.73
D009115,Zanele Modise,63,32,Code 14,Permanent,Northern Cape,4.28
D009116,Nokuthula Modise,47,26,Code 10,Contract,KwaZulu-Natal,3.63
D009117,Kagiso Mokoena,33,14,Code 10,Contract,Western Cape,4.65
D009118,Kabelo Jacobs,44,11,Code 10,Permanent,Mpumalanga,3.66
D009119,Siyabonga Cele,40,12,Code 10,Permanent,Free State,4.39
D009120,Nokuthula Pillay,43,32,Code 8,Owner Driver,Limpopo,4.37
D009121,Nokuthula Ngcobo,27,18,Code 14,Owner Driver,Limpopo,4.87
D009122,Sibusiso Mkhize,47,7,Code 10,Permanent,North West,3.69
D009123,Thabo Cele,46,24,Code 8,Permanent,Limpopo,4.34
D009124,Sipho Van Wyk,60,22,Code 14,Contract,Gauteng,4.35
D009125,Nomsa Pillay,35,31,Code 8,Permanent,Free State,4.47
D009126,Sibusiso Dlamini,55,32,Code 10,Permanent,Eastern Cape,3.89
D009127,Lerato Ngcobo,23,16,Code 8,Owner Driver,Northern Cape,3.27
D009128,Ayanda Van Wyk,53,13,Code 10,Permanent,Mpumalanga,3.35
D009129,Sibusiso Maseko,38,27,Code 10,Permanent,Western Cape,3.34
D009130,Dumisani Williams,41,20,Code 8,Permanent,North West,3.92
D009131,Bongani Botha,64,34,Code 10,Permanent,Limpopo,3.88
D009132,Nandi Mokoena,62,29,Code 8,Owner Driver,Western Cape,3.71
D009133,Siyabonga Mahlangu,57,24,Code 10,Permanent,North West,3.76
D009134,Lerato Botha,31,23,Code 10,Permanent,Free State,4.24
D009135,Amanda Khumalo,49,24,Code 10,Contract,North West,4.08
D009136,Mpho Naidoo,61,14,Code 8,Contract,Free State,3.5
D009137,Tshepo Mahlangu,56,29,Code 10,Permanent,Western Cape,4.28
D009138,Lwazi Zulu,34,34,Code 14,Permanent,Mpumalanga,3.74
D009139,Bongani Khumalo,44,27,Code 14,Permanent,KwaZulu-Natal,4.1
D009140,Mandla Mabena,36,11,Code 8,Owner Driver,North West,3.39
D009141,Lwazi Cele,50,29,Code 10,Permanent,Free State,3.6
D009142,Nokuthula Williams,46,3,Code 10,Permanent,Western Cape,2.75
D009143,Kabelo Williams,41,28,Code 14,Permanent,Western Cape,3.79
D009144,Kabelo Zulu,62,4,Code 10,Contract,Gauteng,4.02
D009145,Nomsa Mthembu,43,3,Code 10,Contract,Eastern Cape,4.51
D009146,Lerato Khumalo,36,29,Code 10,Contract,Gauteng,4.16
D009147,Kabelo Modise,62,28,Code 10,Permanent,Northern Cape,3.19
D009148,Bongani Mahlangu,55,4,Code 10,Owner Driver,Western Cape,4.87
D009149,Karabo Botha,49,25,Code 14,Permanent,Western Cape,3.89
D009150,Zanele Maseko,29,27,Code 10,Owner Driver,Limpopo,4.91
D009151,Dumisani Mokoena,49,34,Code 14,Permanent,Mpumalanga,4.09
D009152,Busisiwe Nkosi,60,11,Code 10,Permanent,Free State,4.48
D009153,Lwazi Maseko,28,28,Code 8,Permanent,Gauteng,3.52
D009154,Dumisani Cele,61,25,Code 10,Contract,KwaZulu-Natal,2.55
D009155,Phumzile Khumalo,32,34,Code 8,Contract,Mpumalanga,3.72
D009156,Zanele Adams,52,32,Code 8,Permanent,Gauteng,3.87
D009157,Busisiwe Sithole,64,2,Code 8,Contract,Limpopo,3.58
D009158,Kabelo Mokoena,52,6,Code 8,Permanent,KwaZulu-Natal,3.23
D009159,Nandi Pillay,40,20,Code 8,Permanent,Northern Cape,3.13
D009160,Bongani Mkhize,25,15,Code 10,Owner Driver,Free State,5.0
D009161,Lerato Maseko,47,30,Code 10,Permanent,Free State,3.77
D009162,Lwazi Van Wyk,65,16,Code 14,Permanent,Free State,4.1
D009163,Ayanda Botha,27,9,Code 8,Owner Driver,Limpopo,4.48
D009164,Zanele Botha,24,27,Code 8,Contract,Free State,4.19
D009165,Siyabonga Mkhize,32,24,Code 10,Permanent,Western Cape,3.53
D009166,Kagiso Dlamini,39,21,Code 8,Permanent,Free State,2.68
D009167,Sipho Khumalo,31,7,Code 8,Contract,Free State,3.3
D009168,Nokuthula Maseko,41,24,Code 14,Contract,Northern Cape,4.12
D009169,Lindelwa Dlamini,27,17,Code 14,Permanent,Western Cape,3.35
D009170,Lindelwa Jacobs,41,32,Code 14,Contract,Eastern Cape,4.7
D009171,Bongani Moyo,45,28,Code 8,Permanent,Western Cape,3.42
D009172,Mpho Pillay,32,24,Code 10,Permanent,Northern Cape,3.58
D009173,Siyabonga Nkosi,48,31,Code 10,Owner Driver,Western Cape,4.18
D009174,Lindelwa Nkosi,28,25,Code 14,Permanent,Free State,3.99
D009175,Kagiso Jacobs,65,19,Code 8,Owner Driver,Limpopo,3.51
D009176,Themba Modise,55,22,Code 8,Permanent,Gauteng,4.86
D009177,Tshepo Dlamini,33,32,Code 8,Owner Driver,Mpumalanga,3.52
D009178,Zanele Adams,32,2,Code 14,Permanent,Free State,4.4
D009179,Zanele Mahlangu,48,31,Code 8,Contract,Limpopo,3.86
D009180,Karabo Zulu,43,27,Code 10,Permanent,Gauteng,3.05
D009181,Karabo Sithole,36,29,Code 10,Contract,KwaZulu-Natal,4.27
D009182,Nomsa Moyo,36,10,Code 8,Contract,Free State,4.82
D009183,Lerato Dlamini,32,28,Code 10,Permanent,Free State,4.19
D009184,Precious Mahlangu,44,10,Code 10,Owner Driver,Northern Cape,3.52
D009185,Kagiso Zulu,52,16,Code 10,Permanent,North West,4.86
D009186,Karabo Jacobs,33,28,Code 8,Permanent,Gauteng,3.83
D009187,Nandi Moyo,57,2,Code 10,Contract,Eastern Cape,4.24
D009188,Lerato Moyo,29,22,Code 8,Owner Driver,Western Cape,4.44
D009189,Precious Pillay,57,12,Code 14,Permanent,Eastern Cape,4.12
D009190,Kagiso Sithole,34,22,Code 10,Permanent,Eastern Cape,3.51
D009191,Ayanda Mkhize,26,27,Code 10,Contract,Northern Cape,3.88
D009192,Mandla Mkhize,38,28,Code 10,Owner Driver,KwaZulu-Natal,4.96
D009193,Kagiso Mkhize,50,20,Code 10,Contract,KwaZulu-Natal,3.47
D009194,Karabo Naidoo,25,2,Code 8,Contract,Free State,3.55
D009195,Busisiwe Jacobs,49,5,Code 10,Permanent,Mpumalanga,4.65
D009196,Nandi Mthembu,41,4,Code 10,Permanent,North West,3.34
D009197,Kagiso Ndlovu,58,16,Code 8,Permanent,Northern Cape,3.48
D009198,Sibusiso Nkosi,52,25,Code 10,Owner Driver,Eastern Cape,3.88
D009199,Kabelo Botha,40,14,Code 8,Permanent,North West,4.11
D009200,Bongani Nkosi,37,18,Code 10,Permanent,Limpopo,3.57
D009201,Dumisani Molefe,58,5,Code 8,Permanent,Northern Cape,2.64
D009202,Amanda Mkhize,39,24,Code 14,Permanent,Gauteng,3.46
D009203,Lerato Mokoena,60,33,Code 10,Permanent,Northern Cape,4.85
D009204,Nokuthula Ndlovu,64,10,Code 8,Contract,Mpumalanga,4.35
D009205,Dumisani Zulu,45,27,Code 10,Permanent,Eastern Cape,4.64
D009206,Sipho Modise,59,6,Code 14,Contract,Gauteng,4.25
D009207,Dumisani Mkhize,36,18,Code 10,Owner Driver,Western Cape,3.68
D009208,Bongani Nkosi,53,22,Code 14,Owner Driver,Free State,3.44
D009209,Kagiso Ndlovu,42,2,Code 10,Contract,Northern Cape,4.65
D009210,Sibusiso Modise,41,6,Code 10,Permanent,Western Cape,3.55
D009211,Bongani Sithole,44,10,Code 14,Permanent,Free State,4.22
D009212,Karabo Nkosi,42,3,Code 8,Owner Driver,KwaZulu-Natal,4.35
D009213,Mpho Mokoena,41,18,Code 10,Owner Driver,North West,4.57
D009214,Themba Mthembu,65,12,Code 10,Permanent,North West,4.5
D009215,Kagiso Mabena,45,31,Code 8,Permanent,Eastern Cape,4.66
D009216,Ayanda Nkosi,43,31,Code 10,Owner Driver,Western Cape,3.91
D009217,Siyabonga Mokoena,34,27,Code 8,Owner Driver,Northern Cape,5.0
D009218,Lwazi Khumalo,59,19,Code 8,Contract,Free State,3.43
D009219,Lwazi Mthembu,29,17,Code 8,Permanent,Free State,4.48
D009220,Kabelo Mabena,28,30,Code 14,Contract,North West,3.85
D009221,Karabo Molefe,54,27,Code 14,Permanent,Western Cape,3.39
D009222,Sibusiso Nkosi,44,14,Code 10,Contract,Western Cape,4.0
D009223,Kabelo Mthembu,32,22,Code 14,Owner Driver,Limpopo,4.12
D009224,Nandi Moyo,59,12,Code 14,Owner Driver,Northern Cape,4.68
D009225,Kagiso Dlamini,55,4,Code 14,Permanent,KwaZulu-Natal,4.54
D009226,Lindelwa Khumalo,55,7,Code 8,Contract,Limpopo,4.42
D009227,Mandla Molefe,36,25,Code 14,Contract,Mpumalanga,4.38
D009228,Lwazi Van Wyk,55,33,Code 10,Contract,Mpumalanga,4.32
D009229,Kagiso Sithole,57,21,Code 8,Permanent,Western Cape,4.29
D009230,Busisiwe Maseko,60,11,Code 10,Permanent,Northern Cape,3.38
D009231,Nokuthula Nkosi,65,6,Code 14,Owner Driver,Limpopo,3.86
D009232,Dumisani Adams,50,30,Code 8,Permanent,Limpopo,4.16
D009233,Nomsa Modise,33,28,Code 10,Permanent,Gauteng,3.62
D009234,Mandla Ngcobo,42,30,Code 10,Owner Driver,Northern Cape,3.97
D009235,Mandla Jacobs,60,30,Code 14,Owner Driver,North West,3.76
D009236,Tshepo Khumalo,60,13,Code 10,Permanent,Gauteng,4.39
D009237,Themba Naidoo,47,8,Code 10,Permanent,Northern Cape,4.74
D009238,Nandi Williams,44,8,Code 8,Permanent,North West,4.42
D009239,Sipho Ndlovu,37,31,Code 8,Owner Driver,Northern Cape,3.63
D009240,Kabelo Dlamini,59,29,Code 10,Permanent,Limpopo,3.87
D009241,Nomsa Botha,63,13,Code 8,Permanent,Free State,3.61
D009242,Amanda Khumalo,28,12,Code 14,Permanent,Free State,4.09
D009243,Sipho Mabena,56,2,Code 10,Contract,Western Cape,3.81
D009244,Tshepo Mkhize,33,12,Code 8,Permanent,Free State,3.82
D009245,Busisiwe Cele,49,29,Code 8,Owner Driver,KwaZulu-Natal,4.18
D009246,Karabo Ngcobo,64,24,Code 10,Permanent,Free State,3.54
D009247,Mandla Jacobs,25,4,Code 8,Permanent,Free State,3.32
D009248,Lwazi Moyo,46,18,Code 8,Permanent,Limpopo,3.99
D009249,Kagiso Ndlovu,28,14,Code 10,Permanent,Western Cape,4.82
D009250,Mandla Mkhize,57,4,Code 10,Owner Driver,Western Cape,3.1
D009251,Nokuthula Nkosi,35,4,Code 8,Permanent,Gauteng,5.0
D009252,Mpho Van Wyk,55,22,Code 14,Permanent,KwaZulu-Natal,3.63
D009253,Nomsa Mabena,59,7,Code 8,Permanent,North West,4.79
D009254,Themba Van Wyk,34,27,Code 10,Permanent,Mpumalanga,4.54
D009255,Kagiso Naidoo,30,4,Code 8,Contract,Gauteng,4.17
D009256,Tshepo Ndlovu,48,31,Code 10,Permanent,Eastern Cape,3.76
D009257,Phumzile Cele,34,19,Code 10,Owner Driver,KwaZulu-Natal,2.62
D009258,Zanele Mkhize,63,2,Code 10,Owner Driver,Mpumalanga,3.48
D009259,Lindelwa Mabena,27,24,Code 14,Contract,Limpopo,4.46
D009260,Kagiso Dlamini,35,12,Code 10,Permanent,Limpopo,3.57
D009261,Zanele Dlamini,60,28,Code 8,Permanent,Gauteng,4.45
D009262,Kabelo Zulu,24,28,Code 10,Permanent,Mpumalanga,4.45
D009263,Nomsa Mthembu,60,16,Code 8,Owner Driver,Limpopo,4.26
D009264,Thabo Botha,35,6,Code 8,Permanent,Northern Cape,4.62
D009265,Amanda Khumalo,35,3,Code 8,Permanent,Northern Cape,3.94
D009266,Sibusiso Jacobs,57,6,Code 8,Owner Driver,Mpumalanga,4.66
D009267,Sibusiso Mahlangu,35,5,Code 10,Permanent,Northern Cape,4.38
D009268,Karabo Williams,64,3,Code 10,Permanent,Western Cape,4.14
D009269,Sibusiso Pillay,49,29,Code 8,Permanent,Limpopo,4.3
D009270,Themba Ndlovu,61,32,Code 14,Permanent,Eastern Cape,4.53
D009271,Ayanda Moyo,26,11,Code 10,Owner Driver,Free State,4.06
D009272,Lwazi Jacobs,63,2,Code 8,Permanent,Western Cape,4.32
D009273,Siyabonga Van Wyk,63,33,Code 10,Contract,Free State,4.31
D009274,Thabo Mokoena,34,34,Code 8,Permanent,Gauteng,4.08
D009275,Zanele Williams,53,29,Code 14,Contract,Limpopo,2.63
D009276,Tshepo Nkosi,46,16,Code 8,Permanent,Western Cape,4.94
D009277,Mpho Sithole,46,33,Code 10,Contract,Mpumalanga,4.07
D009278,Kagiso Ndlovu,61,31,Code 14,Permanent,Mpumalanga,2.69
D009279,Lindelwa Botha,23,8,Code 8,Owner Driver,Western Cape,3.8
D009280,Sibusiso Mkhize,51,29,Code 8,Owner Driver,Limpopo,3.0
D009281,Sipho Adams,44,14,Code 14,Owner Driver,Western Cape,3.8
D009282,Mandla Zulu,54,11,Code 8,Owner Driver,Free State,3.5
D009283,Nokuthula Zulu,43,20,Code 10,Owner Driver,Free State,4.77
D009284,Dumisani Sithole,59,15,Code 8,Contract,Western Cape,3.99
D009285,Nomsa Jacobs,40,3,Code 10,Permanent,Mpumalanga,3.43
D009286,Lerato Botha,43,1,Code 10,Permanent,Gauteng,4.53
D009287,Lerato Adams,31,18,Code 14,Permanent,Mpumalanga,4.19
D009288,Busisiwe Van Wyk,48,31,Code 10,Permanent,Limpopo,3.91
D009289,Bongani Ngcobo,61,29,Code 8,Permanent,Gauteng,3.78
D009290,Karabo Zulu,61,9,Code 10,Owner Driver,Mpumalanga,4.0
D009291,Lindelwa Adams,41,1,Code 8,Permanent,Northern Cape,4.68
D009292,Bongani Jacobs,49,7,Code 14,Permanent,Gauteng,3.99
D009293,Nomsa Williams,47,6,Code 8,Permanent,Gauteng,3.44
D009294,Nandi Naidoo,36,27,Code 14,Permanent,KwaZulu-Natal,3.54
D009295,Lerato Williams,55,21,Code 10,Permanent,Limpopo,4.21
D009296,Nomsa Mokoena,41,17,Code 8,Permanent,Limpopo,3.27
D009297,Kabelo Williams,26,17,Code 14,Owner Driver,North West,4.23
D009298,Sibusiso Modise,43,12,Code 8,Contract,Limpopo,5.0
D009299,Mandla Jacobs,32,17,Code 10,Contract,Free State,3.57
D009300,Busisiwe Dlamini,46,17,Code 8,Permanent,Gauteng,3.87
D009301,Lwazi Naidoo,34,26,Code 14,Contract,Northern Cape,3.11
D009302,Amanda Moyo,42,9,Code 10,Permanent,Free State,3.87
D009303,Sipho Cele,43,28,Code 10,Permanent,Western Cape,3.83
D009304,Ayanda Botha,39,21,Code 14,Permanent,Western Cape,4.12
D009305,Sibusiso Modise,50,13,Code 14,Permanent,Gauteng,4.8
D009306,Lwazi Molefe,59,25,Code 14,Permanent,Gauteng,4.02
D009307,Lindelwa Cele,37,26,Code 14,Permanent,Eastern Cape,4.23
D009308,Amanda Moyo,52,21,Code 8,Permanent,Eastern Cape,3.72
D009309,Zanele Cele,45,34,Code 10,Contract,North West,3.26
D009310,Busisiwe Pillay,33,11,Code 8,Contract,Limpopo,3.3
D009311,Busisiwe Pillay,65,8,Code 10,Permanent,KwaZulu-Natal,4.18
D009312,Kabelo Naidoo,58,30,Code 8,Permanent,North West,3.72
D009313,Sibusiso Zulu,42,4,Code 14,Contract,Mpumalanga,3.54
D009314,Sipho Williams,23,15,Code 14,Contract,Eastern Cape,5.0
D009315,Precious Jacobs,43,2,Code 8,Permanent,KwaZulu-Natal,4.98
D009316,Kagiso Maseko,28,33,Code 14,Contract,Gauteng,4.45
D009317,Lindelwa Dlamini,45,18,Code 14,Permanent,Northern Cape,5.0
D009318,Mandla Moyo,51,10,Code 10,Contract,Limpopo,4.5
D009319,Ayanda Dlamini,41,34,Code 10,Permanent,Limpopo,3.67
D009320,Siyabonga Moyo,57,34,Code 8,Permanent,North West,4.21
D009321,Kabelo Botha,35,4,Code 10,Permanent,Eastern Cape,3.95
D009322,Nokuthula Botha,35,22,Code 14,Permanent,North West,3.88
D009323,Kagiso Cele,50,29,Code 10,Permanent,North West,4.84
D009324,Ayanda Mabena,25,19,Code 10,Permanent,Western Cape,4.19
D009325,Tshepo Ngcobo,45,29,Code 14,Permanent,Gauteng,4.0
D009326,Lerato Ngcobo,52,5,Code 10,Permanent,Eastern Cape,4.57
D009327,Nokuthula Mahlangu,64,33,Code 8,Owner Driver,Northern Cape,3.66
D009328,Ayanda Mabena,57,28,Code 14,Permanent,Western Cape,3.96
D009329,Mandla Botha,40,25,Code 14,Permanent,KwaZulu-Natal,4.59
D009330,Dumisani Jacobs,36,15,Code 10,Permanent,Western Cape,4.41
D009331,Dumisani Sithole,61,18,Code 10,Permanent,North West,3.94
D009332,Dumisani Naidoo,52,28,Code 8,Permanent,Eastern Cape,3.06
D009333,Lindelwa Mahlangu,40,17,Code 10,Owner Driver,Eastern Cape,4.72
D009334,Amanda Cele,38,31,Code 8,Permanent,Western Cape,4.46
D009335,Zanele Van Wyk,29,21,Code 14,Owner Driver,Western Cape,4.56
D009336,Karabo Naidoo,63,2,Code 10,Contract,Mpumalanga,4.71
D009337,Kagiso Nkosi,34,18,Code 10,Contract,KwaZulu-Natal,5.0
D009338,Bongani Pillay,47,7,Code 8,Contract,Northern Cape,3.36
D009339,Kabelo Mahlangu,39,30,Code 10,Contract,Western Cape,3.5
D009340,Amanda Nkosi,23,9,Code 10,Contract,Limpopo,3.98
D009341,Amanda Khumalo,42,8,Code 10,Contract,KwaZulu-Natal,4.71
D009342,Kagiso Dlamini,47,28,Code 8,Permanent,KwaZulu-Natal,2.89
D009343,Themba Mokoena,45,29,Code 14,Permanent,Gauteng,4.18
D009344,Dumisani Khumalo,24,29,Code 8,Contract,Mpumalanga,3.76
D009345,Siyabonga Jacobs,28,9,Code 8,Contract,Eastern Cape,3.83
D009346,Zanele Dlamini,40,12,Code 8,Owner Driver,Eastern Cape,3.27
D009347,Nomsa Maseko,61,26,Code 8,Owner Driver,KwaZulu-Natal,4.1
D009348,Mandla Maseko,26,28,Code 10,Owner Driver,North West,4.65
D009349,Siyabonga Modise,56,6,Code 14,Owner Driver,Western Cape,4.34
D009350,Lwazi Maseko,41,20,Code 8,Contract,Western Cape,4.14
D009351,Lwazi Moyo,42,27,Code 10,Permanent,Gauteng,3.54
D009352,Mpho Sithole,25,5,Code 10,Contract,Eastern Cape,3.58
D009353,Dumisani Mkhize,39,11,Code 10,Owner Driver,North West,4.04
D009354,Busisiwe Van Wyk,44,26,Code 14,Permanent,KwaZulu-Natal,3.4
D009355,Lerato Maseko,48,4,Code 10,Owner Driver,Northern Cape,4.36
D009356,Amanda Mkhize,62,13,Code 10,Owner Driver,Western Cape,3.96
D009357,Zanele Zulu,44,8,Code 10,Owner Driver,Free State,4.13
D009358,Ayanda Sithole,49,31,Code 14,Permanent,Eastern Cape,3.34
D009359,Zanele Mahlangu,48,8,Code 10,Owner Driver,Limpopo,4.21
D009360,Karabo Maseko,48,24,Code 10,Owner Driver,Mpumalanga,4.02
D009361,Precious Ngcobo,37,26,Code 8,Contract,Eastern Cape,3.94
D009362,Nandi Nkosi,29,30,Code 10,Contract,Northern Cape,3.63
D009363,Nokuthula Jacobs,60,30,Code 8,Permanent,Mpumalanga,3.51
D009364,Sipho Mokoena,47,24,Code 8,Contract,North West,3.73
D009365,Karabo Ndlovu,45,28,Code 8,Permanent,Mpumalanga,3.62
D009366,Lindelwa Naidoo,23,28,Code 10,Owner Driver,North West,4.19
D009367,Sibusiso Naidoo,50,16,Code 10,Owner Driver,North West,3.69
D009368,Mandla Mkhize,46,27,Code 10,Permanent,KwaZulu-Natal,3.18
D009369,Karabo Nkosi,31,9,Code 8,Permanent,Northern Cape,3.59
D009370,Kabelo Maseko,26,7,Code 10,Contract,Free State,3.69
D009371,Kagiso Maseko,36,14,Code 8,Permanent,KwaZulu-Natal,3.77
D009372,Karabo Khumalo,56,13,Code 14,Permanent,Gauteng,2.67
D009373,Ayanda Mthembu,51,33,Code 10,Permanent,Free State,4.77
D009374,Bongani Maseko,28,29,Code 10,Permanent,Free State,4.65
D009375,Siyabonga Cele,42,3,Code 14,Permanent,North West,5.0
D009376,Mandla Adams,37,12,Code 14,Permanent,Eastern Cape,5.0
D009377,Amanda Botha,38,24,Code 8,Contract,KwaZulu-Natal,4.43
D009378,Kabelo Van Wyk,42,31,Code 8,Permanent,KwaZulu-Natal,2.4
D009379,Busisiwe Sithole,57,31,Code 10,Owner Driver,Limpopo,4.5
D009380,Lwazi Nkosi,39,22,Code 14,Permanent,Northern Cape,4.41
D009381,Lindelwa Ngcobo,46,1,Code 10,Owner Driver,Limpopo,4.22
D009382,Ayanda Moyo,26,25,Code 10,Permanent,Mpumalanga,4.79
D009383,Amanda Jacobs,29,34,Code 14,Contract,Mpumalanga,4.67
D009384,Sipho Nkosi,45,2,Code 8,Owner Driver,Gauteng,2.94
D009385,Dumisani Sithole,26,24,Code 10,Owner Driver,Western Cape,3.49
D009386,Mpho Moyo,43,9,Code 14,Permanent,Western Cape,3.38
D009387,Busisiwe Dlamini,32,15,Code 8,Contract,Eastern Cape,3.75
D009388,Nandi Van Wyk,30,28,Code 14,Owner Driver,North West,3.78
D009389,Mpho Molefe,26,31,Code 14,Contract,Eastern Cape,4.21
D009390,Mandla Sithole,49,3,Code 10,Contract,Mpumalanga,3.47
D009391,Nandi Ndlovu,46,33,Code 8,Permanent,KwaZulu-Natal,5.0
D009392,Phumzile Naidoo,35,31,Code 10,Contract,Mpumalanga,4.02
D009393,Nomsa Mthembu,60,19,Code 10,Permanent,Mpumalanga,4.32
D009394,Lindelwa Ngcobo,56,4,Code 8,Permanent,Western Cape,4.32
D009395,Nomsa Modise,62,3,Code 10,Permanent,North West,3.33
D009396,Ayanda Zulu,49,7,Code 10,Permanent,Gauteng,3.69
D009397,Sibusiso Mabena,52,3,Code 14,Permanent,Gauteng,3.9
D009398,Amanda Mthembu,60,5,Code 8,Permanent,Gauteng,3.83
D009399,Nomsa Khumalo,24,13,Code 8,Permanent,North West,3.35
D009400,Lwazi Van Wyk,53,23,Code 14,Contract,KwaZulu-Natal,3.42
D009401,Karabo Khumalo,46,12,Code 8,Permanent,Mpumalanga,3.81
D009402,Dumisani Cele,47,7,Code 10,Permanent,Mpumalanga,4.81
D009403,Mandla Khumalo,62,14,Code 10,Contract,Eastern Cape,4.76
D009404,Sibusiso Botha,27,4,Code 10,Permanent,Gauteng,4.01
D009405,Dumisani Zulu,35,25,Code 14,Permanent,Western Cape,4.25
D009406,Siyabonga Maseko,57,12,Code 10,Permanent,Western Cape,4.96
D009407,Amanda Jacobs,62,20,Code 10,Owner Driver,Northern Cape,4.5
D009408,Phumzile Botha,46,17,Code 14,Contract,Gauteng,4.17
D009409,Amanda Ngcobo,59,15,Code 8,Contract,Gauteng,4.04
D009410,Kagiso Adams,64,23,Code 10,Permanent,KwaZulu-Natal,3.69
D009411,Mpho Nkosi,61,28,Code 14,Permanent,Western Cape,4.46
D009412,Zanele Maseko,30,26,Code 8,Owner Driver,Eastern Cape,3.72
D009413,Sipho Zulu,59,8,Code 14,Owner Driver,Limpopo,3.89
D009414,Karabo Nkosi,35,31,Code 10,Contract,Northern Cape,5.0
D009415,Mandla Jacobs,62,10,Code 8,Contract,North West,3.11
D009416,Sibusiso Naidoo,58,31,Code 14,Contract,Eastern Cape,3.91
D009417,Phumzile Moyo,29,15,Code 8,Contract,North West,4.82
D009418,Nandi Modise,31,21,Code 8,Owner Driver,Eastern Cape,5.0
D009419,Bongani Mokoena,47,11,Code 10,Contract,Free State,3.9
D009420,Nomsa Mkhize,41,31,Code 10,Permanent,KwaZulu-Natal,3.46
D009421,Tshepo Mokoena,49,19,Code 14,Permanent,Limpopo,3.5
D009422,Thabo Mthembu,42,1,Code 8,Permanent,Mpumalanga,4.73
D009423,Kabelo Mahlangu,57,26,Code 10,Permanent,Eastern Cape,4.48
D009424,Kabelo Adams,33,14,Code 10,Permanent,Eastern Cape,3.96
D009425,Tshepo Zulu,43,31,Code 14,Contract,Free State,4.18
D009426,Kagiso Naidoo,41,26,Code 14,Permanent,Gauteng,4.72
D009427,Kagiso Mokoena,23,24,Code 8,Contract,Northern Cape,4.23
D009428,Dumisani Williams,31,15,Code 8,Permanent,Limpopo,3.44
D009429,Themba Botha,56,2,Code 14,Contract,Mpumalanga,2.83
D009430,Amanda Van Wyk,61,25,Code 10,Permanent,Free State,4.46
D009431,Lindelwa Dlamini,48,2,Code 14,Permanent,Mpumalanga,4.27
D009432,Thabo Mahlangu,53,5,Code 8,Permanent,Western Cape,4.22
D009433,Thabo Modise,30,17,Code 8,Contract,Eastern Cape,3.77
D009434,Nomsa Modise,30,2,Code 8,Permanent,KwaZulu-Natal,3.61
D009435,Mpho Williams,59,9,Code 8,Permanent,Gauteng,4.93
D009436,Nokuthula Williams,32,7,Code 8,Owner Driver,Gauteng,3.09
D009437,Precious Williams,42,16,Code 8,Permanent,Northern Cape,3.92
D009438,Kagiso Modise,48,7,Code 14,Permanent,Northern Cape,3.18
D009439,Themba Naidoo,28,8,Code 14,Permanent,Limpopo,4.51
D009440,Busisiwe Molefe,38,20,Code 8,Owner Driver,Free State,4.25
D009441,Lerato Modise,64,1,Code 10,Contract,Eastern Cape,3.6
D009442,Precious Ndlovu,64,34,Code 14,Permanent,Western Cape,4.72
D009443,Lindelwa Cele,60,26,Code 10,Permanent,Western Cape,3.73
D009444,Phumzile Pillay,58,12,Code 8,Permanent,Eastern Cape,3.53
D009445,Siyabonga Mokoena,63,20,Code 10,Permanent,Western Cape,4.04
D009446,Lwazi Ndlovu,56,29,Code 14,Permanent,Western Cape,4.77
D009447,Tshepo Adams,51,20,Code 14,Contract,Mpumalanga,4.24
D009448,Ayanda Mabena,30,10,Code 10,Permanent,KwaZulu-Natal,5.0
D009449,Sipho Mkhize,50,25,Code 10,Contract,Free State,3.37
D009450,Bongani Pillay,56,21,Code 8,Contract,Eastern Cape,3.84
D009451,Phumzile Molefe,57,34,Code 14,Owner Driver,North West,5.0
D009452,Themba Moyo,43,21,Code 10,Permanent,KwaZulu-Natal,4.04
D009453,Mpho Jacobs,38,9,Code 8,Permanent,Limpopo,3.83
D009454,Sipho Sithole,44,26,Code 8,Contract,Mpumalanga,4.33
D009455,Mandla Naidoo,51,22,Code 14,Owner Driver,Northern Cape,3.58
D009456,Siyabonga Sithole,62,16,Code 10,Contract,Limpopo,3.82
D009457,Sibusiso Mabena,52,4,Code 14,Permanent,North West,4.35
D009458,Lerato Zulu,43,19,Code 8,Contract,Eastern Cape,4.35
D009459,Kagiso Mabena,62,20,Code 8,Permanent,Western Cape,3.48
D009460,Themba Khumalo,23,29,Code 10,Contract,Mpumalanga,3.95
D009461,Nandi Mahlangu,48,17,Code 10,Owner Driver,Gauteng,3.8
D009462,Lerato Williams,28,31,Code 10,Permanent,North West,4.03
D009463,Dumisani Van Wyk,29,34,Code 8,Permanent,Limpopo,4.2
D009464,Precious Adams,44,21,Code 8,Contract,Eastern Cape,3.47
D009465,Karabo Mthembu,38,25,Code 8,Permanent,Eastern Cape,3.97
D009466,Zanele Naidoo,60,23,Code 10,Permanent,Western Cape,3.89
D009467,Nokuthula Khumalo,38,26,Code 10,Contract,Gauteng,4.84
D009468,Thabo Modise,49,28,Code 8,Owner Driver,Gauteng,4.15
D009469,Phumzile Mahlangu,49,29,Code 8,Permanent,Free State,3.8
D009470,Nomsa Ndlovu,27,14,Code 14,Contract,North West,3.95
D009471,Siyabonga Moyo,38,31,Code 14,Contract,Free State,4.56
D009472,Lerato Pillay,24,6,Code 8,Permanent,Northern Cape,4.91
D009473,Nandi Ngcobo,41,30,Code 10,Contract,Limpopo,3.88
D009474,Nandi Mahlangu,60,24,Code 14,Permanent,Mpumalanga,2.71
D009475,Lindelwa Nkosi,43,13,Code 10,Contract,Eastern Cape,3.74
D009476,Sipho Williams,48,17,Code 10,Permanent,Gauteng,4.36
D009477,Thabo Mabena,60,11,Code 10,Permanent,Mpumalanga,3.66
D009478,Amanda Botha,37,16,Code 10,Permanent,Gauteng,3.8
D009479,Themba Jacobs,49,9,Code 10,Permanent,Limpopo,4.95
D009480,Lwazi Cele,57,21,Code 10,Permanent,Limpopo,3.57
D009481,Precious Maseko,31,22,Code 14,Permanent,Northern Cape,4.39
D009482,Ayanda Mahlangu,60,32,Code 14,Permanent,Western Cape,3.81
D009483,Amanda Modise,54,5,Code 10,Owner Driver,Limpopo,4.55
D009484,Tshepo Modise,58,29,Code 14,Permanent,Northern Cape,3.81
D009485,Mpho Mthembu,58,5,Code 10,Permanent,KwaZulu-Natal,4.26
D009486,Bongani Moyo,40,30,Code 14,Permanent,Mpumalanga,3.03
D009487,Amanda Ngcobo,34,14,Code 10,Contract,Limpopo,3.69
D009488,Kabelo Pillay,30,32,Code 10,Owner Driver,Western Cape,3.69
D009489,Zanele Jacobs,44,32,Code 10,Owner Driver,Free State,4.48
D009490,Siyabonga Modise,43,11,Code 10,Permanent,Mpumalanga,4.76
D009491,Nandi Ngcobo,32,12,Code 14,Permanent,Northern Cape,3.96
D009492,Nokuthula Van Wyk,55,10,Code 8,Permanent,Mpumalanga,2.0
D009493,Precious Maseko,50,8,Code 14,Owner Driver,Northern Cape,4.42
D009494,Ayanda Botha,27,18,Code 10,Permanent,Limpopo,4.86
D009495,Ayanda Botha,34,13,Code 10,Contract,Mpumalanga,4.73
D009496,Sibusiso Adams,27,24,Code 10,Contract,KwaZulu-Natal,4.09
D009497,Bongani Khumalo,46,5,Code 10,Owner Driver,Northern Cape,4.47
D009498,Lwazi Khumalo,31,28,Code 8,Owner Driver,Western Cape,3.27
D009499,Nandi Modise,59,2,Code 14,Permanent,Mpumalanga,3.67
D009500,Nomsa Mabena,42,27,Code 14,Permanent,Gauteng,4.34
D009501,Lerato Ngcobo,44,6,Code 14,Permanent,Western Cape,3.91
D009502,Amanda Maseko,57,10,Code 10,Permanent,KwaZulu-Natal,3.53
D009503,Kabelo Mabena,64,12,Code 14,Contract,North West,3.2
D009504,Karabo Moyo,59,10,Code 8,Permanent,Eastern Cape,3.37
D009505,Nokuthula Mkhize,49,2,Code 8,Owner Driver,Limpopo,4.67
D009506,Kagiso Nkosi,50,11,Code 10,Permanent,Eastern Cape,3.18
D009507,Lindelwa Dlamini,26,34,Code 8,Permanent,Western Cape,4.49
D009508,Nandi Naidoo,25,16,Code 10,Owner Driver,Eastern Cape,4.2
D009509,Sipho Modise,62,23,Code 14,Permanent,Free State,4.46
D009510,Dumisani Mkhize,64,11,Code 10,Owner Driver,Western Cape,4.41
D009511,Lerato Mkhize,41,29,Code 10,Permanent,North West,5.0
D009512,Mpho Naidoo,44,9,Code 14,Owner Driver,Mpumalanga,3.61
D009513,Precious Adams,52,1,Code 10,Contract,North West,4.04
D009514,Siyabonga Khumalo,62,24,Code 8,Permanent,North West,4.49
D009515,Bongani Mahlangu,62,25,Code 10,Permanent,North West,3.76
D009516,Ayanda Van Wyk,61,29,Code 10,Permanent,Limpopo,3.45
D009517,Siyabonga Cele,48,21,Code 10,Contract,Eastern Cape,3.34
D009518,Themba Molefe,41,34,Code 10,Permanent,North West,3.06
D009519,Amanda Jacobs,54,25,Code 8,Permanent,Gauteng,4.71
D009520,Bongani Cele,58,22,Code 14,Contract,Eastern Cape,4.38
D009521,Lwazi Mabena,65,25,Code 10,Permanent,Free State,4.43
D009522,Sibusiso Mkhize,64,29,Code 8,Owner Driver,Gauteng,2.92
D009523,Nandi Moyo,43,18,Code 10,Permanent,Northern Cape,4.53
D009524,Siyabonga Naidoo,65,8,Code 8,Permanent,Northern Cape,4.53
D009525,Sibusiso Van Wyk,65,10,Code 8,Permanent,Western Cape,3.96
D009526,Nokuthula Van Wyk,60,4,Code 10,Owner Driver,Gauteng,3.01
D009527,Mpho Mkhize,54,11,Code 8,Permanent,Western Cape,3.47
D009528,Phumzile Dlamini,46,13,Code 14,Permanent,Free State,3.72
D009529,Kagiso Sithole,41,6,Code 10,Permanent,Mpumalanga,4.01
D009530,Tshepo Mokoena,26,10,Code 10,Permanent,Mpumalanga,4.0
D009531,Kabelo Moyo,40,32,Code 14,Owner Driver,Eastern Cape,3.85
D009532,Siyabonga Zulu,44,23,Code 10,Permanent,Eastern Cape,4.48
D009533,Ayanda Van Wyk,26,10,Code 8,Permanent,Gauteng,3.92
D009534,Busisiwe Khumalo,57,24,Code 10,Permanent,Free State,3.53
D009535,Nokuthula Maseko,62,19,Code 14,Permanent,Western Cape,3.66
D009536,Amanda Williams,60,4,Code 8,Permanent,Mpumalanga,4.57
D009537,Nokuthula Cele,56,17,Code 10,Permanent,Limpopo,5.0
D009538,Zanele Van Wyk,26,5,Code 10,Owner Driver,Mpumalanga,5.0
D009539,Lerato Mahlangu,62,11,Code 14,Contract,KwaZulu-Natal,4.39
D009540,Kabelo Pillay,36,19,Code 14,Permanent,Mpumalanga,4.21
D009541,Phumzile Sithole,29,7,Code 14,Permanent,Free State,3.5
D009542,Mpho Mkhize,40,18,Code 10,Permanent,North West,3.27
D009543,Dumisani Nkosi,38,3,Code 10,Contract,Limpopo,3.47
D009544,Mpho Mokoena,28,9,Code 8,Permanent,Northern Cape,4.27
D009545,Lindelwa Mkhize,44,16,Code 10,Owner Driver,Western Cape,4.85
D009546,Lindelwa Maseko,62,29,Code 14,Owner Driver,Gauteng,4.53
D009547,Karabo Cele,46,34,Code 10,Permanent,North West,3.57
D009548,Lwazi Jacobs,54,30,Code 8,Owner Driver,Gauteng,3.71
D009549,Siyabonga Adams,48,20,Code 10,Contract,Mpumalanga,3.42
D009550,Busisiwe Ndlovu,32,24,Code 14,Permanent,Eastern Cape,3.42
D009551,Lwazi Sithole,57,9,Code 8,Permanent,KwaZulu-Natal,3.57
D009552,Karabo Jacobs,49,22,Code 10,Permanent,KwaZulu-Natal,3.12
D009553,Amanda Ngcobo,58,20,Code 14,Owner Driver,North West,4.3
D009554,Lwazi Mahlangu,25,14,Code 10,Permanent,Western Cape,4.06
D009555,Tshepo Van Wyk,49,22,Code 10,Permanent,Western Cape,4.1
D009556,Nokuthula Modise,55,3,Code 8,Owner Driver,Western Cape,4.83
D009557,Sipho Adams,48,33,Code 10,Contract,Eastern Cape,4.03
D009558,Sibusiso Mkhize,60,6,Code 14,Owner Driver,Free State,4.29
D009559,Nandi Ngcobo,29,2,Code 8,Permanent,Limpopo,4.02
D009560,Zanele Modise,57,29,Code 10,Permanent,Northern Cape,4.39
D009561,Mpho Botha,47,5,Code 14,Contract,Mpumalanga,4.37
D009562,Lwazi Mabena,30,16,Code 10,Permanent,North West,4.27
D009563,Kagiso Botha,64,22,Code 14,Owner Driver,Gauteng,3.4
D009564,Busisiwe Nkosi,24,21,Code 10,Permanent,Free State,5.0
D009565,Kagiso Nkosi,24,2,Code 8,Permanent,Northern Cape,4.75
D009566,Lerato Naidoo,64,6,Code 14,Contract,North West,4.16
D009567,Sipho Molefe,42,22,Code 8,Contract,Mpumalanga,5.0
D009568,Bongani Adams,44,16,Code 14,Permanent,Western Cape,3.33
D009569,Siyabonga Mkhize,40,12,Code 10,Permanent,Northern Cape,4.7
D009570,Sibusiso Molefe,59,4,Code 8,Owner Driver,Free State,4.04
D009571,Dumisani Mthembu,61,24,Code 10,Contract,Eastern Cape,4.73
D009572,Dumisani Cele,50,15,Code 8,Permanent,Western Cape,4.36
D009573,Zanele Naidoo,49,9,Code 10,Contract,Mpumalanga,3.68
D009574,Thabo Mkhize,64,15,Code 10,Permanent,Limpopo,3.77
D009575,Busisiwe Mkhize,50,1,Code 8,Permanent,North West,3.78
D009576,Lindelwa Maseko,25,12,Code 8,Permanent,Gauteng,3.7
D009577,Nomsa Williams,35,6,Code 8,Permanent,Eastern Cape,3.9
D009578,Lerato Pillay,50,4,Code 8,Permanent,North West,4.79
D009579,Zanele Van Wyk,61,12,Code 10,Owner Driver,KwaZulu-Natal,4.85
D009580,Sipho Williams,38,23,Code 10,Permanent,Northern Cape,3.39
D009581,Kagiso Jacobs,48,16,Code 10,Contract,Eastern Cape,3.64
D009582,Ayanda Nkosi,26,19,Code 10,Owner Driver,Limpopo,4.07
D009583,Siyabonga Van Wyk,61,34,Code 10,Permanent,Limpopo,3.73
D009584,Nomsa Adams,38,15,Code 8,Permanent,North West,4.16
D009585,Phumzile Maseko,59,11,Code 10,Permanent,Limpopo,3.18
D009586,Kagiso Adams,46,7,Code 8,Contract,Mpumalanga,5.0
D009587,Lindelwa Mokoena,45,7,Code 10,Owner Driver,North West,4.99
D009588,Mandla Botha,33,10,Code 8,Permanent,KwaZulu-Natal,3.88
D009589,Sibusiso Nkosi,34,19,Code 8,Contract,North West,4.2
D009590,Sipho Cele,64,27,Code 8,Permanent,KwaZulu-Natal,4.18
D009591,Amanda Khumalo,64,16,Code 14,Permanent,KwaZulu-Natal,3.57
D009592,Mandla Botha,44,25,Code 8,Contract,KwaZulu-Natal,3.6
D009593,Lerato Dlamini,55,26,Code 14,Permanent,North West,4.72
D009594,Sibusiso Mahlangu,47,28,Code 10,Permanent,Limpopo,4.09
D009595,Lindelwa Nkosi,25,6,Code 8,Permanent,Free State,3.82
D009596,Lindelwa Naidoo,45,2,Code 8,Owner Driver,Mpumalanga,2.96
D009597,Lwazi Botha,56,6,Code 14,Owner Driver,KwaZulu-Natal,3.96
D009598,Kabelo Maseko,28,10,Code 10,Permanent,Western Cape,4.19
D009599,Mpho Khumalo,37,6,Code 10,Permanent,Limpopo,3.46
D009600,Lindelwa Botha,60,2,Code 14,Contract,North West,4.82
D009601,Amanda Van Wyk,56,13,Code 10,Permanent,Mpumalanga,4.72
D009602,Siyabonga Williams,60,27,Code 10,Permanent,Gauteng,5.0
D009603,Kabelo Sithole,55,24,Code 10,Permanent,Free State,3.22
D009604,Kagiso Mahlangu,54,11,Code 10,Permanent,Limpopo,4.43
D009605,Mpho Pillay,63,1,Code 10,Permanent,Western Cape,3.79
D009606,Nomsa Molefe,41,2,Code 8,Contract,Free State,3.6
D009607,Dumisani Zulu,60,12,Code 14,Contract,North West,4.56
D009608,Sipho Ngcobo,62,7,Code 10,Contract,Limpopo,4.06
D009609,Mandla Ndlovu,29,14,Code 10,Contract,Eastern Cape,4.15
D009610,Nomsa Zulu,42,6,Code 10,Permanent,Eastern Cape,5.0
D009611,Mpho Zulu,31,20,Code 10,Owner Driver,Free State,4.16
D009612,Lwazi Dlamini,32,21,Code 10,Permanent,Eastern Cape,3.51
D009613,Ayanda Pillay,41,24,Code 14,Permanent,Northern Cape,4.12
D009614,Precious Ngcobo,46,33,Code 14,Permanent,Free State,4.44
D009615,Zanele Van Wyk,38,9,Code 10,Permanent,KwaZulu-Natal,4.28
D009616,Busisiwe Zulu,34,5,Code 14,Contract,Northern Cape,3.42
D009617,Lwazi Jacobs,63,1,Code 14,Permanent,Mpumalanga,3.94
D009618,Thabo Cele,46,11,Code 14,Permanent,Eastern Cape,3.81
D009619,Mpho Botha,33,7,Code 14,Contract,Northern Cape,3.54
D009620,Precious Sithole,55,31,Code 10,Contract,Free State,4.71
D009621,Lerato Cele,25,1,Code 14,Permanent,Limpopo,3.64
D009622,Dumisani Mthembu,52,32,Code 8,Owner Driver,Limpopo,4.13
D009623,Bongani Mthembu,42,11,Code 14,Permanent,Western Cape,4.39
D009624,Mandla Naidoo,23,6,Code 8,Permanent,North West,4.11
D009625,Thabo Moyo,42,28,Code 8,Permanent,Gauteng,3.2
D009626,Mandla Moyo,37,1,Code 8,Contract,Limpopo,4.49
D009627,Lindelwa Van Wyk,28,9,Code 10,Permanent,North West,3.96
D009628,Kabelo Pillay,46,24,Code 8,Owner Driver,Western Cape,4.46
D009629,Lwazi Molefe,25,11,Code 10,Owner Driver,Free State,2.94
D009630,Mpho Mkhize,55,34,Code 10,Contract,Free State,4.23
D009631,Precious Adams,48,26,Code 8,Owner Driver,Mpumalanga,3.46
D009632,Nokuthula Van Wyk,26,6,Code 10,Permanent,Limpopo,4.29
D009633,Dumisani Zulu,23,6,Code 10,Owner Driver,North West,3.61
D009634,Themba Mthembu,48,22,Code 8,Owner Driver,Northern Cape,4.17
D009635,Mandla Botha,48,34,Code 10,Permanent,North West,3.59
D009636,Tshepo Khumalo,35,13,Code 8,Permanent,Western Cape,3.29
D009637,Sibusiso Ngcobo,36,7,Code 14,Permanent,North West,3.74
D009638,Thabo Molefe,59,22,Code 8,Contract,Gauteng,4.62
D009639,Themba Mahlangu,28,10,Code 8,Permanent,North West,3.58
D009640,Thabo Ngcobo,33,22,Code 10,Contract,Mpumalanga,3.89
D009641,Mandla Zulu,31,8,Code 8,Permanent,Gauteng,3.66
D009642,Mandla Naidoo,44,19,Code 8,Permanent,Free State,3.21
D009643,Sipho Zulu,31,6,Code 8,Permanent,North West,3.53
D009644,Lerato Adams,23,33,Code 14,Permanent,Mpumalanga,3.87
D009645,Sibusiso Nkosi,39,15,Code 8,Permanent,North West,4.67
D009646,Kabelo Zulu,24,16,Code 10,Permanent,Mpumalanga,3.14
D009647,Kagiso Mthembu,40,18,Code 10,Permanent,Limpopo,3.21
D009648,Sibusiso Zulu,34,2,Code 10,Permanent,Mpumalanga,3.84
D009649,Thabo Ndlovu,52,14,Code 8,Permanent,Gauteng,3.61
D009650,Lindelwa Jacobs,49,8,Code 10,Permanent,Mpumalanga,3.62
D009651,Nomsa Mkhize,53,1,Code 10,Owner Driver,Eastern Cape,4.24
D009652,Zanele Mkhize,38,23,Code 10,Permanent,Limpopo,4.37
D009653,Sipho Van Wyk,56,18,Code 8,Permanent,Northern Cape,5.0
D009654,Mpho Naidoo,44,15,Code 10,Contract,Eastern Cape,3.46
D009655,Ayanda Modise,31,14,Code 8,Contract,Limpopo,3.43
D009656,Mandla Van Wyk,36,9,Code 14,Owner Driver,Free State,3.68
D009657,Kagiso Adams,56,12,Code 14,Contract,Limpopo,3.56
D009658,Sibusiso Pillay,61,9,Code 8,Contract,Northern Cape,4.34
D009659,Mpho Mkhize,24,1,Code 14,Permanent,Northern Cape,4.37
D009660,Lwazi Nkosi,26,17,Code 14,Contract,Western Cape,3.91
D009661,Lerato Jacobs,30,22,Code 8,Owner Driver,Northern Cape,3.85
D009662,Nokuthula Ngcobo,32,3,Code 10,Owner Driver,Limpopo,4.13
D009663,Bongani Naidoo,29,11,Code 14,Contract,Free State,4.43
D009664,Siyabonga Williams,47,28,Code 8,Owner Driver,Northern Cape,3.13
D009665,Tshepo Jacobs,23,30,Code 10,Contract,North West,4.39
D009666,Dumisani Mkhize,42,28,Code 8,Permanent,Free State,4.21
D009667,Sibusiso Cele,57,16,Code 8,Permanent,Mpumalanga,4.13
D009668,Ayanda Khumalo,41,13,Code 8,Contract,Mpumalanga,3.37
D009669,Karabo Sithole,46,19,Code 10,Permanent,Eastern Cape,3.24
D009670,Nomsa Molefe,52,30,Code 14,Owner Driver,Northern Cape,4.26
D009671,Thabo Adams,26,34,Code 10,Owner Driver,KwaZulu-Natal,3.94
D009672,Kagiso Maseko,56,33,Code 10,Owner Driver,Free State,4.23
D009673,Lerato Dlamini,26,26,Code 10,Owner Driver,Eastern Cape,4.3
D009674,Lwazi Mkhize,25,6,Code 8,Contract,Eastern Cape,3.57
D009675,Precious Pillay,48,34,Code 14,Permanent,Mpumalanga,3.74
D009676,Kagiso Modise,46,20,Code 8,Contract,Northern Cape,4.22
D009677,Sipho Pillay,26,29,Code 8,Permanent,Eastern Cape,3.57
D009678,Lindelwa Van Wyk,32,29,Code 10,Permanent,North West,4.66
D009679,Tshepo Modise,37,1,Code 14,Contract,Northern Cape,3.97
D009680,Amanda Khumalo,29,11,Code 10,Permanent,Limpopo,3.99
D009681,Sibusiso Nkosi,49,14,Code 8,Owner Driver,KwaZulu-Natal,4.53
D009682,Amanda Zulu,26,4,Code 8,Contract,Western Cape,4.72
D009683,Kagiso Mthembu,28,12,Code 8,Permanent,Northern Cape,4.52
D009684,Lwazi Moyo,55,34,Code 10,Permanent,Northern Cape,3.69
D009685,Kabelo Mahlangu,57,31,Code 14,Owner Driver,Western Cape,4.18
D009686,Busisiwe Nkosi,44,23,Code 8,Permanent,KwaZulu-Natal,4.25
D009687,Sipho Maseko,62,12,Code 10,Owner Driver,Free State,4.49
D009688,Busisiwe Jacobs,37,8,Code 14,Permanent,Free State,4.22
D009689,Lindelwa Van Wyk,43,29,Code 10,Owner Driver,KwaZulu-Natal,3.55
D009690,Zanele Khumalo,34,21,Code 10,Permanent,Free State,2.47
D009691,Kabelo Jacobs,32,23,Code 10,Permanent,Gauteng,4.4
D009692,Kagiso Williams,38,7,Code 14,Permanent,Eastern Cape,3.47
D009693,Precious Mthembu,43,8,Code 10,Owner Driver,North West,3.5
D009694,Mpho Khumalo,37,32,Code 10,Contract,Free State,4.54
D009695,Kagiso Moyo,64,18,Code 8,Permanent,Free State,5.0
D009696,Ayanda Naidoo,61,31,Code 10,Permanent,Free State,3.92
D009697,Siyabonga Mkhize,53,17,Code 10,Contract,North West,4.72
D009698,Lindelwa Mkhize,61,19,Code 10,Contract,Eastern Cape,2.72
D009699,Siyabonga Pillay,39,3,Code 8,Permanent,Northern Cape,3.94
D009700,Bongani Moyo,55,32,Code 8,Permanent,Limpopo,4.12
D009701,Lwazi Adams,24,19,Code 8,Permanent,Gauteng,3.82
D009702,Lerato Khumalo,36,27,Code 8,Contract,Limpopo,3.66
D009703,Kagiso Mokoena,43,18,Code 10,Permanent,Western Cape,3.46
D009704,Karabo Adams,39,4,Code 10,Permanent,Free State,3.59
D009705,Sipho Zulu,38,33,Code 8,Contract,Mpumalanga,3.59
D009706,Sipho Mokoena,35,34,Code 10,Owner Driver,North West,3.41
D009707,Zanele Williams,42,5,Code 14,Permanent,Mpumalanga,4.1
D009708,Lwazi Zulu,40,22,Code 14,Permanent,Mpumalanga,4.66
D009709,Thabo Ndlovu,42,16,Code 14,Contract,Gauteng,3.15
D009710,Dumisani Ngcobo,48,30,Code 10,Owner Driver,Gauteng,4.35
D009711,Mpho Van Wyk,31,2,Code 8,Owner Driver,Mpumalanga,3.03
D009712,Tshepo Jacobs,59,30,Code 10,Permanent,Gauteng,4.61
D009713,Lerato Pillay,55,29,Code 14,Permanent,Mpumalanga,4.29
D009714,Mpho Williams,52,15,Code 14,Owner Driver,Western Cape,2.69
D009715,Themba Mabena,43,11,Code 10,Permanent,Mpumalanga,4.06
D009716,Precious Maseko,56,5,Code 10,Permanent,Mpumalanga,4.64
D009717,Kabelo Maseko,33,28,Code 14,Permanent,KwaZulu-Natal,4.37
D009718,Nokuthula Ngcobo,41,9,Code 14,Owner Driver,Limpopo,3.91
D009719,Dumisani Van Wyk,30,5,Code 10,Owner Driver,Northern Cape,3.53
D009720,Lerato Naidoo,32,33,Code 8,Contract,North West,3.29
D009721,Dumisani Williams,41,14,Code 8,Permanent,Limpopo,5.0
D009722,Ayanda Nkosi,57,27,Code 10,Permanent,Free State,4.4
D009723,Bongani Adams,26,17,Code 10,Permanent,North West,3.82
D009724,Nokuthula Nkosi,63,32,Code 10,Owner Driver,Free State,4.68
D009725,Mandla Mkhize,64,30,Code 14,Permanent,KwaZulu-Natal,4.39
D009726,Dumisani Sithole,51,26,Code 10,Contract,Northern Cape,3.33
D009727,Zanele Adams,27,32,Code 10,Contract,Western Cape,4.73
D009728,Lindelwa Botha,44,28,Code 10,Permanent,North West,4.06
D009729,Precious Modise,47,28,Code 8,Permanent,Western Cape,4.16
D009730,Mandla Naidoo,26,15,Code 8,Permanent,Western Cape,3.26
D009731,Zanele Adams,35,3,Code 10,Permanent,North West,4.35
D009732,Nandi Nkosi,28,2,Code 10,Owner Driver,Western Cape,4.85
D009733,Dumisani Cele,60,33,Code 10,Contract,Eastern Cape,3.98
D009734,Lindelwa Mahlangu,45,27,Code 10,Permanent,Gauteng,3.99
D009735,Amanda Cele,27,29,Code 8,Permanent,Mpumalanga,3.69
D009736,Karabo Dlamini,62,5,Code 8,Contract,Limpopo,3.14
D009737,Thabo Mahlangu,57,30,Code 14,Owner Driver,Limpopo,2.99
D009738,Lerato Pillay,52,25,Code 10,Permanent,KwaZulu-Natal,3.71
D009739,Siyabonga Williams,45,26,Code 14,Permanent,Free State,3.54
D009740,Mpho Khumalo,60,25,Code 8,Permanent,North West,3.28
D009741,Thabo Sithole,26,11,Code 10,Permanent,Western Cape,3.62
D009742,Lerato Pillay,63,4,Code 10,Permanent,Gauteng,4.49
D009743,Phumzile Jacobs,53,34,Code 10,Permanent,North West,3.29
D009744,Kagiso Modise,56,26,Code 10,Owner Driver,Eastern Cape,4.22
D009745,Mandla Naidoo,24,30,Code 10,Contract,Eastern Cape,4.68
D009746,Busisiwe Modise,41,32,Code 10,Permanent,Gauteng,4.15
D009747,Mpho Sithole,40,28,Code 14,Contract,KwaZulu-Natal,3.22
D009748,Precious Molefe,31,8,Code 10,Permanent,Free State,3.44
D009749,Nomsa Mkhize,47,9,Code 8,Owner Driver,KwaZulu-Natal,4.55
D009750,Lindelwa Mabena,61,16,Code 14,Contract,Gauteng,4.34
D009751,Ayanda Cele,40,33,Code 10,Contract,Limpopo,4.35
D009752,Karabo Ndlovu,40,28,Code 8,Permanent,Eastern Cape,4.44
D009753,Sipho Mahlangu,26,28,Code 10,Contract,Western Cape,3.67
D009754,Nomsa Sithole,37,6,Code 8,Permanent,Limpopo,3.91
D009755,Siyabonga Dlamini,34,19,Code 10,Contract,Gauteng,3.32
D009756,Themba Zulu,62,33,Code 14,Permanent,Free State,4.1
D009757,Siyabonga Molefe,64,22,Code 8,Contract,KwaZulu-Natal,3.83
D009758,Zanele Naidoo,60,4,Code 10,Permanent,Northern Cape,4.42
D009759,Amanda Adams,57,31,Code 14,Permanent,Northern Cape,3.92
D009760,Lwazi Dlamini,38,12,Code 14,Contract,Limpopo,4.27
D009761,Bongani Zulu,33,22,Code 8,Owner Driver,Free State,3.2
D009762,Sibusiso Van Wyk,64,27,Code 8,Contract,Free State,3.29
D009763,Bongani Van Wyk,47,15,Code 8,Permanent,Gauteng,3.72
D009764,Nandi Naidoo,57,23,Code 10,Owner Driver,KwaZulu-Natal,2.77
D009765,Lindelwa Adams,26,4,Code 14,Permanent,Mpumalanga,3.87
D009766,Sibusiso Cele,40,4,Code 14,Owner Driver,Northern Cape,2.53
D009767,Siyabonga Zulu,61,23,Code 8,Owner Driver,Western Cape,4.04
D009768,Phumzile Ngcobo,58,9,Code 10,Permanent,KwaZulu-Natal,4.06
D009769,Dumisani Ngcobo,46,16,Code 10,Owner Driver,Eastern Cape,4.61
D009770,Bongani Botha,63,26,Code 10,Contract,Mpumalanga,4.08
D009771,Phumzile Nkosi,29,9,Code 14,Contract,KwaZulu-Natal,4.07
D009772,Precious Cele,28,2,Code 10,Permanent,North West,4.2
D009773,Kabelo Pillay,23,17,Code 8,Permanent,Free State,3.21
D009774,Mandla Van Wyk,44,2,Code 10,Contract,North West,3.86
D009775,Nomsa Pillay,33,31,Code 10,Contract,Mpumalanga,4.11
D009776,Karabo Botha,29,28,Code 10,Owner Driver,Northern Cape,2.93
D009777,Zanele Mkhize,41,7,Code 10,Owner Driver,Gauteng,3.75
D009778,Thabo Adams,60,19,Code 10,Owner Driver,Free State,3.38
D009779,Themba Maseko,59,31,Code 8,Permanent,Western Cape,4.82
D009780,Lindelwa Maseko,56,1,Code 14,Permanent,Northern Cape,3.6
D009781,Kabelo Cele,56,28,Code 8,Permanent,Free State,3.33
D009782,Karabo Modise,50,31,Code 14,Permanent,Gauteng,3.96
D009783,Siyabonga Sithole,24,16,Code 14,Owner Driver,North West,3.83
D009784,Sipho Jacobs,25,2,Code 10,Contract,North West,3.7
D009785,Tshepo Mahlangu,65,13,Code 10,Permanent,KwaZulu-Natal,3.45
D009786,Zanele Khumalo,30,31,Code 10,Permanent,Free State,3.52
D009787,Lerato Jacobs,45,8,Code 8,Contract,Limpopo,4.07
D009788,Ayanda Molefe,49,2,Code 8,Permanent,Gauteng,3.96
D009789,Zanele Cele,54,10,Code 14,Permanent,Northern Cape,3.67
D009790,Zanele Zulu,29,7,Code 14,Permanent,North West,4.58
D009791,Kabelo Jacobs,34,10,Code 10,Permanent,Free State,4.63
D009792,Karabo Pillay,50,20,Code 8,Owner Driver,Free State,4.73
D009793,Nokuthula Zulu,36,17,Code 10,Contract,KwaZulu-Natal,4.01
D009794,Lerato Ndlovu,48,18,Code 14,Contract,Free State,3.91
D009795,Nandi Sithole,38,25,Code 14,Permanent,Mpumalanga,3.41
D009796,Lindelwa Khumalo,38,31,Code 10,Permanent,Free State,4.86
D009797,Kagiso Nkosi,56,28,Code 14,Permanent,Limpopo,4.38
D009798,Mandla Mokoena,30,17,Code 14,Permanent,Limpopo,3.51
D009799,Precious Sithole,48,15,Code 8,Contract,KwaZulu-Natal,3.75
D009800,Zanele Nkosi,25,4,Code 14,Permanent,Northern Cape,4.2
D009801,Zanele Mokoena,39,21,Code 8,Permanent,Eastern Cape,4.55
D009802,Thabo Mokoena,55,8,Code 8,Owner Driver,Eastern Cape,4.85
D009803,Mandla Jacobs,38,7,Code 8,Permanent,Northern Cape,4.28
D009804,Phumzile Adams,49,32,Code 10,Owner Driver,North West,3.5
D009805,Phumzile Sithole,57,15,Code 8,Owner Driver,KwaZulu-Natal,3.53
D009806,Lindelwa Jacobs,46,27,Code 8,Permanent,KwaZulu-Natal,3.66
D009807,Karabo Molefe,45,28,Code 10,Permanent,KwaZulu-Natal,4.7
D009808,Bongani Van Wyk,65,5,Code 10,Owner Driver,Free State,3.92
D009809,Siyabonga Cele,54,24,Code 8,Contract,KwaZulu-Natal,3.88
D009810,Thabo Williams,25,15,Code 8,Permanent,North West,3.32
D009811,Lwazi Moyo,40,11,Code 8,Permanent,Limpopo,4.79
D009812,Nomsa Modise,29,25,Code 10,Owner Driver,Free State,3.67
D009813,Themba Moyo,40,16,Code 14,Permanent,KwaZulu-Natal,3.4
D009814,Thabo Zulu,61,20,Code 10,Permanent,Gauteng,3.05
D009815,Lindelwa Mkhize,37,9,Code 14,Contract,KwaZulu-Natal,3.44
D009816,Phumzile Pillay,46,34,Code 14,Contract,KwaZulu-Natal,3.8
D009817,Lindelwa Pillay,35,25,Code 14,Permanent,North West,4.81
D009818,Thabo Van Wyk,44,8,Code 14,Permanent,North West,3.98
D009819,Kabelo Modise,58,9,Code 10,Contract,KwaZulu-Natal,3.85
D009820,Amanda Maseko,50,16,Code 8,Contract,Eastern Cape,5.0
D009821,Karabo Van Wyk,63,6,Code 8,Permanent,Mpumalanga,4.13
D009822,Mandla Naidoo,23,11,Code 14,Permanent,KwaZulu-Natal,4.59
D009823,Amanda Mthembu,33,3,Code 8,Permanent,Limpopo,4.18
D009824,Phumzile Moyo,57,23,Code 10,Contract,Free State,4.06
D009825,Nomsa Cele,64,17,Code 8,Permanent,Western Cape,2.81
D009826,Precious Pillay,63,16,Code 8,Permanent,Gauteng,2.82
D009827,Kagiso Nkosi,56,17,Code 8,Owner Driver,KwaZulu-Natal,3.68
D009828,Zanele Khumalo,58,11,Code 10,Permanent,Mpumalanga,4.17
D009829,Themba Nkosi,51,4,Code 8,Permanent,KwaZulu-Natal,4.54
D009830,Karabo Mkhize,60,13,Code 14,Contract,Gauteng,3.77
D009831,Dumisani Ngcobo,62,13,Code 10,Contract,Gauteng,4.03
D009832,Phumzile Modise,28,9,Code 8,Owner Driver,Western Cape,3.62
D009833,Tshepo Ngcobo,27,23,Code 8,Contract,Mpumalanga,3.65
D009834,Thabo Zulu,29,5,Code 10,Owner Driver,Western Cape,4.62
D009835,Mpho Pillay,49,28,Code 14,Owner Driver,Limpopo,4.18
D009836,Lwazi Ngcobo,46,33,Code 10,Permanent,Mpumalanga,3.93
D009837,Busisiwe Mahlangu,35,6,Code 8,Owner Driver,Mpumalanga,3.51
D009838,Mandla Khumalo,41,24,Code 8,Permanent,Eastern Cape,4.03
D009839,Mandla Khumalo,42,9,Code 10,Permanent,Western Cape,5.0
D009840,Lindelwa Ndlovu,57,27,Code 10,Permanent,Mpumalanga,2.84
D009841,Lindelwa Naidoo,52,23,Code 10,Contract,Free State,3.68
D009842,Nomsa Moyo,38,26,Code 14,Owner Driver,Free State,3.81
D009843,Sibusiso Adams,40,19,Code 14,Permanent,North West,4.08
D009844,Nandi Van Wyk,27,15,Code 10,Permanent,North West,4.39
D009845,Nandi Mkhize,51,12,Code 8,Contract,Limpopo,4.88
D009846,Kabelo Jacobs,25,9,Code 10,Permanent,Mpumalanga,4.87
D009847,Kabelo Zulu,44,9,Code 10,Permanent,Northern Cape,3.59
D009848,Zanele Jacobs,49,32,Code 8,Owner Driver,Gauteng,3.37
D009849,Busisiwe Zulu,41,29,Code 8,Permanent,Northern Cape,4.87
D009850,Lwazi Sithole,57,21,Code 10,Owner Driver,Free State,3.12
D009851,Karabo Zulu,38,15,Code 8,Permanent,KwaZulu-Natal,3.9
D009852,Karabo Molefe,34,28,Code 8,Permanent,Limpopo,4.62
D009853,Karabo Modise,59,26,Code 10,Contract,Gauteng,3.77
D009854,Mandla Ndlovu,47,2,Code 10,Owner Driver,Gauteng,4.67
D009855,Bongani Mkhize,56,12,Code 8,Contract,Limpopo,4.02
D009856,Themba Khumalo,33,11,Code 10,Permanent,Eastern Cape,3.94
D009857,Amanda Mkhize,32,22,Code 10,Owner Driver,North West,2.81
D009858,Lindelwa Maseko,41,29,Code 8,Contract,KwaZulu-Natal,4.02
D009859,Mandla Modise,41,21,Code 8,Permanent,Northern Cape,3.16
D009860,Lindelwa Mkhize,31,21,Code 8,Permanent,Northern Cape,3.41
D009861,Lindelwa Ngcobo,43,8,Code 10,Permanent,Gauteng,4.08
D009862,Karabo Mahlangu,58,30,Code 10,Permanent,Mpumalanga,3.62
D009863,Busisiwe Jacobs,47,30,Code 10,Permanent,Western Cape,3.68
D009864,Mandla Williams,28,8,Code 14,Owner Driver,North West,3.5
D009865,Themba Botha,39,19,Code 8,Owner Driver,North West,3.69
D009866,Busisiwe Maseko,38,13,Code 14,Permanent,Eastern Cape,3.12
D009867,Thabo Jacobs,47,32,Code 10,Contract,Gauteng,3.98
D009868,Mpho Mokoena,27,30,Code 8,Owner Driver,Mpumalanga,4.6
D009869,Dumisani Ndlovu,26,28,Code 10,Owner Driver,Limpopo,4.67
D009870,Bongani Mokoena,37,2,Code 8,Permanent,Eastern Cape,4.33
D009871,Sibusiso Van Wyk,27,8,Code 10,Permanent,Eastern Cape,4.38
D009872,Amanda Mthembu,30,9,Code 8,Owner Driver,Mpumalanga,4.62
D009873,Dumisani Khumalo,29,5,Code 8,Permanent,Eastern Cape,4.43
D009874,Mandla Ndlovu,30,34,Code 8,Owner Driver,Northern Cape,4.52
D009875,Tshepo Van Wyk,32,30,Code 10,Permanent,Limpopo,4.54
D009876,Mandla Dlamini,63,9,Code 10,Permanent,Northern Cape,3.84
D009877,Tshepo Jacobs,34,28,Code 10,Owner Driver,Mpumalanga,3.92
D009878,Themba Sithole,56,15,Code 8,Permanent,Limpopo,4.43
D009879,Ayanda Khumalo,34,15,Code 14,Permanent,North West,4.54
D009880,Sipho Mokoena,45,1,Code 10,Permanent,Northern Cape,4.87
D009881,Busisiwe Moyo,61,16,Code 14,Contract,Eastern Cape,4.42
D009882,Bongani Nkosi,33,3,Code 8,Contract,Gauteng,3.17
D009883,Sibusiso Mthembu,59,9,Code 10,Permanent,Western Cape,4.36
D009884,Amanda Botha,37,33,Code 8,Permanent,Western Cape,3.47
D009885,Amanda Mabena,31,25,Code 14,Permanent,North West,4.29
D009886,Tshepo Sithole,24,26,Code 14,Permanent,Limpopo,4.29
D009887,Mandla Botha,50,17,Code 14,Owner Driver,Limpopo,4.11
D009888,Precious Moyo,55,25,Code 8,Owner Driver,Gauteng,4.0
D009889,Precious Mthembu,25,21,Code 10,Permanent,Mpumalanga,3.83
D009890,Mandla Jacobs,55,30,Code 10,Contract,Mpumalanga,4.37
D009891,Lerato Mkhize,52,10,Code 10,Owner Driver,North West,3.0
D009892,Dumisani Sithole,41,15,Code 8,Owner Driver,Mpumalanga,4.65
D009893,Busisiwe Adams,53,29,Code 8,Permanent,North West,3.31
D009894,Nandi Cele,42,12,Code 10,Permanent,KwaZulu-Natal,3.68
D009895,Sibusiso Pillay,41,6,Code 10,Permanent,Eastern Cape,3.48
D009896,Karabo Naidoo,26,11,Code 10,Permanent,North West,4.21
D009897,Nomsa Mkhize,57,23,Code 14,Permanent,Free State,3.54
D009898,Precious Ngcobo,56,29,Code 10,Contract,Mpumalanga,3.18
D009899,Themba Williams,38,5,Code 10,Permanent,Northern Cape,4.54
D009900,Siyabonga Nkosi,28,32,Code 8,Contract,KwaZulu-Natal,3.36
D009901,Kabelo Khumalo,64,30,Code 14,Permanent,Gauteng,3.23
D009902,Mpho Mahlangu,49,2,Code 8,Permanent,Eastern Cape,3.19
D009903,Nokuthula Khumalo,39,28,Code 10,Contract,Mpumalanga,3.32
D009904,Precious Van Wyk,47,1,Code 14,Owner Driver,North West,3.7
D009905,Thabo Williams,52,9,Code 10,Permanent,Free State,4.38
D009906,Busisiwe Zulu,37,29,Code 10,Permanent,Gauteng,4.82
D009907,Karabo Williams,27,9,Code 14,Permanent,Gauteng,3.97
D009908,Bongani Zulu,59,14,Code 8,Permanent,Western Cape,4.42
D009909,Siyabonga Modise,42,20,Code 10,Permanent,North West,3.74
D009910,Dumisani Naidoo,31,33,Code 8,Owner Driver,North West,4.02
D009911,Lwazi Moyo,40,8,Code 8,Contract,Gauteng,3.94
D009912,Mandla Cele,35,24,Code 14,Permanent,Eastern Cape,4.64
D009913,Bongani Moyo,46,28,Code 10,Permanent,North West,4.83
D009914,Lwazi Mokoena,32,17,Code 8,Permanent,Free State,4.82
D009915,Mpho Nkosi,36,26,Code 10,Permanent,North West,3.35
D009916,Phumzile Naidoo,45,7,Code 14,Owner Driver,Eastern Cape,4.54
D009917,Kagiso Khumalo,26,7,Code 8,Contract,Mpumalanga,3.47
D009918,Lerato Van Wyk,34,25,Code 10,Contract,Limpopo,3.78
D009919,Kagiso Mthembu,40,27,Code 10,Permanent,Mpumalanga,4.43
D009920,Amanda Mkhize,43,29,Code 10,Permanent,North West,3.7
D009921,Sibusiso Naidoo,48,18,Code 10,Contract,Western Cape,4.26
D009922,Nokuthula Nkosi,65,20,Code 8,Owner Driver,Western Cape,4.82
D009923,Lindelwa Khumalo,50,15,Code 8,Owner Driver,Limpopo,3.22
D009924,Mandla Mkhize,26,26,Code 8,Permanent,Western Cape,4.69
D009925,Busisiwe Nkosi,45,2,Code 8,Permanent,Mpumalanga,4.26
D009926,Dumisani Ndlovu,62,14,Code 14,Permanent,Free State,4.83
D009927,Bongani Mkhize,50,8,Code 8,Permanent,Western Cape,3.59
D009928,Nandi Botha,61,13,Code 10,Contract,KwaZulu-Natal,4.67
D009929,Kagiso Williams,59,6,Code 10,Contract,North West,3.63
D009930,Thabo Naidoo,51,31,Code 10,Owner Driver,Eastern Cape,4.53
D009931,Bongani Nkosi,23,20,Code 8,Contract,KwaZulu-Natal,4.23
D009932,Sipho Botha,29,30,Code 10,Contract,KwaZulu-Natal,3.73
D009933,Lwazi Ndlovu,41,19,Code 8,Permanent,Northern Cape,4.29
D009934,Thabo Jacobs,27,6,Code 8,Owner Driver,KwaZulu-Natal,3.83
D009935,Lindelwa Adams,40,23,Code 8,Permanent,KwaZulu-Natal,4.17
D009936,Siyabonga Mabena,58,22,Code 10,Permanent,Western Cape,5.0
D009937,Themba Moyo,45,3,Code 10,Contract,Mpumalanga,3.42
D009938,Tshepo Mokoena,62,25,Code 8,Permanent,Western Cape,4.02
D009939,Sibusiso Williams,50,8,Code 10,Permanent,Eastern Cape,3.87
D009940,Lerato Maseko,29,7,Code 10,Permanent,Free State,3.87
D009941,Precious Ngcobo,61,14,Code 8,Permanent,Eastern Cape,3.57
D009942,Thabo Nkosi,43,26,Code 14,Permanent,Free State,4.65
D009943,Kagiso Molefe,48,32,Code 10,Permanent,Mpumalanga,3.72
D009944,Nomsa Khumalo,48,4,Code 14,Permanent,Eastern Cape,3.34
D009945,Karabo Nkosi,51,8,Code 10,Contract,Mpumalanga,3.95
D009946,Kagiso Mthembu,31,5,Code 8,Permanent,KwaZulu-Natal,4.84
D009947,Zanele Ndlovu,27,12,Code 10,Permanent,Gauteng,3.85
D009948,Precious Cele,58,3,Code 10,Permanent,Northern Cape,3.45
D009949,Thabo Williams,27,21,Code 14,Owner Driver,Mpumalanga,2.99
D009950,Zanele Ndlovu,25,17,Code 14,Permanent,North West,4.3
D009951,Lindelwa Williams,49,5,Code 10,Contract,Gauteng,3.92
D009952,Karabo Ngcobo,52,34,Code 10,Permanent,Eastern Cape,4.55
D009953,Bongani Dlamini,44,29,Code 14,Owner Driver,Free State,3.48
D009954,Mpho Pillay,54,31,Code 8,Permanent,Free State,3.81
D009955,Mandla Moyo,35,26,Code 8,Owner Driver,North West,3.8
D009956,Ayanda Mkhize,26,10,Code 10,Owner Driver,Limpopo,3.26
D009957,Tshepo Van Wyk,48,6,Code 10,Permanent,Eastern Cape,3.29
D009958,Mpho Dlamini,35,30,Code 8,Contract,Free State,3.94
D009959,Siyabonga Mkhize,55,28,Code 10,Permanent,Western Cape,4.5
D009960,Dumisani Jacobs,52,29,Code 14,Permanent,Free State,3.9
D009961,Amanda Williams,51,11,Code 8,Permanent,Northern Cape,4.79
D009962,Mandla Moyo,53,31,Code 8,Contract,Mpumalanga,4.09
D009963,Dumisani Mkhize,51,8,Code 8,Contract,Western Cape,3.43
D009964,Tshepo Cele,49,25,Code 14,Contract,KwaZulu-Natal,4.91
D009965,Lindelwa Mahlangu,45,1,Code 8,Contract,North West,4.13
D009966,Lerato Modise,24,11,Code 10,Permanent,Northern Cape,4.09
D009967,Lerato Van Wyk,55,4,Code 10,Permanent,KwaZulu-Natal,3.59
D009968,Sipho Williams,54,6,Code 10,Permanent,Eastern Cape,3.0
D009969,Karabo Nkosi,25,4,Code 10,Contract,Free State,4.66
D009970,Zanele Cele,57,14,Code 10,Contract,Mpumalanga,4.3
D009971,Mpho Sithole,50,1,Code 14,Permanent,Eastern Cape,4.29
D009972,Siyabonga Mokoena,43,16,Code 10,Permanent,Limpopo,4.69
D009973,Kabelo Maseko,48,10,Code 10,Permanent,Western Cape,5.0
D009974,Phumzile Nkosi,37,33,Code 8,Permanent,KwaZulu-Natal,4.5
D009975,Busisiwe Sithole,49,12,Code 8,Permanent,Mpumalanga,4.17
D009976,Mpho Van Wyk,30,26,Code 14,Permanent,Northern Cape,5.0
D009977,Tshepo Molefe,24,25,Code 14,Permanent,Eastern Cape,3.7
D009978,Themba Ndlovu,40,3,Code 8,Permanent,Northern Cape,3.73
D009979,Lwazi Van Wyk,35,30,Code 8,Permanent,KwaZulu-Natal,3.7
D009980,Kabelo Modise,33,28,Code 10,Owner Driver,KwaZulu-Natal,3.43
D009981,Mpho Naidoo,30,3,Code 10,Permanent,Gauteng,3.63
D009982,Karabo Modise,37,17,Code 8,Permanent,Gauteng,3.16
D009983,Zanele Nkosi,39,18,Code 10,Contract,Western Cape,4.41
D009984,Sibusiso Khumalo,32,11,Code 8,Owner Driver,Limpopo,4.55
D009985,Amanda Cele,55,18,Code 8,Permanent,Gauteng,3.69
D009986,Tshepo Zulu,24,17,Code 8,Permanent,KwaZulu-Natal,4.14
D009987,Phumzile Mabena,35,1,Code 14,Permanent,Free State,4.5
D009988,Phumzile Pillay,61,8,Code 8,Contract,KwaZulu-Natal,4.4
D009989,Nandi Jacobs,54,27,Code 14,Owner Driver,Free State,3.28
D009990,Nomsa Mkhize,63,2,Code 10,Permanent,Mpumalanga,4.39
D009991,Tshepo Adams,46,12,Code 10,Owner Driver,Eastern Cape,3.68
D009992,Lindelwa Mabena,44,2,Code 14,Permanent,Gauteng,3.97
D009993,Zanele Jacobs,58,8,Code 10,Permanent,Gauteng,3.75
D009994,Themba Mthembu,56,16,Code 8,Permanent,Eastern Cape,4.67
D009995,Tshepo Dlamini,40,31,Code 8,Permanent,Eastern Cape,3.22
D009996,Lindelwa Naidoo,49,8,Code 14,Permanent,Northern Cape,4.18
D009997,Nandi Sithole,58,32,Code 14,Contract,KwaZulu-Natal,5.0
D009998,Kabelo Adams,47,8,Code 10,Permanent,Gauteng,4.43
D009999,Amanda Mahlangu,37,23,Code 14,Contract,KwaZulu-Natal,4.37
D010000,Sibusiso Mthembu,25,2,Code 8,Permanent,Limpopo,4.45
