vehicle_id,vehicle_type,vehicle_age_years,capacity_kg,fuel_type,maintenance_score,current_mileage_km
V00001,Medium Truck,11,20000,Diesel,69.95,780724.0
V00002,Small Truck,3,2500,Diesel,89.36,340655.0
V00003,Panel Van,1,10000,Diesel,69.52,395567.0
V00004,Heavy Truck,7,20000,Diesel,72.19,187639.0
V00005,Refrigerated Truck,3,100,Diesel,67.63,380520.0
V00006,Panel Van,14,10000,Diesel,78.09,430569.0
V00007,Panel Van,5,5000,Diesel,82.31,370005.0
V00008,Medium Truck,10,20000,Diesel,68.8,227525.0
V00009,Heavy Truck,6,1000,Diesel,78.8,84256.0
V00010,Small Truck,3,5000,Petrol,83.94,566276.0
V00011,Refrigerated Truck,5,10000,Diesel,63.17,61072.0
V00012,Heavy Truck,13,2500,Diesel,72.89,781583.0
V00013,Panel Van,1,500,Diesel,100.0,70030.0
V00014,Panel Van,15,20000,Diesel,73.5,854951.0
V00015,Panel Van,0,500,Petrol,90.5,501433.0
V00016,Heavy Truck,11,10000,Diesel,75.91,396659.0
V00017,Medium Truck,11,10000,Diesel,84.4,762708.0
V00018,Refrigerated Truck,9,100,Diesel,72.43,391227.0
V00019,Heavy Truck,1,1000,Diesel,59.18,128547.0
V00020,Heavy Truck,10,5000,Petrol,76.71,465547.0
V00021,Panel Van,1,100,Diesel,87.3,441954.0
V00022,Panel Van,11,500,Diesel,90.14,
V00023,Refrigerated Truck,12,1000,Diesel,83.72,467610.0
V00024,Small Truck,13,20000,Diesel,72.67,75445.0
V00025,Refrigerated Truck,6,1000,Diesel,93.04,307988.0
V00026,Small Truck,10,5000,Diesel,73.34,279110.0
V00027,Medium Truck,2,5000,Petrol,74.07,205083.0
V00028,Medium Truck,8,2500,Electric,70.24,181421.0
V00029,Motorbike,11,100,Diesel,76.92,75582.0
V00030,Medium Truck,2,20000,Petrol,78.45,698800.0
V00031,Refrigerated Truck,13,2500,Diesel,85.52,359624.0
V00032,Small Truck,5,1000,Diesel,65.77,343548.0
V00033,Small Truck,14,2500,Hybrid,76.48,392955.0
V00034,Medium Truck,1,2500,Diesel,72.39,868056.0
V00035,Heavy Truck,3,20000,Diesel,87.13,631603.0
V00036,Heavy Truck,11,1000,Diesel,85.63,881383.0
V00037,Small Truck,3,20000,Petrol,69.65,541984.0
V00038,Small Truck,15,100,Diesel,87.91,793365.0
V00039,Small Truck,15,500,Diesel,81.37,833603.0
V00040,Refrigerated Truck,1,500,Diesel,91.52,460524.0
V00041,Refrigerated Truck,13,20000,Electric,74.25,445411.0
V00042,Medium Truck,7,5000,Electric,89.09,838184.0
V00043,Small Truck,13,2500,Diesel,92.38,650871.0
V00044,Heavy Truck,11,100,Petrol,82.83,342342.0
V00045,Panel Van,5,500,Diesel,100.0,291153.0
V00046,Panel Van,0,20000,Diesel,87.9,356570.0
V00047,Small Truck,5,20000, Diesel,100.0,234006.0
V00048,Medium Truck,7,1000,Hybrid,100.0,428270.0
V00049,Motorbike,8,5000,Petrol,61.93,608115.0
V00050,Small Truck,12,1000,Petrol,95.82,628950.0
V00051,Heavy Truck,13,20000,Diesel,88.2,42782.0
V00052,Medium Truck,4,100,Petrol,84.92,61814.0
V00053,Panel Van,3,100,Petrol,74.07,567686.0
V00054,Panel Van,10,1000,Diesel,71.3,484601.0
V00055,Heavy Truck,11,500,Diesel,69.36,56180.0
V00056,Panel Van,9,5000,Diesel,100.0,869430.0
V00057,Motorbike,9,20000,Diesel,87.85,880319.0
V00058,Refrigerated Truck,11,20000,Electric,65.69,65248.0
V00059,Medium Truck,6,20000,Diesel,69.37,10219.0
V00060,Small Truck,3,500,Diesel,57.7,82238.0
V00061,Medium Truck,12,100,Diesel,96.29,587842.0
V00062,Medium Truck,2,500,Diesel,82.54,849700.0
V00063,Small Truck,0,10000,Diesel,88.11,367957.0
V00064,Medium Truck,0,100,Electric,82.03,748927.0
V00065,Medium Truck,6,5000,Diesel,93.37,193188.0
V00066,Panel Van,7,5000,Diesel,77.24,5572.0
V00067,Small Truck,8,10000,Electric,85.55,436616.0
V00068,Small Truck,1,100,Petrol,85.29,1467204
V00069,Heavy Truck,6,2500,Petrol ,68.08,896856.0
V00070,Heavy Truck,10,100,Petrol,73.32,282016.0
V00071,Heavy Truck,4,100,Diesel,78.37,391940.0
V00072,Small Truck,8,10000,Diesel,85.85,154968.0
V00073,Medium Truck,4,2500,Petrol,98.66,363424.0
V00074,Medium Truck,13,10000,Petrol,83.39,51780.0
V00075,Small Truck,7,100,Diesel,80.95,312052.0
V00076,Refrigerated Truck,12,1000,Petrol,85.72,228668.0
V00077,Small Truck,5,100,Diesel,80.12,343326.0
V00078,Medium Truck,5,5000,Diesel,81.73,589197.0
V00079,Heavy Truck,12,2500,Petrol,100.0,707369.0
V00080,Heavy Truck,4,10000,Petrol,79.32,276989.0
V00081,Medium Truck,11,100,Diesel,85.14,787545.0
V00082,Small Truck,1,100,Petrol,74.26,280330.0
V00083,Medium Truck,13,10000,Petrol,97.13,75190.0
V00084,Small Truck,12,5000,Petrol,71.06,239946.0
V00085,Medium Truck,9,100,Diesel,81.14,219889.0
V00086,Heavy Truck,7,1000,Diesel,93.79,91914.0
V00087,Panel Van,5,1000,Diesel,71.61,594982.0
V00088,Medium Truck,5,1000,Electric,92.41,
V00089,Motorbike,4,10000,Diesel,57.41,278083.0
V00090,Heavy Truck,11,1000,Petrol,68.9,659565.0
V00091,Panel Van,3,5000,Diesel,80.87,202717.0
V00092,Small Truck,4,10000,Diesel,100.0,882118.0
V00093,Panel Van,6,100,Diesel,83.75,318045.0
V00094,Small Truck,7,2500,Petrol,84.0,207805.0
V00095,Medium Truck,4,500,Diesel,95.77,673729.0
V00096,Small Truck,6,10000,Petrol,68.96,150822.0
V00097,Small Truck,12,100,Diesel,45.6,863367.0
V00098,Refrigerated Truck,4,1000,Diesel,100.0,638009.0
V00099,Panel Van,2,5000,Hybrid,89.26,188748.0
V00100,Small Truck,12,2500,Diesel,76.66,294246.0
V00101,Medium Truck,4,100,Hybrid,82.69,870519.0
V00102,Heavy Truck,11,20000,Diesel,94.63,460166.0
V00103,Small Truck,15,100,Diesel,80.45,496127.0
V00104,Small Truck,8,2500,Petrol,83.74,639129.0
V00105,Heavy Truck,8,100,Diesel,100.0,234554.0
V00106,Medium Truck,11,5000,Diesel,67.08,380506.0
V00107,Heavy Truck,2,1000,Petrol,88.21,380692.0
V00108,Motorbike,1,5000,Diesel,67.34,337372.0
V00109,Small Truck,2,5000,Electric,100.0,286203.0
V00110,Medium Truck,6,20000,Petrol,85.52,398453.0
V00111,Panel Van,13,100,Diesel,73.76,709568.0
V00112,Small Truck,9,5000,Electric,63.99,413970.0
V00113,Motorbike,13,1000,Diesel,77.8,83614.0
V00114,Medium Truck,6,5000,Diesel,84.23,5675.0
V00115,Refrigerated Truck,12,20000,Diesel,95.9,23893.0
V00116,Refrigerated Truck,11,10000,Diesel,68.88,173804.0
V00117,Small Truck,1,20000,Petrol,72.1,686269.0
V00118,Motorbike,8,20000,Petrol,76.04,550349.0
V00119,Heavy Truck,10,10000,Diesel,72.7,317286.0
V00120,Medium Truck,6,20000,Diesel,75.83,20613.0
V00121,Medium Truck,12,5000,Diesel,70.66,298904.0
V00122,Heavy Truck,6,100,Diesel,87.01,252415.0
V00123,Small Truck,11,20000,Petrol,76.2,
V00124,Small Truck,11,5000,Diesel,82.13,399183.0
V00125,Heavy Truck,3,20000,Diesel,85.65,159089.0
V00126,Small Truck,1,1000,petrol,65.45,400436.0
V00127,Heavy Truck,14,5000,Hybrid,89.12,113044.0
V00128,Heavy Truck,13,1000,Electric,84.51,47776.0
V00129,Small Truck,15,100,Petrol,84.53,831973.0
V00130,Heavy Truck,0,5000,Petrol,80.4,788445.0
V00131,Small Truck,11,1000,Diesel,78.77,895820.0
V00132,Refrigerated Truck,2,500,Diesel,82.65,85978.0
V00133,Small Truck,7,500,Diesel,83.15,611475.0
V00134,Panel Van,12,5000,Diesel,67.84,788778.0
V00135,Heavy Truck,4,5000,Petrol,100.0,364656.0
V00136,Refrigerated Truck,5,1000,Diesel,73.65,891777.0
V00137,Heavy Truck,7,1000,Petrol,82.8,869857.0
V00138,Heavy Truck,7,10000,Diesel,95.98,164879.0
V00139,Refrigerated Truck,0,2500,Diesel,77.9,780639.0
V00140,Medium Truck,5,1000,Electric,84.84,68165.0
V00141,Heavy Truck,13,10000,Diesel,55.71,144041.0
V00142,Motorbike,1,100,Diesel,58.22,113392.0
V00143,Panel Van,5,5000,Petrol,81.69,883250.0
V00144,Panel Van,9,5000,Diesel,84.27,768021.0
V00145,Refrigerated Truck,6,1000,Diesel,95.27,255516.0
V00146,Panel Van,11,10000,Petrol,91.61,875259.0
V00147,Small Truck,4,500,Petrol,62.9,119612.0
V00148,Motorbike,3,5000,Diesel,97.22,534362.0
V00149,Motorbike,14,500,Petrol,67.71,778647.0
V00150,Medium Truck,12,10000,Diesel,92.35,852797.0
V00151,Panel Van,4,1000,Diesel,76.58,202875.0
V00152,Heavy Truck,1,10000,Diesel,100.0,693868.0
V00153,Heavy Truck,7,5000,Hybrid,74.92,618795.0
V00154,Medium Truck,12,100,Diesel,81.11,513990.0
V00155,Small Truck,9,5000,Diesel,83.9,725616.0
V00156,Heavy Truck,11,100,Diesel,79.09,823297.0
V00157,Small Truck,8,10000,Diesel,70.03,136991.0
V00158,Panel Van,14,500,Petrol,100.0,424085.0
V00159,Small Truck,1,20000,Petrol,74.67,193269.0
V00160,Small Truck,13,500,Diesel,74.24,373419.0
V00161,Medium Truck,15,2500,Diesel,80.69,343611.0
V00162,Small Truck,13,2500,Petrol,84.32,649315.0
V00163,Heavy Truck,4,100,Diesel,73.78,556654.0
V00164,Medium Truck,15,500,Diesel,93.44,675056.0
V00165,Panel Van,15,20000,Hybrid,83.83,636836.0
V00166,Small Truck,13,1000,Diesel,82.24,322286.0
V00167,Heavy Truck,5,10000,Diesel,88.7,580979.0
V00168,Panel Van,12,2500,Electric,71.82,430663.0
V00169,Panel Van,13,500,Diesel,74.98,485438.0
V00170,Medium Truck,3,5000,Diesel,81.74,198163.0
V00171,Small Truck,4,100,Diesel,93.16,251680.0
V00172,Panel Van,12,20000,Electric,79.07,112217.0
V00173,Small Truck,12,5000,Petrol,78.19,147700.0
V00174,Medium Truck,10,5000,Diesel,56.7,319872.0
V00175,Motorbike,8,100,Diesel,73.68,170673.0
V00176,Heavy Truck,15,500,Petrol,62.19,446048.0
V00177,Small Truck,5,1000,Diesel,65.18,646873.0
V00178,Motorbike,11,1000,Diesel,86.39,145772.0
V00179,Heavy Truck,15,100,Diesel,100.0,192148.0
V00180,Medium Truck,4,100,Diesel,84.33,150896.0
V00181,Refrigerated Truck,1,5000,Petrol,85.99,731133.0
V00182,Small Truck,2,1000,Electric,72.87,115957.0
V00183,Small Truck,10,500,Petrol,69.42,830967.0
V00184,Medium Truck,4,5000,Petrol,100.0,788802.0
V00185,Heavy Truck,11,20000,Diesel,72.34,350260.0
V00186,Heavy Truck,7,20000,Diesel,58.0,626219.0
V00187,Medium Truck,13,20000,Diesel,84.95,167913.0
V00188,Heavy Truck,10,500,Diesel,76.84,135246.0
V00189,Panel Van,9,500,Diesel,89.15,597094.0
V00190,Heavy Truck,3,500,Diesel,100.0,596839.0
V00191,Medium Truck,5,1000,Diesel,86.43,275520.0
V00192,Panel Van,3,100,Petrol,84.72,439814.0
V00193,Panel Van,0,1000,Hybrid,,474924.0
V00194,Small Truck,4,5000,Diesel,100.0,511150.0
V00195,Panel Van,15,500,Diesel,100.0,259354.0
V00196,Panel Van,12,20000,Diesel,78.21,746605.0
V00197,Motorbike,3,10000,Electric,93.4,545207.0
V00198,Medium Truck,5,1000,Petrol,100.0,431032.0
V00199,Medium Truck,11,1000,Petrol,90.32,469942.0
V00200,Panel Van,1,2500,Diesel,81.2,262852.0
V00201,Medium Truck,11,1000,Electric,76.03,310888.0
V00202,Panel Van,8,100,Hybrid,83.18,703227.0
V00203,Small Truck,11,1000,Diesel,68.32,121886.0
V00204,Refrigerated Truck,0,2500,Diesel,92.74,147675.0
V00205,Heavy Truck,14,500,Diesel,98.69,155852.0
V00206,Medium Truck,10,500,Petrol,77.24,832634.0
V00207,Medium Truck,2,2500,Diesel,76.59,729728.0
V00208,Motorbike,13,100,Petrol,69.33,847660.0
V00209,Small Truck,0,10000,Diesel,87.6,285957.0
V00210,Small Truck,2,5000,Petrol,81.87,313704.0
V00211,Small Truck,12,20000,Diesel,64.68,256634.0
V00212,Refrigerated Truck,13,500,Diesel,100.0,696166.0
V00213,Heavy Truck,1,10000,Diesel,60.66,683185.0
V00214,Medium Truck,10,100,Diesel,64.72,830192.0
V00215,Medium Truck,12,10000,Diesel,93.27,259718.0
V00216,Heavy Truck,1,500,Diesel,89.89,827706.0
V00217,Small Truck,1,10000,Diesel,,855358.0
V00218,Heavy Truck,3,100,Petrol,72.66,107366.0
V00219,Medium Truck,3,10000,Diesel,87.49,315908.0
V00220,Heavy Truck,3,5000,Diesel,86.54,155157.0
V00221,Motorbike,12,100,Diesel,73.55,882085.0
V00222,Medium Truck,3,500,Diesel,93.93,443913.0
V00223,Small Truck,8,2500,Electric,88.86,15995.0
V00224,Motorbike,5,5000,DIESEL,98.04,499114.0
V00225,Medium Truck,5,10000,Hybrid,81.4,165715.0
V00226,Refrigerated Truck,14,2500,Diesel,91.72,312971.0
V00227,Heavy Truck,1,5000,Diesel,79.26,712607
V00228,Motorbike,3,1000,Diesel,88.49,73577.0
V00229,Motorbike,3,1000,Diesel,86.29,821932.0
V00230,Small Truck,14,500,Diesel,92.18,389380.0
V00231,Panel Van,13,5000,Petrol,88.23,583400.0
V00232,Motorbike,8,5000,Diesel,59.33,256607.0
V00233,Motorbike,8,20000,Diesel,74.48,692479.0
V00234,Small Truck,8,2500,Diesel,83.0,405653.0
V00235,Panel Van,9,5000,Diesel,87.6,466878.0
V00236,Panel Van,10,10000,Diesel,91.9,249607.0
V00237,Heavy Truck,0,20000,Diesel,88.58,172594.0
V00238,Refrigerated Truck,12,2500,Diesel,73.54,395146.0
V00239,Heavy Truck,12,10000,Petrol,93.02,290452.0
V00240,Panel Van,15,10000,Diesel,72.29,531353.0
V00241,Panel Van,6,5000,Petrol,97.16,532820.0
V00242,Medium Truck,0,2500,Diesel,97.96,327524.0
V00243,Heavy Truck,5,5000,Petrol,81.88,125475.0
V00244,Medium Truck,6,10000,Diesel,74.22,193534.0
V00245,Heavy Truck,9,2500,Petrol,73.65,247327.0
V00246,Small Truck,2,2500,Electric,68.87,359942.0
V00247,Refrigerated Truck,1,500,Diesel,70.93,679022.0
V00248,Heavy Truck,2,20000,Diesel,79.83,238144.0
V00249,Motorbike,10,100,Petrol,75.29,665704.0
V00250,Small Truck,2,10000,Diesel,62.68,62465.0
V00251,Medium Truck,10,1000,Diesel,76.2,589065.0
V00252,Panel Van,11,500,Diesel,83.11,572268.0
V00253,Small Truck,9,500,Diesel,77.93,715152.0
V00254,Medium Truck,0,10000,Diesel,71.26,572305.0
V00255,Medium Truck,1,1000,Diesel,53.31,287870.0
V00256,Heavy Truck,13,100,Petrol,95.75,289635.0
V00257,Panel Van,9,2500,Diesel,81.52,729288.0
V00258,Refrigerated Truck,12,20000,Diesel,85.85,863521.0
V00259,Small Truck,15,20000,Diesel,84.17,460612.0
V00260,Refrigerated Truck,6,1000,Diesel,87.97,711181.0
V00261,Panel Van,14,5000,Diesel,84.89,886552.0
V00262,Medium Truck,6,2500,Diesel,83.18,812654.0
V00263,Refrigerated Truck,14,1000,Diesel,91.16,35686.0
V00264,Panel Van,10,100,Diesel,93.73,425130.0
V00265,Heavy Truck,3,500,Petrol,98.6,543296.0
V00266,Medium Truck,0,20000,Petrol,72.02,473784.0
V00267,Small Truck,14,20000,Petrol,84.99,530683.0
V00268,Medium Truck,6,20000,Diesel,62.74,623811.0
V00269,Panel Van,13,20000,Diesel,76.22,209180.0
V00270,Medium Truck,2,2500,Diesel,79.64,531339.0
V00271,Panel Van,7,100,Diesel,90.89,602286.0
V00272,Medium Truck,2,500,Hybrid,80.59,603063.0
V00273,Medium Truck,1,10000,Petrol,90.07,528838.0
V00274,Panel Van,8,5000,Petrol,77.86,392030.0
V00275,Panel Van,7,20000,Petrol,75.07,324291.0
V00276,Medium Truck,3,1000,Diesel,72.37,123895.0
V00277,Panel Van,5,1000,Diesel,90.29,684400.0
V00278,Medium Truck,6,20000,Diesel,77.46,731778.0
V00279,Refrigerated Truck,3,20000,Diesel,52.88,887498.0
V00280,Panel Van,11,1000,Diesel,89.63,351673.0
V00281,Small Truck,4,20000,Petrol,70.85,194248.0
V00282,Refrigerated Truck,9,5000,Diesel,84.32,549495.0
V00283,Refrigerated Truck,11,20000,Diesel,68.45,542236.0
V00284,Motorbike,5,100,Diesel,82.18,335271.0
V00285,Heavy Truck,1,5000,Diesel,47.56,311655.0
V00286,Panel Van,0,20000,Diesel,81.6,436549.0
V00287,Heavy Truck,9,20000,Diesel,71.5,384316.0
V00288,Small Truck,0,5000,Diesel,66.79,576873.0
V00289,Panel Van,1,100,Diesel,91.17,652951.0
V00290,Small Truck,7,20000,Diesel,80.58,522766.0
V00291,Panel Van,4,500,Diesel,79.07,618128.0
V00292,Small Truck,6,1000,Diesel,73.31,131129.0
V00293,Small Truck,11,20000,Diesel,92.73,284792.0
V00294,Refrigerated Truck,12,2500,Petrol,76.78,215692.0
V00295,Medium Truck,6,500,Diesel,99.85,719746.0
V00296,Medium Truck,1,100,Hybrid,,160618.0
V00297,Panel Van,3,500,Electric,99.1,781501.0
V00298,Refrigerated Truck,13,10000,Petrol,93.62,520424.0
V00299,Small Truck,0,10000,Diesel,74.72,161342.0
V00300,Motorbike,3,500,Diesel,82.63,358144.0
V00301,Medium Truck,15,20000,Diesel,79.56,54452.0
V00302,Small Truck,5,1000,Diesel,92.06,225551.0
V00303,Small Truck,0,5000,Hybrid,81.87,543520.0
V00304,Small Truck,13,5000,Diesel,79.08,44452.0
V00305,Small Truck,11,100,Petrol,100.0,473275.0
V00306,Small Truck,13,100,Petrol,78.07,691943.0
V00307,Heavy Truck,10,5000,Diesel,74.51,221929.0
V00308,Panel Van,8,10000,Diesel,77.18,53368.0
V00309,Panel Van,1,20000,Electric,94.85,1169967
V00310,Panel Van,1,10000,Diesel,84.25,345778.0
V00311,Small Truck,1,5000,Petrol,87.5,371875.0
V00312,Panel Van,9,2500,Diesel,84.83,412922.0
V00313,Motorbike,7,1000,Petrol,55.69,531488.0
V00314,Small Truck,12,5000,Petrol,69.17,410481.0
V00315,Refrigerated Truck,14,20000,Diesel,78.65,276766.0
V00316,Motorbike,4,100,Diesel,85.78,128955.0
V00317,Motorbike,5,2500,Diesel,70.19,886049.0
V00318,Medium Truck,2,2500,Diesel,69.82,639965.0
V00319,Small Truck,12,1000,Electric,78.25,598005.0
V00320,Panel Van,7,10000,Diesel,97.92,208310.0
V00321,Heavy Truck,5,2500,Diesel,,22568.0
V00322,Medium Truck,11,100,Electric,50.18,568013.0
V00323,Small Truck,7,5000,Petrol,100.0,812653.0
V00324,Medium Truck,8,20000,Petrol,63.64,343339.0
V00325,Heavy Truck,13,500,Petrol,77.14,111184.0
V00326,Panel Van,3,2500,Petrol,63.99,471444.0
V00327,Refrigerated Truck,10,500,Petrol,78.37,888011.0
V00328,Panel Van,13,100,Diesel,80.37,409738.0
V00329,Small Truck,14,2500,Diesel,100.0,307857.0
V00330,Panel Van,13,1000,Petrol,90.65,859958.0
V00331,Medium Truck,3,20000,Petrol,66.6,219730.0
V00332,Heavy Truck,10,2500,Diesel,59.1,315091.0
V00333,Medium Truck,9,5000,Diesel,88.0,222449.0
V00334,Panel Van,1,20000,Diesel,75.76,141934.0
V00335,Heavy Truck,8,2500,Petrol,73.32,798297.0
V00336,Refrigerated Truck,3,5000,Diesel,96.22,327942.0
V00337,Panel Van,8,2500,Hybrid,60.92,720082.0
V00338,Panel Van,9,5000,Diesel,77.6,451645.0
V00339,Medium Truck,11,500,Diesel,89.57,656524.0
V00340,Heavy Truck,12,20000,Diesel,67.84,64284.0
V00341,Panel Van,9,1000,Diesel,97.58,515038.0
V00342,Motorbike,7,1000,Diesel,69.86,827011.0
V00343,Medium Truck,15,1000,Petrol,81.15,888820.0
V00344,Heavy Truck,4,1000,Diesel,73.68,182859.0
V00345,Small Truck,4,1000,Diesel,49.12,690254.0
V00346,Medium Truck,14,10000,Diesel,76.95,837893.0
V00347,Heavy Truck,15,10000,Petrol,91.51,661588.0
V00348,Motorbike,6,5000,Petrol,69.59,366740.0
V00349,Small Truck,13,1000,Diesel,74.46,124208.0
V00350,Small Truck,14,500,Diesel,75.8,502098.0
V00351,Heavy Truck,13,5000,Diesel,88.43,28166.0
V00352,Medium Truck,8,10000,Petrol,77.68,616304.0
V00353,Heavy Truck,12,1000,Diesel,82.28,372665.0
V00354,Medium Truck,9,500,Diesel,82.43,63129.0
V00355,Panel Van,0,2500,Electric,75.72,634856.0
V00356,Small Truck,1,2500,Diesel,100.0,375463.0
V00357,Small Truck,15,100,Diesel,69.7,456353.0
V00358,Medium Truck,4,10000,Diesel,90.44,257048.0
V00359,Refrigerated Truck,2,10000,Diesel,97.31,393513.0
V00360,Small Truck,15,500,Petrol,80.34,155834.0
V00361,Medium Truck,5,10000,Hybrid,82.73,173419.0
V00362,Panel Van,11,10000,Petrol,88.36,603751.0
V00363,Medium Truck,12,2500,Diesel,77.54,749478.0
V00364,Heavy Truck,7,20000,Petrol,,153228.0
V00365,Heavy Truck,10,500,Diesel,79.01,149383.0
V00366,Refrigerated Truck,8,1000,Diesel,100.0,526680.0
V00367,Refrigerated Truck,7,20000,Diesel,88.83,504722.0
V00368,Medium Truck,1,500,Petrol,82.93,354439.0
V00369,Heavy Truck,1,10000,Petrol,91.07,890201.0
V00370,Heavy Truck,12,20000,Diesel,80.27,878729.0
V00371,Medium Truck,13,1000,Petrol,82.35,577684.0
V00372,Motorbike,1,2500,Petrol,76.83,816391.0
V00373,Refrigerated Truck,4,20000,Diesel,87.73,413445.0
V00374,Refrigerated Truck,6,1000,Hybrid,75.57,11772.0
V00375,Medium Truck,0,1000,Diesel,78.22,100231.0
V00376,Small Truck,6,100,Diesel,92.55,730710.0
V00377,Panel Van,15,1000,Diesel,79.67,117018.0
V00378,Motorbike,9,500,Electric,88.78,155948.0
V00379,Heavy Truck,14,500,Diesel,150,614935.0
V00380,Small Truck,6,2500,Diesel,81.08,426090.0
V00381,Medium Truck,12,10000,Diesel,77.81,219861.0
V00382,Small Truck,15,10000,Petrol,66.16,731746.0
V00383,Medium Truck,8,1000,Petrol,68.84,648595.0
V00384,Heavy Truck,12,2500,Diesel,89.31,262283.0
V00385,Heavy Truck,3,100,Diesel,89.09,189816.0
V00386,Small Truck,15,500,Electric,70.12,661796.0
V00387,Small Truck,15,1000,Diesel,86.76,216074.0
V00388,Motorbike,8,20000,Diesel,84.6,220629.0
V00389,Heavy Truck,1,10000,Diesel,93.23,793588.0
V00390,Heavy Truck,4,1000,Diesel,100.0,786304.0
V00391,Small Truck,4,500,Diesel,88.9,879348.0
V00392,Panel Van,15,500,Diesel,73.71,397925.0
V00393,Medium Truck,0,2500,Diesel,90.92,657710.0
V00394,Heavy Truck,1,20000,Diesel,69.5,183363.0
V00395,Heavy Truck,13,5000,Diesel,100.0,891207.0
V00396,Motorbike,14,1000, Petrol,67.28,52774.0
V00397,Refrigerated Truck,4,10000,Diesel,87.26,772125.0
V00398,Medium Truck,1,2500,Diesel,82.02,547837.0
V00399,Medium Truck,15,500,Diesel,77.04,844703.0
V00400,Motorbike,12,10000,Petrol,76.28,616183.0
V00401,Motorbike,11,20000,Petrol,98.34,177214.0
V00402,Panel Van,12,1000,Diesel,88.8,614074.0
V00403,Small Truck,15,20000,Diesel,80.17,669753.0
V00404,Refrigerated Truck,10,2500,Diesel,100.0,450276.0
V00405,Heavy Truck,1,500,Diesel,80.58,531287.0
V00406,Refrigerated Truck,12,20000,Diesel,90.82,365470.0
V00407,Medium Truck,1,100,Diesel,65.92,245567.0
V00408,Panel Van,1,500,Diesel,66.56,559020.0
V00409,Medium Truck,7,1000,Diesel,90.52,456515.0
V00410,Medium Truck,5,20000,Diesel,85.7,34829.0
V00411,Heavy Truck,9,20000,Petrol,100.0,683360.0
V00412,Medium Truck,5,500,Petrol,73.54,219305.0
V00413,Panel Van,13,100,Diesel,90.11,46528.0
V00414,Heavy Truck,15,10000,Petrol,79.05,233690.0
V00415,Heavy Truck,15,2500,Diesel,92.18,804504.0
V00416,Medium Truck,7,1000,Diesel,91.23,701688.0
V00417,Panel Van,8,100,Diesel,81.67,383488.0
V00418,Small Truck,0,2500,Diesel,73.11,399993.0
V00419,Heavy Truck,14,100,Diesel,77.93,389042.0
V00420,Small Truck,4,2500,Diesel,68.65,46000.0
V00421,Heavy Truck,3,500,Petrol,86.38,327033.0
V00422,Panel Van,13,500,Hybrid ,48.29,806078.0
V00423,Small Truck,15,100,Petrol,75.03,568039.0
V00424,Small Truck,14,500,Diesel,92.85,349912.0
V00425,Panel Van,0,5000,Petrol,92.56,888253.0
V00426,Small Truck,14,5000,Diesel,62.65,73892.0
V00427,Heavy Truck,6,2500,Diesel,88.99,778051.0
V00428,Small Truck,2,10000,Diesel,68.31,379522.0
V00429,Small Truck,2,20000,Diesel,77.46,
V00430,Medium Truck,11,100,Petrol,91.19,854833.0
V00431,Medium Truck,12,500,Petrol,70.3,839297.0
V00432,Small Truck,6,10000,Diesel,99.12,722309.0
V00433,Heavy Truck,9,5000,Diesel,85.08,478496.0
V00434,Small Truck,11,1000,Diesel,87.55,536181.0
V00435,Medium Truck,6,5000,Diesel,94.93,814160.0
V00436,Motorbike,13,5000,Hybrid,92.69,684405.0
V00437,Small Truck,4,5000,Diesel,91.64,275307.0
V00438,Panel Van,4,2500,Diesel,74.11,467206.0
V00439,Heavy Truck,7,100,Petrol,68.67,737671.0
V00440,Motorbike,8,10000,Diesel,78.61,724564.0
V00441,Medium Truck,5,500,Petrol,87.69,272705.0
V00442,Heavy Truck,5,2500,Petrol,66.57,756968.0
V00443,Small Truck,4,2500,Petrol,88.99,511435.0
V00444,Panel Van,7,100,Petrol,86.49,306959.0
V00445,Panel Van,11,1000,Diesel,79.82,445799.0
V00446,Panel Van,4,500,Petrol,82.74,403626.0
V00447,Heavy Truck,10,500,Diesel ,82.78,71851.0
V00448,Motorbike,5,1000,Diesel,87.3,207693.0
V00449,Small Truck,3,1000,Petrol,90.96,127588.0
V00450,Panel Van,4,5000,Petrol,100.0,618103.0
V00451,Medium Truck,13,100,Diesel,84.03,377978.0
V00452,Small Truck,4,500,Diesel,74.27,127647.0
V00453,Small Truck,10,2500,Diesel,59.13,538670.0
V00454,Motorbike,9,1000,Petrol,65.1,427478.0
V00455,Heavy Truck,11,1000,Petrol,72.91,610145.0
V00456,Medium Truck,9,100,Petrol,90.27,870059.0
V00457,Motorbike,15,500,Diesel,77.26,886624.0
V00458,Heavy Truck,14,1000,Electric,86.88,422032.0
V00459,Heavy Truck,5,100,Diesel,73.22,33399.0
V00460,Small Truck,6,2500,Electric,87.47,66121.0
V00461,Refrigerated Truck,5,100,Petrol,92.47,128955.0
V00462,Panel Van,10,20000,Diesel,77.17,21413.0
V00463,Heavy Truck,7,100,Diesel,87.22,581448.0
V00464,Heavy Truck,15,500,Diesel,76.72,855374.0
V00465,Medium Truck,11,2500,Diesel,67.22,679733.0
V00466,Medium Truck,1,100,Diesel,88.64,1219534
V00467,Panel Van,5,5000,Diesel,86.95,291045.0
V00468,Panel Van,12,1000,Petrol,89.12,640100.0
V00469,Small Truck,13,100,Petrol,93.47,467026.0
V00470,Heavy Truck,15,5000,Diesel,79.01,336070.0
V00471,Panel Van,8,100,Petrol,79.9,54140.0
V00472,Small Truck,12,5000,Petrol,78.58,453518.0
V00473,Motorbike,14,5000,Petrol,86.14,382701.0
V00474,Small Truck,1,1000,Diesel,80.34,504767.0
V00475,Small Truck,2,5000,Diesel,83.51,422766.0
V00476,Refrigerated Truck,3,100,Diesel,73.35,691493.0
V00477,Panel Van,3,20000,Diesel,69.67,812597.0
V00478,Panel Van,4,20000,Petrol,71.1,460903.0
V00479,Motorbike,0,500,Diesel,87.0,309300.0
V00480,Medium Truck,10,2500,Diesel,81.49,279517.0
V00481,Medium Truck,9,1000,petrol,76.08,793806.0
V00482,Panel Van,10,10000,Diesel,89.96,481655.0
V00483,Panel Van,12,500,Petrol,99.49,874738.0
V00484,Small Truck,2,1000,Diesel,76.06,614692.0
V00485,Motorbike,5,1000,Electric,68.99,526731.0
V00486,Heavy Truck,7,10000,Diesel,93.34,56829.0
V00487,Heavy Truck,4,2500,Hybrid,82.19,662136.0
V00488,Small Truck,6,10000,Diesel,79.8,428893.0
V00489,Medium Truck,7,100,Petrol,94.21,100292.0
V00490,Small Truck,11,100,Diesel,78.85,313405.0
V00491,Motorbike,3,20000,Diesel,86.76,411626.0
V00492,Medium Truck,4,100,Electric,83.92,807042.0
V00493,Heavy Truck,4,5000,Diesel,100.0,
V00494,Small Truck,3,500,Petrol,80.39,352596.0
V00495,Panel Van,13,2500,Diesel,93.24,882160.0
V00496,Panel Van,9,10000,Petrol,78.99,567890.0
V00497,Small Truck,12,2500,Petrol,87.4,874412.0
V00498,Small Truck,1,500,Petrol,79.65,
V00499,Heavy Truck,11,500,Petrol,91.54,766499.0
V00500,Panel Van,10,1000,Diesel,80.85,732867.0
V00501,Medium Truck,12,20000,Electric,88.04,645673.0
V00502,Refrigerated Truck,7,5000,Diesel,72.93,837138.0
V00503,Panel Van,11,2500,Diesel,72.44,499261.0
V00504,Medium Truck,8,5000,Diesel,59.42,79827.0
V00505,Small Truck,12,2500,Petrol,86.39,342764.0
V00506,Medium Truck,12,1000,Diesel,74.21,22602.0
V00507,Heavy Truck,13,500,Diesel,100.0,240773.0
V00508,Heavy Truck,2,2500,DIESEL,76.33,635644.0
V00509,Small Truck,11,500,Diesel,96.96,119343.0
V00510,Heavy Truck,3,1000,Diesel,95.73,570182.0
V00511,Medium Truck,7,1000,Diesel,79.05,574141.0
V00512,Heavy Truck,14,100,Diesel,73.16,501220.0
V00513,Heavy Truck,2,2500,Diesel,80.38,622928.0
V00514,Medium Truck,11,500,Diesel,95.62,390536.0
V00515,Motorbike,4,1000,Electric,100.0,595314.0
V00516,Panel Van,4,20000,Diesel,67.18,676056.0
V00517,Heavy Truck,0,10000,Petrol,82.17,527228.0
V00518,Motorbike,11,20000,Diesel,74.75,634770.0
V00519,Medium Truck,13,500,Hybrid,77.66,689725.0
V00520,Medium Truck,7,10000,Diesel,100.0,377879.0
V00521,Heavy Truck,3,10000,Diesel,72.77,824393.0
V00522,Heavy Truck,9,1000,Diesel,62.71,295860.0
V00523,Motorbike,15,1000,Diesel,84.42,56329.0
V00524,Medium Truck,12,500,Diesel,86.55,865881.0
V00525,Heavy Truck,12,20000,Diesel,76.95,759777.0
V00526,Panel Van,0,2500,Diesel,73.82,368156.0
V00527,Small Truck,14,1000,Diesel,83.92,196235.0
V00528,Medium Truck,9,100,Diesel,65.8,192061.0
V00529,Small Truck,10,2500,Electric,87.06,516946.0
V00530,Small Truck,5,20000,Petrol,77.83,864322.0
V00531,Panel Van,14,1000,Diesel,98.64,287366.0
V00532,Heavy Truck,8,10000,Petrol,85.82,637081.0
V00533,Panel Van,3,1000,Diesel,80.16,329376.0
V00534,Small Truck,5,20000,Diesel,79.24,504741.0
V00535,Medium Truck,3,5000,Diesel,58.8,576045.0
V00536,Panel Van,15,10000,Diesel,80.51,692119.0
V00537,Small Truck,12,5000,Petrol,79.56,660490.0
V00538,Panel Van,9,1000,Hybrid,82.62,203652.0
V00539,Panel Van,12,100,Diesel,79.72,104587.0
V00540,Small Truck,13,1000,Petrol,99.14,504409.0
V00541,Small Truck,5,500,Petrol,78.77,367714.0
V00542,Small Truck,4,10000,Diesel,71.87,249831.0
V00543,Motorbike,14,2500,Diesel,62.02,181551.0
V00544,Small Truck,5,5000,Diesel,76.65,777349.0
V00545,Motorbike,0,20000,Diesel,69.44,80453.0
V00546,Panel Van,12,20000,Diesel,66.42,127368.0
V00547,Panel Van,3,5000,Electric,78.26,312679.0
V00548,Panel Van,3,1000,Diesel,95.66,199667.0
V00549,Medium Truck,11,100,Diesel,93.22,65725.0
V00550,Refrigerated Truck,15,2500,Hybrid,66.62,223186.0
V00551,Panel Van,1,20000,Hybrid,82.44,330851.0
V00552,Heavy Truck,10,2500,Diesel,87.08,396676.0
V00553,Motorbike,5,20000,Diesel,89.02,477265.0
V00554,Small Truck,14,500,Electric,100.0,124052.0
V00555,Small Truck,14,100,Diesel,150,880679.0
V00556,Panel Van,1,2500,Petrol,71.37,492271.0
V00557,Medium Truck,0,1000,Hybrid,74.05,364609.0
V00558,Panel Van,6,100,Diesel,86.4,660859.0
V00559,Heavy Truck,1,20000,Diesel,49.34,842134.0
V00560,Medium Truck,5,1000,Diesel,79.26,12260.0
V00561,Heavy Truck,2,500,Petrol,60.61,453394.0
V00562,Panel Van,15,2500,Diesel,81.97,799066.0
V00563,Small Truck,11,10000,Diesel,100.0,216105.0
V00564,Medium Truck,2,500,Diesel,92.81,767750.0
V00565,Small Truck,9,1000,Diesel,67.29,534096.0
V00566,Medium Truck,11,10000,Diesel,76.98,50487.0
V00567,Small Truck,12,5000,Diesel,71.32,786505.0
V00568,Medium Truck,10,500,Petrol,97.53,66177.0
V00569,Medium Truck,9,100,Diesel,55.58,641676.0
V00570,Small Truck,13,10000,Diesel,76.73,518643.0
V00571,Heavy Truck,4,500,Diesel,73.64,714289.0
V00572,Heavy Truck,15,100,Petrol,67.92,285644.0
V00573,Motorbike,3,20000,Petrol,100.0,109658.0
V00574,Motorbike,12,5000,Diesel,63.21,443941.0
V00575,Medium Truck,15,2500,Diesel,67.67,672300.0
V00576,Medium Truck,4,1000,Diesel,100.0,512876.0
V00577,Refrigerated Truck,10,20000,Diesel,80.8,81480.0
V00578,Medium Truck,13,10000,Diesel,79.89,575796.0
V00579,Panel Van,4,2500,Diesel,74.5,363215.0
V00580,Motorbike,8,2500,Diesel,81.97,659803.0
V00581,Medium Truck,12,2500,Diesel,76.85,838628.0
V00582,Small Truck,10,1000,Diesel,73.18,772059.0
V00583,Refrigerated Truck,12,2500,Petrol,65.18,899781.0
V00584,Medium Truck,4,5000,Petrol,82.48,547962.0
V00585,Heavy Truck,8,5000,Petrol,74.84,651979.0
V00586,Heavy Truck,13,1000, Petrol,76.37,99019.0
V00587,Medium Truck,3,10000,Diesel,89.92,160632.0
V00588,Medium Truck,7,1000,Diesel,75.93,126911.0
V00589,Medium Truck,8,10000,Diesel,80.68,658921.0
V00590,Medium Truck,12,1000,Petrol,100.0,554279.0
V00591,Heavy Truck,12,20000,Diesel,86.6,828098.0
V00592,Panel Van,6,5000,Hybrid,75.52,639366.0
V00593,Heavy Truck,15,10000,Diesel,68.83,786723.0
V00594,Medium Truck,9,5000,Diesel,80.41,679901.0
V00595,Small Truck,9,500,Electric,91.45,567717.0
V00596,Panel Van,1,20000,Diesel,74.92,469202.0
V00597,Panel Van,3,5000,Diesel,81.48,125880.0
V00598,Medium Truck,1,100,Diesel,74.61,542348.0
V00599,Panel Van,0,1000,Petrol,77.11,
V00600,Motorbike,15,500,Diesel,66.67,877222.0
V00601,Panel Van,4,100,Hybrid,84.52,
V00602,Small Truck,11,2500,Diesel,83.0,316670.0
V00603,Refrigerated Truck,8,10000,Petrol,98.97,173936.0
V00604,Medium Truck,2,5000,Petrol,82.52,196682.0
V00605,Small Truck,13,20000,Diesel,72.66,441033.0
V00606,Refrigerated Truck,9,100,Hybrid,98.64,872246.0
V00607,Small Truck,12,5000,Petrol,85.59,777134.0
V00608,Refrigerated Truck,12,1000,Diesel,83.48,827292.0
V00609,Refrigerated Truck,13,100,Diesel,81.04,211926.0
V00610,Medium Truck,9,20000,Petrol,83.02,11341.0
V00611,Medium Truck,2,100,Petrol,70.82,607526.0
V00612,Heavy Truck,7,1000,Petrol,80.16,364683.0
V00613,Small Truck,11,2500,Diesel,78.51,419848.0
V00614,Small Truck,13,1000,Diesel,85.43,662684.0
V00615,Panel Van,8,500,Petrol,94.54,890472.0
V00616,Panel Van,0,500,Diesel,92.74,163830.0
V00617,Panel Van,15,5000,Diesel,87.28,549779.0
V00618,Heavy Truck,10,100,Diesel,60.46,33550.0
V00619,Motorbike,8,100,Diesel,75.93,453554.0
V00620,Small Truck,7,500,Diesel,59.28,37602.0
V00621,Small Truck,6,20000,Diesel,94.13,735604.0
V00622,Small Truck,10,500,Petrol,79.7,510490.0
V00623,Heavy Truck,10,5000,Petrol,79.38,234403.0
V00624,Heavy Truck,4,1000,Diesel,72.92,211099.0
V00625,Medium Truck,6,2500,Diesel,96.32,590525.0
V00626,Medium Truck,2,500,Petrol,82.37,235809.0
V00627,Heavy Truck,5,20000,Petrol,79.78,350295.0
V00628,Small Truck,15,1000,Diesel,82.65,18559.0
V00629,Small Truck,4,100,Diesel,83.57,317226.0
V00630,Panel Van,13,500,Petrol,79.53,654683.0
V00631,Panel Van,7,1000,Diesel,96.3,56071.0
V00632,Refrigerated Truck,14,20000,Petrol,96.18,760047.0
V00633,Heavy Truck,9,100,Petrol,82.28,246175.0
V00634,Small Truck,12,1000,Diesel,71.82,661504.0
V00635,Motorbike,6,500,Diesel,85.07,130027.0
V00636,Heavy Truck,1,500,Diesel,74.01,126973.0
V00637,Refrigerated Truck,5,20000,Hybrid,98.27,783433.0
V00638,Refrigerated Truck,10,10000,Petrol,100.0,861718.0
V00639,Medium Truck,3,20000,Diesel,89.8,244368.0
V00640,Medium Truck,6,10000,Diesel,67.23,866109.0
V00641,Panel Van,0,20000,Diesel,75.57,736524.0
V00642,Panel Van,5,2500,Petrol,78.75,236922.0
V00643,Panel Van,1,2500,Petrol,71.07,724939.0
V00644,Medium Truck,3,1000,Diesel,77.53,884847.0
V00645,Heavy Truck,6,100,Petrol,83.95,275375.0
V00646,Heavy Truck,2,10000,Petrol,87.49,402551.0
V00647,Small Truck,1,1000,Diesel,96.62,263037.0
V00648,Small Truck,2,5000,Diesel,80.91,42303.0
V00649,Small Truck,10,20000,Diesel,77.57,841313.0
V00650,Medium Truck,1,1000,Diesel,65.71,519986.0
V00651,Heavy Truck,0,100,Petrol,85.34,168184.0
V00652,Heavy Truck,11,1000,Petrol,75.74,476401.0
V00653,Heavy Truck,7,20000,DIESEL,78.68,703340.0
V00654,Medium Truck,14,100,Petrol,74.39,773173.0
V00655,Medium Truck,6,500,Diesel,74.73,703030.0
V00656,Refrigerated Truck,6,100,Diesel,89.8,323327.0
V00657,Medium Truck,0,10000,Hybrid,80.5,832086.0
V00658,Panel Van,1,100,Hybrid,99.93,691137.0
V00659,Small Truck,13,500,Diesel,,405187.0
V00660,Motorbike,3,500,Petrol,96.2,709119.0
V00661,Panel Van,1,100,Petrol,75.27,893355.0
V00662,Small Truck,11,20000,Petrol,80.53,36280.0
V00663,Heavy Truck,15,1000,Petrol,87.12,550050.0
V00664,Panel Van,5,10000,Electric,93.51,607462.0
V00665,Small Truck,6,2500,Diesel,93.98,786007.0
V00666,Small Truck,10,100,Petrol,93.75,434127.0
V00667,Heavy Truck,1,500,Diesel,78.7,312004.0
V00668,Panel Van,3,100,Petrol,100.0,186172.0
V00669,Motorbike,13,500,Diesel,88.58,374593.0
V00670,Medium Truck,12,5000,Petrol,45.89,378120.0
V00671,Medium Truck,2,100,Diesel,81.91,748183.0
V00672,Motorbike,10,1000,Petrol,76.94,772210.0
V00673,Heavy Truck,15,100,Petrol,77.76,457899.0
V00674,Small Truck,3,10000,Electric,89.16,622346.0
V00675,Medium Truck,3,1000,Electric,85.2,662446.0
V00676,Medium Truck,14,20000,Diesel,73.4,566340.0
V00677,Motorbike,15,1000,Diesel,99.56,676459.0
V00678,Panel Van,8,2500,Petrol,66.1,77954.0
V00679,Small Truck,7,2500,Diesel,65.29,418960.0
V00680,Panel Van,3,500,Petrol,68.49,601670.0
V00681,Panel Van,0,10000,Petrol,86.85,468686.0
V00682,Small Truck,9,20000,Diesel,,683879.0
V00683,Small Truck,2,20000,Diesel,71.77,287888.0
V00684,Heavy Truck,6,1000,Diesel,74.38,855236.0
V00685,Medium Truck,15,10000,Diesel,150,116125.0
V00686,Refrigerated Truck,14,1000,Diesel,68.7,719248.0
V00687,Small Truck,7,500,Diesel,91.1,654796.0
V00688,Small Truck,4,5000,Electric,100.0,76548.0
V00689,Small Truck,15,1000,Petrol,79.39,224807.0
V00690,Panel Van,14,1000,Diesel,85.68,849458.0
V00691,Panel Van,9,100,Electric,82.82,615293.0
V00692,Motorbike,11,500,Diesel,97.93,713773.0
V00693,Medium Truck,7,1000,Diesel,100.0,760645.0
V00694,Small Truck,10,10000,Diesel,77.23,7987.0
V00695,Motorbike,8,1000,Electric,81.91,765864.0
V00696,Heavy Truck,2,500,Diesel,91.82,642853.0
V00697,Panel Van,1,1000,Diesel,85.66,223909.0
V00698,Heavy Truck,1,100,Petrol,70.58,277053.0
V00699,Heavy Truck,12,2500,Diesel,59.82,357762.0
V00700,Small Truck,13,2500,Petrol,74.36,546503.0
V00701,Panel Van,8,5000,Petrol,85.46,245498.0
V00702,Refrigerated Truck,9,100,Diesel,76.8,258094.0
V00703,Heavy Truck,14,5000,Diesel,68.87,489163.0
V00704,Refrigerated Truck,15,10000,Diesel,74.56,658389.0
V00705,Motorbike,11,10000,Petrol,100.0,389942.0
V00706,Medium Truck,8,20000,Diesel,67.98,172120.0
V00707,Panel Van,7,5000,Diesel,77.75,105385.0
V00708,Small Truck,9,20000,Diesel,75.33,751907.0
V00709,Panel Van,11,1000,Diesel,100.0,442642.0
V00710,Heavy Truck,15,500,Petrol,63.86,70246.0
V00711,Medium Truck,10,100,Diesel,72.1,338951.0
V00712,Heavy Truck,11,20000,Diesel,82.3,26563.0
V00713,Panel Van,0,100,Diesel,83.56,185183.0
V00714,Refrigerated Truck,5,100,Diesel,95.0,123074.0
V00715,Small Truck,4,10000,Electric,93.76,835374.0
V00716,Refrigerated Truck,13,1000,Petrol,73.09,349167.0
V00717,Medium Truck,4,2500,Diesel,85.3,160232.0
V00718,Panel Van,4,100,Diesel,79.46,592730.0
V00719,Heavy Truck,10,1000,Diesel,76.05,895161.0
V00720,Medium Truck,8,10000,Electric,93.74,435135.0
V00721,Panel Van,6,5000,Petrol,84.6,168495.0
V00722,Panel Van,3,500,Diesel,100.0,430760.0
V00723,Refrigerated Truck,14,500,Petrol,87.25,563286.0
V00724,Refrigerated Truck,15,5000,Diesel,92.67,779693.0
V00725,Medium Truck,1,5000,Petrol,48.97,130317.0
V00726,Panel Van,14,10000,Diesel,82.63,505545.0
V00727,Small Truck,13,100,Petrol,86.75,42433.0
V00728,Panel Van,13,1000,Diesel,87.86,459308.0
V00729,Medium Truck,7,100,Petrol,100.0,18249.0
V00730,Small Truck,6,10000,Diesel,89.01,380390.0
V00731,Small Truck,9,500,Petrol,67.04,448155.0
V00732,Heavy Truck,11,1000,Diesel,88.06,880680.0
V00733,Refrigerated Truck,14,2500,Diesel,91.65,177400.0
V00734,Panel Van,4,500,Diesel,74.29,222314.0
V00735,Small Truck,15,10000,Diesel,76.67,523473.0
V00736,Medium Truck,6,2500,Petrol,91.06,144231.0
V00737,Panel Van,10,2500,Petrol,81.67,57236.0
V00738,Small Truck,12,5000,Diesel,94.77,445669.0
V00739,Motorbike,10,5000,Diesel,83.88,219141.0
V00740,Motorbike,0,100,Diesel,55.47,611599.0
V00741,Heavy Truck,14,100,Petrol,82.36,88223.0
V00742,Small Truck,0,10000,Diesel,76.9,24392.0
V00743,Medium Truck,8,20000,Diesel,89.07,203777.0
V00744,Panel Van,10,500,Diesel,86.76,772008.0
V00745,Medium Truck,4,100,Electric,70.38,499686.0
V00746,Medium Truck,12,5000,Diesel,84.07,258388.0
V00747,Heavy Truck,9,20000,Diesel,88.12,538900.0
V00748,Panel Van,6,100,Diesel,87.02,582618.0
V00749,Medium Truck,2,100,Electric,93.42,400789.0
V00750,Heavy Truck,10,1000,Diesel,69.43,160091.0
V00751,Panel Van,1,5000,Petrol,79.82,335539.0
V00752,Panel Van,14,2500,Petrol,54.96,785368.0
V00753,Small Truck,1,2500,Electric ,95.85,633133.0
V00754,Refrigerated Truck,1,2500,Diesel,83.16,326208.0
V00755,Panel Van,3,20000,Diesel,80.66,808769.0
V00756,Panel Van,13,500,Diesel,80.46,172330.0
V00757,Refrigerated Truck,13,100,Diesel,87.76,154332.0
V00758,Small Truck,9,2500,Diesel,94.49,22671.0
V00759,Panel Van,12,2500,Diesel,78.51,86758.0
V00760,Medium Truck,6,500,Diesel,86.91,281362.0
V00761,Motorbike,15,20000,Diesel,86.77,54012.0
V00762,Small Truck,0,500,Diesel,55.62,344392.0
V00763,Motorbike,9,100,Hybrid,73.5,67417.0
V00764,Medium Truck,6,100,Diesel,87.23,36430.0
V00765,Medium Truck,5,20000,Diesel,96.81,526483.0
V00766,Motorbike,12,20000,Diesel,98.31,502047.0
V00767,Medium Truck,12,20000,Diesel,67.3,716416.0
V00768,Refrigerated Truck,8,100,Diesel,93.99,411961.0
V00769,Small Truck,13,100,Diesel,94.4,778326.0
V00770,Refrigerated Truck,2,1000,Electric,86.95,446290.0
V00771,Refrigerated Truck,1,2500,Diesel,57.76,248147.0
V00772,Panel Van,3,500,Diesel,75.55,124458.0
V00773,Medium Truck,1,5000,Diesel,83.3,443708.0
V00774,Heavy Truck,13,5000,Electric,79.17,347853.0
V00775,Medium Truck,8,5000,Hybrid,55.98,464937.0
V00776,Heavy Truck,6,1000,Electric,78.86,871218.0
V00777,Panel Van,7,100,Diesel,70.83,52315.0
V00778,Heavy Truck,1,1000,Diesel,89.09,324887.0
V00779,Panel Van,10,500,Diesel,87.76,127119.0
V00780,Medium Truck,15,20000,Diesel,88.28,714700.0
V00781,Heavy Truck,2,10000,Diesel,77.57,485818.0
V00782,Small Truck,4,20000,Petrol,82.24,116128.0
V00783,Medium Truck,12,10000,Diesel,80.99,717866.0
V00784,Medium Truck,12,100,DIESEL,92.96,114925.0
V00785,Refrigerated Truck,4,2500,Petrol,75.6,695878.0
V00786,Small Truck,0,5000,Diesel,72.91,899038.0
V00787,Medium Truck,11,100,Diesel,93.54,463431.0
V00788,Panel Van,4,20000,Diesel,91.85,585284.0
V00789,Motorbike,12,10000,Diesel,87.59,26186.0
V00790,Motorbike,5,20000,Diesel,100.0,600026.0
V00791,Small Truck,15,1000,Petrol,100.0,140338.0
V00792,Medium Truck,13,1000,Diesel,96.77,386201.0
V00793,Panel Van,1,5000,Diesel,73.03,465254.0
V00794,Panel Van,11,10000,Hybrid,91.97,686225.0
V00795,Panel Van,11,500,Petrol,83.32,706514.0
V00796,Heavy Truck,4,1000,Electric,75.25,835718.0
V00797,Panel Van,14,1000,Petrol,73.11,678859.0
V00798,Small Truck,12,5000,Petrol,85.23,78392.0
V00799,Heavy Truck,4,100,Electric,91.8,617264.0
V00800,Heavy Truck,12,2500,Diesel,98.55,159299.0
V00801,Medium Truck,11,500,Diesel,90.09,852824.0
V00802,Panel Van,8,5000,Diesel,88.89,780134.0
V00803,Panel Van,14,10000,Petrol,79.53,281898.0
V00804,Panel Van,8,20000,Petrol,84.6,75831.0
V00805,Heavy Truck,4,1000,Petrol,64.06,814504.0
V00806,Small Truck,8,100,Diesel,88.78,326425.0
V00807,Small Truck,7,500,Petrol,87.18,766304.0
V00808,Panel Van,2,500,Diesel,100.0,79469.0
V00809,Small Truck,9,100,Diesel,81.52,231964.0
V00810,Small Truck,13,5000,Diesel,96.3,370133.0
V00811,Small Truck,14,5000,Diesel,76.31,119260.0
V00812,Motorbike,11,1000,Petrol,100.0,405208.0
V00813,Small Truck,7,500,Hybrid,99.39,832273.0
V00814,Panel Van,13,2500,Petrol,95.58,166218.0
V00815,Medium Truck,14,500,Diesel,82.72,380768.0
V00816,Medium Truck,13,10000,Electric,79.33,78072.0
V00817,Medium Truck,12,500,Diesel,77.55,593915.0
V00818,Panel Van,12,5000,Diesel,70.33,378561.0
V00819,Medium Truck,7,5000,Diesel,87.61,461244.0
V00820,Small Truck,12,10000,Petrol,79.02,465468.0
V00821,Small Truck,6,2500,Diesel,86.59,593565.0
V00822,Panel Van,15,500,Diesel,84.04,664643.0
V00823,Refrigerated Truck,14,100,Hybrid,69.11,871883.0
V00824,Small Truck,9,100,Hybrid,94.74,654766.0
V00825,Small Truck,11,100,Diesel,83.15,761705.0
V00826,Panel Van,13,20000,Diesel,92.35,67576.0
V00827,Medium Truck,9,100,Diesel,68.02,114285.0
V00828,Small Truck,12,2500,Electric,72.83,396978.0
V00829,Heavy Truck,11,2500,Diesel,77.29,129327.0
V00830,Motorbike,4,5000,Petrol,84.91,760173.0
V00831,Small Truck,2,100,Hybrid,80.76,773207.0
V00832,Heavy Truck,9,100,Electric,98.37,539305.0
V00833,Small Truck,0,10000,Petrol,94.42,440896.0
V00834,Motorbike,11,5000,Diesel,73.23,770097.0
V00835,Heavy Truck,10,5000,Diesel,100.0,513302.0
V00836,Refrigerated Truck,1,100,Petrol,80.98,856018.0
V00837,Small Truck,4,5000,Electric,97.49,726035.0
V00838,Medium Truck,8,10000,Petrol,78.59,304176.0
V00839,Small Truck,11,10000,Diesel,89.5,583837.0
V00840,Medium Truck,0,100,Electric,93.4,123995.0
V00841,Heavy Truck,8,2500,Electric,63.95,46827.0
V00842,Medium Truck,3,100,Petrol,100.0,80111.0
V00843,Small Truck,6,1000,Diesel,72.62,887887.0
V00844,Panel Van,7,1000,Diesel,77.81,118145.0
V00845,Medium Truck,3,100,Diesel,74.74,189472.0
V00846,Medium Truck,4,500,Diesel,75.19,615823.0
V00847,Medium Truck,6,20000,Hybrid,75.76,160336.0
V00848,Panel Van,12,20000,Diesel,67.67,112010.0
V00849,Small Truck,4,2500,Diesel,91.13,627675.0
V00850,Heavy Truck,10,-100,Diesel,83.38,857404.0
V00851,Panel Van,5,20000,Diesel,80.34,120239.0
V00852,Heavy Truck,4,2500,Petrol,94.19,594789.0
V00853,Small Truck,1,2500,Petrol,100.0,483467.0
V00854,Heavy Truck,0,100,Electric,63.28,860198.0
V00855,Small Truck,5,100,Diesel,100.0,858895.0
V00856,Small Truck,4,2500,Diesel,81.72,509337.0
V00857,Refrigerated Truck,12,1000,Diesel,65.79,797201.0
V00858,Medium Truck,8,100,Diesel,86.95,186075.0
V00859,Panel Van,0,10000,Diesel,80.6,534007.0
V00860,Refrigerated Truck,12,5000,Diesel,92.33,155518.0
V00861,Small Truck,6,100,Petrol,83.74,27354.0
V00862,Medium Truck,9,20000,Petrol,86.28,692260.0
V00863,Panel Van,2,500,Diesel,76.78,510836.0
V00864,Heavy Truck,0,1000,Petrol,69.66,5096.0
V00865,Refrigerated Truck,1,500,Diesel,90.9,727424.0
V00866,Small Truck,7,10000,Diesel,75.7,788379.0
V00867,Panel Van,14,20000,Diesel,86.83,361357.0
V00868,Medium Truck,15,20000,Diesel,99.83,31407.0
V00869,Panel Van,12,100,Hybrid,80.08,269429.0
V00870,Small Truck,14,20000,Diesel,90.4,545969.0
V00871,Medium Truck,12,100,Diesel,81.63,52985.0
V00872,Panel Van,11,10000,Diesel,77.62,353035.0
V00873,Refrigerated Truck,6,5000,Diesel,63.25,201744.0
V00874,Medium Truck,4,20000,Diesel,81.53,552353.0
V00875,Small Truck,10,2500,Petrol,80.03,190126.0
V00876,Small Truck,0,1000,Petrol,71.55,705037.0
V00877,Heavy Truck,2,5000,Diesel,57.58,276525.0
V00878,Small Truck,7,5000,Petrol,61.96,105199.0
V00879,Refrigerated Truck,10,500,Diesel,100.0,247663.0
V00880,Motorbike,5,5000,Diesel,82.45,851934.0
V00881,Panel Van,12,5000,Diesel,64.77,718399.0
V00882,Medium Truck,10,500,Diesel,74.77,538222.0
V00883,Panel Van,4,5000,Diesel,82.12,191055.0
V00884,Small Truck,1,1000,Diesel,87.39,346854.0
V00885,Medium Truck,4,2500,Diesel,79.2,422251.0
V00886,Panel Van,14,1000,Diesel,100.0,881277.0
V00887,Panel Van,3,5000,Petrol,100.0,295051.0
V00888,Panel Van,11,100,Diesel,86.6,731403.0
V00889,Panel Van,10,500,Diesel,77.61,260900.0
V00890,Panel Van,15,2500,Diesel,86.59,150050.0
V00891,Motorbike,14,5000,Hybrid,66.05,695852.0
V00892,Refrigerated Truck,13,10000,Petrol,93.99,84250.0
V00893,Panel Van,4,500,Diesel,84.06,691778.0
V00894,Motorbike,6,5000,Diesel,67.52,830982.0
V00895,Refrigerated Truck,7,20000,Electric,74.99,136891.0
V00896,Heavy Truck,10,5000,Petrol,88.88,528456.0
V00897,Panel Van,2,100,Diesel,62.02,153357.0
V00898,Heavy Truck,13,5000,Diesel,71.28,419780.0
V00899,Heavy Truck,10,1000,Electric,76.41,418503.0
V00900,Heavy Truck,3,100,Diesel,93.7,74186.0
V00901,Medium Truck,0,1000,Diesel,100.0,171449.0
V00902,Medium Truck,0,100,Diesel,86.54,489889.0
V00903,Refrigerated Truck,5,100,Diesel,44.08,756480.0
V00904,Small Truck,4,500,Petrol,68.6,247981.0
V00905,Heavy Truck,2,500,Petrol,100.0,756195.0
V00906,Panel Van,6,20000,Petrol,83.89,177820.0
V00907,Medium Truck,0,500,Diesel,50.72,26873.0
V00908,Refrigerated Truck,9,10000,Diesel,100.0,354999.0
V00909,Motorbike,7,500,Electric,65.97,6856.0
V00910,Panel Van,4,5000,Diesel,88.88,
V00911,Heavy Truck,7,1000,Petrol,68.24,277820.0
V00912,Heavy Truck,7,1000,Diesel,100.0,540088.0
V00913,Heavy Truck,13,2500,Diesel,65.0,866691.0
V00914,Refrigerated Truck,10,20000,Diesel,74.98,560887.0
V00915,Panel Van,3,5000,Diesel,94.59,608049.0
V00916,Medium Truck,13,100,Diesel,75.36,627024.0
V00917,Medium Truck,5,20000,Hybrid,87.84,473961.0
V00918,Panel Van,3,100,Petrol,91.97,25445.0
V00919,Panel Van,11,2500,Diesel,84.13,310491.0
V00920,Medium Truck,12,5000,Diesel,68.67,162146.0
V00921,Medium Truck,0,2500,PETROL,72.56,506493.0
V00922,Medium Truck,15,2500,Diesel,77.4,696255.0
V00923,Small Truck,10,5000,Petrol,89.05,385957.0
V00924,Medium Truck,6,20000,Diesel,91.74,519337.0
V00925,Small Truck,12,500,Diesel,84.46,576579.0
V00926,Panel Van,8,10000,Petrol,90.43,13103.0
V00927,Medium Truck,15,100,Diesel,62.9,675715.0
V00928,Medium Truck,0,20000,Diesel,85.57,658978.0
V00929,Heavy Truck,8,1000,Petrol,81.22,868819.0
V00930,Small Truck,11,10000,Diesel,87.94,377858.0
V00931,Heavy Truck,0,500,Diesel,91.03,874425.0
V00932,Heavy Truck,13,20000,Petrol,69.39,240450.0
V00933,Small Truck,5,2500,Diesel,,368499.0
V00934,Medium Truck,0,5000,Hybrid,98.01,680056.0
V00935,Heavy Truck,6,500,Diesel,85.65,450148.0
V00936,Small Truck,13,2500,Hybrid,80.8,327526.0
V00937,Heavy Truck,15,10000,Hybrid,67.39,521363.0
V00938,Medium Truck,2,5000,Diesel,88.51,410984.0
V00939,Small Truck,6,500,Electric,65.32,89298.0
V00940,Heavy Truck,13,20000,Diesel,79.86,775395.0
V00941,Panel Van,0,500,Diesel,76.11,686375.0
V00942,Motorbike,8,100,Petrol,86.72,138973.0
V00943,Panel Van,8,5000,Diesel,74.82,197982.0
V00944,Heavy Truck,5,2500,Petrol,78.06,511263.0
V00945,Small Truck,5,2500,Diesel,71.07,408502.0
V00946,Medium Truck,15,1000,Petrol,79.02,98034.0
V00947,Panel Van,5,100,Diesel,84.58,325445.0
V00948,Small Truck,9,5000,Diesel,77.83,880181.0
V00949,Medium Truck,12,500,Diesel,78.24,258544.0
V00950,Panel Van,0,5000,Diesel,83.97,284110.0
V00951,Small Truck,13,20000,Petrol,94.01,738433.0
V00952,Panel Van,12,1000,Petrol,90.94,819653.0
V00953,Panel Van,3,2500,Hybrid,66.47,173799.0
V00954,Small Truck,2,5000,Diesel,91.21,333472.0
V00955,Medium Truck,9,5000,Diesel,98.41,762123.0
V00956,Panel Van,14,2500,Diesel,90.47,762324.0
V00957,Small Truck,14,2500,Diesel,53.04,365327.0
V00958,Small Truck,2,500,Diesel ,85.18,689322.0
V00959,Refrigerated Truck,9,5000,Diesel,98.6,278510.0
V00960,Medium Truck,7,5000,Petrol,76.62,213131.0
V00961,Refrigerated Truck,11,1000,Diesel,100.0,850603.0
V00962,Medium Truck,8,100,Diesel,55.84,583994.0
V00963,Heavy Truck,9,100,Diesel,83.75,703929.0
V00964,Panel Van,9,10000,Diesel,90.68,213840.0
V00965,Medium Truck,0,100,Diesel,84.07,22630.0
V00966,Small Truck,8,20000,Diesel,83.85,21983.0
V00967,Heavy Truck,2,100,DIESEL,69.52,628784.0
V00968,Heavy Truck,7,100,Petrol,75.1,273928.0
V00969,Medium Truck,8,500,Diesel,88.88,468371.0
V00970,Panel Van,11,500,Diesel,56.64,640949.0
V00971,Medium Truck,13,1000,Petrol,92.86,691908.0
V00972,Heavy Truck,2,100,Diesel,80.63,164796.0
V00973,Motorbike,9,100,Diesel,88.63,519268.0
V00974,Panel Van,12,10000,Diesel,92.16,566882.0
V00975,Medium Truck,5,20000, Electric,100.0,513114.0
V00976,Small Truck,0,100,Diesel,98.78,689573.0
V00977,Motorbike,14,5000,Diesel,67.58,327151.0
V00978,Heavy Truck,13,2500,Electric,100.0,282753.0
V00979,Refrigerated Truck,11,5000,Diesel,49.44,289687.0
V00980,Small Truck,11,1000,Diesel,76.68,96358.0
V00981,Refrigerated Truck,4,500,Diesel,84.08,43015.0
V00982,Heavy Truck,12,10000,Petrol,78.11,538949.0
V00983,Medium Truck,15,5000,Diesel,85.38,897586.0
V00984,Heavy Truck,4,5000,Diesel,79.97,122563.0
V00985,Refrigerated Truck,7,500,Diesel,97.42,229911.0
V00986,Heavy Truck,13,2500,Diesel,76.21,7325.0
V00987,Small Truck,3,20000,Diesel,80.61,223353.0
V00988,Panel Van,11,2500,Petrol,100.0,122007.0
V00989,Small Truck,0,20000,Diesel,93.62,896558.0
V00990,Panel Van,15,10000,Electric,79.96,243649.0
V00991,Motorbike,1,1000,Diesel,87.67,839635.0
V00992,Small Truck,0,2500,Petrol,100.0,611254.0
V00993,Small Truck,6,1000,Diesel,65.39,280979.0
V00994,Panel Van,12,1000,Diesel,68.95,302672.0
V00995,Heavy Truck,3,500,Diesel,75.1,88687.0
V00996,Panel Van,9,100,Diesel,84.61,827118.0
V00997,Medium Truck,5,10000,Diesel,93.62,723869.0
V00998,Medium Truck,15,500,Petrol,72.82,669325.0
V00999,Refrigerated Truck,7,20000,Diesel,70.7,24506.0
V01000,Panel Van,7,1000,Hybrid,66.26,888786.0
V01001,Panel Van,0,5000,Diesel,70.69,226899.0
V01002,Medium Truck,4,5000,Diesel,74.13,600439.0
V01003,Medium Truck,0,500,Diesel,56.04,518662.0
V01004,Heavy Truck,14,5000,Diesel,75.26,24143.0
V01005,Panel Van,7,2500,Diesel,69.41,358656.0
V01006,Small Truck,5,20000,Diesel,80.03,138248.0
V01007,Motorbike,3,1000,DIESEL,100.0,158820.0
V01008,Heavy Truck,11,500,Petrol,62.88,246286.0
V01009,Small Truck,10,100,Diesel,94.17,9965.0
V01010,Panel Van,5,2500,Petrol,100.0,634481.0
V01011,Medium Truck,4,2500,Diesel,93.58,670467.0
V01012,Panel Van,15,10000,Diesel,86.11,582509.0
V01013,Motorbike,0,500,Diesel,97.77,413395.0
V01014,Panel Van,8,1000,Diesel,89.59,188675.0
V01015,Heavy Truck,15,500,Diesel,95.33,555481.0
V01016,Medium Truck,5,2500,Petrol,83.42,629764.0
V01017,Small Truck,0,500,Diesel,69.28,196496.0
V01018,Small Truck,13,1000,Diesel,95.97,254749.0
V01019,Refrigerated Truck,14,20000,Diesel,100.0,772881.0
V01020,Motorbike,0,1000,Diesel,77.92,603270.0
V01021,Panel Van,6,20000,Petrol,82.27,446978.0
V01022,Heavy Truck,1,100,Diesel,83.34,283155.0
V01023,Medium Truck,14,2500,Diesel,64.37,201780.0
V01024,Refrigerated Truck,13,100,Diesel,71.82,193236.0
V01025,Medium Truck,13,2500,Hybrid,85.65,798187.0
V01026,Heavy Truck,5,1000,Diesel,80.87,447883.0
V01027,Medium Truck,11,500,Petrol,82.2,507658.0
V01028,Motorbike,2,20000,Diesel,82.32,882770.0
V01029,Heavy Truck,2,5000,Diesel,80.61,627748.0
V01030,Medium Truck,9,500,Diesel,72.81,583697.0
V01031,Motorbike,15,5000,Diesel,87.22,206895.0
V01032,Panel Van,4,100,Diesel,85.94,319719.0
V01033,Small Truck,7,2500,Diesel,71.44,63378.0
V01034,Small Truck,15,5000,Diesel,86.98,469007.0
V01035,Motorbike,6,100,Electric,74.52,249645.0
V01036,Small Truck,13,20000,Diesel,89.84,397554.0
V01037,Heavy Truck,10,100,Diesel,81.48,384665.0
V01038,Medium Truck,14,100,Diesel,86.73,33052.0
V01039,Small Truck,5,2500,Petrol,84.11,455489.0
V01040,Panel Van,13,10000,Diesel,81.32,608487.0
V01041,Heavy Truck,13,2500,Petrol,85.92,724457.0
V01042,Medium Truck,14,100,Hybrid,92.11,188920.0
V01043,Motorbike,14,100,Diesel,83.45,358274.0
V01044,Refrigerated Truck,5,100,Petrol,83.25,483133.0
V01045,Panel Van,13,9999999,Diesel,77.75,746036.0
V01046,Panel Van,10,20000,Diesel,60.18,68464.0
V01047,Small Truck,1,100,Petrol,82.4,446905.0
V01048,Refrigerated Truck,14,5000,Petrol,66.8,712316.0
V01049,Heavy Truck,11,10000,Diesel,75.21,41874.0
V01050,Medium Truck,10,2500,Diesel,71.61,20599.0
V01051,Small Truck,1,500,Petrol,73.39,83001.0
V01052,Small Truck,15,500,Diesel,74.14,292709.0
V01053,Small Truck,15,5000,Diesel,87.83,110093.0
V01054,Small Truck,13,2500,Diesel,85.99,348068.0
V01055,Heavy Truck,5,500,Diesel,83.33,272192.0
V01056,Medium Truck,1,100,Petrol,96.51,696274.0
V01057,Small Truck,11,2500,Diesel,100.0,342589.0
V01058,Refrigerated Truck,8,1000,Diesel,88.09,876360.0
V01059,Panel Van,4,20000,Diesel,92.9,145054.0
V01060,Motorbike,4,5000,Petrol,85.36,176241.0
V01061,Small Truck,10,1000,Diesel,89.78,722745.0
V01062,Refrigerated Truck,14,2500,Diesel,62.51,129457.0
V01063,Motorbike,9,2500,Petrol,49.54,340845.0
V01064,Panel Van,14,5000,Petrol,56.63,561423.0
V01065,Small Truck,9,5000,Diesel,74.5,803994.0
V01066,Refrigerated Truck,9,100,Hybrid,98.4,199481.0
V01067,Small Truck,5,2500,Diesel,85.06,252462.0
V01068,Medium Truck,0,10000,Diesel,77.31,26675.0
V01069,Heavy Truck,4,20000,Diesel,88.83,368003.0
V01070,Medium Truck,5,20000,Diesel,86.24,212470.0
V01071,Panel Van,9,5000,Diesel,65.74,265156.0
V01072,Panel Van,3,20000,Petrol,87.63,214899.0
V01073,Panel Van,8,100,Petrol,91.99,896481.0
V01074,Heavy Truck,8,100,Diesel,100.0,498620.0
V01075,Heavy Truck,8,500,Diesel,81.05,452655.0
V01076,Panel Van,15,100,Diesel,100.0,407776.0
V01077,Small Truck,3,5000,Electric,77.14,529529.0
V01078,Panel Van,5,2500,Diesel,100.0,303434.0
V01079,Small Truck,5,2500,Diesel,74.86,139523.0
V01080,Small Truck,11,2500,Diesel,89.71,263737.0
V01081,Refrigerated Truck,10,2500,Diesel,85.44,291955.0
V01082,Small Truck,13,10000,Petrol,99.88,244744.0
V01083,Motorbike,8,500,Diesel,98.26,136333.0
V01084,Medium Truck,13,1000,Petrol,69.49,776272.0
V01085,Heavy Truck,0,100,Hybrid,77.97,391964.0
V01086,Small Truck,2,2500,Diesel,100.0,417425.0
V01087,Heavy Truck,9,1000,Petrol,83.19,802378.0
V01088,Small Truck,3,500,Petrol,91.77,770157.0
V01089,Medium Truck,4,2500,Diesel,69.16,225842.0
V01090,Medium Truck,3,20000,Diesel,79.05,896197.0
V01091,Heavy Truck,2,10000,Diesel,73.5,382312.0
V01092,Medium Truck,4,100,Diesel,93.11,448565.0
V01093,Small Truck,14,1000,Diesel,90.85,840584.0
V01094,Heavy Truck,0,20000,Diesel,96.68,836002.0
V01095,Motorbike,15,500,Diesel,68.98,845364.0
V01096,Panel Van,8,20000,Hybrid,88.58,161254.0
V01097,Small Truck,12,20000,Diesel,82.24,75700.0
V01098,Medium Truck,11,100,Diesel,52.66,282257.0
V01099,Heavy Truck,0,20000,Diesel,87.56,258867.0
V01100,Medium Truck,4,10000,Hybrid,97.5,594722.0
V01101,Small Truck,13,2500,Diesel,100.0,148706.0
V01102,Motorbike,10,1000,Diesel,81.58,218023.0
V01103,Refrigerated Truck,5,2500,Petrol,91.95,719248.0
V01104,Small Truck,8,500,Diesel,88.54,534629.0
V01105,Panel Van,6,10000,Diesel,72.88,716127.0
V01106,Heavy Truck,1,1000,Diesel,71.24,809561.0
V01107,Heavy Truck,14,2500,Diesel,81.43,843299.0
V01108,Small Truck,3,20000,Diesel,79.17,876384.0
V01109,Medium Truck,13,100,Diesel,83.06,607856.0
V01110,Heavy Truck,3,1000,Petrol,76.99,483713.0
V01111,Motorbike,9,5000,Diesel,84.55,579798.0
V01112,Refrigerated Truck,7,500,Diesel,69.2,664362.0
V01113,Small Truck,14,500,Diesel,100.0,785925.0
V01114,Small Truck,10,2500,Electric,60.16,544894.0
V01115,Motorbike,9,500,Petrol,81.03,526154.0
V01116,Motorbike,4,1000,Hybrid,79.56,380816.0
V01117,Panel Van,13,100,Diesel,80.37,733445.0
V01118,Small Truck,2,100,Electric,71.87,324066.0
V01119,Refrigerated Truck,8,10000,Petrol,63.87,311967.0
V01120,Medium Truck,4,500,Petrol,84.88,554664.0
V01121,Small Truck,7,100,Diesel,79.54,570944.0
V01122,Small Truck,0,100,Diesel,86.61,314336.0
V01123,Panel Van,11,2500,Diesel,62.2,15330.0
V01124,Medium Truck,11,2500, Diesel,100.0,675357.0
V01125,Medium Truck,11,5000,Diesel,81.04,84569.0
V01126,Small Truck,11,5000,Electric,45.5,117923.0
V01127,Medium Truck,0,5000,Diesel,84.27,103336.0
V01128,Small Truck,10,10000,Diesel,76.34,648139.0
V01129,Heavy Truck,5,10000,Diesel,68.4,678103.0
V01130,Medium Truck,9,500,Diesel,96.78,462401.0
V01131,Panel Van,10,100,Diesel,93.16,87724.0
V01132,Panel Van,4,10000,Diesel,,78192.0
V01133,Panel Van,2,100,Diesel,82.92,507935.0
V01134,Heavy Truck,1,1000,Diesel,88.06,756410.0
V01135,Heavy Truck,7,5000,Petrol,63.06,638566.0
V01136,Refrigerated Truck,9,100,Diesel,84.3,497122.0
V01137,Heavy Truck,0,20000,Diesel,96.85,455269.0
V01138,Heavy Truck,11,20000,Petrol,94.48,662700.0
V01139,Small Truck,3,10000,Diesel,69.39,194362.0
V01140,Medium Truck,12,5000,Diesel,84.23,115727.0
V01141,Small Truck,11,10000,Petrol,68.53,322770.0
V01142,Heavy Truck,11,2500,Diesel,83.88,143868.0
V01143,Refrigerated Truck,3,10000,Diesel,72.97,246386.0
V01144,Heavy Truck,10,100,Petrol,71.56,791377.0
V01145,Heavy Truck,10,500,Petrol,86.3,434812.0
V01146,Heavy Truck,13,100,Diesel,73.29,422808.0
V01147,Panel Van,9,100,Petrol,72.46,675986.0
V01148,Small Truck,12,2500,Diesel,86.22,269822.0
V01149,Heavy Truck,7,10000,Diesel,64.22,638182.0
V01150,Medium Truck,15,20000,Diesel,78.14,469395.0
V01151,Medium Truck,11,500,Diesel,,517592.0
V01152,Small Truck,0,5000,Petrol,65.74,337498.0
V01153,Panel Van,12,10000,Diesel,96.05,837940.0
V01154,Refrigerated Truck,2,100,Petrol,77.0,876568.0
V01155,Heavy Truck,1,9999999,Diesel,73.39,116831.0
V01156,Medium Truck,9,5000,Diesel,92.21,181304.0
V01157,Panel Van,7,100,Petrol,100.0,674959.0
V01158,Panel Van,6,1000,Diesel,85.02,479412.0
V01159,Small Truck,6,2500,Diesel,94.25,694843.0
V01160,Panel Van,5,100,Petrol,75.38,302506.0
V01161,Panel Van,14,100,Diesel,82.65,583715.0
V01162,Panel Van,11,10000,Petrol,82.09,152776.0
V01163,Small Truck,12,100,Petrol,85.89,865884.0
V01164,Motorbike,8,5000,Petrol,93.58,614933.0
V01165,Heavy Truck,11,1000,Diesel,64.37,582250.0
V01166,Medium Truck,8,10000,Diesel,71.32,127594.0
V01167,Medium Truck,14,20000,Diesel,76.18,803970.0
V01168,Refrigerated Truck,0,500,Diesel,70.36,250700.0
V01169,Small Truck,12,20000,Diesel,84.76,114659.0
V01170,Heavy Truck,7,100,Diesel,84.61,441186.0
V01171,Panel Van,5,20000,Diesel,82.7,384277.0
V01172,Panel Van,9,2500,Diesel,77.17,11868.0
V01173,Small Truck,14,100,Petrol,98.17,819947.0
V01174,Refrigerated Truck,4,2500,Diesel,84.6,
V01175,Heavy Truck,7,20000,Petrol,80.2,587618.0
V01176,Small Truck,3,5000,Diesel,82.8,503428.0
V01177,Heavy Truck,13,100,Diesel,90.93,67128.0
V01178,Panel Van,8,10000,Diesel,84.57,631173.0
V01179,Medium Truck,4,10000,Diesel,71.63,133173.0
V01180,Panel Van,14,5000,Diesel,100.0,190773.0
V01181,Medium Truck,3,1000,Diesel,87.54,529670.0
V01182,Panel Van,1,5000,Hybrid,68.18,468389.0
V01183,Medium Truck,4,1000,Diesel,60.21,206809.0
V01184,Small Truck,4,500,PETROL,90.27,64362.0
V01185,Medium Truck,4,10000,Diesel,97.51,180159.0
V01186,Panel Van,0,1000,Diesel,87.42,44615.0
V01187,Medium Truck,15,10000,Diesel,89.35,888862.0
V01188,Small Truck,5,5000,Petrol,89.65,75003.0
V01189,Panel Van,15,20000,Diesel,82.06,639985.0
V01190,Medium Truck,11,2500,Diesel,61.82,340787.0
V01191,Panel Van,12,1000,Diesel,73.61,275709.0
V01192,Small Truck,5,1000,Petrol,91.53,7930.0
V01193,Small Truck,10,2500,Petrol,89.03,29901.0
V01194,Medium Truck,6,20000,Diesel,79.65,897344.0
V01195,Small Truck,5,500,Diesel,75.42,716618.0
V01196,Panel Van,14,100,Petrol,84.09,257022.0
V01197,Panel Van,13,500,Diesel,77.88,521627.0
V01198,Medium Truck,5,20000,Electric,81.05,807521.0
V01199,Heavy Truck,0,5000,Petrol,83.59,283642.0
V01200,Motorbike,8,10000,Diesel,72.67,865503.0
V01201,Panel Van,15,2500,Diesel,91.6,476957.0
V01202,Heavy Truck,14,5000,Diesel,80.02,412054.0
V01203,Small Truck,7,5000,Diesel,87.85,807369.0
V01204,Panel Van,8,100,Diesel,82.76,414093.0
V01205,Panel Van,13,5000,Diesel,100.0,61785.0
V01206,Refrigerated Truck,2,2500,Petrol,88.51,137586.0
V01207,Medium Truck,4,10000,Diesel,86.89,660131.0
V01208,Panel Van,2,100,Diesel,86.46,570086.0
V01209,Small Truck,9,2500,Petrol,100.0,777163.0
V01210,Panel Van,14,20000,Diesel,81.47,181277.0
V01211,Panel Van,5,10000,Petrol,83.97,470847.0
V01212,Refrigerated Truck,14,500,Diesel,83.26,340597.0
V01213,Small Truck,8,10000,Petrol,58.41,865005.0
V01214,Medium Truck,4,1000,Diesel,83.12,720498.0
V01215,Heavy Truck,15,10000,Diesel,94.2,212349.0
V01216,Panel Van,9,5000,Diesel,88.18,670244.0
V01217,Panel Van,8,2500,Diesel,100.0,650491.0
V01218,Panel Van,2,100,Diesel,91.43,354056.0
V01219,Medium Truck,8,10000,Diesel,88.02,385251.0
V01220,Small Truck,3,2500,Diesel,92.67,216950.0
V01221,Small Truck,6,2500,Diesel,86.38,344263.0
V01222,Motorbike,14,10000,Diesel,78.63,95604.0
V01223,Motorbike,15,20000,Diesel,80.46,574489.0
V01224,Small Truck,6,500,Diesel,53.4,454236.0
V01225,Panel Van,5,20000,Diesel,100.0,550453.0
V01226,Heavy Truck,3,500,Diesel,79.62,866300.0
V01227,Refrigerated Truck,3,5000,Petrol,69.48,333623.0
V01228,Refrigerated Truck,8,2500,Diesel,77.6,118319.0
V01229,Small Truck,15,10000,Diesel,100.0,341069.0
V01230,Small Truck,13,2500,Diesel,82.86,320514.0
V01231,Small Truck,4,5000,Petrol,85.08,434502.0
V01232,Panel Van,13,2500,Electric,100.0,760491.0
V01233,Refrigerated Truck,7,5000,Diesel,92.03,893592.0
V01234,Medium Truck,10,1000,Diesel,78.54,571325.0
V01235,Small Truck,4,1000,Petrol,61.6,719659.0
V01236,Heavy Truck,13,1000,Diesel,89.67,262848.0
V01237,Panel Van,7,500,Petrol,73.86,332836.0
V01238,Heavy Truck,12,1000,Diesel,89.92,789899.0
V01239,Small Truck,3,100,Hybrid,81.42,330038.0
V01240,Heavy Truck,15,500,Diesel,86.91,336742.0
V01241,Refrigerated Truck,6,1000,Hybrid,92.75,807596.0
V01242,Small Truck,10,2500,Diesel,61.25,722445.0
V01243,Medium Truck,8,5000,Petrol,83.54,702436.0
V01244,Panel Van,9,1000,Hybrid,81.78,654075.0
V01245,Heavy Truck,4,5000,Diesel,85.46,589926.0
V01246,Small Truck,14,2500,Diesel,88.05,497643.0
V01247,Refrigerated Truck,3,2500,Petrol,83.82,644143.0
V01248,Heavy Truck,5,100,Diesel,74.23,36172.0
V01249,Panel Van,6,10000,Petrol,68.45,56010.0
V01250,Panel Van,7,5000,Electric,62.95,783564.0
V01251,Medium Truck,3,100,Diesel,83.44,87902.0
V01252,Small Truck,13,100,Petrol,88.32,586479.0
V01253,Panel Van,9,10000,Petrol,77.9,287579.0
V01254,Medium Truck,15,500,Petrol,91.97,673004.0
V01255,Medium Truck,5,20000,Diesel,80.63,427970.0
V01256,Medium Truck,6,10000,Petrol,80.97,276068.0
V01257,Small Truck,9,1000,Diesel,64.74,641336.0
V01258,Panel Van,9,20000,Diesel,76.68,882533.0
V01259,Panel Van,2,2500,Diesel,93.05,705006.0
V01260,Heavy Truck,13,20000,Diesel,98.77,209376.0
V01261,Small Truck,15,100,Petrol,79.72,796886.0
V01262,Small Truck,8,5000,Petrol,92.41,898780.0
V01263,Refrigerated Truck,6,10000,Diesel,98.97,247491.0
V01264,Heavy Truck,6,500,Electric,70.75,586622.0
V01265,Motorbike,0,10000,Diesel,85.81,674461.0
V01266,Heavy Truck,1,10000,Diesel,84.28,562045.0
V01267,Panel Van,5,10000,Diesel,94.9,895243.0
V01268,Heavy Truck,3,5000,Petrol,71.98,230928.0
V01269,Panel Van,4,100,Diesel,85.79,191326.0
V01270,Panel Van,5,20000,Diesel,78.9,798092.0
V01271,Refrigerated Truck,2,20000,Hybrid,87.1,67392.0
V01272,Medium Truck,6,2500,Diesel,96.66,33108.0
V01273,Small Truck,0,1000,Diesel,99.73,807381.0
V01274,Heavy Truck,12,2500,Diesel,96.76,764575.0
V01275,Small Truck,11,20000,Petrol,70.12,125733.0
V01276,Motorbike,2,100,Petrol,76.32,744400.0
V01277,Small Truck,2,2500,Diesel,94.08,649199.0
V01278,Medium Truck,1,500,Hybrid,89.26,816003.0
V01279,Medium Truck,1,10000,Petrol,78.85,1339369
V01280,Small Truck,9,5000,Hybrid,71.0,294853.0
V01281,Medium Truck,1,20000,Diesel,35.12,323188.0
V01282,Medium Truck,0,20000,Diesel,62.87,592517.0
V01283,Small Truck,9,100,Hybrid,78.33,846827.0
V01284,Panel Van,14,2500,Hybrid,78.52,846745.0
V01285,Panel Van,7,20000,Diesel,86.93,319272.0
V01286,Heavy Truck,4,100,Diesel,-10,65343.0
V01287,Heavy Truck,13,20000,Diesel,100.0,369844.0
V01288,Small Truck,13,1000,Petrol,72.76,405234.0
V01289,Small Truck,13,2500,Diesel ,58.59,19047.0
V01290,Medium Truck,6,100,Diesel,70.85,879936.0
V01291,Motorbike,0,1000,Petrol,100.0,169278.0
V01292,Medium Truck,15,20000,Diesel,82.15,522722.0
V01293,Small Truck,14,20000,Diesel,94.15,328531.0
V01294,Small Truck,8,100,Diesel,75.25,643335.0
V01295,Motorbike,12,2500,Petrol,75.98,601012.0
V01296,Refrigerated Truck,15,100,Electric,61.43,820735.0
V01297,Panel Van,0,20000,Diesel,78.03,62220.0
V01298,Panel Van,7,2500,Petrol,82.13,254974.0
V01299,Small Truck,13,500,Diesel,92.41,317809.0
V01300,Heavy Truck,11,2500,Petrol,88.73,808977.0
V01301,Heavy Truck,1,500,Petrol,100.0,331916.0
V01302,Medium Truck,1,10000,Diesel,80.15,462035.0
V01303,Medium Truck,5,1000,Diesel,84.91,712956.0
V01304,Small Truck,7,1000,Diesel,81.81,826644.0
V01305,Motorbike,1,10000,Diesel,73.66,251111.0
V01306,Panel Van,4,20000,Diesel,86.92,596926.0
V01307,Small Truck,8,500,Hybrid,78.69,803265.0
V01308,Medium Truck,12,5000,Diesel,100.0,245698.0
V01309,Medium Truck,9,1000,Petrol,72.53,849852.0
V01310,Refrigerated Truck,8,100,Diesel,77.92,357592.0
V01311,Medium Truck,11,500,Petrol,67.07,203317.0
V01312,Medium Truck,10,100,Diesel,86.06,717711.0
V01313,Refrigerated Truck,3,10000,Diesel,66.07,343095.0
V01314,Panel Van,4,2500,Diesel,81.9,376640.0
V01315,Small Truck,1,2500,Diesel,67.97,
V01316,Heavy Truck,1,2500,Diesel,70.2,203286.0
V01317,Medium Truck,13,500,Petrol,72.82,245433.0
V01318,Heavy Truck,10,2500,Diesel,90.75,645477.0
V01319,Medium Truck,10,500,Petrol,80.87,744282.0
V01320,Refrigerated Truck,7,100,Petrol,80.53,166256.0
V01321,Panel Van,1,500,Diesel,88.75,876626.0
V01322,Heavy Truck,6,100,Diesel,74.08,49671.0
V01323,Panel Van,2,2500,Petrol,58.41,570069.0
V01324,Motorbike,15,100,Petrol,68.81,380474.0
V01325,Panel Van,6,1000,Hybrid,78.57,149362.0
V01326,Medium Truck,1,10000,Petrol,81.41,705334.0
V01327,Small Truck,4,5000,Diesel,88.7,6731.0
V01328,Panel Van,10,5000,Diesel,80.26,255755.0
V01329,Medium Truck,7,1000,Electric,94.2,371845.0
V01330,Small Truck,0,100,Petrol,86.34,624718.0
V01331,Small Truck,5,500,Diesel,65.1,208064.0
V01332,Medium Truck,10,2500,Diesel,51.43,52309.0
V01333,Heavy Truck,8,20000,Diesel,69.91,697657.0
V01334,Heavy Truck,8,20000,Diesel,83.65,78784.0
V01335,Small Truck,10,100,Petrol,86.45,425474.0
V01336,Heavy Truck,11,100,Petrol,80.73,602717.0
V01337,Heavy Truck,6,2500,Diesel,83.44,570845.0
V01338,Small Truck,12,500,Diesel,97.85,98999.0
V01339,Panel Van,14,100,Diesel,82.17,547603.0
V01340,Panel Van,2,1000,Diesel,86.2,16137.0
V01341,Medium Truck,11,20000,Diesel,100.0,37480.0
V01342,Refrigerated Truck,4,500,Petrol,60.26,216264.0
V01343,Motorbike,1,100,Petrol,100.0,638655.0
V01344,Small Truck,4,500,Diesel,51.29,194607.0
V01345,Panel Van,14,5000,Diesel,72.09,744010.0
V01346,Medium Truck,9,20000,Petrol,75.29,128446.0
V01347,Heavy Truck,7,20000,Hybrid,62.4,426747.0
V01348,Heavy Truck,4,10000,Petrol,80.02,435434.0
V01349,Refrigerated Truck,8,2500,Diesel,81.39,525935.0
V01350,Small Truck,8,10000,Petrol,90.88,345537.0
V01351,Medium Truck,6,100,Petrol,90.49,133684.0
V01352,Heavy Truck,7,20000,Diesel,84.08,656013.0
V01353,Medium Truck,11,10000,Petrol,95.42,594552.0
V01354,Refrigerated Truck,9,500,Diesel,89.74,592374.0
V01355,Panel Van,0,1000,Diesel,78.1,845967.0
V01356,Panel Van,5,20000,Petrol,83.43,798111.0
V01357,Panel Van,0,2500,Diesel,74.37,642200.0
V01358,Heavy Truck,14,20000,Diesel,67.29,393867.0
V01359,Motorbike,5,1000,Diesel,87.13,17952.0
V01360,Heavy Truck,15,5000,Petrol,64.01,199472.0
V01361,Small Truck,3,100,Diesel,79.75,281932.0
V01362,Medium Truck,5,20000,Diesel,54.42,270146.0
V01363,Heavy Truck,6,10000,Diesel,82.85,858766.0
V01364,Small Truck,14,10000,Diesel,73.28,61743.0
V01365,Panel Van,1,10000,Diesel,88.82,603076.0
V01366,Medium Truck,12,1000,Diesel,79.33,438765.0
V01367,Refrigerated Truck,10,100,Diesel,80.47,295600.0
V01368,Motorbike,3,1000,Diesel,82.63,662113.0
V01369,Panel Van,13,5000,Hybrid,74.66,542404.0
V01370,Heavy Truck,9,5000,Diesel,75.2,759677.0
V01371,Motorbike,8,20000,Electric,75.21,151147.0
V01372,Motorbike,6,2500,diesel,80.5,247523.0
V01373,Heavy Truck,6,1000,Diesel,75.32,832553.0
V01374,Heavy Truck,12,1000,Diesel,87.41,784371.0
V01375,Panel Van,15,20000,Petrol,60.76,354028.0
V01376,Refrigerated Truck,14,100,Diesel,64.01,367319.0
V01377,Medium Truck,5,5000,Diesel,100.0,176922.0
V01378,Panel Van,9,100,Diesel,76.79,76392.0
V01379,Small Truck,15,2500,Petrol,69.82,72050.0
V01380,Heavy Truck,10,100,Diesel,81.69,10639.0
V01381,Medium Truck,0,500,Petrol,91.21,36305.0
V01382,Medium Truck,11,1000,Diesel,89.69,340006.0
V01383,Small Truck,9,1000,Electric,73.02,582333.0
V01384,Panel Van,7,100,Petrol,75.85,580973.0
V01385,Medium Truck,0,10000,Diesel,78.0,614884.0
V01386,Panel Van,7,500,Diesel,85.74,581820.0
V01387,Heavy Truck,12,5000,Hybrid,82.55,594397.0
V01388,Panel Van,9,20000,Diesel,71.0,349412.0
V01389,Panel Van,4,500,Diesel,75.89,286144.0
V01390,Motorbike,13,2500,Hybrid,78.82,385596.0
V01391,Heavy Truck,7,5000,Diesel,99.78,714309.0
V01392,Small Truck,10,20000,Diesel,79.87,489216.0
V01393,Small Truck,0,1000,Diesel,100.0,756709.0
V01394,Medium Truck,2,500,Diesel,78.77,300458.0
V01395,Medium Truck,3,100,Petrol,61.8,544751.0
V01396,Heavy Truck,2,1000,Diesel,,580870.0
V01397,Small Truck,6,10000,Petrol,94.57,555869.0
V01398,Panel Van,6,5000,Diesel,87.7,100298.0
V01399,Heavy Truck,1,500,Hybrid,84.36,177238.0
V01400,Small Truck,10,20000,Diesel,77.44,561548.0
V01401,Medium Truck,7,5000,Diesel,78.58,772993.0
V01402,Panel Van,6,5000,Diesel,54.07,437886.0
V01403,Heavy Truck,3,100,Diesel,92.31,80721.0
V01404,Refrigerated Truck,6,20000,Petrol,77.45,783631.0
V01405,Small Truck,2,100,Diesel,95.76,723088.0
V01406,Motorbike,14,100,Hybrid,75.61,730508.0
V01407,Motorbike,8,5000,Diesel,81.36,379693.0
V01408,Small Truck,13,1000,Petrol,96.99,586205.0
V01409,Small Truck,13,20000,Diesel,98.03,
V01410,Small Truck,7,20000,Diesel,92.09,28714.0
V01411,Medium Truck,6,2500,Diesel,59.55,59953.0
V01412,Panel Van,11,2500,Diesel,66.68,386049.0
V01413,Panel Van,6,500,Electric,90.41,889694.0
V01414,Refrigerated Truck,7,500,Diesel,73.62,53733.0
V01415,Small Truck,6,100,petrol,82.89,514287.0
V01416,Refrigerated Truck,9,500,Diesel,84.49,681699.0
V01417,Medium Truck,0,2500,Diesel,85.07,402732.0
V01418,Motorbike,4,10000,Petrol,69.33,51703.0
V01419,Medium Truck,10,100,Diesel,94.27,833256.0
V01420,Refrigerated Truck,7,500,Diesel,75.71,809502.0
V01421,Heavy Truck,11,1000,Diesel,89.08,419414.0
V01422,Small Truck,10,2500,Diesel,79.51,757675.0
V01423,Panel Van,5,1000,Diesel,100.0,763059.0
V01424,Small Truck,7,500,Diesel,99.38,587976.0
V01425,Panel Van,1,10000,Diesel,100.0,769050.0
V01426,Small Truck,12,500,Diesel,100.0,630995.0
V01427,Heavy Truck,7,100,Diesel,80.39,676307.0
V01428,Medium Truck,4,1000,Diesel,75.59,103912.0
V01429,Heavy Truck,8,20000,Diesel,68.37,90127.0
V01430,Medium Truck,0,100,Diesel,85.19,145802.0
V01431,Panel Van,6,100,Diesel,82.29,
V01432,Panel Van,14,5000,Petrol,81.48,373828.0
V01433,Heavy Truck,6,5000,Petrol,72.05,566442.0
V01434,Small Truck,5,500,Petrol,86.33,519043.0
V01435,Small Truck,7,5000,Petrol,77.42,370608.0
V01436,Panel Van,4,10000,Diesel,76.21,640033.0
V01437,Small Truck,3,5000,Petrol,83.97,690965.0
V01438,Panel Van,7,2500,Diesel,81.07,859542.0
V01439,Panel Van,10,2500,Diesel,64.89,71168.0
V01440,Heavy Truck,3,1000,Petrol,72.55,325690.0
V01441,Medium Truck,3,100,Petrol,88.39,164743.0
V01442,Heavy Truck,11,5000,Petrol,81.43,494071.0
V01443,Heavy Truck,8,10000,Diesel,58.69,611469.0
V01444,Medium Truck,4,1000,Diesel,,165891.0
V01445,Small Truck,13,10000,Diesel,81.41,568454.0
V01446,Small Truck,15,100,Petrol,69.26,50476.0
V01447,Motorbike,13,100,Electric,73.97,474334.0
V01448,Heavy Truck,4,1000,Diesel,83.98,877567.0
V01449,Heavy Truck,15,1000,Diesel,55.5,608769.0
V01450,Medium Truck,5,2500,Diesel,87.05,705109.0
V01451,Small Truck,1,100,Petrol,93.84,855158.0
V01452,Panel Van,8,100,Diesel,92.69,470726.0
V01453,Motorbike,15,10000,Diesel,95.85,
V01454,Small Truck,0,10000,Petrol,72.64,527934.0
V01455,Refrigerated Truck,0,10000,Diesel,94.41,311841.0
V01456,Motorbike,0,1000,Diesel,85.27,861130.0
V01457,Refrigerated Truck,13,5000,Diesel,71.98,267636.0
V01458,Medium Truck,3,500,Hybrid,87.6,477009.0
V01459,Small Truck,7,20000,Diesel,87.24,842023.0
V01460,Panel Van,1,100,Diesel,100.0,675426.0
V01461,Motorbike,15,5000,Petrol,96.37,172553.0
V01462,Medium Truck,12,100,Diesel,73.71,783948.0
V01463,Medium Truck,9,10000, Diesel,86.09,334173.0
V01464,Small Truck,13,500,Electric,85.96,640093.0
V01465,Small Truck,3,100,Diesel,85.02,815737.0
V01466,Motorbike,6,1000,Diesel,78.34,881566.0
V01467,Panel Van,15,20000,Petrol,100.0,604685.0
V01468,Medium Truck,8,500,Diesel,74.52,666061.0
V01469,Medium Truck,4,500,Diesel,100.0,32888.0
V01470,Panel Van,9,2500,Diesel,64.9,855651.0
V01471,Heavy Truck,14,20000,Diesel,77.42,864391.0
V01472,Panel Van,1,500,Diesel,91.17,197297.0
V01473,Heavy Truck,15,1000,Diesel,69.37,58825.0
V01474,Medium Truck,7,20000,Diesel,73.18,851863.0
V01475,Medium Truck,1,5000,Diesel,88.42,472097.0
V01476,Panel Van,15,2500,Petrol,61.26,163613.0
V01477,Heavy Truck,9,1000,Diesel,95.26,221707.0
V01478,Heavy Truck,3,10000,Diesel,99.74,597764.0
V01479,Panel Van,2,20000,Petrol,100.0,570520.0
V01480,Panel Van,1,1000,Diesel,85.91,552273.0
V01481,Heavy Truck,8,20000,Diesel,76.87,258842.0
V01482,Small Truck,4,500,Petrol,77.65,687448.0
V01483,Medium Truck,5,10000,Petrol,85.45,736730.0
V01484,Motorbike,8,2500,Diesel,83.56,41687.0
V01485,Panel Van,15,500,Hybrid,77.44,510843.0
V01486,Heavy Truck,13,1000,Diesel,100.0,629708.0
V01487,Panel Van,1,1000,Electric,79.05,285048.0
V01488,Panel Van,5,5000,Petrol,99.25,630171.0
V01489,Panel Van,3,10000,Diesel,83.2,779727.0
V01490,Heavy Truck,5,20000,Diesel,82.45,807298.0
V01491,Small Truck,14,100,Diesel,88.22,700625.0
V01492,Medium Truck,5,500,Diesel,88.06,637761.0
V01493,Medium Truck,10,10000,Petrol,80.27,446358.0
V01494,Small Truck,13,100,Diesel,88.78,90846.0
V01495,Panel Van,4,1000,Electric,90.25,444644.0
V01496,Panel Van,7,10000,Petrol,100.0,706992.0
V01497,Panel Van,13,2500, Diesel,82.86,423751.0
V01498,Heavy Truck,5,100,Electric,72.63,835184.0
V01499,Heavy Truck,10,500,Diesel,73.87,488364.0
V01500,Heavy Truck,2,10000,Electric,100.0,11299.0
V01501,Heavy Truck,14,1000,Electric,59.44,773058.0
V01502,Motorbike,2,10000,Petrol,67.72,402231.0
V01503,Heavy Truck,11,5000,Diesel,82.31,71024.0
V01504,Small Truck,15,10000,Diesel,74.62,620777.0
V01505,Heavy Truck,2,5000,Diesel,91.83,352643.0
V01506,Refrigerated Truck,7,100,Diesel,90.78,707007.0
V01507,Small Truck,15,100,Petrol,75.58,676363.0
V01508,Medium Truck,1,500,Diesel,100.0,853681.0
V01509,Small Truck,4,500,Diesel,68.76,867831.0
V01510,Heavy Truck,14,2500,Diesel,73.15,680248.0
V01511,Panel Van,2,2500,Diesel,100.0,142073.0
V01512,Small Truck,15,1000,Diesel,66.33,738140.0
V01513,Heavy Truck,11,2500,Diesel,86.16,43906.0
V01514,Panel Van,3,10000,Diesel,100.0,415992.0
V01515,Small Truck,3,1000,Diesel,50.81,725564.0
V01516,Medium Truck,5,2500,Diesel,77.95,812596.0
V01517,Medium Truck,8,20000,Diesel,93.37,873518.0
V01518,Panel Van,15,2500,Diesel,78.76,118345.0
V01519,Motorbike,12,100,Electric,82.71,644646.0
V01520,Small Truck,0,500,Petrol,,79027.0
V01521,Small Truck,9,500,Diesel,85.75,500874.0
V01522,Refrigerated Truck,5,2500,Petrol,72.33,317857.0
V01523,Heavy Truck,8,1000,Diesel,91.19,213875.0
V01524,Medium Truck,6,1000,Diesel,85.06,674886.0
V01525,Panel Van,9,10000,Diesel,,862733.0
V01526,Heavy Truck,12,2500,Diesel,76.41,315458.0
V01527,Panel Van,3,2500,Diesel,65.04,651433.0
V01528,Refrigerated Truck,5,500,Petrol,84.57,689751.0
V01529,Refrigerated Truck,0,2500,Electric,87.89,626226.0
V01530,Refrigerated Truck,5,5000,Petrol,84.55,302161.0
V01531,Small Truck,15,20000,Petrol,88.6,794353.0
V01532,Panel Van,11,10000,petrol,83.6,
V01533,Medium Truck,10,100,Electric,91.15,788713.0
V01534,Small Truck,13,100,Diesel,80.47,225379.0
V01535,Small Truck,9,10000,Diesel,90.42,77209.0
V01536,Medium Truck,1,500,Diesel,66.57,620482.0
V01537,Medium Truck,10,100,Petrol,65.23,22865.0
V01538,Small Truck,2,5000,Petrol,83.04,182945.0
V01539,Small Truck,3,20000,Petrol,90.21,204317.0
V01540,Medium Truck,10,5000,Diesel,78.68,178810.0
V01541,Motorbike,14,100,Petrol,89.66,819710.0
V01542,Medium Truck,5,1000,Diesel,85.72,787588.0
V01543,Heavy Truck,4,1000,Diesel,57.41,482616.0
V01544,Heavy Truck,10,1000,Diesel,100.0,609276.0
V01545,Heavy Truck,5,5000,Diesel,66.9,584535.0
V01546,Medium Truck,2,10000,Petrol,70.66,785587.0
V01547,Heavy Truck,3,1000,Diesel,95.79,314659.0
V01548,Small Truck,12,2500,Petrol,82.24,635539.0
V01549,Heavy Truck,9,2500,Electric,72.79,385238.0
V01550,Motorbike,5,1000,Electric,76.36,460764.0
V01551,Medium Truck,15,500,Petrol,71.43,273520.0
V01552,Panel Van,5,100,Petrol,72.4,679463.0
V01553,Motorbike,10,20000,Petrol,91.47,846617.0
V01554,Medium Truck,2,5000,Petrol,76.02,884572.0
V01555,Panel Van,15,10000,Petrol,69.18,373789.0
V01556,Small Truck,3,1000,Petrol,72.88,81905.0
V01557,Heavy Truck,6,9999999,Petrol,80.14,753127.0
V01558,Medium Truck,9,5000,Petrol,73.01,29103.0
V01559,Heavy Truck,8,5000,Diesel,78.3,144091.0
V01560,Heavy Truck,9,10000,Diesel,86.18,805294.0
V01561,Small Truck,12,2500,Diesel,76.23,288929.0
V01562,Refrigerated Truck,13,2500,Diesel,71.68,491221.0
V01563,Panel Van,5,2500,Diesel,73.64,167399.0
V01564,Panel Van,10,500,Diesel,98.71,245217.0
V01565,Small Truck,9,500,Electric,100.0,267614.0
V01566,Heavy Truck,6,500,Diesel,82.55,200962.0
V01567,Panel Van,8,1000,Petrol,90.7,602507.0
V01568,Small Truck,12,5000,Diesel,70.72,608237.0
V01569,Medium Truck,10,20000,Diesel,74.92,131601.0
V01570,Heavy Truck,0,20000,Diesel,87.4,880817.0
V01571,Heavy Truck,1,1000,Diesel,53.64,484698.0
V01572,Panel Van,11,20000,Diesel,91.27,650613.0
V01573,Panel Van,8,20000,Diesel,75.23,7796.0
V01574,Medium Truck,1,10000,Diesel,69.07,867810
V01575,Heavy Truck,13,100,Petrol,86.66,884878.0
V01576,Panel Van,3,5000,Diesel,99.31,773305.0
V01577,Heavy Truck,4,500,Diesel,78.24,36850.0
V01578,Panel Van,10,20000,Diesel ,85.51,608718.0
V01579,Panel Van,12,500,Diesel,87.44,680182.0
V01580,Small Truck,15,1000,Diesel,84.88,128636.0
V01581,Heavy Truck,14,500,Electric,70.04,782983.0
V01582,Heavy Truck,5,20000,Diesel,84.68,166031.0
V01583,Small Truck,2,5000,Hybrid,84.21,896625.0
V01584,Medium Truck,10,2500,Petrol,49.24,13138.0
V01585,Small Truck,2,10000,Diesel,92.29,586860.0
V01586,Panel Van,7,5000,Diesel,63.96,218128.0
V01587,Heavy Truck,4,5000,Diesel,83.54,547886.0
V01588,Motorbike,6,500,Diesel,100.0,691143.0
V01589,Heavy Truck,14,1000,Diesel,79.07,504031.0
V01590,Heavy Truck,4,2500,Diesel,69.45,672299.0
V01591,Heavy Truck,13,1000,Diesel,88.71,689327.0
V01592,Medium Truck,3,1000,Petrol,98.82,301561.0
V01593,Heavy Truck,4,20000,Diesel,68.7,784304.0
V01594,Motorbike,3,1000,Diesel,53.68,78604.0
V01595,Medium Truck,11,5000,Diesel,96.19,477296.0
V01596,Panel Van,12,5000,Petrol,92.25,679274.0
V01597,Medium Truck,0,500,Petrol,86.62,649544.0
V01598,Medium Truck,5,20000,Diesel,60.4,289085.0
V01599,Panel Van,14,500,Diesel,89.17,866350.0
V01600,Panel Van,8,10000,Diesel,94.4,888290.0
V01601,Medium Truck,2,5000,Petrol,100.0,105109.0
V01602,Refrigerated Truck,3,1000,Diesel,78.62,91149.0
V01603,Medium Truck,7,500,Petrol,83.91,532805.0
V01604,Small Truck,3,10000,Electric,56.17,172643.0
V01605,Refrigerated Truck,6,2500,Diesel,93.62,65292.0
V01606,Heavy Truck,9,2500,Petrol,93.33,732667.0
V01607,Heavy Truck,7,1000,Diesel,86.85,394902.0
V01608,Small Truck,9,1000,Diesel,96.25,777541.0
V01609,Small Truck,1,500,Diesel,72.62,1144493
V01610,Panel Van,8,20000,Diesel,79.38,595790.0
V01611,Heavy Truck,0,20000,Diesel,79.85,345372.0
V01612,Small Truck,11,500,Diesel,95.19,672805.0
V01613,Medium Truck,8,100,Electric,95.46,94593.0
V01614,Heavy Truck,10,10000,Diesel,85.81,282893.0
V01615,Medium Truck,5,1000,Petrol,85.18,747761.0
V01616,Panel Van,3,500,Diesel,88.61,613272.0
V01617,Motorbike,10,500,Diesel,77.96,223374.0
V01618,Medium Truck,0,20000,Petrol,,766152.0
V01619,Panel Van,7,500,Diesel,76.58,454594.0
V01620,Motorbike,4,10000,Diesel,87.15,662184.0
V01621,Small Truck,5,2500,Diesel,74.84,139078.0
V01622,Medium Truck,6,2500,Hybrid,93.36,127919.0
V01623,Medium Truck,7,1000,Diesel,80.8,890451.0
V01624,Panel Van,3,100,Diesel,100.0,823856.0
V01625,Medium Truck,2,100,Diesel,80.48,347523.0
V01626,Small Truck,7,500,Diesel,93.25,836346.0
V01627,Small Truck,4,1000,Diesel,74.43,740399.0
V01628,Heavy Truck,0,500,Petrol,78.31,248190.0
V01629,Motorbike,13,500,Diesel,81.5,349174.0
V01630,Medium Truck,7,10000,Diesel,86.22,479212.0
V01631,Panel Van,1,100,Diesel,73.04,317938.0
V01632,Panel Van,5,5000,Diesel,75.15,261208.0
V01633,Medium Truck,1,2500,Hybrid,83.07,220242.0
V01634,Medium Truck,15,500,Petrol,86.78,576613.0
V01635,Medium Truck,7,1000,Diesel,81.56,367061.0
V01636,Refrigerated Truck,14,1000,Diesel,79.85,871657.0
V01637,Heavy Truck,5,500,Electric,66.07,788352.0
V01638,Panel Van,15,1000,Diesel,88.0,92551.0
V01639,Medium Truck,14,1000,Diesel,92.11,597182.0
V01640,Medium Truck,10,5000,Diesel,93.53,572097.0
V01641,Medium Truck,6,5000,Diesel,83.8,52514.0
V01642,Small Truck,15,1000,Diesel,74.76,711599.0
V01643,Refrigerated Truck,9,1000,Diesel,78.14,489270.0
V01644,Small Truck,3,10000,Electric,83.85,750715.0
V01645,Heavy Truck,1,10000,Diesel,81.77,450502.0
V01646,Small Truck,8,5000,Diesel,71.86,382075.0
V01647,Heavy Truck,3,5000,Petrol,61.81,619819.0
V01648,Small Truck,11,500,Diesel,75.33,690070.0
V01649,Motorbike,8,5000,Petrol,78.68,681010.0
V01650,Small Truck,7,1000,Petrol,85.71,436566.0
V01651,Medium Truck,4,2500,Electric,77.08,511331.0
V01652,Panel Van,3,2500,Diesel,78.98,893930.0
V01653,Medium Truck,3,10000,Petrol,83.34,788930.0
V01654,Heavy Truck,10,20000,Diesel,100.0,361240.0
V01655,Heavy Truck,12,1000,Diesel,80.0,579615.0
V01656,Small Truck,15,100,Petrol,63.42,153264.0
V01657,Small Truck,10,100,Diesel,73.79,307525.0
V01658,Heavy Truck,8,1000,Petrol,100.0,486074.0
V01659,Refrigerated Truck,11,2500,Petrol,99.21,341812.0
V01660,Motorbike,3,5000,Petrol,93.28,
V01661,Motorbike,14,1000,Diesel,90.42,773389.0
V01662,Motorbike,0,1000,Petrol,90.56,30320.0
V01663,Small Truck,14,10000,Diesel,79.13,237542.0
V01664,Heavy Truck,1,1000,Electric,92.41,146062.0
V01665,Panel Van,15,100,Diesel,92.87,132575.0
V01666,Medium Truck,12,2500,Petrol,92.13,494329.0
V01667,Panel Van,6,5000,Diesel,74.82,678324.0
V01668,Motorbike,7,500,Diesel,78.1,657409.0
V01669,Medium Truck,4,100,Diesel ,74.3,387601.0
V01670,Medium Truck,3,5000,Petrol,93.96,369615.0
V01671,Small Truck,5,500,Petrol,85.64,207869.0
V01672,Small Truck,13,20000,Petrol,86.71,
V01673,Small Truck,4,1000,Diesel,88.91,747484.0
V01674,Refrigerated Truck,6,20000,Diesel,65.06,334348.0
V01675,Heavy Truck,10,100,Diesel,92.58,170542.0
V01676,Medium Truck,12,2500,Diesel,75.51,425111.0
V01677,Refrigerated Truck,4,1000,Diesel,76.6,660529.0
V01678,Medium Truck,12,1000,Diesel,71.97,253549.0
V01679,Panel Van,2,1000,Petrol,82.96,309464.0
V01680,Small Truck,11,1000,Diesel,81.2,138690.0
V01681,Heavy Truck,1,100,Diesel,65.31,642559.0
V01682,Medium Truck,15,500,Hybrid,60.53,795158.0
V01683,Refrigerated Truck,1,500,Petrol,79.57,696734.0
V01684,Medium Truck,14,5000,Diesel,91.77,723623.0
V01685,Heavy Truck,12,1000,Petrol,90.61,145760.0
V01686,Heavy Truck,2,100,Diesel,94.01,781007.0
V01687,Heavy Truck,12,5000,Diesel,79.63,743212.0
V01688,Refrigerated Truck,5,1000,Diesel,77.76,
V01689,Small Truck,15,100,Electric,80.67,558514.0
V01690,Medium Truck,15,500,Diesel,91.65,70819.0
V01691,Panel Van,14,2500,Diesel,100.0,773873.0
V01692,Heavy Truck,10,500,Diesel,76.48,9032.0
V01693,Medium Truck,14,20000,Diesel,78.81,33142.0
V01694,Panel Van,7,5000,Diesel,82.37,556487.0
V01695,Small Truck,0,1000,Petrol,78.82,682368.0
V01696,Panel Van,13,20000,Petrol,75.03,736214.0
V01697,Small Truck,0,10000,Diesel,80.49,887398.0
V01698,Motorbike,10,5000,Diesel,72.51,22414.0
V01699,Refrigerated Truck,8,100,Diesel,90.71,634085.0
V01700,Medium Truck,5,500,Diesel,99.69,288915.0
V01701,Refrigerated Truck,11,5000,Petrol,78.59,826430.0
V01702,Panel Van,4,1000,Petrol,100.0,266746.0
V01703,Small Truck,14,10000,Diesel,80.7,376206.0
V01704,Refrigerated Truck,13,5000,Diesel,73.63,272671.0
V01705,Medium Truck,14,100,Petrol,90.24,632935.0
V01706,Motorbike,13,20000,Petrol,70.91,813145.0
V01707,Heavy Truck,13,20000,Diesel,89.49,
V01708,Panel Van,14,5000,Diesel,85.05,317705.0
V01709,Panel Van,14,10000,Diesel,77.16,305017.0
V01710,Heavy Truck,12,500,Electric,75.89,617052.0
V01711,Medium Truck,12,10000,Petrol,71.53,562768.0
V01712,Medium Truck,2,5000,Electric,94.38,220642.0
V01713,Motorbike,2,100,Diesel,79.33,327955.0
V01714,Panel Van,6,500,Diesel,85.73,851988.0
V01715,Small Truck,5,2500,Diesel,81.87,854683.0
V01716,Small Truck,5,1000,Diesel,79.45,353473.0
V01717,Motorbike,4,5000,Diesel,85.92,718889.0
V01718,Medium Truck,4,20000,Petrol,88.14,69493.0
V01719,Heavy Truck,9,5000,Diesel,83.66,784431.0
V01720,Refrigerated Truck,12,20000,Petrol,79.73,290717.0
V01721,Heavy Truck,12,100,Petrol,68.96,573961.0
V01722,Panel Van,1,500,Diesel,74.76,556846.0
V01723,Medium Truck,8,20000,Diesel,78.33,757208.0
V01724,Heavy Truck,7,10000,DIESEL,82.19,861668.0
V01725,Motorbike,12,1000,Petrol,61.13,333317.0
V01726,Panel Van,13,1000,Hybrid,89.43,488989.0
V01727,Panel Van,5,10000,Diesel,85.85,596980.0
V01728,Medium Truck,12,100,Diesel,75.02,529635.0
V01729,Refrigerated Truck,9,100,Petrol,71.0,303729.0
V01730,Small Truck,4,10000,Diesel,73.76,347355.0
V01731,Medium Truck,8,10000,Diesel,66.12,537050.0
V01732,Medium Truck,0,10000,Petrol,77.93,846001.0
V01733,Heavy Truck,0,2500,Diesel,79.85,68931.0
V01734,Small Truck,6,1000,Petrol,93.02,207933.0
V01735,Medium Truck,15,1000,Petrol,87.69,713878.0
V01736,Refrigerated Truck,9,10000,Diesel,96.97,537536.0
V01737,Refrigerated Truck,10,500,Diesel,83.35,382438.0
V01738,Small Truck,13,100,Diesel,71.07,323001.0
V01739,Panel Van,7,2500,Diesel,100.0,885649.0
V01740,Refrigerated Truck,8,2500,Diesel,78.18,795975.0
V01741,Refrigerated Truck,4,1000,Diesel,63.45,773127.0
V01742,Panel Van,4,20000,Diesel,84.64,261064.0
V01743,Panel Van,14,5000,Diesel,62.92,554845.0
V01744,Panel Van,11,10000,Diesel,80.98,862927.0
V01745,Medium Truck,2,500,Electric,76.3,242944.0
V01746,Small Truck,6,5000,Diesel,88.28,190470.0
V01747,Panel Van,12,1000,Diesel,93.44,568750.0
V01748,Heavy Truck,13,1000,Diesel,78.1,180718.0
V01749,Panel Van,10,100,Diesel,77.25,682257.0
V01750,Refrigerated Truck,0,10000,Diesel,91.1,777414.0
V01751,Small Truck,5,2500,Diesel,72.8,427637.0
V01752,Small Truck,6,20000,Diesel,82.77,892050.0
V01753,Refrigerated Truck,2,5000,Petrol,88.5,535272.0
V01754,Panel Van,6,500,Diesel,72.51,372882.0
V01755,Panel Van,5,10000,Diesel,78.39,789281.0
V01756,Small Truck,9,100,Electric,83.21,562726.0
V01757,Medium Truck,5,10000,Diesel,97.97,
V01758,Medium Truck,5,1000,Diesel,67.49,776160.0
V01759,Refrigerated Truck,13,100,Petrol,80.21,452032.0
V01760,Refrigerated Truck,6,2500,Diesel,98.24,311402.0
V01761,Motorbike,3,2500,Diesel,93.66,779936.0
V01762,Panel Van,11,500,Petrol,78.69,697010.0
V01763,Medium Truck,4,100,Diesel,81.14,355084.0
V01764,Refrigerated Truck,2,5000,Hybrid,87.51,886987.0
V01765,Panel Van,12,2500,Petrol,87.76,796261.0
V01766,Small Truck,3,1000,Diesel,98.54,160138.0
V01767,Panel Van,0,2500,Diesel,95.58,504593.0
V01768,Refrigerated Truck,1,20000,Petrol,65.41,576646.0
V01769,Panel Van,11,20000,Diesel,62.86,364210.0
V01770,Medium Truck,4,500,Diesel,75.48,481490.0
V01771,Motorbike,6,1000,Petrol,59.77,
V01772,Medium Truck,8,10000,Diesel,97.75,512656.0
V01773,Small Truck,4,100,Diesel,64.05,149880.0
V01774,Medium Truck,3,20000,Diesel,78.41,768234.0
V01775,Panel Van,1,1000,Diesel,71.55,315824.0
V01776,Panel Van,1,2500,Diesel,,154523.0
V01777,Panel Van,14,20000,Petrol,96.17,201714.0
V01778,Heavy Truck,15,500,Diesel,75.08,749113.0
V01779,Heavy Truck,10,500,Diesel,100.0,884831.0
V01780,Panel Van,7,20000,Diesel,98.86,170394.0
V01781,Small Truck,12,10000,Diesel,81.96,139463.0
V01782,Small Truck,13,1000,Electric,56.86,875833.0
V01783,Panel Van,7,100,Petrol,77.92,111818.0
V01784,Heavy Truck,11,2500,Diesel,100.0,504430.0
V01785,Small Truck,1,10000,Diesel,87.14,241202.0
V01786,Medium Truck,2,100,Diesel,79.99,
V01787,Medium Truck,13,500,Diesel,74.66,549686.0
V01788,Heavy Truck,8,1000, Diesel,92.65,163141.0
V01789,Heavy Truck,13,500,Petrol,86.44,241978.0
V01790,Motorbike,9,2500,Diesel,85.41,584532.0
V01791,Panel Van,1,20000,Petrol ,95.63,297759.0
V01792,Small Truck,2,5000,Petrol,94.99,887645.0
V01793,Panel Van,8,2500,Diesel,87.25,483022.0
V01794,Small Truck,1,20000,Diesel,62.96,104941.0
V01795,Refrigerated Truck,13,10000,Diesel,70.21,574309.0
V01796,Panel Van,4,5000,Diesel,74.6,550375.0
V01797,Medium Truck,11,100,Diesel,81.55,523923.0
V01798,Panel Van,4,500,Petrol,99.99,864710.0
V01799,Motorbike,12,20000,Diesel,100.0,555396.0
V01800,Panel Van,4,2500,Petrol,86.7,679043.0
V01801,Panel Van,8,20000,Diesel,88.6,605460.0
V01802,Small Truck,4,100,Diesel,63.87,231620.0
V01803,Refrigerated Truck,14,500,Diesel,76.93,790148.0
V01804,Medium Truck,8,500,Diesel,75.36,610641.0
V01805,Panel Van,8,100,Petrol,74.36,609199.0
V01806,Motorbike,4,1000,Hybrid,88.96,71790.0
V01807,Refrigerated Truck,2,20000,Diesel,76.59,650246.0
V01808,Panel Van,12,100,Diesel,59.26,88092.0
V01809,Panel Van,0,20000,Diesel,92.11,359883.0
V01810,Heavy Truck,0,100,Diesel,96.44,508206.0
V01811,Medium Truck,10,100,Diesel,85.46,850467.0
V01812,Panel Van,9,100,Diesel,79.98,166829.0
V01813,Medium Truck,5,10000,Diesel,71.21,728387.0
V01814,Small Truck,12,500,Diesel,71.95,485161.0
V01815,Medium Truck,0,100,Diesel,94.85,526575.0
V01816,Panel Van,6,10000,Petrol,73.02,820202.0
V01817,Heavy Truck,14,5000,Diesel,100.0,406342.0
V01818,Medium Truck,5,1000,Diesel,93.4,126971.0
V01819,Motorbike,12,10000,Petrol,86.08,21930.0
V01820,Medium Truck,4,20000,Petrol,100.0,323713.0
V01821,Small Truck,3,2500,Diesel,97.31,887917.0
V01822,Heavy Truck,5,20000,Diesel,76.83,199430.0
V01823,Panel Van,4,1000,Diesel,69.72,131643.0
V01824,Small Truck,1,20000,Electric,76.91,36247.0
V01825,Heavy Truck,14,5000,Diesel,80.77,460629.0
V01826,Panel Van,9,500,Diesel,72.9,327618.0
V01827,Small Truck,15,5000,Petrol,68.51,310913.0
V01828,Heavy Truck,9,1000,Diesel,84.83,541906.0
V01829,Medium Truck,14,100,Diesel,92.66,296816.0
V01830,Small Truck,6,2500,Diesel,100.0,55189.0
V01831,Small Truck,3,100,Diesel,82.92,380418.0
V01832,Medium Truck,15,2500,Diesel,89.23,666742.0
V01833,Heavy Truck,13,20000,Diesel,59.79,517340.0
V01834,Medium Truck,14,100,Petrol,92.3,841806.0
V01835,Medium Truck,14,5000,Diesel,69.89,13953.0
V01836,Heavy Truck,4,500,Diesel,85.66,59356.0
V01837,Small Truck,8,5000,Diesel,81.48,142910.0
V01838,Small Truck,11,5000,Diesel,79.1,35107.0
V01839,Medium Truck,14,10000,Petrol,64.2,553801.0
V01840,Small Truck,1,5000,Diesel,72.92,562531.0
V01841,Small Truck,14,500,Petrol,70.55,666715.0
V01842,Panel Van,12,1000,Diesel,74.87,190769.0
V01843,Medium Truck,7,5000,Diesel,96.19,609205.0
V01844,Medium Truck,11,1000,Diesel,0,161348.0
V01845,Heavy Truck,4,10000,Diesel,73.93,891935.0
V01846,Panel Van,5,5000,Petrol,89.79,230237.0
V01847,Heavy Truck,3,5000,Diesel,85.92,47716.0
V01848,Panel Van,6,5000,Diesel,100.0,169849.0
V01849,Heavy Truck,4,1000,Diesel,94.13,466099.0
V01850,Medium Truck,9,5000,Electric,58.13,644194.0
V01851,Small Truck,6,5000,Diesel,91.66,379545.0
V01852,Refrigerated Truck,4,10000,Diesel,90.23,290987.0
V01853,Small Truck,6,1000,Diesel,100.0,183029.0
V01854,Motorbike,9,5000,Diesel,79.62,115132.0
V01855,Medium Truck,12,20000,Petrol,95.16,801986.0
V01856,Medium Truck,14,1000,Diesel,77.74,672199.0
V01857,Heavy Truck,4,10000,Petrol,85.49,133453.0
V01858,Small Truck,7,1000,Petrol,69.34,143562.0
V01859,Motorbike,11,100,Diesel,65.51,456610.0
V01860,Small Truck,3,100,Diesel,92.44,319578.0
V01861,Medium Truck,11,2500,Diesel,-10,176958.0
V01862,Medium Truck,8,1000,Diesel,66.63,399397.0
V01863,Heavy Truck,2,500,Diesel,91.77,395649.0
V01864,Panel Van,10,20000,Diesel,49.17,525119.0
V01865,Medium Truck,2,10000,Petrol,72.28,712516.0
V01866,Refrigerated Truck,8,5000,Diesel,62.07,253206.0
V01867,Small Truck,4,10000,Diesel,96.39,632031.0
V01868,Small Truck,0,5000,Diesel,76.8,657580.0
V01869,Refrigerated Truck,10,5000,Diesel,82.95,631869.0
V01870,Panel Van,10,500,Electric,85.65,836846.0
V01871,Medium Truck,4,100,Diesel,91.7,197488.0
V01872,Small Truck,0,5000,Petrol,90.34,663103.0
V01873,Motorbike,14,100,Diesel,91.61,25456.0
V01874,Heavy Truck,6,500,Diesel,78.81,304273.0
V01875,Panel Van,13,2500,Electric,92.24,649460.0
V01876,Heavy Truck,6,1000,Diesel,74.14,837942.0
V01877,Small Truck,11,1000,Petrol,77.18,99968.0
V01878,Panel Van,13,5000,Diesel,63.56,659597.0
V01879,Panel Van,10,10000,Diesel,100.0,354221.0
V01880,Heavy Truck,13,100,Diesel,70.08,483855.0
V01881,Small Truck,1,500,DIESEL,98.93,760310.0
V01882,Panel Van,12,1000,Diesel,88.45,768491.0
V01883,Panel Van,11,500,Electric,84.39,371484.0
V01884,Medium Truck,13,100,Electric,86.4,790584.0
V01885,Panel Van,10,500,Petrol,69.22,421560.0
V01886,Refrigerated Truck,3,500,Diesel,100.0,211025.0
V01887,Motorbike,9,20000,Petrol,77.66,862355.0
V01888,Panel Van,11,1000,Diesel,94.15,325717.0
V01889,Small Truck,15,1000,Petrol,75.48,818608.0
V01890,Panel Van,11,5000,Diesel,64.82,828176.0
V01891,Heavy Truck,13,5000,Petrol,100.0,86333.0
V01892,Heavy Truck,12,500,Diesel,74.76,643150.0
V01893,Medium Truck,1,1000,Petrol,87.54,780828.0
V01894,Heavy Truck,12,100,Diesel,45.67,189086.0
V01895,Heavy Truck,11,500,Petrol,81.15,447665.0
V01896,Panel Van,2,1000,Diesel,89.25,890507.0
V01897,Motorbike,3,1000,Petrol,83.71,719185.0
V01898,Medium Truck,4,500,Diesel,80.82,310087.0
V01899,Refrigerated Truck,9,20000,Diesel,79.47,320148.0
V01900,Heavy Truck,12,10000,Electric,92.45,102221.0
V01901,Medium Truck,14,2500,Petrol,66.48,861716.0
V01902,Panel Van,2,10000,Petrol,79.16,794303.0
V01903,Heavy Truck,15,1000,Diesel,99.22,717919.0
V01904,Medium Truck,1,5000,Diesel,64.21,367392.0
V01905,Refrigerated Truck,9,10000,Petrol,80.72,407219.0
V01906,Medium Truck,15,5000,Petrol,68.76,342212.0
V01907,Panel Van,6,1000,Diesel,85.61,327844.0
V01908,Medium Truck,15,10000,Diesel,82.4,62482.0
V01909,Small Truck,10,100,Diesel,70.67,193886.0
V01910,Small Truck,5,1000,Diesel,82.29,552372.0
V01911,Medium Truck,14,10000,Diesel,82.79,251477.0
V01912,Heavy Truck,0,5000,Diesel,74.69,142186.0
V01913,Heavy Truck,12,1000,Diesel,77.0,400647.0
V01914,Motorbike,6,1000,Diesel,74.22,725928.0
V01915,Panel Van,11,1000,Diesel,54.63,322025.0
V01916,Small Truck,0,2500,Petrol,93.12,679669.0
V01917,Medium Truck,14,500,Diesel,96.34,581484.0
V01918,Medium Truck,2,unknown,Electric,61.0,297268.0
V01919,Medium Truck,9,100,Diesel,96.5,573807.0
V01920,Small Truck,3,10000,Diesel,86.82,461298.0
V01921,Heavy Truck,14,2500,Diesel,68.77,178176.0
V01922,Panel Van,13,1000,Diesel,79.49,386117.0
V01923,Medium Truck,13,10000,Diesel,73.53,238380.0
V01924,Heavy Truck,6,20000,Diesel,93.08,497012.0
V01925,Panel Van,2,1000,Petrol,70.99,45451.0
V01926,Panel Van,0,2500,Diesel,100.0,76534.0
V01927,Medium Truck,3,2500,Diesel,95.9,347299.0
V01928,Panel Van,10,2500,Diesel,67.3,465291.0
V01929,Small Truck,5,1000,Diesel,100.0,428738.0
V01930,Refrigerated Truck,1,2500,Diesel,90.76,78302.0
V01931,Motorbike,15,100,Diesel,80.19,99058.0
V01932,Heavy Truck,14,10000,Diesel,90.11,97355.0
V01933,Panel Van,1,100,Diesel,93.1,1404838
V01934,Small Truck,3,20000,Diesel,72.9,749431.0
V01935,Panel Van,7,1000,Diesel,92.02,244691.0
V01936,Medium Truck,3,5000,Petrol,76.81,716046.0
V01937,Refrigerated Truck,1,100,Diesel,91.77,444824.0
V01938,Small Truck,6,1000,Diesel,80.36,892699.0
V01939,Refrigerated Truck,2,20000,Petrol,69.91,885173.0
V01940,Heavy Truck,1,2500,Diesel,89.56,544937.0
V01941,Refrigerated Truck,15,2500,Petrol,77.46,823991.0
V01942,Medium Truck,0,1000,Petrol,83.85,364840.0
V01943,Medium Truck,13,5000,Petrol,86.91,361584.0
V01944,Refrigerated Truck,14,5000,Diesel,99.63,116713.0
V01945,Heavy Truck,6,2500,Petrol,,502694.0
V01946,Heavy Truck,13,20000,Diesel,71.82,597643.0
V01947,Small Truck,8,2500,Diesel,100.0,505897.0
V01948,Panel Van,14,20000,Diesel,82.04,211536.0
V01949,Medium Truck,13,2500,Diesel,75.46,312058.0
V01950,Panel Van,10,2500,Diesel,86.35,232944.0
V01951,Small Truck,9,5000,Diesel,77.88,771892.0
V01952,Heavy Truck,0,9999999,Petrol,78.79,125562.0
V01953,Medium Truck,4,10000,Diesel,100.0,265995.0
V01954,Refrigerated Truck,15,2500,Diesel,70.14,298013.0
V01955,Small Truck,14,500,Hybrid,64.74,387258.0
V01956,Small Truck,11,1000,Diesel,96.71,280847.0
V01957,Panel Van,7,1000,Diesel,,816675.0
V01958,Refrigerated Truck,6,20000,Diesel,85.83,457724.0
V01959,Small Truck,6,1000,Petrol,89.66,314600.0
V01960,Refrigerated Truck,11,500,Diesel,61.0,308851.0
V01961,Small Truck,4,5000,Diesel,,462425.0
V01962,Small Truck,9,10000,Petrol,75.26,329913.0
V01963,Heavy Truck,10,1000,PETROL,100.0,784174.0
V01964,Medium Truck,10,1000,Petrol,72.44,114741.0
V01965,Medium Truck,2,5000,Petrol,100.0,298117.0
V01966,Small Truck,13,5000,Diesel,100.0,392270.0
V01967,Small Truck,6,100,Diesel,76.13,865723.0
V01968,Heavy Truck,14,20000,Petrol,79.72,270803.0
V01969,Panel Van,7,1000,Petrol,78.23,187178.0
V01970,Motorbike,12,5000,Diesel,100.0,362422.0
V01971,Motorbike,1,100,Petrol,84.15,617335.0
V01972,Small Truck,14,5000,Diesel,88.39,886751.0
V01973,Heavy Truck,0,100,Petrol,80.28,58733.0
V01974,Medium Truck,9,100,Diesel,87.67,583832.0
V01975,Refrigerated Truck,11,20000,Diesel,88.45,485698.0
V01976,Medium Truck,5,100,Petrol,74.84,307039.0
V01977,Medium Truck,15,10000,Diesel,100.0,147656.0
V01978,Medium Truck,10,2500,Diesel,79.56,594119.0
V01979,Heavy Truck,14,500,Petrol,94.36,567488.0
V01980,Motorbike,8,1000,Diesel,66.86,124078.0
V01981,Small Truck,11,100,Diesel,90.21,557056.0
V01982,Small Truck,0,5000,Diesel,94.78,462755.0
V01983,Refrigerated Truck,1,10000,Petrol,85.19,377734.0
V01984,Panel Van,9,1000,Diesel,94.91,481110.0
V01985,Motorbike,5,20000,Diesel,73.51,832723.0
V01986,Medium Truck,6,500,Petrol,87.67,393964.0
V01987,Medium Truck,9,20000,Petrol,63.75,802807.0
V01988,Small Truck,5,10000,Diesel,83.78,31465.0
V01989,Medium Truck,15,100,Petrol,72.49,662808.0
V01990,Medium Truck,11,10000,Petrol,81.17,675170.0
V01991,Small Truck,9,100,Diesel,98.55,649088.0
V01992,Small Truck,14,20000,Electric,100.0,335678.0
V01993,Panel Van,0,5000,Diesel,66.61,66064.0
V01994,Heavy Truck,3,500,Electric,96.94,54392.0
V01995,Small Truck,13,20000,Petrol,98.79,294582.0
V01996,Medium Truck,12,1000,Diesel,85.9,114114.0
V01997,Small Truck,9,100,Petrol,98.3,186830.0
V01998,Panel Van,2,500,Petrol,77.02,22042.0
V01999,Medium Truck,4,20000,Petrol,75.83,352749.0
V02000,Small Truck,9,20000,Diesel,75.88,818080.0
V02001,Panel Van,1,20000,Petrol,90.57,102707.0
V02002,Refrigerated Truck,13,5000,Diesel,80.83,331647.0
V02003,Heavy Truck,5,500,Diesel,73.41,289845.0
V02004,Heavy Truck,14,20000,Diesel,73.99,396314.0
V02005,Medium Truck,8,2500,Diesel,82.01,515980.0
V02006,Medium Truck,4,20000,Petrol,71.81,827780.0
V02007,Small Truck,0,100,Petrol,90.02,153740.0
V02008,Panel Van,13,500,Petrol,96.34,274976.0
V02009,Medium Truck,10,500,Petrol,93.69,99650.0
V02010,Heavy Truck,14,1000,Petrol,100.0,44910.0
V02011,Small Truck,3,10000,Petrol,86.93,637481.0
V02012,Heavy Truck,2,1000,Diesel,100.0,265817.0
V02013,Small Truck,3,5000,Diesel,84.21,225999.0
V02014,Small Truck,6,2500,Diesel,78.66,401060.0
V02015,Small Truck,6,20000,Hybrid,83.43,433000.0
V02016,Medium Truck,12,20000,petrol,84.0,395633.0
V02017,Motorbike,15,20000,Petrol,80.52,755404.0
V02018,Small Truck,0,500,Diesel,69.01,615613.0
V02019,Heavy Truck,8,10000,Diesel,70.25,343801.0
V02020,Medium Truck,10,10000,Petrol,95.6,178308.0
V02021,Small Truck,3,1000,Diesel,92.01,93222.0
V02022,Medium Truck,6,500,Hybrid,100.0,638320.0
V02023,Heavy Truck,11,20000,Diesel,77.29,707874.0
V02024,Medium Truck,8,10000,Electric,76.17,629704.0
V02025,Heavy Truck,1,500,Petrol,68.21,665964.0
V02026,Panel Van,6,500,Diesel,94.67,575706.0
V02027,Small Truck,5,5000,Petrol,71.29,551143.0
V02028,Small Truck,3,2500,Diesel,81.63,
V02029,Refrigerated Truck,1,10000,Petrol,85.76,486435.0
V02030,Panel Van,5,5000,Diesel,63.24,813395.0
V02031,Refrigerated Truck,13,10000,Petrol,91.32,678210.0
V02032,Small Truck,13,2500,Diesel,94.12,400553.0
V02033,Small Truck,2,20000,Diesel,85.32,321173.0
V02034,Medium Truck,9,20000,Diesel,80.96,153665.0
V02035,Panel Van,11,20000,Diesel,81.61,300073.0
V02036,Panel Van,7,5000,Hybrid,98.8,473431.0
V02037,Small Truck,0,1000,Diesel,82.64,
V02038,Heavy Truck,11,500,Hybrid,81.76,760618.0
V02039,Medium Truck,2,2500,Petrol,73.76,153953.0
V02040,Refrigerated Truck,2,1000,Diesel,48.41,149640.0
V02041,Panel Van,4,500,Diesel,95.16,571733.0
V02042,Heavy Truck,1,1000,Electric,81.97,19306.0
V02043,Panel Van,14,10000,Petrol,71.5,781022.0
V02044,Medium Truck,8,1000,Hybrid,100.0,198265.0
V02045,Panel Van,13,100,Diesel,87.27,466032.0
V02046,Refrigerated Truck,0,500,Diesel,79.53,73772.0
V02047,Medium Truck,3,500,Diesel,94.22,79221.0
V02048,Small Truck,2,0,Diesel,86.42,805773.0
V02049,Small Truck,1,2500,Petrol,86.18,598262.0
V02050,Small Truck,11,20000,Petrol,74.7,847989.0
V02051,Panel Van,2,1000,Diesel,90.36,783045.0
V02052,Medium Truck,14,20000,Diesel,93.28,888733.0
V02053,Medium Truck,11,20000,Diesel,74.76,181177.0
V02054,Panel Van,4,500,Diesel,59.26,661078.0
V02055,Panel Van,4,5000,Diesel,93.4,552903.0
V02056,Small Truck,6,10000,Petrol,89.54,194948.0
V02057,Small Truck,8,5000,Diesel,92.11,181422.0
V02058,Panel Van,10,500,Diesel,82.55,353857.0
V02059,Panel Van,7,5000,Diesel,93.55,738650.0
V02060,Panel Van,12,2500,Electric,74.17,422470.0
V02061,Small Truck,12,500,Electric,79.76,231289.0
V02062,Medium Truck,4,500,Diesel,69.44,526863.0
V02063,Medium Truck,6,1000,Diesel,95.89,568339.0
V02064,Small Truck,13,500,Diesel,81.44,558157.0
V02065,Small Truck,11,2500,Petrol,84.78,532440.0
V02066,Medium Truck,15,1000,Diesel,87.2,346583.0
V02067,Small Truck,1,100,Hybrid,79.14,340420.0
V02068,Refrigerated Truck,1,5000,Diesel,91.87,345021.0
V02069,Medium Truck,8,100,Electric,100.0,810917.0
V02070,Medium Truck,3,2500,Petrol,93.76,391609.0
V02071,Small Truck,11,100,Diesel,61.32,811672.0
V02072,Small Truck,11,10000,Diesel,83.32,288214.0
V02073,Small Truck,7,1000,Petrol,83.86,309375.0
V02074,Motorbike,0,100,Diesel,96.91,318358.0
V02075,Heavy Truck,5,500,Diesel,75.41,316540.0
V02076,Heavy Truck,4,5000,Diesel,69.51,296332.0
V02077,Refrigerated Truck,6,10000,Diesel,92.03,591087.0
V02078,Small Truck,13,100,Diesel,81.77,866782.0
V02079,Refrigerated Truck,11,1000,Electric,74.51,259174.0
V02080,Medium Truck,10,100,Diesel,78.88,278061.0
V02081,Small Truck,0,500,Diesel,65.07,276922.0
V02082,Heavy Truck,10,1000,Hybrid,84.04,221653.0
V02083,Refrigerated Truck,8,5000,Diesel,78.35,23415.0
V02084,Medium Truck,9,100,Diesel,88.4,8604.0
V02085,Heavy Truck,6,5000,Diesel,79.54,89078.0
V02086,Heavy Truck,8,10000,Diesel,82.43,138194.0
V02087,Medium Truck,5,20000,Diesel,76.54,593941.0
V02088,Small Truck,12,2500,Diesel,78.94,120679.0
V02089,Panel Van,6,2500,Electric,68.44,292118.0
V02090,Refrigerated Truck,13,5000,Diesel,94.39,420823.0
V02091,Motorbike,14,20000,Diesel,81.5,77709.0
V02092,Panel Van,12,100,Diesel,58.13,431204.0
V02093,Small Truck,8,500,Petrol,62.98,837534.0
V02094,Small Truck,7,500,Diesel,94.45,11200.0
V02095,Panel Van,8,500,Diesel,81.48,269653.0
V02096,Motorbike,12,2500,Diesel,81.76,84710.0
V02097,Heavy Truck,13,100,Petrol,81.97,192149.0
V02098,Medium Truck,12,100,Petrol,87.85,758243.0
V02099,Refrigerated Truck,11,5000,Petrol,100.0,472489.0
V02100,Heavy Truck,7,500,Diesel,87.34,313840.0
V02101,Small Truck,4,1000,Diesel,85.69,748487.0
V02102,Small Truck,5,100,Diesel,75.14,826621.0
V02103,Panel Van,15,10000,Diesel,63.49,785996.0
V02104,Refrigerated Truck,6,20000,Diesel,87.69,461515.0
V02105,Medium Truck,7,5000,Diesel,88.66,278052.0
V02106,Heavy Truck,7,2500,Diesel,95.2,460195.0
V02107,Refrigerated Truck,5,1000,Diesel,100.0,669232.0
V02108,Panel Van,2,100,Diesel,68.08,394974.0
V02109,Refrigerated Truck,3,500,Diesel,74.63,473240.0
V02110,Heavy Truck,3,2500,Electric,90.02,696593.0
V02111,Small Truck,3,100,Diesel,82.01,537801.0
V02112,Refrigerated Truck,1,20000,Electric,99.32,681495.0
V02113,Medium Truck,14,5000,Diesel,79.68,398813.0
V02114,Small Truck,1,500,Diesel,100.0,726407.0
V02115,Panel Van,1,20000,Diesel,82.67,163637.0
V02116,Heavy Truck,9,500, Diesel,100.0,628026.0
V02117,Heavy Truck,14,5000,Diesel,53.12,739287.0
V02118,Panel Van,11,20000,Diesel,87.84,378613.0
V02119,Small Truck,2,1000,Electric,82.28,491984.0
V02120,Motorbike,9,10000,Diesel,56.88,554969.0
V02121,Medium Truck,9,20000,Diesel,81.82,364658.0
V02122,Medium Truck,11,2500,Diesel,67.15,435815.0
V02123,Heavy Truck,4,5000,Diesel,75.76,609422.0
V02124,Motorbike,6,500,Petrol,85.66,671637.0
V02125,Panel Van,15,10000,Diesel,80.53,385955.0
V02126,Motorbike,12,500,Diesel,86.28,796550.0
V02127,Refrigerated Truck,4,1000,Petrol,83.89,764952.0
V02128,Medium Truck,11,20000,Diesel,100.0,655720.0
V02129,Panel Van,13,500,Petrol,85.11,126446.0
V02130,Motorbike,11,5000,Diesel,83.35,349124.0
V02131,Panel Van,10,1000,Diesel,87.05,31779.0
V02132,Heavy Truck,12,1000,Hybrid,81.69,836716.0
V02133,Small Truck,8,20000,Petrol,62.99,514607.0
V02134,Heavy Truck,3,100,Diesel,90.3,302920.0
V02135,Panel Van,7,10000,Diesel,97.49,234875.0
V02136,Small Truck,9,100,Diesel,100.0,615946.0
V02137,Medium Truck,12,10000,Diesel,90.27,110800.0
V02138,Panel Van,12,10000,Diesel,78.77,331025.0
V02139,Small Truck,2,5000,Diesel,85.16,32144.0
V02140,Panel Van,1,5000,Diesel,100.0,673015.0
V02141,Medium Truck,2,100,Diesel,79.31,694489.0
V02142,Medium Truck,3,1000,Diesel,67.68,670517.0
V02143,Small Truck,4,10000,Diesel,100.0,864026.0
V02144,Medium Truck,7,5000,Diesel,69.78,442004.0
V02145,Panel Van,11,500,Diesel,63.14,556095.0
V02146,Heavy Truck,6,10000,Diesel,85.83,778991.0
V02147,Heavy Truck,7,1000,Diesel,86.91,696500.0
V02148,Panel Van,14,5000,Petrol,87.5,417415.0
V02149,Heavy Truck,12,5000,Diesel,92.54,755431.0
V02150,Small Truck,12,500,Diesel,80.06,695523.0
V02151,Small Truck,12,100,Diesel,80.23,725855.0
V02152,Medium Truck,0,20000,Diesel,75.12,440926.0
V02153,Heavy Truck,11,10000,Diesel,83.64,297449.0
V02154,Panel Van,7,100,Diesel,88.5,702143.0
V02155,Panel Van,10,500,Diesel,92.88,7104.0
V02156,Refrigerated Truck,12,2500,Diesel,71.23,790510.0
V02157,Refrigerated Truck,0,20000,Hybrid,67.05,567176.0
V02158,Heavy Truck,10,500,Petrol,92.62,746794.0
V02159,Panel Van,14,2500,Petrol,75.65,853086.0
V02160,Medium Truck,8,5000,Electric,70.18,658914.0
V02161,Small Truck,10,20000,Diesel,59.8,799334.0
V02162,Panel Van,1,2500,Diesel,98.89,577155.0
V02163,Motorbike,12,1000,Petrol,85.31,9255.0
V02164,Heavy Truck,14,500,Diesel,,342688.0
V02165,Panel Van,5,2500,Diesel,87.25,814265.0
V02166,Panel Van,6,2500,Diesel,84.55,208310.0
V02167,Panel Van,8,20000,Diesel,81.72,14718.0
V02168,Medium Truck,2,2500,Diesel,81.16,380556.0
V02169,Heavy Truck,1,10000,Diesel,70.28,480603.0
V02170,Panel Van,1,1000,Petrol,60.82,450930.0
V02171,Heavy Truck,2,2500,Diesel,100.0,768126.0
V02172,Panel Van,12,100,Diesel,82.46,163747.0
V02173,Small Truck,10,2500,Petrol,76.75,377355.0
V02174,Panel Van,9,500,Diesel,72.39,538476.0
V02175,Small Truck,1,1000,Diesel,94.59,617047.0
V02176,Refrigerated Truck,4,20000,Diesel,83.74,757399.0
V02177,Heavy Truck,14,5000,Petrol,71.64,213079.0
V02178,Panel Van,8,500,Diesel,78.36,796112.0
V02179,Refrigerated Truck,1,2500,Hybrid,85.74,873266.0
V02180,Medium Truck,15,2500,Petrol,77.36,891438.0
V02181,Small Truck,1,10000,Petrol,91.78,1304014
V02182,Heavy Truck,7,unknown,Petrol,100.0,335325.0
V02183,Heavy Truck,9,5000,Diesel,76.94,570882.0
V02184,Heavy Truck,6,10000,Petrol,78.58,264633.0
V02185,Panel Van,10,10000,Hybrid,72.04,36121.0
V02186,Panel Van,4,5000,Diesel,80.16,241117.0
V02187,Heavy Truck,5,100,Diesel,58.48,42422.0
V02188,Medium Truck,2,10000,Petrol,95.19,665410.0
V02189,Heavy Truck,3,20000,Diesel,65.99,246936.0
V02190,Heavy Truck,14,5000,Diesel,72.32,598721.0
V02191,Heavy Truck,3,5000,Diesel,83.01,18597.0
V02192,Small Truck,2,2500,Diesel,98.53,714274.0
V02193,Small Truck,7,100,Diesel,71.75,190564.0
V02194,Panel Van,0,20000,Electric,79.76,219147.0
V02195,Panel Van,6,1000,Diesel,85.52,142784.0
V02196,Small Truck,2,5000,Diesel,73.94,78732.0
V02197,Small Truck,4,2500,Diesel,80.55,821162.0
V02198,Panel Van,2,5000,Diesel,62.91,844085.0
V02199,Medium Truck,13,100,Diesel,75.67,
V02200,Small Truck,6,5000,Diesel,96.77,248517.0
V02201,Small Truck,0,2500,Petrol,91.79,552567.0
V02202,Medium Truck,14,2500,Diesel,76.67,511923.0
V02203,Small Truck,15,10000,Petrol,69.84,605134.0
V02204,Medium Truck,2,5000,Diesel,79.45,816474.0
V02205,Medium Truck,1,10000,Petrol,64.44,739818.0
V02206,Small Truck,2,5000,Diesel,79.64,285945.0
V02207,Small Truck,4,10000,Diesel,77.08,333798.0
V02208,Motorbike,6,20000,Petrol,76.64,307127.0
V02209,Heavy Truck,12,10000,Diesel,80.31,167551.0
V02210,Refrigerated Truck,14,20000,Diesel,88.44,513401.0
V02211,Panel Van,13,2500,Diesel,69.54,114009.0
V02212,Small Truck,14,2500,Diesel,93.49,108188.0
V02213,Heavy Truck,0,100,Diesel,95.5,132563.0
V02214,Medium Truck,15,5000,Diesel,,671262.0
V02215,Small Truck,10,5000,Diesel,85.56,473994.0
V02216,Medium Truck,2,1000,Diesel,99.68,277771.0
V02217,Heavy Truck,15,100,Diesel,93.72,539135.0
V02218,Panel Van,11,10000,Diesel,84.29,647356.0
V02219,Medium Truck,12,100,Petrol,67.4,710639.0
V02220,Heavy Truck,10,5000,Electric,92.74,417166.0
V02221,Panel Van,12,20000,Petrol,84.88,724991.0
V02222,Refrigerated Truck,0,20000,Diesel,100.0,292828.0
V02223,Refrigerated Truck,8,500,Petrol,90.88,759287.0
V02224,Heavy Truck,10,5000,Petrol,94.67,177005.0
V02225,Medium Truck,13,20000,Petrol,75.06,147914.0
V02226,Medium Truck,11,5000,Diesel,84.94,685108.0
V02227,Medium Truck,3,1000,Diesel,58.92,672054.0
V02228,Panel Van,10,100,Diesel,88.65,790451.0
V02229,Small Truck,3,2500,Diesel,96.61,70089.0
V02230,Panel Van,3,5000,Diesel,98.7,813227.0
V02231,Small Truck,9,500,Diesel,77.74,793098.0
V02232,Heavy Truck,5,1000,Petrol,60.24,505318.0
V02233,Heavy Truck,5,1000,Diesel,75.55,475195.0
V02234,Small Truck,8,2500,Diesel,81.07,140672.0
V02235,Medium Truck,3,100,Diesel,86.91,579168.0
V02236,Medium Truck,2,1000,Petrol,57.65,692444.0
V02237,Small Truck,6,10000,Diesel,80.75,559709.0
V02238,Medium Truck,2,1000,Diesel,69.55,204073.0
V02239,Panel Van,11,10000,Diesel,99.36,504390.0
V02240,Motorbike,11,10000,Diesel,53.98,149872.0
V02241,Small Truck,15,20000,Diesel,94.15,473398.0
V02242,Refrigerated Truck,2,2500,Diesel,80.09,793074.0
V02243,Refrigerated Truck,11,1000,Diesel,57.44,830285.0
V02244,Medium Truck,0,500,Diesel,100.0,648824.0
V02245,Medium Truck,9,2500,Diesel,98.2,316793.0
V02246,Medium Truck,2,10000,Diesel,97.0,313973.0
V02247,Small Truck,11,unknown,Diesel,83.12,702020.0
V02248,Small Truck,1,100,Petrol,73.94,17440.0
V02249,Motorbike,0,20000,Hybrid,82.78,328949.0
V02250,Motorbike,4,1000,Diesel,88.55,501504.0
V02251,Refrigerated Truck,5,500,Diesel,75.49,46071.0
V02252,Heavy Truck,12,1000,Diesel,71.71,724127.0
V02253,Medium Truck,3,1000,Diesel,87.92,343315.0
V02254,Heavy Truck,12,500,Diesel,84.35,751386.0
V02255,Medium Truck,7,1000,Petrol,93.11,140043.0
V02256,Medium Truck,1,10000,Diesel,100.0,38331.0
V02257,Heavy Truck,15,100,Diesel ,92.28,399322.0
V02258,Panel Van,9,5000,Diesel,68.17,866373.0
V02259,Panel Van,13,20000,Petrol,81.84,78395.0
V02260,Medium Truck,1,5000,Diesel,86.64,118818.0
V02261,Panel Van,7,2500,Diesel,91.71,707975.0
V02262,Medium Truck,2,5000,Petrol,92.3,106455.0
V02263,Heavy Truck,8,2500,Diesel,81.3,533814.0
V02264,Heavy Truck,12,1000,Diesel,76.11,42312.0
V02265,Small Truck,13,10000,Diesel,94.1,38884.0
V02266,Panel Van,15,5000,Hybrid,86.53,352544.0
V02267,Refrigerated Truck,4,100,Hybrid,85.38,582741.0
V02268,Heavy Truck,4,10000,Diesel,73.54,537636.0
V02269,Small Truck,12,500,Diesel,100.0,859401.0
V02270,Heavy Truck,12,2500,Petrol,84.99,53865.0
V02271,Heavy Truck,5,500,Diesel,80.96,61647.0
V02272,Small Truck,5,2500,Diesel,84.99,698787.0
V02273,Small Truck,3,500,Diesel ,80.42,324258.0
V02274,Refrigerated Truck,12,500,Hybrid,66.53,195349.0
V02275,Heavy Truck,1,20000,Petrol,85.58,805814.0
V02276,Medium Truck,9,100,DIESEL,64.58,288583.0
V02277,Refrigerated Truck,6,1000,Diesel,83.24,34927.0
V02278,Heavy Truck,8,100,Diesel,62.88,19970.0
V02279,Motorbike,14,500,Petrol,56.15,827142.0
V02280,Small Truck,12,5000,Diesel,89.36,147721.0
V02281,Heavy Truck,14,2500,Petrol,68.76,889928.0
V02282,Panel Van,11,1000,Diesel,87.21,182433.0
V02283,Motorbike,6,100,Hybrid,84.03,354028.0
V02284,Heavy Truck,15,5000,Diesel,83.76,61348.0
V02285,Heavy Truck,8,500,Petrol,74.48,421170.0
V02286,Panel Van,5,2500,Diesel,80.43,866024.0
V02287,Panel Van,13,100,Petrol,74.12,889412.0
V02288,Heavy Truck,15,2500, Diesel,93.34,338796.0
V02289,Panel Van,7,20000,Hybrid,76.2,58610.0
V02290,Panel Van,13,5000,Diesel,79.02,623943.0
V02291,Heavy Truck,7,2500,Diesel,90.94,289734.0
V02292,Heavy Truck,7,500,Diesel,74.54,782560.0
V02293,Small Truck,8,500,Diesel,60.51,61803.0
V02294,Medium Truck,8,20000,Diesel,69.27,91576.0
V02295,Small Truck,1,20000,Diesel,,753220
V02296,Panel Van,14,1000,Diesel,82.99,586933.0
V02297,Refrigerated Truck,12,5000,Petrol,85.51,587829.0
V02298,Medium Truck,9,10000,Petrol,85.55,494367.0
V02299,Medium Truck,1,1000,Petrol,100.0,777787.0
V02300,Small Truck,5,500,Diesel,57.1,607896.0
V02301,Medium Truck,2,1000,Diesel,80.47,175278.0
V02302,Small Truck,0,2500,Diesel,82.36,723431.0
V02303,Small Truck,10,1000,Petrol,81.76,492868.0
V02304,Medium Truck,4,2500,Diesel,91.59,166919.0
V02305,Heavy Truck,1,500,Petrol,91.9,643149.0
V02306,Heavy Truck,3,1000,Diesel,79.41,611036.0
V02307,Motorbike,1,500,Diesel,61.73,257257.0
V02308,Medium Truck,2,1000,Diesel,100.0,171144.0
V02309,Small Truck,7,500,Electric,81.93,801251.0
V02310,Medium Truck,10,2500,Diesel,83.05,771955.0
V02311,Heavy Truck,12,20000,Diesel,97.15,182106.0
V02312,Heavy Truck,6,10000,Diesel,77.28,621686.0
V02313,Small Truck,11,5000,Petrol,97.5,110793.0
V02314,Heavy Truck,1,2500,Petrol,78.32,820990.0
V02315,Panel Van,2,1000,Diesel,100.0,256480.0
V02316,Panel Van,5,100,Petrol,87.46,158716.0
V02317,Panel Van,10,5000,Diesel,73.89,718909.0
V02318,Small Truck,2,500,Petrol,100.0,864408.0
V02319,Medium Truck,0,100,Diesel,89.23,644184.0
V02320,Small Truck,9,20000,Diesel,74.69,807566.0
V02321,Medium Truck,6,500,Petrol,65.11,802591.0
V02322,Panel Van,6,100,Petrol,90.37,268238.0
V02323,Medium Truck,6,5000,Diesel,98.61,557026.0
V02324,Panel Van,14,5000,Petrol,86.64,622018.0
V02325,Small Truck,1,500,Petrol,85.96,826760.0
V02326,Medium Truck,9,500,Petrol,100.0,488783.0
V02327,Panel Van,12,100,Diesel,89.18,491167.0
V02328,Small Truck,12,2500,Diesel,74.11,736221.0
V02329,Heavy Truck,1,1000,Diesel,74.62,826920.0
V02330,Panel Van,1,1000,Diesel,88.67,985301
V02331,Heavy Truck,15,20000,Diesel,88.03,783812.0
V02332,Panel Van,12,20000,Hybrid,95.06,355224.0
V02333,Heavy Truck,14,20000,Diesel,86.42,428730.0
V02334,Panel Van,11,2500,Electric,90.16,391442.0
V02335,Refrigerated Truck,1,20000,Diesel,86.18,10792.0
V02336,Panel Van,15,500,Petrol,93.57,517963.0
V02337,Refrigerated Truck,13,10000,Diesel,90.95,887258.0
V02338,Panel Van,10,5000,Electric,78.9,646492.0
V02339,Medium Truck,0,5000,Petrol,79.74,449898.0
V02340,Small Truck,14,100,Petrol,85.89,25547.0
V02341,Panel Van,14,500,Diesel,83.34,668149.0
V02342,Motorbike,13,20000,Petrol,97.77,603357.0
V02343,Panel Van,4,500,Petrol,84.54,409791.0
V02344,Small Truck,14,1000,Diesel,64.92,331883.0
V02345,Medium Truck,0,5000,Diesel,67.82,329061.0
V02346,Small Truck,9,20000,Petrol,79.13,197517.0
V02347,Medium Truck,12,1000,Diesel,90.66,325615.0
V02348,Panel Van,3,10000,Hybrid,73.3,149617.0
V02349,Medium Truck,15,5000,Diesel,89.82,323010.0
V02350,Heavy Truck,9,500,Hybrid,72.8,841930.0
V02351,Panel Van,2,2500,Diesel,83.91,523593.0
V02352,Heavy Truck,14,20000,Petrol,86.97,525182.0
V02353,Panel Van,2,20000,Petrol,68.28,727959.0
V02354,Small Truck,15,20000,Diesel,86.75,789986.0
V02355,Heavy Truck,15,100,Electric,100.0,514296.0
V02356,Medium Truck,15,10000,Petrol,79.63,328503.0
V02357,Medium Truck,5,2500,Diesel,82.92,475764.0
V02358,Small Truck,7,2500,Diesel,85.04,782081.0
V02359,Medium Truck,12,1000,Hybrid,83.09,279438.0
V02360,Medium Truck,12,5000,Electric,82.29,882895.0
V02361,Refrigerated Truck,3,2500,Petrol,81.36,419223.0
V02362,Heavy Truck,7,100,Petrol,,656963.0
V02363,Panel Van,6,1000,Petrol,87.44,165917.0
V02364,Small Truck,11,20000,Diesel,69.1,886495.0
V02365,Medium Truck,12,100,Diesel,86.52,671486.0
V02366,Medium Truck,6,500,Diesel,90.41,806061.0
V02367,Panel Van,14,100,Electric,86.88,705943.0
V02368,Heavy Truck,4,10000,Diesel,71.4,390380.0
V02369,Medium Truck,12,10000,Diesel,85.78,218455.0
V02370,Motorbike,7,10000,Diesel,79.44,721525.0
V02371,Motorbike,1,100,Diesel,74.92,512472.0
V02372,Medium Truck,4,20000,Diesel,100.0,222455.0
V02373,Heavy Truck,13,20000,Diesel,71.22,259893.0
V02374,Small Truck,6,10000,Diesel,87.94,174456.0
V02375,Panel Van,12,20000,Diesel,100.0,879772.0
V02376,Panel Van,10,10000,Petrol,86.59,634604.0
V02377,Small Truck,6,100,Petrol,74.62,272459.0
V02378,Medium Truck,3,5000,Diesel,75.38,198600.0
V02379,Panel Van,11,20000,Diesel,65.24,778324.0
V02380,Heavy Truck,10,5000,Petrol,83.12,650695.0
V02381,Panel Van,5,20000,Petrol,83.56,631787.0
V02382,Heavy Truck,1,100,Electric,78.99,63511.0
V02383,Refrigerated Truck,6,5000,Diesel,99.09,869214.0
V02384,Panel Van,0,20000,Diesel,81.55,398206.0
V02385,Heavy Truck,12,2500,Diesel,63.4,648922.0
V02386,Medium Truck,3,2500,Petrol,100.0,166763.0
V02387,Heavy Truck,6,1000,Petrol,68.22,550207.0
V02388,Small Truck,3,10000,Diesel,88.57,87443.0
V02389,Heavy Truck,14,20000,Diesel,90.14,417100.0
V02390,Small Truck,13,1000,Hybrid,81.54,215804.0
V02391,Panel Van,14,2500,Petrol,93.7,426665.0
V02392,Refrigerated Truck,12,2500,Diesel,83.43,783237.0
V02393,Refrigerated Truck,1,5000,Diesel,78.19,6112.0
V02394,Panel Van,10,2500,Petrol,57.49,417565.0
V02395,Small Truck,7,10000,Diesel,61.73,897242.0
V02396,Refrigerated Truck,11,20000,Diesel,100.0,875500.0
V02397,Medium Truck,11,1000,Petrol,91.34,513025.0
V02398,Small Truck,10,500,Petrol,97.59,599909.0
V02399,Panel Van,10,2500,Diesel,100.0,530335.0
V02400,Small Truck,13,2500,Diesel,78.23,413767.0
V02401,Small Truck,13,1000,Petrol,80.89,166497.0
V02402,Medium Truck,8,500,Diesel,62.78,728512.0
V02403,Small Truck,0,100,Diesel,79.11,391636.0
V02404,Medium Truck,0,2500,Diesel,78.79,786542.0
V02405,Panel Van,0,10000,Hybrid,77.89,201080.0
V02406,Heavy Truck,13,2500,Diesel,95.2,180385.0
V02407,Motorbike,7,10000,Petrol,91.17,200847.0
V02408,Medium Truck,7,100,Petrol,93.63,588132.0
V02409,Heavy Truck,4,20000,Diesel,67.95,495048.0
V02410,Heavy Truck,14,5000,Diesel,82.93,593006.0
V02411,Panel Van,3,5000,Diesel,86.71,220601.0
V02412,Heavy Truck,14,10000,Diesel,100.0,326797.0
V02413,Motorbike,10,20000,Diesel,83.98,601606.0
V02414,Motorbike,6,10000,Hybrid,80.62,455338.0
V02415,Heavy Truck,10,2500,Diesel,95.62,342089.0
V02416,Panel Van,14,10000,Diesel,79.48,294152.0
V02417,Small Truck,1,1000,Diesel,88.22,342143.0
V02418,Refrigerated Truck,0,100,Diesel,87.87,253940.0
V02419,Panel Van,2,20000,Hybrid,76.34,633473.0
V02420,Heavy Truck,10,5000,Petrol,74.29,150964.0
V02421,Medium Truck,8,10000,Diesel,81.62,605296.0
V02422,Small Truck,10,5000,Diesel,76.81,73492.0
V02423,Small Truck,6,1000,Diesel,64.02,366289.0
V02424,Small Truck,13,10000,Diesel,90.66,452022.0
V02425,Heavy Truck,7,1000,Petrol,88.84,837427.0
V02426,Heavy Truck,7,5000,Diesel,73.09,597163.0
V02427,Small Truck,7,10000,Diesel,71.92,298783.0
V02428,Medium Truck,3,5000,Petrol,87.86,335307.0
V02429,Medium Truck,15,2500,Diesel,100.0,647941.0
V02430,Heavy Truck,0,10000,Diesel,94.25,781400.0
V02431,Motorbike,0,100,Diesel,96.41,715351.0
V02432,Small Truck,7,10000,Petrol,78.35,810708.0
V02433,Small Truck,11,2500,Diesel,86.99,200347.0
V02434,Medium Truck,7,2500,Petrol,80.41,445757.0
V02435,Panel Van,12,500,Diesel,73.29,429410.0
V02436,Medium Truck,5,500,Diesel,84.35,380242.0
V02437,Refrigerated Truck,3,1000,Petrol,71.59,23762.0
V02438,Motorbike,10,10000,Petrol,73.06,204289.0
V02439,Medium Truck,3,100,Hybrid,76.66,300434.0
V02440,Panel Van,8,5000,Diesel,77.94,372519.0
V02441,Medium Truck,10,20000,Diesel,81.65,246629.0
V02442,Panel Van,1,5000,Petrol,57.2,322491.0
V02443,Heavy Truck,3,1000,Petrol,70.81,695476.0
V02444,Small Truck,0,1000,Diesel,100.0,297479.0
V02445,Refrigerated Truck,3,1000,Diesel,81.89,202548.0
V02446,Motorbike,14,500,Petrol,88.74,422521.0
V02447,Heavy Truck,0,5000,Electric,86.99,27764.0
V02448,Panel Van,11,10000,Diesel,80.7,208356.0
V02449,Panel Van,2,2500,Diesel,71.4,26169.0
V02450,Heavy Truck,7,100,Diesel,75.4,65697.0
V02451,Small Truck,0,20000,Electric,100.0,688524.0
V02452,Medium Truck,7,1000,Diesel,75.6,26788.0
V02453,Heavy Truck,14,2500,Petrol,100.0,133316.0
V02454,Small Truck,1,2500,Petrol,77.02,163315.0
V02455,Panel Van,4,5000,Petrol,78.17,581415.0
V02456,Refrigerated Truck,4,100,Diesel,82.92,301221.0
V02457,Medium Truck,11,500,Diesel,79.89,185397.0
V02458,Heavy Truck,13,5000,Petrol,70.74,661894.0
V02459,Heavy Truck,4,1000,Petrol,81.83,203352.0
V02460,Heavy Truck,2,100,Diesel,64.33,844262.0
V02461,Medium Truck,14,20000,Diesel,86.37,726759.0
V02462,Motorbike,1,500,Diesel,84.7,795669.0
V02463,Heavy Truck,13,500,Electric,90.74,615424.0
V02464,Heavy Truck,8,20000,Diesel,,252577.0
V02465,Heavy Truck,12,500,Petrol,90.86,590795.0
V02466,Heavy Truck,13,2500,Diesel,87.17,680970.0
V02467,Panel Van,11,2500,Diesel,83.53,836164.0
V02468,Small Truck,6,20000,Diesel,100.0,50971.0
V02469,Panel Van,5,20000,Petrol,87.65,783835.0
V02470,Medium Truck,10,2500,Diesel,76.43,731372.0
V02471,Small Truck,8,100,Diesel,100.0,
V02472,Panel Van,14,10000,Diesel,88.12,184437.0
V02473,Medium Truck,12,5000,Diesel,100.0,126835.0
V02474,Small Truck,14,100,Petrol,59.74,596605.0
V02475,Small Truck,6,100,Diesel,78.39,153549.0
V02476,Panel Van,7,1000,Petrol,78.42,171359.0
V02477,Panel Van,14,10000,Diesel,59.34,883969.0
V02478,Small Truck,4,500,Diesel,83.99,819299.0
V02479,Panel Van,13,20000,Diesel,77.54,520991.0
V02480,Small Truck,9,100,Diesel,58.01,584816.0
V02481,Small Truck,6,2500,Diesel,72.8,496711.0
V02482,Refrigerated Truck,14,20000,Diesel,98.64,669956.0
V02483,Panel Van,4,5000,Petrol,92.9,457596.0
V02484,Small Truck,10,2500,Diesel,73.46,551622.0
V02485,Heavy Truck,5,1000,Diesel,73.11,663537.0
V02486,Small Truck,15,5000,Diesel,92.33,715752.0
V02487,Small Truck,8,500,Petrol,58.41,537215.0
V02488,Heavy Truck,9,2500,Diesel,89.12,668266.0
V02489,Motorbike,5,100,Diesel,60.02,139152.0
V02490,Refrigerated Truck,0,500,Petrol,100.0,50441.0
V02491,Small Truck,15,10000,Diesel,89.9,
V02492,Heavy Truck,7,20000,Electric,59.87,671084.0
V02493,Refrigerated Truck,10,1000,Diesel,77.43,276030.0
V02494,Heavy Truck,14,5000,Diesel,85.81,711521.0
V02495,Panel Van,5,2500,Hybrid,58.16,783693.0
V02496,Medium Truck,0,100,Diesel,81.48,632950.0
V02497,Small Truck,12,20000,Diesel,87.78,364993.0
V02498,Medium Truck,9,2500,Diesel,57.18,100410.0
V02499,Heavy Truck,10,100,Diesel,90.95,785688.0
V02500,Small Truck,6,100,Diesel,80.5,306090.0
V02501,Small Truck,14,500,Petrol,93.0,517631.0
V02502,Medium Truck,6,5000,Diesel,79.19,653111.0
V02503,Panel Van,0,1000,Diesel,69.32,836918.0
V02504,Medium Truck,9,2500,Hybrid,68.14,470246.0
V02505,Panel Van,12,500,Diesel,78.25,796572.0
V02506,Medium Truck,6,20000,Petrol,79.74,654200.0
V02507,Panel Van,7,20000,Hybrid,94.77,341489.0
V02508,Heavy Truck,14,20000,Diesel,78.65,317277.0
V02509,Panel Van,9,5000,Diesel,63.28,498280.0
V02510,Medium Truck,1,100,Diesel,76.51,937402
V02511,Medium Truck,5,100,Diesel,63.71,640197.0
V02512,Small Truck,12,100,Diesel,86.2,665776.0
V02513,Medium Truck,11,2500,Hybrid,88.96,45861.0
V02514,Heavy Truck,1,20000,Diesel,91.0,382966.0
V02515,Panel Van,12,10000,Petrol,78.37,148113.0
V02516,Medium Truck,5,2500,Diesel,73.6,35975.0
V02517,Small Truck,2,10000,Petrol,75.87,658391.0
V02518,Medium Truck,2,2500,Diesel,80.9,888796.0
V02519,Heavy Truck,14,5000,Electric,75.89,823513.0
V02520,Medium Truck,3,2500,Hybrid,100.0,786814.0
V02521,Panel Van,8,5000,Diesel,77.61,276764.0
V02522,Small Truck,9,2500,Petrol,80.77,146567.0
V02523,Medium Truck,7,10000,Diesel,72.98,357643.0
V02524,Panel Van,5,5000,Diesel,73.25,400231.0
V02525,Medium Truck,0,500,Diesel,66.72,787609.0
V02526,Medium Truck,0,20000,Diesel,69.66,292189.0
V02527,Heavy Truck,7,2500,Diesel,100.0,243234.0
V02528,Panel Van,13,5000,Diesel,88.53,882404.0
V02529,Medium Truck,13,2500,Diesel,77.93,833843.0
V02530,Small Truck,10,1000,Petrol,74.12,645399.0
V02531,Panel Van,4,100,Diesel,96.82,131289.0
V02532,Medium Truck,15,500, Diesel,71.97,508921.0
V02533,Medium Truck,6,20000,Diesel,61.56,230621.0
V02534,Small Truck,12,20000,Electric,87.7,143456.0
V02535,Heavy Truck,2,500,Diesel,70.88,36717.0
V02536,Panel Van,8,5000,Diesel,66.6,290916.0
V02537,Small Truck,3,500,Diesel,68.89,88679.0
V02538,Panel Van,7,2500,Diesel,86.98,86127.0
V02539,Motorbike,12,5000,Diesel,80.75,233314.0
V02540,Small Truck,15,100,Petrol,70.19,430687.0
V02541,Medium Truck,1,20000,Hybrid,87.63,591354.0
V02542,Medium Truck,6,20000,Diesel,72.07,782324.0
V02543,Small Truck,1,20000,Diesel,62.37,184776.0
V02544,Small Truck,8,2500,Diesel,66.31,706514.0
V02545,Small Truck,15,10000,Petrol,82.26,845680.0
V02546,Panel Van,5,20000,Petrol,72.6,693413.0
V02547,Medium Truck,6,500,Petrol,83.26,317055.0
V02548,Heavy Truck,4,500,Diesel,95.35,285634.0
V02549,Heavy Truck,13,10000,Diesel,74.44,469202.0
V02550,Panel Van,13,1000,Electric,100.0,746267.0
V02551,Small Truck,12,500,Diesel,85.31,600137.0
V02552,Medium Truck,3,500,Diesel,79.88,408331.0
V02553,Heavy Truck,3,5000,Diesel,65.98,127033.0
V02554,Panel Van,2,1000,Diesel,77.82,602603.0
V02555,Panel Van,3,1000,Electric,79.02,620495.0
V02556,Refrigerated Truck,11,20000,Diesel,91.12,455192.0
V02557,Panel Van,8,20000,Diesel,74.85,112906.0
V02558,Refrigerated Truck,13,1000,Diesel,87.19,401612.0
V02559,Medium Truck,10,500,Diesel,82.5,744522.0
V02560,Small Truck,14,10000,Diesel,93.7,858665.0
V02561,Panel Van,0,10000,Petrol,94.64,441829.0
V02562,Heavy Truck,10,10000,Petrol,86.0,763972.0
V02563,Panel Van,1,500,Diesel,91.18,85008.0
V02564,Small Truck,5,1000,Hybrid,95.48,65016.0
V02565,Motorbike,7,100,Diesel,88.45,638334.0
V02566,Motorbike,8,5000,Petrol,85.33,874232.0
V02567,Heavy Truck,3,100,Diesel,86.91,73538.0
V02568,Panel Van,2,10000,Petrol,100.0,137103.0
V02569,Medium Truck,2,1000,Diesel,83.35,877211.0
V02570,Heavy Truck,3,5000,Petrol,90.75,862221.0
V02571,Small Truck,11,500,Diesel,73.88,410990.0
V02572,Medium Truck,14,500,Diesel,100.0,43724.0
V02573,Panel Van,5,500,Diesel,87.39,347709.0
V02574,Heavy Truck,13,20000,Electric,77.86,606911.0
V02575,Panel Van,13,20000,Diesel,81.16,286547.0
V02576,Medium Truck,4,2500,Petrol,79.38,301303.0
V02577,Heavy Truck,3,100,Petrol,82.06,407675.0
V02578,Heavy Truck,6,20000,Diesel,84.52,410031.0
V02579,Motorbike,1,1000,Petrol,79.64,704141.0
V02580,Small Truck,15,5000,Diesel,62.94,451708.0
V02581,Heavy Truck,12,500, Diesel,100.0,470539.0
V02582,Heavy Truck,6,2500,Diesel,85.2,369010.0
V02583,Medium Truck,8,100,Diesel,85.25,580767.0
V02584,Panel Van,5,2500,Electric,81.42,629350.0
V02585,Small Truck,0,5000,Diesel,92.9,56365.0
V02586,Refrigerated Truck,3,20000,Diesel,82.58,41819.0
V02587,Panel Van,0,20000,Diesel,78.27,767252.0
V02588,Heavy Truck,6,20000,Diesel,79.04,48335.0
V02589,Small Truck,6,20000,Diesel,97.02,477920.0
V02590,Heavy Truck,5,1000,Diesel,84.43,753061.0
V02591,Motorbike,10,500,Diesel,81.58,473884.0
V02592,Motorbike,11,500,Petrol,76.77,84504.0
V02593,Small Truck,8,500,Electric,78.15,230854.0
V02594,Heavy Truck,5,100,Diesel,94.97,145295.0
V02595,Medium Truck,5,5000,Petrol,71.0,74165.0
V02596,Medium Truck,7,1000,Petrol,90.04,319763.0
V02597,Refrigerated Truck,11,2500,Diesel,90.48,305777.0
V02598,Small Truck,5,1000,Diesel,84.59,591003.0
V02599,Heavy Truck,11,2500,Electric,79.72,737551.0
V02600,Panel Van,5,1000,Petrol,64.22,521655.0
V02601,Panel Van,8,5000,Diesel,89.97,494597.0
V02602,Small Truck,4,500,Diesel,62.86,723978.0
V02603,Refrigerated Truck,1,20000,Diesel,84.0,240936.0
V02604,Medium Truck,7,2500,Diesel,82.63,432486.0
V02605,Panel Van,11,5000,Petrol,91.22,535818.0
V02606,Refrigerated Truck,6,20000,Electric,71.25,726541.0
V02607,Heavy Truck,12,100,Diesel,70.66,319411.0
V02608,Heavy Truck,0,500,Diesel,88.42,453079.0
V02609,Medium Truck,0,2500,Diesel,79.95,205204.0
V02610,Small Truck,14,5000,Diesel,57.79,286394.0
V02611,Panel Van,9,2500,Diesel,81.93,667199.0
V02612,Medium Truck,5,100,Diesel,100.0,761034.0
V02613,Panel Van,10,5000,Diesel,88.58,154689.0
V02614,Medium Truck,12,5000,Diesel,67.77,892145.0
V02615,Medium Truck,14,100,Diesel,87.64,528463.0
V02616,Medium Truck,14,20000,Petrol,93.79,890268.0
V02617,Heavy Truck,5,20000,Diesel,61.3,661640.0
V02618,Small Truck,0,500,Diesel,78.55,119996.0
V02619,Small Truck,6,5000,Diesel,97.59,60169.0
V02620,Motorbike,1,10000,Diesel,63.71,820506.0
V02621,Small Truck,8,2500,Hybrid,78.64,627670.0
V02622,Panel Van,3,100,Petrol,79.42,779880.0
V02623,Panel Van,10,1000,Diesel,77.01,15249.0
V02624,Small Truck,14,1000,Diesel,98.51,146446.0
V02625,Small Truck,3,10000,Petrol,96.67,731569.0
V02626,Refrigerated Truck,8,100,Petrol,78.37,763292.0
V02627,Panel Van,15,20000,Petrol,69.79,253907.0
V02628,Panel Van,4,1000,Diesel,97.28,889921.0
V02629,Heavy Truck,12,1000,Hybrid,91.3,142535.0
V02630,Motorbike,0,1000,Electric,81.8,278526.0
V02631,Medium Truck,10,100,Diesel,89.86,121670.0
V02632,Heavy Truck,0,5000,Diesel,89.77,514624.0
V02633,Medium Truck,1,10000,Petrol,71.51,394954.0
V02634,Small Truck,9,1000,Hybrid,74.87,545117.0
V02635,Panel Van,13,100,Electric,82.07,262885.0
V02636,Refrigerated Truck,11,10000,Diesel,58.8,477055.0
V02637,Heavy Truck,6,5000,Petrol,77.89,424563.0
V02638,Heavy Truck,6,1000,Electric,72.49,259047.0
V02639,Panel Van,7,5000,Diesel,84.06,761772.0
V02640,Small Truck,4,500,Hybrid,68.49,774847.0
V02641,Medium Truck,0,5000,Diesel,87.15,98949.0
V02642,Panel Van,12,2500,Diesel,84.67,268877.0
V02643,Refrigerated Truck,8,500,Diesel,80.78,238174.0
V02644,Refrigerated Truck,13,5000,Diesel,87.63,252751.0
V02645,Panel Van,9,500,Electric,89.11,106416.0
V02646,Panel Van,6,20000,Petrol,79.15,352070.0
V02647,Small Truck,0,100,Diesel,82.42,575192.0
V02648,Small Truck,11,10000,Electric,73.86,338771.0
V02649,Small Truck,9,1000,Diesel,73.72,562640.0
V02650,Medium Truck,13,2500,Diesel,100.0,
V02651,Small Truck,3,10000,Diesel,79.57,764398.0
V02652,Panel Van,6,20000,Diesel,,469845.0
V02653,Panel Van,3,2500,Diesel,81.07,657926.0
V02654,Small Truck,2,1000,Diesel,86.46,442838.0
V02655,Medium Truck,14,10000,Petrol,75.47,631013.0
V02656,Refrigerated Truck,5,20000,Diesel,76.63,510150.0
V02657,Panel Van,0,1000,Electric,93.24,148659.0
V02658,Heavy Truck,0,1000,Petrol,64.15,210191.0
V02659,Small Truck,5,10000,Petrol,84.24,738166.0
V02660,Heavy Truck,0,500,Petrol,72.15,309765.0
V02661,Panel Van,14,2500,Diesel,57.89,11540.0
V02662,Small Truck,13,1000,Diesel,81.03,473520.0
V02663,Small Truck,14,2500,Diesel,68.15,644864.0
V02664,Heavy Truck,13,5000,Diesel,66.0,768094.0
V02665,Panel Van,0,2500,Diesel,100.0,734039.0
V02666,Small Truck,10,2500,Diesel,88.5,848725.0
V02667,Medium Truck,13,1000,Diesel,88.8,207802.0
V02668,Medium Truck,13,100,Diesel,81.36,644566.0
V02669,Motorbike,7,10000,Diesel,67.67,284052.0
V02670,Panel Van,14,1000,Diesel,80.01,789204.0
V02671,Medium Truck,2,100,Diesel,77.74,221679.0
V02672,Small Truck,10,2500,Diesel,58.91,645191.0
V02673,Panel Van,4,10000,Diesel,100.0,738477.0
V02674,Panel Van,14,5000,Diesel,80.93,535669.0
V02675,Medium Truck,14,5000,Diesel,72.01,381681.0
V02676,Refrigerated Truck,14,20000,Diesel,83.48,421456.0
V02677,Heavy Truck,1,5000,Diesel,65.46,330299.0
V02678,Heavy Truck,4,20000,Diesel,70.75,108787.0
V02679,Medium Truck,6,20000,Diesel,100.0,454524.0
V02680,Small Truck,15,2500,Diesel,75.76,546902.0
V02681,Refrigerated Truck,10,100,Petrol,81.78,658829.0
V02682,Panel Van,15,2500,Diesel,83.24,57766.0
V02683,Heavy Truck,13,20000,Petrol,79.91,596135.0
V02684,Panel Van,4,5000,Petrol,75.54,263741.0
V02685,Medium Truck,3,500,diesel,100.0,638437.0
V02686,Refrigerated Truck,10,10000,Hybrid,73.11,449766.0
V02687,Heavy Truck,12,10000,Diesel,71.27,852969.0
V02688,Heavy Truck,3,10000,Hybrid,87.89,101995.0
V02689,Heavy Truck,10,500,Petrol,66.58,233344.0
V02690,Small Truck,6,10000,Petrol,94.25,649881.0
V02691,Small Truck,12,20000,Petrol,79.59,190171.0
V02692,Medium Truck,9,2500,Diesel,83.55,231040.0
V02693,Small Truck,11,5000,Hybrid,85.55,586630.0
V02694,Small Truck,0,20000,Diesel,77.93,463160.0
V02695,Panel Van,13,10000,Diesel,92.99,135719.0
V02696,Heavy Truck,10,5000,Petrol,89.8,297148.0
V02697,Heavy Truck,3,1000,Diesel,88.2,580900.0
V02698,Motorbike,7,500,Electric ,63.83,63878.0
V02699,Medium Truck,4,500,Diesel,77.82,860637.0
V02700,Heavy Truck,1,5000,Diesel,80.66,362680.0
V02701,Heavy Truck,7,10000,Diesel,100.0,415315.0
V02702,Small Truck,10,1000,Diesel,65.03,
V02703,Medium Truck,12,1000,Diesel,74.34,197162.0
V02704,Panel Van,15,500,Diesel,94.98,507806.0
V02705,Heavy Truck,10,1000,Diesel,70.73,895412.0
V02706,Heavy Truck,0,5000,Diesel,74.11,863320.0
V02707,Motorbike,6,100,Diesel,100.0,347719.0
V02708,Small Truck,7,5000,Petrol,86.39,892115.0
V02709,Panel Van,15,100,Petrol,92.3,106914.0
V02710,Small Truck,2,20000,Petrol,90.67,810226.0
V02711,Motorbike,14,10000,Diesel,83.41,377425.0
V02712,Heavy Truck,3,20000,Diesel,83.1,285482.0
V02713,Small Truck,10,1000,Hybrid,92.64,83456.0
V02714,Medium Truck,7,1000,Diesel,71.84,559335.0
V02715,Heavy Truck,15,2500,Diesel,100.0,79462.0
V02716,Medium Truck,4,500,Diesel,75.59,658233.0
V02717,Small Truck,7,10000,Petrol,94.28,47526.0
V02718,Heavy Truck,10,100,Electric,88.07,474353.0
V02719,Medium Truck,2,10000,Diesel,75.43,411520.0
V02720,Panel Van,4,20000,Petrol,87.8,889775.0
V02721,Motorbike,12,500,Hybrid,83.53,415811.0
V02722,Heavy Truck,12,1000,Diesel,60.81,287952.0
V02723,Panel Van,10,100,Petrol,80.96,661414.0
V02724,Panel Van,2,1000,Diesel,67.02,782128.0
V02725,Small Truck,3,500,Diesel,88.09,492018.0
V02726,Refrigerated Truck,14,5000,Diesel,80.3,683455.0
V02727,Medium Truck,14,10000,Petrol,92.53,774844.0
V02728,Heavy Truck,6,100,Electric,73.64,416314.0
V02729,Panel Van,8,500,Diesel,66.45,786241.0
V02730,Heavy Truck,0,5000,Petrol,69.09,721309.0
V02731,Small Truck,10,2500,Hybrid,100.0,157973.0
V02732,Refrigerated Truck,1,20000,Diesel,100.0,391396.0
V02733,Medium Truck,1,10000,Diesel,100.0,41935.0
V02734,Medium Truck,8,10000,Diesel,63.52,691657.0
V02735,Heavy Truck,13,20000,Diesel,65.48,637164.0
V02736,Refrigerated Truck,14,1000,Diesel,69.22,40336.0
V02737,Motorbike,6,5000,Diesel,91.29,13933.0
V02738,Panel Van,8,100,Diesel,100.0,548149.0
V02739,Medium Truck,8,100,Diesel,92.86,357518.0
V02740,Motorbike,7,500,Petrol,84.28,44430.0
V02741,Small Truck,11,1000,Diesel,70.91,53331.0
V02742,Panel Van,12,500,Petrol,78.57,780043.0
V02743,Medium Truck,7,5000,Diesel,83.06,415693.0
V02744,Medium Truck,3,1000,Diesel,92.59,682832.0
V02745,Panel Van,13,5000,Petrol,76.01,407464.0
V02746,Medium Truck,10,100,Diesel,86.81,828600.0
V02747,Small Truck,6,1000,Diesel,85.3,761945.0
V02748,Refrigerated Truck,3,5000,Petrol,83.2,815028.0
V02749,Motorbike,6,20000,Diesel,77.25,582811.0
V02750,Heavy Truck,13,1000,Diesel,83.45,18022.0
V02751,Refrigerated Truck,5,2500,Diesel,80.85,365242.0
V02752,Medium Truck,14,2500,Petrol,72.62,92686.0
V02753,Medium Truck,3,100,Diesel,92.61,460869.0
V02754,Panel Van,3,500,Diesel,100.0,435676.0
V02755,Small Truck,1,1000,Petrol,84.04,496472.0
V02756,Panel Van,2,2500,Diesel,81.45,845094.0
V02757,Medium Truck,4,500,Diesel,91.11,207410.0
V02758,Refrigerated Truck,11,5000,Petrol,84.22,784740.0
V02759,Motorbike,8,2500,Petrol,95.68,698981.0
V02760,Small Truck,10,100,Diesel,83.28,404438.0
V02761,Heavy Truck,1,1000,Petrol,89.03,423146.0
V02762,Small Truck,9,2500,Petrol,100.0,356109.0
V02763,Medium Truck,10,500,Hybrid,97.21,575870.0
V02764,Small Truck,8,5000,Petrol,80.12,698135.0
V02765,Medium Truck,10,10000,Diesel,94.98,33503.0
V02766,Motorbike,2,5000,Diesel,69.19,892775.0
V02767,Medium Truck,7,5000,Diesel,79.59,104237.0
V02768,Medium Truck,11,20000,Diesel,92.0,145348.0
V02769,Panel Van,2,2500,Diesel,100.0,532649.0
V02770,Medium Truck,2,10000,Petrol,72.98,99132.0
V02771,Small Truck,11,1000,Diesel,81.67,671090.0
V02772,Medium Truck,8,10000,Hybrid,82.04,200508.0
V02773,Medium Truck,3,5000,Diesel,80.89,292114.0
V02774,Small Truck,5,20000,Diesel,67.41,534835.0
V02775,Heavy Truck,14,100,Diesel,88.01,851427.0
V02776,Small Truck,5,20000,Diesel,66.69,182840.0
V02777,Small Truck,5,500,Diesel,95.65,765126.0
V02778,Small Truck,13,10000,Diesel,98.2,592349.0
V02779,Small Truck,3,1000,Diesel,74.34,474418.0
V02780,Heavy Truck,7,5000,Diesel,66.77,792437.0
V02781,Medium Truck,4,1000,Diesel,81.61,577710.0
V02782,Motorbike,7,10000,Diesel,75.76,729434.0
V02783,Small Truck,4,10000,Diesel,79.48,535884.0
V02784,Panel Van,14,1000,Petrol,83.1,430384.0
V02785,Heavy Truck,2,100,Diesel,70.84,278564.0
V02786,Refrigerated Truck,8,20000,Petrol,100.0,243738.0
V02787,Medium Truck,10,20000,Diesel,74.31,61042.0
V02788,Small Truck,12,500,Petrol,93.23,261667.0
V02789,Motorbike,1,1000,Petrol,71.32,725089.0
V02790,Small Truck,13,500,Petrol,82.74,272286.0
V02791,Medium Truck,3,500,Petrol,87.4,417198.0
V02792,Heavy Truck,11,500,Diesel,83.63,347674.0
V02793,Medium Truck,0,10000,Diesel,78.95,758461.0
V02794,Refrigerated Truck,2,10000,Electric,76.08,523046.0
V02795,Small Truck,8,5000,Diesel,77.12,340210.0
V02796,Motorbike,1,2500,Diesel,73.9,838357.0
V02797,Medium Truck,7,20000,Diesel,86.0,17784.0
V02798,Panel Van,6,10000,Diesel,100.0,124020.0
V02799,Panel Van,7,100,Diesel,86.31,118590.0
V02800,Motorbike,1,2500,Diesel,89.15,91815.0
V02801,Medium Truck,11,500,Diesel,94.99,145721.0
V02802,Panel Van,4,1000,Diesel,76.59,619125.0
V02803,Refrigerated Truck,11,1000,Diesel,60.35,659223.0
V02804,Heavy Truck,3,20000,Petrol,82.04,76861.0
V02805,Heavy Truck,3,10000,Diesel,92.26,33701.0
V02806,Small Truck,0,2500,Electric,100.0,813869.0
V02807,Motorbike,13,10000,Diesel,70.24,738294.0
V02808,Medium Truck,6,5000,Diesel,95.2,711879.0
V02809,Motorbike,2,2500,Diesel,85.13,623155.0
V02810,Small Truck,3,20000,Diesel,77.33,378705.0
V02811,Motorbike,2,5000,Diesel,69.45,294388.0
V02812,Medium Truck,1,500,Diesel,74.99,301858.0
V02813,Medium Truck,1,1000,Electric,88.88,472162.0
V02814,Medium Truck,11,1000,Diesel,96.67,47536.0
V02815,Medium Truck,9,10000,Diesel,49.31,839294.0
V02816,Panel Van,14,500,Diesel,88.15,877150.0
V02817,Panel Van,15,2500,Petrol,75.12,67419.0
V02818,Small Truck,9,2500,Petrol,76.24,474361.0
V02819,Medium Truck,8,20000,Electric,87.0,330199.0
V02820,Panel Van,14,10000,Diesel,100.0,340673.0
V02821,Heavy Truck,15,500,Petrol,73.39,354946.0
V02822,Panel Van,2,100,Hybrid,80.85,472533.0
V02823,Panel Van,9,100,Electric,63.09,867033.0
V02824,Medium Truck,12,100,Diesel,87.26,661750.0
V02825,Panel Van,13,1000,Diesel,73.72,877828.0
V02826,Small Truck,6,10000,Diesel,100.0,248906.0
V02827,Motorbike,10,5000,Diesel,86.32,758013.0
V02828,Small Truck,7,5000,Petrol,78.6,373829.0
V02829,Small Truck,10,2500,Petrol,78.68,346887.0
V02830,Panel Van,10,1000,Petrol,86.38,52261.0
V02831,Small Truck,9,10000,Diesel,90.29,801011.0
V02832,Heavy Truck,12,1000,Diesel,67.97,108621.0
V02833,Heavy Truck,1,5000, Electric,80.22,438238.0
V02834,Small Truck,0,500,Diesel,81.97,875207.0
V02835,Refrigerated Truck,13,1000,Hybrid,84.54,581431.0
V02836,Panel Van,6,100,Diesel,97.67,114169.0
V02837,Heavy Truck,6,5000,Diesel,64.89,835470.0
V02838,Refrigerated Truck,12,2500,Diesel,93.47,541594.0
V02839,Medium Truck,8,1000,Hybrid,86.37,227028.0
V02840,Motorbike,8,5000,Diesel,76.03,239026.0
V02841,Refrigerated Truck,14,100,Diesel,91.68,775397.0
V02842,Small Truck,5,20000,Diesel,77.4,534539.0
V02843,Panel Van,4,100,Diesel,60.25,362325.0
V02844,Heavy Truck,0,2500,Petrol,40.79,270608.0
V02845,Small Truck,15,500,Diesel,67.4,784757.0
V02846,Small Truck,0,500,Diesel,75.47,320820.0
V02847,Medium Truck,6,500,Diesel,84.06,495836.0
V02848,Heavy Truck,6,1000,Petrol,89.17,74361.0
V02849,Medium Truck,14,5000,Diesel,78.9,226338.0
V02850,Heavy Truck,7,10000,Petrol,65.08,710609.0
V02851,Panel Van,0,20000,Petrol,77.43,690143.0
V02852,Medium Truck,3,5000,Diesel,79.38,885928.0
V02853,Medium Truck,8,2500,Petrol,100.0,108060.0
V02854,Small Truck,12,10000,Diesel,88.68,469114.0
V02855,Panel Van,0,10000,Diesel,62.12,133314.0
V02856,Motorbike,11,1000,Diesel,78.22,673065.0
V02857,Panel Van,2,1000,Petrol,90.36,137609.0
V02858,Medium Truck,3,100,Petrol,82.25,113557.0
V02859,Panel Van,2,100,Diesel,62.51,757099.0
V02860,Heavy Truck,3,20000,Petrol,91.82,118924.0
V02861,Heavy Truck,9,20000,Petrol,86.36,784770.0
V02862,Medium Truck,13,1000,Diesel,80.12,673862.0
V02863,Heavy Truck,1,20000,Petrol,72.32,517482.0
V02864,Medium Truck,14,100,Diesel,94.16,134575.0
V02865,Refrigerated Truck,3,20000,Petrol,60.23,255039.0
V02866,Heavy Truck,15,5000,Petrol,63.35,187050.0
V02867,Small Truck,12,2500,Diesel,73.18,357816.0
V02868,Heavy Truck,10,10000,Diesel,85.63,185501.0
V02869,Medium Truck,7,500,Petrol,65.63,169325.0
V02870,Heavy Truck,14,2500,Petrol,75.46,300141.0
V02871,Small Truck,7,500,Diesel,77.9,8413.0
V02872,Medium Truck,2,5000,Diesel,86.12,817461.0
V02873,Heavy Truck,5,1000,Diesel,78.68,756473.0
V02874,Refrigerated Truck,2,1000,Diesel,78.72,245932.0
V02875,Small Truck,4,10000,Electric,73.53,179194.0
V02876,Small Truck,0,10000,Diesel,95.07,787160.0
V02877,Small Truck,7,20000,Diesel,89.92,75789.0
V02878,Medium Truck,8,10000,Electric,89.49,689466.0
V02879,Motorbike,8,500,Diesel,72.66,122967.0
V02880,Refrigerated Truck,3,10000,Diesel,,72761.0
V02881,Medium Truck,4,5000,Diesel,87.72,833824.0
V02882,Panel Van,9,100,Petrol,74.95,496485.0
V02883,Motorbike,5,500,petrol,70.88,330090.0
V02884,Medium Truck,0,2500,Electric,85.46,45485.0
V02885,Medium Truck,11,1000,Diesel,66.31,585038.0
V02886,Medium Truck,8,10000,Diesel,79.49,511025.0
V02887,Medium Truck,3,10000,Diesel,92.71,33001.0
V02888,Medium Truck,14,500,Petrol,83.74,642902.0
V02889,Small Truck,4,100,Petrol,69.43,478558.0
V02890,Panel Van,11,500,Diesel,87.67,772634.0
V02891,Panel Van,0,20000,Diesel,74.79,673269.0
V02892,Small Truck,5,20000,Diesel,92.15,
V02893,Heavy Truck,3,2500,Diesel,88.11,63699.0
V02894,Panel Van,1,10000,Electric,77.83,192151.0
V02895,Medium Truck,6,2500,Petrol,73.0,272540.0
V02896,Motorbike,3,20000,Diesel,71.81,853591.0
V02897,Motorbike,4,500,Petrol,100.0,293206.0
V02898,Panel Van,8,2500,Electric,54.5,473361.0
V02899,Small Truck,13,500,Diesel,60.88,799121.0
V02900,Panel Van,4,100,Diesel,95.23,33973.0
V02901,Heavy Truck,2,500,Hybrid,92.64,600318.0
V02902,Small Truck,12,100,Diesel,86.32,799598.0
V02903,Small Truck,6,20000,Diesel,58.1,779499.0
V02904,Refrigerated Truck,14,5000,Petrol,88.47,459479.0
V02905,Panel Van,11,2500,Diesel,70.24,341110.0
V02906,Medium Truck,2,10000,Diesel,80.81,170180.0
V02907,Heavy Truck,12,2500,Electric,86.88,534061.0
V02908,Panel Van,0,1000,Petrol,88.08,810126.0
V02909,Motorbike,7,2500,Diesel,74.19,468379.0
V02910,Heavy Truck,1,1000,Petrol,97.42,596059.0
V02911,Small Truck,12,1000,Diesel,91.75,252112.0
V02912,Small Truck,12,10000,Diesel,70.48,668280.0
V02913,Small Truck,15,20000,Petrol,76.24,383065.0
V02914,Motorbike,0,500,Diesel,72.9,327469.0
V02915,Heavy Truck,13,10000,Diesel,81.25,224252.0
V02916,Heavy Truck,11,100,Petrol,89.55,593048.0
V02917,Heavy Truck,13,10000,Diesel,59.79,19495.0
V02918,Panel Van,6,20000,Petrol,58.19,836136.0
V02919,Refrigerated Truck,10,10000,Hybrid,72.02,871511.0
V02920,Medium Truck,6,2500,Diesel,98.23,860337.0
V02921,Medium Truck,10,20000,Electric,84.85,862477.0
V02922,Heavy Truck,11,10000,Petrol,100.0,757353.0
V02923,Heavy Truck,4,10000,Diesel,80.13,742671.0
V02924,Small Truck,5,20000,Diesel,71.9,383329.0
V02925,Medium Truck,15,2500,Diesel,61.88,161238.0
V02926,Medium Truck,12,10000,Diesel,72.05,10075.0
V02927,Motorbike,0,20000,Diesel,74.56,23047.0
V02928,Motorbike,1,2500,Petrol,52.9,635298.0
V02929,Small Truck,12,10000,Diesel,71.91,180378.0
V02930,Medium Truck,11,5000,Diesel,71.8,143900.0
V02931,Medium Truck,3,20000,Diesel,82.26,
V02932,Heavy Truck,14,5000,Diesel,81.49,143005.0
V02933,Medium Truck,0,10000,Diesel,85.84,142108.0
V02934,Small Truck,2,20000,Diesel,62.53,429914.0
V02935,Medium Truck,8,100,Diesel,68.38,213999.0
V02936,Panel Van,8,100,Petrol,93.11,71370.0
V02937,Heavy Truck,3,1000,Diesel,78.89,623674.0
V02938,Small Truck,10,5000,Petrol,92.16,467646.0
V02939,Heavy Truck,13,2500,Petrol,80.31,432302.0
V02940,Panel Van,2,20000,Diesel,84.25,219656.0
V02941,Medium Truck,12,100,Diesel,88.34,
V02942,Small Truck,8,1000,Petrol,75.32,510077.0
V02943,Panel Van,14,500,Diesel,73.99,508940.0
V02944,Medium Truck,4,5000,Petrol,73.84,839363.0
V02945,Panel Van,10,500,Petrol,81.06,517365.0
V02946,Small Truck,12,500,Diesel,88.89,833302.0
V02947,Small Truck,5,5000,Petrol,77.12,786095.0
V02948,Small Truck,9,100,Diesel,95.86,99674.0
V02949,Small Truck,11,20000,Petrol,100.0,199890.0
V02950,Small Truck,6,100,Diesel,71.46,619303.0
V02951,Motorbike,10,1000,Petrol,96.26,129594.0
V02952,Small Truck,11,2500,Petrol,81.79,655517.0
V02953,Small Truck,3,100,Diesel,86.57,367382.0
V02954,Medium Truck,11,100,Diesel,80.39,281260.0
V02955,Small Truck,9,20000,Petrol,96.63,483482.0
V02956,Panel Van,3,5000,Petrol,86.17,268514.0
V02957,Medium Truck,13,100,Diesel,77.83,443934.0
V02958,Motorbike,0,1000,Diesel,76.99,686730.0
V02959,Small Truck,9,1000,Diesel,67.58,488166.0
V02960,Medium Truck,3,100,Petrol,75.14,885638.0
V02961,Medium Truck,11,2500,Petrol,96.64,440131.0
V02962,Panel Van,14,500,Diesel,95.0,734158.0
V02963,Small Truck,10,5000,Diesel,74.32,468495.0
V02964,Small Truck,6,10000,Diesel,68.82,757614.0
V02965,Small Truck,10,1000,Petrol,93.42,839068.0
V02966,Medium Truck,3,1000,Diesel,87.15,792112.0
V02967,Heavy Truck,1,5000,Diesel,58.29,49644.0
V02968,Motorbike,5,10000,Diesel,100.0,140055.0
V02969,Heavy Truck,9,1000,Diesel,82.14,847778.0
V02970,Heavy Truck,6,10000,Petrol,100.0,
V02971,Heavy Truck,1,1000,Diesel,84.09,530555.0
V02972,Motorbike,7,10000,Diesel,69.51,
V02973,Heavy Truck,13,1000,Diesel,84.33,47809.0
V02974,Panel Van,7,5000,Petrol,64.39,461434.0
V02975,Small Truck,7,20000,Diesel,80.49,52844.0
V02976,Small Truck,4,10000,Petrol,68.94,568071.0
V02977,Small Truck,7,1000,Diesel,79.55,516508.0
V02978,Small Truck,4,2500,Diesel,84.98,579787.0
V02979,Panel Van,15,500,Diesel,85.55,621723.0
V02980,Medium Truck,12,2500,Diesel,64.48,899949.0
V02981,Medium Truck,11,5000,Diesel,74.26,470651.0
V02982,Medium Truck,10,100,Diesel,58.3,732064.0
V02983,Medium Truck,5,1000,Petrol,89.45,406733.0
V02984,Panel Van,10,20000,Petrol,84.43,672889.0
V02985,Medium Truck,15,20000,Diesel,67.9,252964.0
V02986,Medium Truck,3,10000,Diesel,98.87,392563.0
V02987,Motorbike,13,10000,Hybrid,87.6,547892.0
V02988,Refrigerated Truck,15,5000,Diesel,80.74,872815.0
V02989,Medium Truck,0,2500,Petrol,76.32,808342.0
V02990,Medium Truck,1,5000,Petrol,74.35,245268.0
V02991,Medium Truck,7,500,Diesel,72.53,383059.0
V02992,Medium Truck,10,5000,Diesel,96.09,74754.0
V02993,Medium Truck,8,2500,Diesel,85.29,627644.0
V02994,Heavy Truck,11,100,Diesel,69.41,67192.0
V02995,Panel Van,13,500,Diesel,97.56,20547.0
V02996,Panel Van,4,1000,Diesel,80.92,668094.0
V02997,Panel Van,8,5000,Petrol,70.97,407690.0
V02998,Refrigerated Truck,1,1000,Diesel,100.0,169198.0
V02999,Small Truck,1,500,Diesel,68.86,686739.0
V03000,Small Truck,11,10000,Diesel,72.1,700616.0
