,vehicle_id,vehicle_type,vehicle_age_years,capacity_kg,fuel_type,maintenance_score,current_mileage_km
0,V000001,Medium Truck,1,8000,Diesel,85.06,193997.0
1,V000002,Medium Truck,5,8000,Diesel,83.39,72050.0
2,V000003,Medium Truck,5,8000,Diesel,68.78,1000.0
3,V000004,Motorbike,11,50,Petrol,66.61,206076.0
4,V000005,Van,4,1000,Petrol,89.17,119600.0
5,V000006,Medium Truck,0,8000,Diesel,85.75,163284.0
6,V000007,Light Truck,7,3500,Diesel,100.0,154709.0
7,V000008,Motorbike,6,50,Petrol,88.26,23537.0
8,V000009,Medium Truck,14,8000,Diesel,79.01,337431.0
9,V000010,Van,5,1000,Petrol,90.64,172167.0
10,V000011,Van,9,1000,Petrol,87.86,142955.0
11,V000012,Medium Truck,0,8000,Diesel,81.71,109637.0
12,V000013,Medium Truck,0,8000,Diesel,83.8,193079.0
13,V000014,Medium Truck,10,8000,Diesel,90.46,255755.0
14,V000015,Light Truck,6,3500,Diesel,66.68,180857.0
15,V000016,Van,10,1000,Petrol,82.02,129944.0
16,V000017,Heavy Truck,5,20000,Diesel,93.99,403544.0
17,V000018,Van,9,1000,Petrol,70.5,36608.0
18,V000019,Medium Truck,12,8000,Diesel,71.4,228852.0
19,V000020,Medium Truck,10,8000,Diesel,59.16,22754.0
20,V000021,Medium Truck,13,8000,Diesel,79.6,44874.0
21,V000022,Van,8,1000,Petrol,92.95,130925.0
22,V000023,Motorbike,6,50,Petrol,88.1,109511.0
23,V000024,Van,0,1000,Petrol,78.59,115928.0
24,V000025,Light Truck,0,3500,Diesel,93.39,212408.0
25,V000026,Van,1,1000,Petrol,98.29,103288.0
26,V000027,Light Truck,1,3500,Diesel,72.91,400335.0
27,V000028,Van,11,1000,Petrol,71.78,251917.0
28,V000029,Light Truck,0,3500,Diesel,100.0,189838.0
29,V000030,Light Truck,9,3500,Diesel,66.48,322276.0
30,V000031,Light Truck,3,3500,Diesel,95.34,87500.0
31,V000032,Van,2,1000,Petrol,94.22,95211.0
32,V000033,Light Truck,7,3500,Diesel,87.52,83627.0
33,V000034,Motorbike,1,50,Petrol,77.88,239615.0
34,V000035,Light Truck,4,3500,Diesel,80.09,318654.0
35,V000036,Van,0,1000,Petrol,79.93,144224.0
36,V000037,Heavy Truck,1,20000,Diesel,91.48,198576.0
37,V000038,Van,9,1000,Petrol,86.42,223156.0
38,V000039,Motorbike,3,50,Petrol,86.77,140089.0
39,V000040,Light Truck,8,3500,Diesel,79.37,152090.0
40,V000041,Light Truck,4,3500,Diesel,66.36,102582.0
41,V000042,Heavy Truck,9,20000,Diesel,89.95,186460.0
42,V000043,Light Truck,5,3500,Diesel,76.62,133681.0
43,V000044,Motorbike,14,50,Petrol,97.97,173558.0
44,V000045,Medium Truck,5,8000,Diesel,77.97,171937.0
45,V000046,Medium Truck,13,8000,Diesel,74.39,172949.0
46,V000047,Light Truck,3,3500,Diesel,81.17,148189.0
47,V000048,Medium Truck,5,8000,Diesel,72.87,99785.0
48,V000049,Light Truck,6,3500,Diesel,100.0,206961.0
49,V000050,Van,9,1000,Petrol,100.0,138084.0
50,V000051,Medium Truck,11,8000,Diesel,80.97,233773.0
51,V000052,Medium Truck,6,8000,Diesel,81.57,161345.0
52,V000053,Light Truck,4,3500,Diesel,73.21,173017.0
53,V000054,Light Truck,4,3500,Diesel,72.89,270545.0
54,V000055,Heavy Truck,8,20000,Diesel,63.62,224533.0
55,V000056,Light Truck,4,3500,Diesel,78.55,213582.0
56,V000057,Medium Truck,6,8000,Diesel,47.21,138811.0
57,V000058,Light Truck,11,3500,Diesel,74.28,414012.0
58,V000059,Van,5,1000,Petrol,54.72,110932.0
59,V000060,Heavy Truck,1,20000,Diesel,70.31,227631.0
60,V000061,Medium Truck,11,8000,Diesel,65.0,97405.0
61,V000062,Light Truck,14,3500,Diesel,79.04,1000.0
62,V000063,Van,0,1000,Petrol,98.02,124253.0
63,V000064,Heavy Truck,6,20000,Diesel,84.56,304829.0
64,V000065,Light Truck,5,3500,Diesel,80.31,159038.0
65,V000066,Van,2,1000,Petrol,83.77,318904.0
66,V000067,Medium Truck,8,8000,Diesel,76.19,347203.0
67,V000068,Medium Truck,13,8000,Diesel,77.97,56026.0
68,V000069,Van,2,1000,Petrol,81.39,214911.0
69,V000070,Van,8,1000,Petrol,92.87,345812.0
70,V000071,Medium Truck,13,8000,Diesel,70.78,244649.0
71,V000072,Medium Truck,11,8000,Diesel,84.57,251008.0
72,V000073,Heavy Truck,4,20000,Diesel,79.32,137244.0
73,V000074,Medium Truck,2,8000,Diesel,76.69,188648.0
74,V000075,Van,8,1000,Petrol,79.92,143893.0
75,V000076,Van,4,1000,Petrol,63.48,268222.0
76,V000077,Van,4,1000,Petrol,75.07,188111.0
77,V000078,Medium Truck,4,8000,Diesel,92.16,184972.0
78,V000079,Medium Truck,4,8000,Diesel,93.06,108931.0
79,V000080,Van,0,1000,Petrol,85.88,105718.0
80,V000081,Light Truck,14,3500,Diesel,82.96,107551.0
81,V000082,Medium Truck,10,8000,Diesel,65.19,225963.0
82,V000083,Motorbike,11,50,Petrol,78.69,249755.0
83,V000084,Light Truck,0,3500,Diesel,76.69,118474.0
84,V000085,Medium Truck,4,8000,Diesel,71.47,193212.0
85,V000086,Light Truck,11,3500,Diesel,90.03,127477.0
86,V000087,Medium Truck,9,8000,Diesel,78.02,166021.0
87,V000088,Heavy Truck,9,20000,Diesel,84.64,277522.0
88,V000089,Light Truck,7,3500,Diesel,84.02,37880.0
89,V000090,Medium Truck,8,8000,Diesel,100.0,204006.0
90,V000091,Van,12,1000,Petrol,100.0,175433.0
91,V000092,Van,7,1000,Petrol,88.33,173040.0
92,V000093,Light Truck,7,3500,Diesel,83.88,145058.0
93,V000094,Van,9,1000,Petrol,81.15,98742.0
94,V000095,Heavy Truck,13,20000,Diesel,97.57,206845.0
95,V000096,Light Truck,11,3500,Diesel,85.53,76240.0
96,V000097,Medium Truck,13,8000,Diesel,66.28,67231.0
97,V000098,Medium Truck,6,8000,Diesel,84.95,132456.0
98,V000099,Light Truck,0,3500,Diesel,75.83,195813.0
99,V000100,Motorbike,11,50,Petrol,80.89,198274.0
100,V000101,Light Truck,12,3500,Diesel,75.25,73702.0
101,V000102,Van,12,1000,Petrol,87.99,317337.0
102,V000103,Light Truck,2,3500,Diesel,80.12,307325.0
103,V000104,Light Truck,13,3500,Diesel,94.02,304662.0
104,V000105,Van,10,1000,Petrol,96.11,165184.0
105,V000106,Medium Truck,10,8000,Diesel,83.9,325697.0
106,V000107,Medium Truck,3,8000,Diesel,77.22,300426.0
107,V000108,Heavy Truck,12,20000,Diesel,96.93,155373.0
108,V000109,Medium Truck,2,8000,Diesel,88.38,320786.0
109,V000110,Medium Truck,14,8000,Diesel,100.0,72396.0
110,V000111,Medium Truck,0,8000,Diesel,79.57,59982.0
111,V000112,Light Truck,6,3500,Diesel,90.03,297258.0
112,V000113,Heavy Truck,4,20000,Diesel,86.07,110159.0
113,V000114,Medium Truck,5,8000,Diesel,87.72,233578.0
114,V000115,Light Truck,6,3500,Diesel,77.97,64895.0
115,V000116,Medium Truck,12,8000,Diesel,76.24,152734.0
116,V000117,Heavy Truck,5,20000,Diesel,75.71,133276.0
117,V000118,Light Truck,12,3500,Diesel,78.97,86743.0
118,V000119,Heavy Truck,1,20000,Diesel,84.21,155013.0
119,V000120,Van,1,1000,Petrol,90.8,146872.0
120,V000121,Medium Truck,8,8000,Diesel,83.54,264272.0
121,V000122,Light Truck,6,3500,Diesel,97.36,22241.0
122,V000123,Medium Truck,4,8000,Diesel,94.41,235033.0
123,V000124,Van,12,1000,Petrol,69.22,23316.0
124,V000125,Van,4,1000,Petrol,81.14,92750.0
125,V000126,Medium Truck,5,8000,Diesel,77.63,292505.0
126,V000127,Van,7,1000,Petrol,94.0,42442.0
127,V000128,Van,9,1000,Petrol,66.26,301026.0
128,V000129,Motorbike,10,50,Petrol,76.49,109067.0
129,V000130,Van,6,1000,Petrol,98.36,238925.0
130,V000131,Medium Truck,9,8000,Diesel,100.0,173126.0
131,V000132,Medium Truck,14,8000,Diesel,58.07,195930.0
132,V000133,Light Truck,14,3500,Diesel,79.94,324713.0
133,V000134,Light Truck,3,3500,Diesel,71.91,166498.0
134,V000135,Light Truck,4,3500,Diesel,94.76,90100.0
135,V000136,Van,10,1000,Petrol,100.0,320567.0
136,V000137,Van,10,1000,Petrol,93.95,41945.0
137,V000138,Van,3,1000,Petrol,100.0,274457.0
138,V000139,Motorbike,14,50,Petrol,68.62,124503.0
139,V000140,Heavy Truck,1,20000,Diesel,63.92,99411.0
140,V000141,Medium Truck,12,8000,Diesel,74.3,50762.0
141,V000142,Van,11,1000,Petrol,89.1,175385.0
142,V000143,Van,2,1000,Petrol,86.92,111670.0
143,V000144,Medium Truck,9,8000,Diesel,77.1,188163.0
144,V000145,Van,11,1000,Petrol,79.35,36979.0
145,V000146,Heavy Truck,5,20000,Diesel,96.75,255054.0
146,V000147,Van,7,1000,Petrol,67.2,162447.0
147,V000148,Van,7,1000,Petrol,91.58,259732.0
148,V000149,Medium Truck,1,8000,Diesel,76.19,282109.0
149,V000150,Medium Truck,2,8000,Diesel,86.36,221434.0
150,V000151,Medium Truck,1,8000,Diesel,90.51,153846.0
151,V000152,Light Truck,6,3500,Diesel,100.0,176838.0
152,V000153,Light Truck,11,3500,Diesel,92.26,147657.0
153,V000154,Van,6,1000,Petrol,71.94,125274.0
154,V000155,Van,8,1000,Petrol,71.46,226682.0
155,V000156,Van,4,1000,Petrol,79.27,93520.0
156,V000157,Medium Truck,6,8000,Diesel,92.17,137341.0
157,V000158,Heavy Truck,10,20000,Diesel,81.76,157000.0
158,V000159,Motorbike,13,50,Petrol,67.96,267691.0
159,V000160,Medium Truck,13,8000,Diesel,75.3,170902.0
160,V000161,Heavy Truck,7,20000,Diesel,84.81,235551.0
161,V000162,Van,10,1000,Petrol,86.53,232988.0
162,V000163,Light Truck,4,3500,Diesel,79.57,36908.0
163,V000164,Medium Truck,4,8000,Diesel,47.02,263186.0
164,V000165,Motorbike,8,50,Petrol,82.22,205870.0
165,V000166,Light Truck,14,3500,Diesel,83.47,175092.0
166,V000167,Medium Truck,10,8000,Diesel,78.61,117304.0
167,V000168,Light Truck,1,3500,Diesel,73.48,184019.0
168,V000169,Heavy Truck,0,20000,Diesel,84.62,241028.0
169,V000170,Van,2,1000,Petrol,85.9,381192.0
170,V000171,Motorbike,2,50,Petrol,100.0,253769.0
171,V000172,Van,5,1000,Petrol,77.75,238045.0
172,V000173,Van,0,1000,Petrol,79.03,81417.0
173,V000174,Light Truck,7,3500,Diesel,75.66,51642.0
174,V000175,Light Truck,9,3500,Diesel,83.07,107555.0
175,V000176,Heavy Truck,9,20000,Diesel,62.19,129685.0
176,V000177,Van,13,1000,Petrol,92.02,235734.0
177,V000178,Medium Truck,1,8000,Diesel,81.83,67715.0
178,V000179,Heavy Truck,13,20000,Diesel,99.89,53283.0
179,V000180,Heavy Truck,4,20000,Diesel,71.25,129597.0
180,V000181,Motorbike,7,50,Petrol,89.99,243967.0
181,V000182,Medium Truck,7,8000,Diesel,80.66,131201.0
182,V000183,Van,9,1000,Petrol,83.38,273338.0
183,V000184,Van,2,1000,Petrol,56.65,267542.0
184,V000185,Light Truck,11,3500,Diesel,87.2,210388.0
185,V000186,Medium Truck,10,8000,Diesel,97.36,171157.0
186,V000187,Van,10,1000,Petrol,67.1,206420.0
187,V000188,Light Truck,14,3500,Diesel,69.89,166329.0
188,V000189,Light Truck,6,3500,Diesel,77.58,121500.0
189,V000190,Medium Truck,2,8000,Diesel,72.39,131576.0
190,V000191,Motorbike,3,50,Petrol,67.78,126748.0
191,V000192,Heavy Truck,12,20000,Diesel,80.55,332938.0
192,V000193,Light Truck,14,3500,Diesel,74.69,236205.0
193,V000194,Medium Truck,7,8000,Diesel,76.79,186564.0
194,V000195,Van,0,1000,Petrol,94.8,63898.0
195,V000196,Van,0,1000,Petrol,83.79,197126.0
196,V000197,Medium Truck,5,8000,Diesel,77.75,220061.0
197,V000198,Medium Truck,6,8000,Diesel,88.05,109862.0
198,V000199,Medium Truck,4,8000,Diesel,94.72,19604.0
199,V000200,Van,6,1000,Petrol,99.67,99963.0
200,V000201,Light Truck,4,3500,Diesel,72.62,21229.0
201,V000202,Light Truck,6,3500,Diesel,83.75,222840.0
202,V000203,Medium Truck,4,8000,Diesel,67.18,109814.0
203,V000204,Light Truck,6,3500,Diesel,63.89,196677.0
204,V000205,Motorbike,13,50,Petrol,74.83,171383.0
205,V000206,Medium Truck,6,8000,Diesel,76.6,222123.0
206,V000207,Light Truck,2,3500,Diesel,88.15,183400.0
207,V000208,Heavy Truck,3,20000,Diesel,76.79,200557.0
208,V000209,Light Truck,12,3500,Diesel,100.0,187608.0
209,V000210,Van,8,1000,Petrol,81.59,227932.0
210,V000211,Medium Truck,12,8000,Diesel,87.12,1000.0
211,V000212,Light Truck,1,3500,Diesel,87.8,114141.0
212,V000213,Medium Truck,14,8000,Diesel,92.24,290889.0
213,V000214,Light Truck,2,3500,Diesel,68.46,248458.0
214,V000215,Light Truck,10,3500,Diesel,80.77,7996.0
215,V000216,Heavy Truck,8,20000,Diesel,95.48,155812.0
216,V000217,Motorbike,2,50,Petrol,89.09,87741.0
217,V000218,Heavy Truck,13,20000,Diesel,87.36,194191.0
218,V000219,Light Truck,12,3500,Diesel,75.13,266834.0
219,V000220,Light Truck,8,3500,Diesel,76.41,101468.0
220,V000221,Light Truck,9,3500,Diesel,83.57,300592.0
221,V000222,Light Truck,6,3500,Diesel,80.74,119282.0
222,V000223,Light Truck,8,3500,Diesel,66.08,168371.0
223,V000224,Medium Truck,13,8000,Diesel,87.29,114720.0
224,V000225,Heavy Truck,13,20000,Diesel,87.83,252831.0
225,V000226,Van,9,1000,Petrol,100.0,174989.0
226,V000227,Van,2,1000,Petrol,76.05,268858.0
227,V000228,Light Truck,13,3500,Diesel,82.06,72734.0
228,V000229,Van,5,1000,Petrol,56.97,118820.0
229,V000230,Van,7,1000,Petrol,77.79,200405.0
230,V000231,Medium Truck,4,8000,Diesel,68.63,226735.0
231,V000232,Heavy Truck,3,20000,Diesel,75.2,289682.0
232,V000233,Medium Truck,3,8000,Diesel,80.31,167056.0
233,V000234,Motorbike,2,50,Petrol,86.24,193592.0
234,V000235,Van,12,1000,Petrol,92.16,216832.0
235,V000236,Heavy Truck,10,20000,Diesel,96.09,77649.0
236,V000237,Medium Truck,1,8000,Diesel,95.79,147932.0
237,V000238,Medium Truck,5,8000,Diesel,91.05,146919.0
238,V000239,Van,2,1000,Petrol,96.61,130230.0
239,V000240,Van,1,1000,Petrol,100.0,167737.0
240,V000241,Medium Truck,2,8000,Diesel,67.45,258723.0
241,V000242,Light Truck,6,3500,Diesel,99.49,217575.0
242,V000243,Van,10,1000,Petrol,67.15,194901.0
243,V000244,Light Truck,8,3500,Diesel,100.0,303966.0
244,V000245,Medium Truck,9,8000,Diesel,94.23,158491.0
245,V000246,Light Truck,14,3500,Diesel,83.14,57552.0
246,V000247,Van,8,1000,Petrol,74.67,255455.0
247,V000248,Medium Truck,8,8000,Diesel,72.64,203938.0
248,V000249,Motorbike,4,50,Petrol,62.36,119798.0
249,V000250,Medium Truck,4,8000,Diesel,89.13,229946.0
250,V000251,Medium Truck,14,8000,Diesel,94.21,167254.0
251,V000252,Heavy Truck,8,20000,Diesel,51.09,135778.0
252,V000253,Heavy Truck,0,20000,Diesel,94.32,95852.0
253,V000254,Light Truck,9,3500,Diesel,85.87,1000.0
254,V000255,Medium Truck,4,8000,Diesel,88.33,157623.0
255,V000256,Van,1,1000,Petrol,79.02,140346.0
256,V000257,Heavy Truck,5,20000,Diesel,89.82,306182.0
257,V000258,Medium Truck,8,8000,Diesel,60.46,241961.0
258,V000259,Light Truck,7,3500,Diesel,85.25,235177.0
259,V000260,Van,10,1000,Petrol,77.38,237771.0
260,V000261,Light Truck,10,3500,Diesel,85.29,85505.0
261,V000262,Van,6,1000,Petrol,83.0,222913.0
262,V000263,Light Truck,1,3500,Diesel,88.94,243999.0
263,V000264,Heavy Truck,9,20000,Diesel,82.81,145524.0
264,V000265,Van,5,1000,Petrol,90.62,58687.0
265,V000266,Medium Truck,1,8000,Diesel,79.3,300848.0
266,V000267,Medium Truck,0,8000,Diesel,72.72,234449.0
267,V000268,Light Truck,13,3500,Diesel,63.33,321699.0
268,V000269,Medium Truck,8,8000,Diesel,79.18,285650.0
269,V000270,Van,3,1000,Petrol,78.98,418470.0
270,V000271,Van,6,1000,Petrol,80.19,99653.0
271,V000272,Medium Truck,1,8000,Diesel,86.08,234276.0
272,V000273,Van,7,1000,Petrol,75.79,175171.0
273,V000274,Van,13,1000,Petrol,70.57,18357.0
274,V000275,Van,6,1000,Petrol,93.51,1000.0
275,V000276,Van,11,1000,Petrol,65.47,265072.0
276,V000277,Van,8,1000,Petrol,84.11,101481.0
277,V000278,Van,8,1000,Petrol,85.56,197824.0
278,V000279,Van,14,1000,Petrol,91.34,250258.0
279,V000280,Medium Truck,14,8000,Diesel,72.73,154104.0
280,V000281,Van,4,1000,Petrol,81.85,181622.0
281,V000282,Van,5,1000,Petrol,77.04,311520.0
282,V000283,Van,2,1000,Petrol,82.16,81033.0
283,V000284,Light Truck,11,3500,Diesel,75.49,115194.0
284,V000285,Light Truck,4,3500,Diesel,85.87,222156.0
285,V000286,Van,1,1000,Petrol,86.32,142522.0
286,V000287,Motorbike,13,50,Petrol,100.0,82280.0
287,V000288,Van,1,1000,Petrol,100.0,201462.0
288,V000289,Medium Truck,3,8000,Diesel,99.04,166500.0
289,V000290,Light Truck,1,3500,Diesel,83.81,244551.0
290,V000291,Van,0,1000,Petrol,90.09,39370.0
291,V000292,Light Truck,14,3500,Diesel,82.22,47232.0
292,V000293,Motorbike,8,50,Petrol,91.34,193183.0
293,V000294,Van,8,1000,Petrol,71.66,252277.0
294,V000295,Van,0,1000,Petrol,82.12,340007.0
295,V000296,Medium Truck,13,8000,Diesel,97.91,222189.0
296,V000297,Van,3,1000,Petrol,85.54,317743.0
297,V000298,Heavy Truck,0,20000,Diesel,93.47,357811.0
298,V000299,Medium Truck,4,8000,Diesel,75.22,145464.0
299,V000300,Light Truck,13,3500,Diesel,82.52,214797.0
300,V000301,Light Truck,4,3500,Diesel,80.07,100352.0
301,V000302,Van,3,1000,Petrol,78.11,21000.0
302,V000303,Light Truck,10,3500,Diesel,94.87,184882.0
303,V000304,Heavy Truck,6,20000,Diesel,93.09,138834.0
304,V000305,Van,11,1000,Petrol,61.37,198335.0
305,V000306,Van,3,1000,Petrol,89.5,196606.0
306,V000307,Medium Truck,3,8000,Diesel,80.09,147367.0
307,V000308,Medium Truck,0,8000,Diesel,100.0,155216.0
308,V000309,Light Truck,14,3500,Diesel,88.93,124068.0
309,V000310,Medium Truck,9,8000,Diesel,91.05,243680.0
310,V000311,Medium Truck,11,8000,Diesel,96.22,251191.0
311,V000312,Van,14,1000,Petrol,82.33,155586.0
312,V000313,Light Truck,9,3500,Diesel,67.82,217590.0
313,V000314,Van,13,1000,Petrol,99.12,223626.0
314,V000315,Heavy Truck,14,20000,Diesel,89.78,346379.0
315,V000316,Light Truck,3,3500,Diesel,71.66,115897.0
316,V000317,Van,9,1000,Petrol,86.82,294373.0
317,V000318,Van,12,1000,Petrol,83.4,117734.0
318,V000319,Medium Truck,1,8000,Diesel,94.4,319425.0
319,V000320,Light Truck,14,3500,Diesel,100.0,118111.0
320,V000321,Medium Truck,8,8000,Diesel,87.12,247705.0
321,V000322,Light Truck,0,3500,Diesel,82.18,216713.0
322,V000323,Light Truck,0,3500,Diesel,75.52,257323.0
323,V000324,Van,1,1000,Petrol,78.98,80315.0
324,V000325,Van,2,1000,Petrol,82.21,257969.0
325,V000326,Medium Truck,11,8000,Diesel,60.28,309048.0
326,V000327,Medium Truck,5,8000,Diesel,100.0,138778.0
327,V000328,Medium Truck,9,8000,Diesel,95.84,3107.0
328,V000329,Medium Truck,14,8000,Diesel,93.09,156075.0
329,V000330,Heavy Truck,6,20000,Diesel,69.67,171878.0
330,V000331,Medium Truck,14,8000,Diesel,75.34,63871.0
331,V000332,Medium Truck,1,8000,Diesel,49.23,1000.0
332,V000333,Van,2,1000,Petrol,77.97,341739.0
333,V000334,Medium Truck,12,8000,Diesel,84.4,169401.0
334,V000335,Motorbike,1,50,Petrol,63.16,86709.0
335,V000336,Light Truck,8,3500,Diesel,100.0,252835.0
336,V000337,Motorbike,5,50,Petrol,72.46,213578.0
337,V000338,Medium Truck,7,8000,Diesel,88.05,128511.0
338,V000339,Light Truck,14,3500,Diesel,97.12,225902.0
339,V000340,Van,13,1000,Petrol,85.95,58316.0
340,V000341,Van,14,1000,Petrol,100.0,272317.0
341,V000342,Heavy Truck,12,20000,Diesel,69.06,332459.0
342,V000343,Van,4,1000,Petrol,78.46,140159.0
343,V000344,Light Truck,4,3500,Diesel,91.09,28993.0
344,V000345,Medium Truck,2,8000,Diesel,84.4,192785.0
345,V000346,Van,6,1000,Petrol,73.58,56345.0
346,V000347,Light Truck,14,3500,Diesel,71.69,285019.0
347,V000348,Light Truck,9,3500,Diesel,63.27,13055.0
348,V000349,Light Truck,2,3500,Diesel,86.98,300511.0
349,V000350,Medium Truck,6,8000,Diesel,75.77,25133.0
350,V000351,Motorbike,14,50,Petrol,100.0,183575.0
351,V000352,Medium Truck,10,8000,Diesel,80.89,177415.0
352,V000353,Van,8,1000,Petrol,46.23,21541.0
353,V000354,Medium Truck,1,8000,Diesel,90.42,263545.0
354,V000355,Medium Truck,11,8000,Diesel,70.66,151754.0
355,V000356,Medium Truck,1,8000,Diesel,84.44,243054.0
356,V000357,Van,3,1000,Petrol,88.2,110857.0
357,V000358,Light Truck,13,3500,Diesel,94.06,129771.0
358,V000359,Van,9,1000,Petrol,93.31,115111.0
359,V000360,Medium Truck,5,8000,Diesel,97.11,206377.0
360,V000361,Medium Truck,4,8000,Diesel,73.42,193586.0
361,V000362,Van,3,1000,Petrol,98.72,189981.0
362,V000363,Van,10,1000,Petrol,88.55,98680.0
363,V000364,Light Truck,5,3500,Diesel,76.78,222975.0
364,V000365,Van,7,1000,Petrol,85.79,205776.0
365,V000366,Van,4,1000,Petrol,96.27,297785.0
366,V000367,Light Truck,8,3500,Diesel,85.82,178118.0
367,V000368,Van,6,1000,Petrol,92.68,231520.0
368,V000369,Light Truck,6,3500,Diesel,95.58,142479.0
369,V000370,Heavy Truck,1,20000,Diesel,82.08,223035.0
370,V000371,Van,5,1000,Petrol,86.52,194274.0
371,V000372,Medium Truck,9,8000,Diesel,81.99,80057.0
372,V000373,Light Truck,6,3500,Diesel,66.94,184835.0
373,V000374,Van,9,1000,Petrol,99.62,320111.0
374,V000375,Light Truck,2,3500,Diesel,62.41,336110.0
375,V000376,Van,6,1000,Petrol,72.86,89101.0
376,V000377,Van,14,1000,Petrol,86.27,300216.0
377,V000378,Van,14,1000,Petrol,74.59,161834.0
378,V000379,Van,7,1000,Petrol,66.9,352928.0
379,V000380,Light Truck,11,3500,Diesel,85.79,262070.0
380,V000381,Van,7,1000,Petrol,79.06,164290.0
381,V000382,Light Truck,2,3500,Diesel,81.3,148374.0
382,V000383,Van,8,1000,Petrol,100.0,187548.0
383,V000384,Medium Truck,2,8000,Diesel,87.95,242025.0
384,V000385,Heavy Truck,5,20000,Diesel,92.97,273896.0
385,V000386,Motorbike,3,50,Petrol,88.03,208409.0
386,V000387,Light Truck,0,3500,Diesel,71.17,198124.0
387,V000388,Light Truck,14,3500,Diesel,54.75,264768.0
388,V000389,Motorbike,3,50,Petrol,100.0,275998.0
389,V000390,Heavy Truck,8,20000,Diesel,78.73,261054.0
390,V000391,Van,1,1000,Petrol,64.77,321052.0
391,V000392,Medium Truck,3,8000,Diesel,94.93,84600.0
392,V000393,Van,1,1000,Petrol,81.59,195345.0
393,V000394,Light Truck,14,3500,Diesel,77.46,176573.0
394,V000395,Van,12,1000,Petrol,74.42,69133.0
395,V000396,Light Truck,0,3500,Diesel,81.38,173423.0
396,V000397,Van,14,1000,Petrol,75.56,103169.0
397,V000398,Heavy Truck,11,20000,Diesel,68.86,220075.0
398,V000399,Light Truck,13,3500,Diesel,82.4,116898.0
399,V000400,Van,4,1000,Petrol,93.23,209555.0
400,V000401,Motorbike,3,50,Petrol,66.08,158872.0
401,V000402,Medium Truck,11,8000,Diesel,69.62,92729.0
402,V000403,Light Truck,10,3500,Diesel,86.95,290632.0
403,V000404,Light Truck,10,3500,Diesel,93.81,165350.0
404,V000405,Van,5,1000,Petrol,85.77,90589.0
405,V000406,Light Truck,2,3500,Diesel,85.52,106354.0
406,V000407,Light Truck,9,3500,Diesel,100.0,265014.0
407,V000408,Medium Truck,13,8000,Diesel,92.41,166408.0
408,V000409,Light Truck,7,3500,Diesel,70.01,294873.0
409,V000410,Light Truck,4,3500,Diesel,90.77,266297.0
410,V000411,Heavy Truck,11,20000,Diesel,78.28,196856.0
411,V000412,Heavy Truck,0,20000,Diesel,100.0,139142.0
412,V000413,Van,12,1000,Petrol,100.0,49911.0
413,V000414,Medium Truck,3,8000,Diesel,91.15,259233.0
414,V000415,Medium Truck,8,8000,Diesel,72.01,148904.0
415,V000416,Medium Truck,10,8000,Diesel,79.6,260710.0
416,V000417,Van,2,1000,Petrol,63.1,187694.0
417,V000418,Light Truck,8,3500,Diesel,94.13,162071.0
418,V000419,Medium Truck,4,8000,Diesel,82.61,108576.0
419,V000420,Van,0,1000,Petrol,99.71,150063.0
420,V000421,Heavy Truck,8,20000,Diesel,80.99,109889.0
421,V000422,Van,13,1000,Petrol,82.49,68404.0
422,V000423,Medium Truck,14,8000,Diesel,70.98,117067.0
423,V000424,Medium Truck,8,8000,Diesel,78.19,206500.0
424,V000425,Light Truck,14,3500,Diesel,98.61,344951.0
425,V000426,Heavy Truck,0,20000,Diesel,51.51,235004.0
426,V000427,Van,10,1000,Petrol,96.25,222345.0
427,V000428,Light Truck,10,3500,Diesel,100.0,120629.0
428,V000429,Van,14,1000,Petrol,96.69,318102.0
429,V000430,Van,6,1000,Petrol,69.0,156424.0
430,V000431,Van,2,1000,Petrol,100.0,107483.0
431,V000432,Light Truck,10,3500,Diesel,89.38,208913.0
432,V000433,Van,4,1000,Petrol,52.83,229760.0
433,V000434,Light Truck,7,3500,Diesel,92.34,225601.0
434,V000435,Heavy Truck,4,20000,Diesel,84.19,157090.0
435,V000436,Heavy Truck,6,20000,Diesel,98.59,175293.0
436,V000437,Light Truck,14,3500,Diesel,80.9,261511.0
437,V000438,Light Truck,0,3500,Diesel,83.11,199743.0
438,V000439,Van,6,1000,Petrol,68.81,266295.0
439,V000440,Van,3,1000,Petrol,75.98,134241.0
440,V000441,Heavy Truck,12,20000,Diesel,72.32,166022.0
441,V000442,Van,6,1000,Petrol,65.03,150200.0
442,V000443,Light Truck,4,3500,Diesel,95.66,207728.0
443,V000444,Van,3,1000,Petrol,83.49,158293.0
444,V000445,Light Truck,5,3500,Diesel,73.65,93842.0
445,V000446,Van,0,1000,Petrol,71.79,68373.0
446,V000447,Heavy Truck,2,20000,Diesel,97.87,17448.0
447,V000448,Van,12,1000,Petrol,95.92,268023.0
448,V000449,Van,14,1000,Petrol,81.05,186384.0
449,V000450,Light Truck,5,3500,Diesel,65.65,237281.0
450,V000451,Medium Truck,11,8000,Diesel,94.38,271445.0
451,V000452,Van,7,1000,Petrol,92.16,153697.0
452,V000453,Medium Truck,3,8000,Diesel,88.56,350194.0
453,V000454,Light Truck,7,3500,Diesel,63.94,98376.0
454,V000455,Heavy Truck,9,20000,Diesel,76.18,341661.0
455,V000456,Light Truck,9,3500,Diesel,70.77,218947.0
456,V000457,Heavy Truck,14,20000,Diesel,80.92,49069.0
457,V000458,Medium Truck,13,8000,Diesel,91.4,179727.0
458,V000459,Medium Truck,12,8000,Diesel,74.09,302052.0
459,V000460,Medium Truck,2,8000,Diesel,99.82,84513.0
460,V000461,Van,8,1000,Petrol,64.18,225957.0
461,V000462,Van,9,1000,Petrol,100.0,186279.0
462,V000463,Light Truck,7,3500,Diesel,70.03,215874.0
463,V000464,Medium Truck,0,8000,Diesel,78.01,329609.0
464,V000465,Heavy Truck,8,20000,Diesel,80.64,176338.0
465,V000466,Heavy Truck,13,20000,Diesel,76.87,357073.0
466,V000467,Light Truck,8,3500,Diesel,93.45,175935.0
467,V000468,Medium Truck,8,8000,Diesel,71.61,173416.0
468,V000469,Medium Truck,14,8000,Diesel,75.18,276837.0
469,V000470,Van,14,1000,Petrol,77.79,241618.0
470,V000471,Light Truck,4,3500,Diesel,80.64,384009.0
471,V000472,Heavy Truck,0,20000,Diesel,92.72,129769.0
472,V000473,Light Truck,13,3500,Diesel,69.53,240773.0
473,V000474,Light Truck,5,3500,Diesel,70.37,315965.0
474,V000475,Van,4,1000,Petrol,90.7,161523.0
475,V000476,Van,0,1000,Petrol,72.83,94726.0
476,V000477,Medium Truck,2,8000,Diesel,100.0,255622.0
477,V000478,Medium Truck,11,8000,Diesel,95.02,365204.0
478,V000479,Motorbike,6,50,Petrol,88.05,1000.0
479,V000480,Van,9,1000,Petrol,79.27,164448.0
480,V000481,Light Truck,9,3500,Diesel,80.23,266795.0
481,V000482,Van,8,1000,Petrol,89.45,115867.0
482,V000483,Medium Truck,2,8000,Diesel,69.93,342536.0
483,V000484,Light Truck,13,3500,Diesel,73.61,216892.0
484,V000485,Light Truck,7,3500,Diesel,95.64,222184.0
485,V000486,Medium Truck,5,8000,Diesel,76.32,248455.0
486,V000487,Heavy Truck,8,20000,Diesel,72.6,168692.0
487,V000488,Van,4,1000,Petrol,79.56,219087.0
488,V000489,Medium Truck,10,8000,Diesel,71.24,110957.0
489,V000490,Medium Truck,4,8000,Diesel,65.37,283251.0
490,V000491,Light Truck,5,3500,Diesel,91.64,207049.0
491,V000492,Van,12,1000,Petrol,87.2,143540.0
492,V000493,Van,3,1000,Petrol,80.84,98384.0
493,V000494,Van,9,1000,Petrol,69.86,182961.0
494,V000495,Light Truck,11,3500,Diesel,83.6,194615.0
495,V000496,Motorbike,11,50,Petrol,75.79,188776.0
496,V000497,Medium Truck,9,8000,Diesel,92.77,185460.0
497,V000498,Van,3,1000,Petrol,78.9,81604.0
498,V000499,Light Truck,11,3500,Diesel,96.89,195181.0
499,V000500,Light Truck,5,3500,Diesel,94.98,181766.0
500,V000501,Van,14,1000,Petrol,70.7,257568.0
501,V000502,Motorbike,8,50,Petrol,74.99,260042.0
502,V000503,Medium Truck,5,8000,Diesel,91.33,195857.0
503,V000504,Heavy Truck,14,20000,Diesel,86.16,40042.0
504,V000505,Van,3,1000,Petrol,81.19,219086.0
505,V000506,Heavy Truck,4,20000,Diesel,89.46,187179.0
506,V000507,Van,11,1000,Petrol,68.08,230943.0
507,V000508,Medium Truck,2,8000,Diesel,62.38,104568.0
508,V000509,Heavy Truck,5,20000,Diesel,84.29,41796.0
509,V000510,Light Truck,1,3500,Diesel,77.15,262839.0
510,V000511,Medium Truck,5,8000,Diesel,77.83,177348.0
511,V000512,Light Truck,5,3500,Diesel,76.03,167203.0
512,V000513,Van,1,1000,Petrol,89.87,177214.0
513,V000514,Heavy Truck,1,20000,Diesel,75.23,72176.0
514,V000515,Medium Truck,7,8000,Diesel,100.0,40181.0
515,V000516,Heavy Truck,10,20000,Diesel,83.21,215111.0
516,V000517,Van,13,1000,Petrol,97.49,368577.0
517,V000518,Van,10,1000,Petrol,77.73,1000.0
518,V000519,Light Truck,9,3500,Diesel,62.19,279469.0
519,V000520,Van,4,1000,Petrol,69.29,214599.0
520,V000521,Heavy Truck,1,20000,Diesel,78.97,134943.0
521,V000522,Heavy Truck,6,20000,Diesel,74.16,113110.0
522,V000523,Medium Truck,2,8000,Diesel,71.37,74091.0
523,V000524,Motorbike,12,50,Petrol,86.14,123681.0
524,V000525,Van,7,1000,Petrol,86.89,219983.0
525,V000526,Light Truck,7,3500,Diesel,76.74,166167.0
526,V000527,Van,8,1000,Petrol,97.35,177474.0
527,V000528,Van,12,1000,Petrol,70.27,298945.0
528,V000529,Light Truck,0,3500,Diesel,100.0,158655.0
529,V000530,Heavy Truck,10,20000,Diesel,81.49,362237.0
530,V000531,Van,3,1000,Petrol,75.78,225107.0
531,V000532,Medium Truck,12,8000,Diesel,62.12,191354.0
532,V000533,Medium Truck,13,8000,Diesel,78.98,380919.0
533,V000534,Medium Truck,7,8000,Diesel,90.43,162573.0
534,V000535,Van,3,1000,Petrol,69.79,71166.0
535,V000536,Medium Truck,12,8000,Diesel,70.7,357963.0
536,V000537,Medium Truck,5,8000,Diesel,78.35,224246.0
537,V000538,Heavy Truck,10,20000,Diesel,88.19,216548.0
538,V000539,Light Truck,7,3500,Diesel,64.13,127007.0
539,V000540,Light Truck,0,3500,Diesel,100.0,192622.0
540,V000541,Medium Truck,2,8000,Diesel,76.51,161672.0
541,V000542,Heavy Truck,1,20000,Diesel,66.03,1000.0
542,V000543,Van,12,1000,Petrol,89.81,204227.0
543,V000544,Medium Truck,4,8000,Diesel,77.92,263395.0
544,V000545,Van,14,1000,Petrol,100.0,113608.0
545,V000546,Heavy Truck,7,20000,Diesel,97.73,127959.0
546,V000547,Medium Truck,12,8000,Diesel,85.07,258360.0
547,V000548,Van,1,1000,Petrol,99.51,187743.0
548,V000549,Medium Truck,5,8000,Diesel,100.0,172875.0
549,V000550,Van,12,1000,Petrol,67.91,21632.0
550,V000551,Van,0,1000,Petrol,87.82,279131.0
551,V000552,Light Truck,11,3500,Diesel,82.81,203359.0
552,V000553,Medium Truck,10,8000,Diesel,84.98,256033.0
553,V000554,Van,0,1000,Petrol,89.13,335376.0
554,V000555,Van,10,1000,Petrol,72.12,178048.0
555,V000556,Van,10,1000,Petrol,80.12,144671.0
556,V000557,Van,14,1000,Petrol,100.0,188713.0
557,V000558,Light Truck,12,3500,Diesel,85.77,250264.0
558,V000559,Medium Truck,11,8000,Diesel,76.74,235212.0
559,V000560,Light Truck,8,3500,Diesel,86.66,229471.0
560,V000561,Medium Truck,10,8000,Diesel,74.71,269753.0
561,V000562,Van,12,1000,Petrol,83.72,184431.0
562,V000563,Medium Truck,9,8000,Diesel,65.22,1000.0
563,V000564,Medium Truck,12,8000,Diesel,85.04,136290.0
564,V000565,Light Truck,10,3500,Diesel,100.0,105008.0
565,V000566,Medium Truck,10,8000,Diesel,70.53,277234.0
566,V000567,Light Truck,10,3500,Diesel,80.59,155136.0
567,V000568,Medium Truck,11,8000,Diesel,79.98,63903.0
568,V000569,Light Truck,9,3500,Diesel,68.81,149449.0
569,V000570,Van,7,1000,Petrol,69.41,249157.0
570,V000571,Heavy Truck,3,20000,Diesel,93.65,154373.0
571,V000572,Van,3,1000,Petrol,80.4,79645.0
572,V000573,Medium Truck,6,8000,Diesel,83.89,1000.0
573,V000574,Light Truck,6,3500,Diesel,77.82,219649.0
574,V000575,Medium Truck,0,8000,Diesel,82.31,192705.0
575,V000576,Van,13,1000,Petrol,95.62,216958.0
576,V000577,Van,8,1000,Petrol,100.0,144542.0
577,V000578,Medium Truck,8,8000,Diesel,86.2,114369.0
578,V000579,Light Truck,7,3500,Diesel,100.0,102362.0
579,V000580,Van,0,1000,Petrol,89.06,358480.0
580,V000581,Light Truck,12,3500,Diesel,66.93,174388.0
581,V000582,Heavy Truck,8,20000,Diesel,90.53,106801.0
582,V000583,Van,7,1000,Petrol,88.85,309748.0
583,V000584,Light Truck,1,3500,Diesel,52.23,265775.0
584,V000585,Van,4,1000,Petrol,84.04,94047.0
585,V000586,Light Truck,0,3500,Diesel,83.96,300902.0
586,V000587,Light Truck,13,3500,Diesel,77.13,44394.0
587,V000588,Heavy Truck,8,20000,Diesel,81.27,179430.0
588,V000589,Van,5,1000,Petrol,87.24,147851.0
589,V000590,Light Truck,10,3500,Diesel,89.3,78408.0
590,V000591,Light Truck,1,3500,Diesel,64.05,100584.0
591,V000592,Medium Truck,14,8000,Diesel,90.73,193587.0
592,V000593,Van,7,1000,Petrol,75.27,361840.0
593,V000594,Light Truck,8,3500,Diesel,71.09,16160.0
594,V000595,Van,1,1000,Petrol,76.1,97492.0
595,V000596,Light Truck,3,3500,Diesel,89.06,242413.0
596,V000597,Van,8,1000,Petrol,100.0,1000.0
597,V000598,Heavy Truck,9,20000,Diesel,66.59,160157.0
598,V000599,Van,7,1000,Petrol,94.07,1000.0
599,V000600,Van,0,1000,Petrol,100.0,103151.0
600,V000601,Van,14,1000,Petrol,97.49,186580.0
601,V000602,Van,11,1000,Petrol,88.06,154926.0
602,V000603,Van,1,1000,Petrol,71.1,153353.0
603,V000604,Medium Truck,9,8000,Diesel,76.36,161290.0
604,V000605,Light Truck,11,3500,Diesel,77.55,322115.0
605,V000606,Van,12,1000,Petrol,68.53,93760.0
606,V000607,Motorbike,8,50,Petrol,70.99,198994.0
607,V000608,Light Truck,6,3500,Diesel,89.0,249302.0
608,V000609,Light Truck,2,3500,Diesel,75.24,219583.0
609,V000610,Van,8,1000,Petrol,66.21,63226.0
610,V000611,Medium Truck,1,8000,Diesel,75.24,254425.0
611,V000612,Van,2,1000,Petrol,88.03,127252.0
612,V000613,Van,2,1000,Petrol,69.31,210308.0
613,V000614,Van,11,1000,Petrol,59.43,32804.0
614,V000615,Light Truck,13,3500,Diesel,76.99,156962.0
615,V000616,Medium Truck,7,8000,Diesel,75.15,47138.0
616,V000617,Light Truck,13,3500,Diesel,82.37,273935.0
617,V000618,Medium Truck,13,8000,Diesel,65.82,195032.0
618,V000619,Light Truck,14,3500,Diesel,79.67,203695.0
619,V000620,Van,11,1000,Petrol,95.74,201011.0
620,V000621,Light Truck,4,3500,Diesel,77.96,207806.0
621,V000622,Medium Truck,1,8000,Diesel,78.07,294544.0
622,V000623,Medium Truck,3,8000,Diesel,77.15,116048.0
623,V000624,Van,11,1000,Petrol,65.27,344115.0
624,V000625,Motorbike,2,50,Petrol,79.87,93854.0
625,V000626,Medium Truck,9,8000,Diesel,87.37,243574.0
626,V000627,Medium Truck,7,8000,Diesel,85.64,239861.0
627,V000628,Light Truck,3,3500,Diesel,72.69,332257.0
628,V000629,Medium Truck,4,8000,Diesel,87.33,134339.0
629,V000630,Van,5,1000,Petrol,69.67,253206.0
630,V000631,Medium Truck,13,8000,Diesel,87.45,336138.0
631,V000632,Van,10,1000,Petrol,75.51,233402.0
632,V000633,Light Truck,8,3500,Diesel,90.63,14834.0
633,V000634,Van,4,1000,Petrol,88.89,244470.0
634,V000635,Light Truck,1,3500,Diesel,62.66,173593.0
635,V000636,Medium Truck,14,8000,Diesel,71.75,144047.0
636,V000637,Van,5,1000,Petrol,65.84,42467.0
637,V000638,Van,11,1000,Petrol,69.92,200663.0
638,V000639,Van,13,1000,Petrol,90.74,347919.0
639,V000640,Medium Truck,1,8000,Diesel,82.16,183093.0
640,V000641,Light Truck,6,3500,Diesel,74.79,182625.0
641,V000642,Light Truck,7,3500,Diesel,83.62,129969.0
642,V000643,Van,14,1000,Petrol,82.76,243180.0
643,V000644,Motorbike,0,50,Petrol,100.0,22204.0
644,V000645,Heavy Truck,11,20000,Diesel,99.94,206476.0
645,V000646,Light Truck,13,3500,Diesel,80.46,280958.0
646,V000647,Medium Truck,4,8000,Diesel,92.63,258710.0
647,V000648,Van,5,1000,Petrol,87.73,207129.0
648,V000649,Medium Truck,10,8000,Diesel,98.92,209318.0
649,V000650,Van,6,1000,Petrol,75.06,224161.0
650,V000651,Medium Truck,10,8000,Diesel,70.27,66055.0
651,V000652,Medium Truck,3,8000,Diesel,100.0,308587.0
652,V000653,Light Truck,4,3500,Diesel,75.91,127094.0
653,V000654,Medium Truck,5,8000,Diesel,87.52,206148.0
654,V000655,Medium Truck,1,8000,Diesel,89.06,159648.0
655,V000656,Van,13,1000,Petrol,73.3,176352.0
656,V000657,Light Truck,7,3500,Diesel,73.91,192517.0
657,V000658,Light Truck,4,3500,Diesel,76.83,337819.0
658,V000659,Medium Truck,0,8000,Diesel,71.75,210492.0
659,V000660,Medium Truck,4,8000,Diesel,68.26,292593.0
660,V000661,Van,1,1000,Petrol,100.0,104757.0
661,V000662,Light Truck,3,3500,Diesel,100.0,200379.0
662,V000663,Heavy Truck,13,20000,Diesel,67.54,432946.0
663,V000664,Van,13,1000,Petrol,81.34,214545.0
664,V000665,Medium Truck,6,8000,Diesel,73.44,138808.0
665,V000666,Medium Truck,12,8000,Diesel,67.05,306294.0
666,V000667,Medium Truck,4,8000,Diesel,72.75,254052.0
667,V000668,Light Truck,1,3500,Diesel,64.86,101771.0
668,V000669,Heavy Truck,14,20000,Diesel,80.4,262761.0
669,V000670,Light Truck,5,3500,Diesel,53.13,211659.0
670,V000671,Van,7,1000,Petrol,70.67,157443.0
671,V000672,Light Truck,8,3500,Diesel,97.62,311077.0
672,V000673,Medium Truck,9,8000,Diesel,87.99,271416.0
673,V000674,Heavy Truck,6,20000,Diesel,61.69,119424.0
674,V000675,Light Truck,3,3500,Diesel,89.14,218514.0
675,V000676,Medium Truck,7,8000,Diesel,75.02,176977.0
676,V000677,Heavy Truck,13,20000,Diesel,95.66,261165.0
677,V000678,Light Truck,9,3500,Diesel,73.53,120823.0
678,V000679,Light Truck,1,3500,Diesel,96.02,49695.0
679,V000680,Heavy Truck,9,20000,Diesel,100.0,130891.0
680,V000681,Light Truck,3,3500,Diesel,86.86,84891.0
681,V000682,Van,3,1000,Petrol,100.0,166866.0
682,V000683,Heavy Truck,6,20000,Diesel,79.91,221101.0
683,V000684,Van,5,1000,Petrol,92.56,164907.0
684,V000685,Van,7,1000,Petrol,92.54,250510.0
685,V000686,Van,8,1000,Petrol,78.02,139455.0
686,V000687,Light Truck,5,3500,Diesel,68.56,167130.0
687,V000688,Van,10,1000,Petrol,72.77,241179.0
688,V000689,Light Truck,8,3500,Diesel,94.33,46076.0
689,V000690,Van,2,1000,Petrol,71.92,100735.0
690,V000691,Motorbike,3,50,Petrol,68.89,182399.0
691,V000692,Van,13,1000,Petrol,100.0,159207.0
692,V000693,Heavy Truck,0,20000,Diesel,87.56,188607.0
693,V000694,Medium Truck,7,8000,Diesel,79.63,1000.0
694,V000695,Light Truck,14,3500,Diesel,97.46,196222.0
695,V000696,Medium Truck,9,8000,Diesel,93.73,57300.0
696,V000697,Van,9,1000,Petrol,80.84,200711.0
697,V000698,Medium Truck,7,8000,Diesel,89.19,178040.0
698,V000699,Medium Truck,10,8000,Diesel,80.78,311601.0
699,V000700,Van,7,1000,Petrol,82.72,236421.0
700,V000701,Light Truck,4,3500,Diesel,91.87,199309.0
701,V000702,Light Truck,14,3500,Diesel,100.0,169063.0
702,V000703,Medium Truck,7,8000,Diesel,50.62,29537.0
703,V000704,Light Truck,4,3500,Diesel,86.28,252751.0
704,V000705,Medium Truck,10,8000,Diesel,86.1,47098.0
705,V000706,Van,3,1000,Petrol,94.59,278343.0
706,V000707,Van,2,1000,Petrol,77.91,239648.0
707,V000708,Medium Truck,13,8000,Diesel,66.79,155132.0
708,V000709,Van,4,1000,Petrol,70.88,112593.0
709,V000710,Medium Truck,6,8000,Diesel,83.08,220186.0
710,V000711,Van,4,1000,Petrol,69.81,211961.0
711,V000712,Light Truck,11,3500,Diesel,91.86,204047.0
712,V000713,Light Truck,1,3500,Diesel,75.78,151384.0
713,V000714,Van,0,1000,Petrol,100.0,88914.0
714,V000715,Light Truck,12,3500,Diesel,100.0,156817.0
715,V000716,Van,2,1000,Petrol,90.45,225698.0
716,V000717,Van,8,1000,Petrol,73.84,210553.0
717,V000718,Light Truck,8,3500,Diesel,82.38,262462.0
718,V000719,Light Truck,12,3500,Diesel,71.96,86213.0
719,V000720,Van,10,1000,Petrol,81.09,300079.0
720,V000721,Light Truck,4,3500,Diesel,91.28,112211.0
721,V000722,Heavy Truck,8,20000,Diesel,76.76,187811.0
722,V000723,Van,2,1000,Petrol,88.3,22912.0
723,V000724,Van,12,1000,Petrol,87.87,263589.0
724,V000725,Van,3,1000,Petrol,68.8,204135.0
725,V000726,Light Truck,12,3500,Diesel,66.09,212924.0
726,V000727,Van,12,1000,Petrol,82.34,314682.0
727,V000728,Light Truck,14,3500,Diesel,86.09,220904.0
728,V000729,Van,2,1000,Petrol,66.6,88845.0
729,V000730,Medium Truck,12,8000,Diesel,100.0,51261.0
730,V000731,Medium Truck,6,8000,Diesel,78.71,339455.0
731,V000732,Light Truck,5,3500,Diesel,85.57,253124.0
732,V000733,Van,4,1000,Petrol,74.96,58192.0
733,V000734,Van,9,1000,Petrol,68.75,199784.0
734,V000735,Light Truck,5,3500,Diesel,100.0,1000.0
735,V000736,Van,7,1000,Petrol,77.1,234795.0
736,V000737,Medium Truck,7,8000,Diesel,82.8,46055.0
737,V000738,Medium Truck,2,8000,Diesel,76.17,156643.0
738,V000739,Medium Truck,12,8000,Diesel,93.37,31028.0
739,V000740,Medium Truck,1,8000,Diesel,81.74,185664.0
740,V000741,Light Truck,7,3500,Diesel,83.33,281446.0
741,V000742,Medium Truck,9,8000,Diesel,72.4,183475.0
742,V000743,Heavy Truck,6,20000,Diesel,73.83,287251.0
743,V000744,Van,6,1000,Petrol,88.04,305242.0
744,V000745,Light Truck,4,3500,Diesel,90.32,210745.0
745,V000746,Van,11,1000,Petrol,71.58,201896.0
746,V000747,Van,5,1000,Petrol,65.66,135523.0
747,V000748,Light Truck,8,3500,Diesel,92.48,237748.0
748,V000749,Light Truck,5,3500,Diesel,68.81,314809.0
749,V000750,Medium Truck,10,8000,Diesel,73.19,126782.0
750,V000751,Heavy Truck,2,20000,Diesel,69.23,253493.0
751,V000752,Light Truck,9,3500,Diesel,86.4,196880.0
752,V000753,Motorbike,3,50,Petrol,80.95,188818.0
753,V000754,Light Truck,12,3500,Diesel,44.12,59803.0
754,V000755,Van,12,1000,Petrol,83.96,246732.0
755,V000756,Van,7,1000,Petrol,85.11,135706.0
756,V000757,Van,3,1000,Petrol,55.96,243581.0
757,V000758,Van,4,1000,Petrol,85.08,386629.0
758,V000759,Light Truck,12,3500,Diesel,74.48,89676.0
759,V000760,Van,7,1000,Petrol,96.1,272249.0
760,V000761,Light Truck,0,3500,Diesel,91.31,263362.0
761,V000762,Light Truck,2,3500,Diesel,71.36,50177.0
762,V000763,Light Truck,1,3500,Diesel,74.27,179879.0
763,V000764,Light Truck,5,3500,Diesel,85.35,180605.0
764,V000765,Heavy Truck,3,20000,Diesel,69.34,146686.0
765,V000766,Medium Truck,7,8000,Diesel,100.0,287645.0
766,V000767,Van,6,1000,Petrol,85.82,275225.0
767,V000768,Light Truck,8,3500,Diesel,94.37,174314.0
768,V000769,Van,2,1000,Petrol,79.69,231119.0
769,V000770,Light Truck,10,3500,Diesel,85.1,166425.0
770,V000771,Medium Truck,12,8000,Diesel,52.21,185419.0
771,V000772,Van,13,1000,Petrol,80.69,185653.0
772,V000773,Light Truck,5,3500,Diesel,93.28,5845.0
773,V000774,Medium Truck,6,8000,Diesel,80.78,155419.0
774,V000775,Van,12,1000,Petrol,89.25,245791.0
775,V000776,Medium Truck,9,8000,Diesel,83.75,336554.0
776,V000777,Van,11,1000,Petrol,84.4,114636.0
777,V000778,Heavy Truck,8,20000,Diesel,62.54,388704.0
778,V000779,Van,5,1000,Petrol,57.79,133351.0
779,V000780,Van,7,1000,Petrol,75.19,250556.0
780,V000781,Van,13,1000,Petrol,100.0,259271.0
781,V000782,Van,1,1000,Petrol,78.59,139749.0
782,V000783,Medium Truck,13,8000,Diesel,94.8,312798.0
783,V000784,Van,14,1000,Petrol,78.15,11209.0
784,V000785,Van,5,1000,Petrol,98.54,285396.0
785,V000786,Heavy Truck,8,20000,Diesel,79.74,246108.0
786,V000787,Light Truck,10,3500,Diesel,81.0,172663.0
787,V000788,Van,0,1000,Petrol,75.92,225545.0
788,V000789,Light Truck,3,3500,Diesel,79.79,152764.0
789,V000790,Medium Truck,2,8000,Diesel,90.17,290772.0
790,V000791,Light Truck,7,3500,Diesel,97.6,1000.0
791,V000792,Van,0,1000,Petrol,66.58,193068.0
792,V000793,Medium Truck,13,8000,Diesel,84.27,219366.0
793,V000794,Medium Truck,10,8000,Diesel,81.7,275855.0
794,V000795,Light Truck,12,3500,Diesel,85.74,318173.0
795,V000796,Light Truck,12,3500,Diesel,73.25,139505.0
796,V000797,Van,13,1000,Petrol,91.86,117038.0
797,V000798,Van,1,1000,Petrol,82.15,189563.0
798,V000799,Heavy Truck,7,20000,Diesel,70.26,308389.0
799,V000800,Medium Truck,0,8000,Diesel,73.45,230233.0
800,V000801,Van,13,1000,Petrol,69.18,232001.0
801,V000802,Medium Truck,7,8000,Diesel,96.06,292862.0
802,V000803,Medium Truck,6,8000,Diesel,81.25,165967.0
803,V000804,Heavy Truck,14,20000,Diesel,82.77,152741.0
804,V000805,Medium Truck,13,8000,Diesel,83.05,285225.0
805,V000806,Light Truck,13,3500,Diesel,58.97,412565.0
806,V000807,Van,1,1000,Petrol,68.97,17710.0
807,V000808,Light Truck,10,3500,Diesel,76.94,238829.0
808,V000809,Van,11,1000,Petrol,88.4,301128.0
809,V000810,Light Truck,8,3500,Diesel,98.83,202967.0
810,V000811,Light Truck,4,3500,Diesel,81.08,153148.0
811,V000812,Light Truck,3,3500,Diesel,96.58,212155.0
812,V000813,Van,3,1000,Petrol,76.73,281148.0
813,V000814,Motorbike,10,50,Petrol,60.51,139814.0
814,V000815,Van,1,1000,Petrol,82.49,205457.0
815,V000816,Motorbike,14,50,Petrol,84.58,87699.0
816,V000817,Light Truck,11,3500,Diesel,96.39,299032.0
817,V000818,Heavy Truck,13,20000,Diesel,86.15,194746.0
818,V000819,Medium Truck,3,8000,Diesel,77.43,350546.0
819,V000820,Van,14,1000,Petrol,84.23,62344.0
820,V000821,Van,4,1000,Petrol,77.38,224102.0
821,V000822,Light Truck,6,3500,Diesel,80.19,294901.0
822,V000823,Medium Truck,10,8000,Diesel,93.37,398559.0
823,V000824,Medium Truck,13,8000,Diesel,76.69,43390.0
824,V000825,Van,9,1000,Petrol,85.12,250157.0
825,V000826,Light Truck,10,3500,Diesel,80.31,116918.0
826,V000827,Medium Truck,14,8000,Diesel,75.35,164348.0
827,V000828,Medium Truck,10,8000,Diesel,100.0,137605.0
828,V000829,Light Truck,7,3500,Diesel,64.59,323088.0
829,V000830,Light Truck,13,3500,Diesel,82.37,122330.0
830,V000831,Light Truck,7,3500,Diesel,74.76,197575.0
831,V000832,Van,14,1000,Petrol,84.03,246430.0
832,V000833,Van,3,1000,Petrol,65.67,216473.0
833,V000834,Light Truck,2,3500,Diesel,75.61,235957.0
834,V000835,Van,1,1000,Petrol,55.94,347234.0
835,V000836,Van,1,1000,Petrol,93.31,111686.0
836,V000837,Light Truck,0,3500,Diesel,88.15,182355.0
837,V000838,Medium Truck,8,8000,Diesel,80.29,151107.0
838,V000839,Van,7,1000,Petrol,75.65,59758.0
839,V000840,Van,1,1000,Petrol,90.69,136266.0
840,V000841,Van,5,1000,Petrol,85.86,136619.0
841,V000842,Van,11,1000,Petrol,100.0,35065.0
842,V000843,Van,14,1000,Petrol,90.31,200937.0
843,V000844,Light Truck,2,3500,Diesel,95.62,26079.0
844,V000845,Light Truck,1,3500,Diesel,77.59,279008.0
845,V000846,Light Truck,5,3500,Diesel,88.65,184314.0
846,V000847,Van,3,1000,Petrol,85.72,150797.0
847,V000848,Light Truck,6,3500,Diesel,82.0,136810.0
848,V000849,Medium Truck,1,8000,Diesel,99.21,1000.0
849,V000850,Medium Truck,12,8000,Diesel,88.91,64839.0
850,V000851,Van,7,1000,Petrol,81.48,83411.0
851,V000852,Light Truck,5,3500,Diesel,74.03,242034.0
852,V000853,Light Truck,3,3500,Diesel,73.89,426745.0
853,V000854,Heavy Truck,7,20000,Diesel,78.42,372814.0
854,V000855,Light Truck,1,3500,Diesel,85.41,145130.0
855,V000856,Light Truck,10,3500,Diesel,100.0,224504.0
856,V000857,Van,3,1000,Petrol,77.83,356790.0
857,V000858,Motorbike,9,50,Petrol,80.61,226392.0
858,V000859,Light Truck,0,3500,Diesel,79.56,154985.0
859,V000860,Van,2,1000,Petrol,69.87,33799.0
860,V000861,Light Truck,2,3500,Diesel,92.7,14016.0
861,V000862,Medium Truck,5,8000,Diesel,95.97,65770.0
862,V000863,Light Truck,3,3500,Diesel,60.96,278474.0
863,V000864,Light Truck,11,3500,Diesel,74.81,404079.0
864,V000865,Van,7,1000,Petrol,95.77,51261.0
865,V000866,Medium Truck,6,8000,Diesel,69.64,177447.0
866,V000867,Medium Truck,12,8000,Diesel,77.79,258214.0
867,V000868,Light Truck,12,3500,Diesel,100.0,227440.0
868,V000869,Medium Truck,1,8000,Diesel,75.39,1000.0
869,V000870,Van,7,1000,Petrol,71.85,136325.0
870,V000871,Medium Truck,4,8000,Diesel,66.48,276662.0
871,V000872,Medium Truck,6,8000,Diesel,69.7,156712.0
872,V000873,Light Truck,8,3500,Diesel,76.94,137658.0
873,V000874,Light Truck,11,3500,Diesel,70.91,207669.0
874,V000875,Van,4,1000,Petrol,83.24,100048.0
875,V000876,Motorbike,14,50,Petrol,78.35,189699.0
876,V000877,Heavy Truck,6,20000,Diesel,99.74,161058.0
877,V000878,Van,5,1000,Petrol,72.74,114719.0
878,V000879,Medium Truck,10,8000,Diesel,96.2,5180.0
879,V000880,Van,10,1000,Petrol,75.92,249966.0
880,V000881,Light Truck,8,3500,Diesel,82.73,1000.0
881,V000882,Van,1,1000,Petrol,61.66,163842.0
882,V000883,Medium Truck,5,8000,Diesel,76.87,215202.0
883,V000884,Medium Truck,4,8000,Diesel,83.49,117887.0
884,V000885,Van,11,1000,Petrol,79.73,145799.0
885,V000886,Medium Truck,7,8000,Diesel,57.97,307739.0
886,V000887,Light Truck,2,3500,Diesel,93.04,217219.0
887,V000888,Medium Truck,3,8000,Diesel,66.73,148274.0
888,V000889,Van,7,1000,Petrol,65.21,242181.0
889,V000890,Medium Truck,0,8000,Diesel,72.5,301055.0
890,V000891,Medium Truck,11,8000,Diesel,83.05,301635.0
891,V000892,Light Truck,12,3500,Diesel,78.71,41323.0
892,V000893,Light Truck,7,3500,Diesel,81.34,259780.0
893,V000894,Van,7,1000,Petrol,75.97,1000.0
894,V000895,Light Truck,0,3500,Diesel,97.79,235711.0
895,V000896,Light Truck,14,3500,Diesel,61.09,209692.0
896,V000897,Light Truck,4,3500,Diesel,67.62,231705.0
897,V000898,Van,2,1000,Petrol,100.0,194420.0
898,V000899,Van,6,1000,Petrol,76.84,153607.0
899,V000900,Light Truck,9,3500,Diesel,94.15,123415.0
900,V000901,Heavy Truck,11,20000,Diesel,67.97,229721.0
901,V000902,Medium Truck,13,8000,Diesel,57.36,192765.0
902,V000903,Heavy Truck,5,20000,Diesel,85.6,176635.0
903,V000904,Medium Truck,5,8000,Diesel,76.79,125709.0
904,V000905,Medium Truck,5,8000,Diesel,56.36,155106.0
905,V000906,Van,2,1000,Petrol,84.4,214080.0
906,V000907,Van,0,1000,Petrol,73.9,36886.0
907,V000908,Van,14,1000,Petrol,88.29,250746.0
908,V000909,Light Truck,3,3500,Diesel,81.09,38866.0
909,V000910,Light Truck,14,3500,Diesel,80.94,231125.0
910,V000911,Van,8,1000,Petrol,100.0,238860.0
911,V000912,Light Truck,0,3500,Diesel,100.0,119664.0
912,V000913,Light Truck,1,3500,Diesel,87.82,271350.0
913,V000914,Light Truck,5,3500,Diesel,95.16,97382.0
914,V000915,Van,9,1000,Petrol,51.65,227088.0
915,V000916,Medium Truck,10,8000,Diesel,89.99,166031.0
916,V000917,Heavy Truck,11,20000,Diesel,100.0,151301.0
917,V000918,Van,0,1000,Petrol,65.15,215435.0
918,V000919,Medium Truck,0,8000,Diesel,86.89,1000.0
919,V000920,Medium Truck,7,8000,Diesel,70.04,139171.0
920,V000921,Medium Truck,11,8000,Diesel,80.3,226667.0
921,V000922,Light Truck,9,3500,Diesel,88.37,162076.0
922,V000923,Light Truck,9,3500,Diesel,100.0,86871.0
923,V000924,Medium Truck,10,8000,Diesel,81.54,280377.0
924,V000925,Light Truck,7,3500,Diesel,100.0,29355.0
925,V000926,Heavy Truck,6,20000,Diesel,74.87,262995.0
926,V000927,Van,8,1000,Petrol,99.1,228366.0
927,V000928,Van,4,1000,Petrol,82.93,168002.0
928,V000929,Light Truck,8,3500,Diesel,88.06,173714.0
929,V000930,Light Truck,6,3500,Diesel,82.55,314894.0
930,V000931,Light Truck,0,3500,Diesel,75.12,104546.0
931,V000932,Medium Truck,7,8000,Diesel,70.06,108391.0
932,V000933,Motorbike,12,50,Petrol,65.01,90502.0
933,V000934,Van,6,1000,Petrol,91.03,208769.0
934,V000935,Heavy Truck,12,20000,Diesel,88.72,149724.0
935,V000936,Heavy Truck,0,20000,Diesel,75.51,118327.0
936,V000937,Van,1,1000,Petrol,90.93,309606.0
937,V000938,Motorbike,13,50,Petrol,95.65,89662.0
938,V000939,Van,3,1000,Petrol,64.5,102653.0
939,V000940,Motorbike,7,50,Petrol,89.49,131619.0
940,V000941,Light Truck,11,3500,Diesel,78.96,190560.0
941,V000942,Van,8,1000,Petrol,88.91,100975.0
942,V000943,Van,11,1000,Petrol,78.32,210879.0
943,V000944,Medium Truck,12,8000,Diesel,66.35,132090.0
944,V000945,Van,10,1000,Petrol,100.0,245872.0
945,V000946,Van,9,1000,Petrol,69.4,1000.0
946,V000947,Van,3,1000,Petrol,96.24,175746.0
947,V000948,Medium Truck,9,8000,Diesel,73.42,182683.0
948,V000949,Van,4,1000,Petrol,85.92,125159.0
949,V000950,Light Truck,0,3500,Diesel,70.54,142483.0
950,V000951,Light Truck,10,3500,Diesel,97.08,338534.0
951,V000952,Medium Truck,4,8000,Diesel,85.37,312900.0
952,V000953,Medium Truck,12,8000,Diesel,100.0,100600.0
953,V000954,Van,5,1000,Petrol,85.55,237320.0
954,V000955,Heavy Truck,5,20000,Diesel,72.59,293137.0
955,V000956,Medium Truck,7,8000,Diesel,59.24,277730.0
956,V000957,Light Truck,5,3500,Diesel,57.75,279834.0
957,V000958,Motorbike,5,50,Petrol,100.0,111024.0
958,V000959,Light Truck,10,3500,Diesel,93.01,166401.0
959,V000960,Medium Truck,0,8000,Diesel,84.07,77190.0
960,V000961,Light Truck,3,3500,Diesel,73.07,171376.0
961,V000962,Light Truck,0,3500,Diesel,60.69,162067.0
962,V000963,Light Truck,4,3500,Diesel,89.65,214422.0
963,V000964,Motorbike,8,50,Petrol,83.92,237056.0
964,V000965,Light Truck,0,3500,Diesel,92.42,102960.0
965,V000966,Medium Truck,3,8000,Diesel,74.93,128317.0
966,V000967,Light Truck,10,3500,Diesel,88.17,178906.0
967,V000968,Heavy Truck,7,20000,Diesel,83.1,254157.0
968,V000969,Van,5,1000,Petrol,92.28,185478.0
969,V000970,Medium Truck,1,8000,Diesel,80.05,98973.0
970,V000971,Medium Truck,2,8000,Diesel,85.71,208144.0
971,V000972,Medium Truck,0,8000,Diesel,70.01,5605.0
972,V000973,Light Truck,2,3500,Diesel,83.3,184698.0
973,V000974,Heavy Truck,13,20000,Diesel,91.8,101241.0
974,V000975,Heavy Truck,12,20000,Diesel,77.49,32116.0
975,V000976,Light Truck,11,3500,Diesel,89.84,180604.0
976,V000977,Van,3,1000,Petrol,84.07,143701.0
977,V000978,Light Truck,11,3500,Diesel,100.0,248352.0
978,V000979,Light Truck,14,3500,Diesel,83.04,77563.0
979,V000980,Medium Truck,8,8000,Diesel,62.53,41187.0
980,V000981,Light Truck,11,3500,Diesel,93.98,188528.0
981,V000982,Medium Truck,1,8000,Diesel,78.78,110505.0
982,V000983,Heavy Truck,6,20000,Diesel,100.0,198781.0
983,V000984,Van,5,1000,Petrol,96.31,127179.0
984,V000985,Light Truck,14,3500,Diesel,85.05,143543.0
985,V000986,Light Truck,5,3500,Diesel,80.84,146809.0
986,V000987,Van,0,1000,Petrol,76.93,117531.0
987,V000988,Van,11,1000,Petrol,55.86,170291.0
988,V000989,Light Truck,13,3500,Diesel,95.71,303925.0
989,V000990,Medium Truck,10,8000,Diesel,68.79,222111.0
990,V000991,Light Truck,11,3500,Diesel,92.99,69204.0
991,V000992,Light Truck,6,3500,Diesel,81.66,107048.0
992,V000993,Van,10,1000,Petrol,77.71,168776.0
993,V000994,Light Truck,2,3500,Diesel,79.32,225366.0
994,V000995,Medium Truck,14,8000,Diesel,73.14,140953.0
995,V000996,Light Truck,7,3500,Diesel,82.76,280740.0
996,V000997,Van,14,1000,Petrol,80.58,128812.0
997,V000998,Heavy Truck,8,20000,Diesel,92.25,177742.0
998,V000999,Van,7,1000,Petrol,68.97,41487.0
999,V001000,Light Truck,2,3500,Diesel,92.33,238675.0
1000,V001001,Heavy Truck,7,20000,Diesel,73.28,306985.0
1001,V001002,Motorbike,0,50,Petrol,78.69,251898.0
1002,V001003,Van,11,1000,Petrol,93.24,240244.0
1003,V001004,Motorbike,12,50,Petrol,62.72,277135.0
1004,V001005,Light Truck,14,3500,Diesel,72.79,185627.0
1005,V001006,Medium Truck,3,8000,Diesel,43.95,234639.0
1006,V001007,Light Truck,3,3500,Diesel,71.85,112259.0
1007,V001008,Light Truck,12,3500,Diesel,68.06,157007.0
1008,V001009,Light Truck,6,3500,Diesel,89.06,263924.0
1009,V001010,Van,6,1000,Petrol,97.65,90604.0
1010,V001011,Light Truck,8,3500,Diesel,71.64,30585.0
1011,V001012,Light Truck,5,3500,Diesel,74.34,303294.0
1012,V001013,Heavy Truck,7,20000,Diesel,67.71,108575.0
1013,V001014,Medium Truck,13,8000,Diesel,85.36,191442.0
1014,V001015,Light Truck,11,3500,Diesel,85.97,169597.0
1015,V001016,Light Truck,5,3500,Diesel,86.22,12398.0
1016,V001017,Medium Truck,12,8000,Diesel,88.86,169744.0
1017,V001018,Medium Truck,1,8000,Diesel,86.64,223407.0
1018,V001019,Light Truck,11,3500,Diesel,51.93,290840.0
1019,V001020,Heavy Truck,4,20000,Diesel,93.5,286610.0
1020,V001021,Van,11,1000,Petrol,83.46,279263.0
1021,V001022,Van,14,1000,Petrol,75.22,140506.0
1022,V001023,Medium Truck,9,8000,Diesel,58.95,168061.0
1023,V001024,Van,8,1000,Petrol,75.16,154999.0
1024,V001025,Light Truck,9,3500,Diesel,54.02,239486.0
1025,V001026,Van,5,1000,Petrol,78.98,75377.0
1026,V001027,Light Truck,8,3500,Diesel,98.64,214139.0
1027,V001028,Light Truck,3,3500,Diesel,90.02,181613.0
1028,V001029,Medium Truck,4,8000,Diesel,77.46,119506.0
1029,V001030,Light Truck,3,3500,Diesel,65.99,186082.0
1030,V001031,Heavy Truck,2,20000,Diesel,68.07,183673.0
1031,V001032,Motorbike,6,50,Petrol,85.62,367340.0
1032,V001033,Light Truck,14,3500,Diesel,69.7,206006.0
1033,V001034,Heavy Truck,12,20000,Diesel,87.08,81773.0
1034,V001035,Light Truck,4,3500,Diesel,74.54,83652.0
1035,V001036,Van,4,1000,Petrol,100.0,275960.0
1036,V001037,Medium Truck,4,8000,Diesel,78.06,218968.0
1037,V001038,Medium Truck,7,8000,Diesel,81.2,216794.0
1038,V001039,Medium Truck,2,8000,Diesel,90.11,77917.0
1039,V001040,Medium Truck,9,8000,Diesel,96.44,139139.0
1040,V001041,Van,5,1000,Petrol,79.41,211650.0
1041,V001042,Van,10,1000,Petrol,99.54,139544.0
1042,V001043,Medium Truck,12,8000,Diesel,73.78,228370.0
1043,V001044,Heavy Truck,2,20000,Diesel,84.8,206231.0
1044,V001045,Light Truck,0,3500,Diesel,68.9,218849.0
1045,V001046,Van,5,1000,Petrol,74.77,169494.0
1046,V001047,Light Truck,11,3500,Diesel,92.72,220011.0
1047,V001048,Light Truck,11,3500,Diesel,99.13,114952.0
1048,V001049,Medium Truck,4,8000,Diesel,100.0,244375.0
1049,V001050,Van,10,1000,Petrol,87.5,227745.0
1050,V001051,Medium Truck,6,8000,Diesel,81.53,178060.0
1051,V001052,Medium Truck,5,8000,Diesel,80.16,101370.0
1052,V001053,Van,7,1000,Petrol,81.81,42961.0
1053,V001054,Motorbike,3,50,Petrol,84.11,252574.0
1054,V001055,Van,11,1000,Petrol,81.43,78213.0
1055,V001056,Heavy Truck,3,20000,Diesel,100.0,47341.0
1056,V001057,Light Truck,1,3500,Diesel,79.51,260379.0
1057,V001058,Van,11,1000,Petrol,73.01,163206.0
1058,V001059,Light Truck,13,3500,Diesel,74.69,211974.0
1059,V001060,Light Truck,2,3500,Diesel,64.52,64904.0
1060,V001061,Medium Truck,7,8000,Diesel,80.42,256584.0
1061,V001062,Van,9,1000,Petrol,64.29,199527.0
1062,V001063,Heavy Truck,6,20000,Diesel,75.76,159725.0
1063,V001064,Light Truck,12,3500,Diesel,99.49,198530.0
1064,V001065,Medium Truck,13,8000,Diesel,100.0,115814.0
1065,V001066,Van,10,1000,Petrol,69.34,159744.0
1066,V001067,Van,9,1000,Petrol,86.12,53831.0
1067,V001068,Van,8,1000,Petrol,58.74,274450.0
1068,V001069,Light Truck,10,3500,Diesel,87.99,176464.0
1069,V001070,Medium Truck,13,8000,Diesel,62.35,148026.0
1070,V001071,Light Truck,5,3500,Diesel,86.5,130890.0
1071,V001072,Heavy Truck,7,20000,Diesel,72.38,218137.0
1072,V001073,Heavy Truck,9,20000,Diesel,82.2,154817.0
1073,V001074,Medium Truck,6,8000,Diesel,84.39,215192.0
1074,V001075,Van,0,1000,Petrol,92.54,98065.0
1075,V001076,Heavy Truck,11,20000,Diesel,72.4,268891.0
1076,V001077,Van,12,1000,Petrol,69.6,201990.0
1077,V001078,Light Truck,8,3500,Diesel,73.61,191459.0
1078,V001079,Medium Truck,0,8000,Diesel,73.86,174417.0
1079,V001080,Medium Truck,5,8000,Diesel,89.77,89964.0
1080,V001081,Light Truck,4,3500,Diesel,70.23,155972.0
1081,V001082,Van,2,1000,Petrol,72.91,87837.0
1082,V001083,Van,13,1000,Petrol,90.8,273568.0
1083,V001084,Light Truck,14,3500,Diesel,86.78,175719.0
1084,V001085,Light Truck,1,3500,Diesel,96.75,71916.0
1085,V001086,Medium Truck,13,8000,Diesel,100.0,117859.0
1086,V001087,Medium Truck,0,8000,Diesel,73.69,129447.0
1087,V001088,Light Truck,10,3500,Diesel,62.76,271062.0
1088,V001089,Van,13,1000,Petrol,64.94,253238.0
1089,V001090,Light Truck,0,3500,Diesel,69.29,239519.0
1090,V001091,Medium Truck,6,8000,Diesel,86.35,286372.0
1091,V001092,Van,6,1000,Petrol,75.81,111195.0
1092,V001093,Van,11,1000,Petrol,71.95,101677.0
1093,V001094,Light Truck,3,3500,Diesel,97.12,190018.0
1094,V001095,Motorbike,13,50,Petrol,83.22,253112.0
1095,V001096,Medium Truck,12,8000,Diesel,55.62,128290.0
1096,V001097,Van,8,1000,Petrol,69.47,214110.0
1097,V001098,Heavy Truck,5,20000,Diesel,76.38,297118.0
1098,V001099,Medium Truck,12,8000,Diesel,65.89,144139.0
1099,V001100,Medium Truck,5,8000,Diesel,71.03,186789.0
1100,V001101,Light Truck,8,3500,Diesel,62.78,188602.0
1101,V001102,Light Truck,2,3500,Diesel,75.31,477254.0
1102,V001103,Van,6,1000,Petrol,66.06,115302.0
1103,V001104,Medium Truck,10,8000,Diesel,93.7,118829.0
1104,V001105,Light Truck,5,3500,Diesel,100.0,164153.0
1105,V001106,Van,3,1000,Petrol,54.47,114023.0
1106,V001107,Van,0,1000,Petrol,92.81,207793.0
1107,V001108,Van,10,1000,Petrol,84.0,167968.0
1108,V001109,Heavy Truck,7,20000,Diesel,100.0,318786.0
1109,V001110,Van,8,1000,Petrol,84.08,240736.0
1110,V001111,Heavy Truck,7,20000,Diesel,60.73,345339.0
1111,V001112,Light Truck,11,3500,Diesel,79.72,311125.0
1112,V001113,Medium Truck,4,8000,Diesel,94.08,243135.0
1113,V001114,Van,10,1000,Petrol,85.85,128278.0
1114,V001115,Heavy Truck,13,20000,Diesel,99.69,231600.0
1115,V001116,Heavy Truck,8,20000,Diesel,80.27,233345.0
1116,V001117,Van,0,1000,Petrol,92.69,306468.0
1117,V001118,Van,14,1000,Petrol,80.67,292091.0
1118,V001119,Medium Truck,14,8000,Diesel,59.82,174920.0
1119,V001120,Motorbike,14,50,Petrol,80.59,105405.0
1120,V001121,Medium Truck,5,8000,Diesel,67.59,186114.0
1121,V001122,Light Truck,12,3500,Diesel,76.56,243512.0
1122,V001123,Light Truck,0,3500,Diesel,94.06,164273.0
1123,V001124,Van,2,1000,Petrol,62.67,276707.0
1124,V001125,Medium Truck,5,8000,Diesel,90.3,137257.0
1125,V001126,Van,7,1000,Petrol,100.0,226441.0
1126,V001127,Motorbike,8,50,Petrol,66.88,200545.0
1127,V001128,Van,10,1000,Petrol,72.97,260524.0
1128,V001129,Light Truck,2,3500,Diesel,72.79,186928.0
1129,V001130,Medium Truck,4,8000,Diesel,76.64,107885.0
1130,V001131,Light Truck,0,3500,Diesel,78.79,40986.0
1131,V001132,Van,9,1000,Petrol,73.94,256307.0
1132,V001133,Heavy Truck,10,20000,Diesel,53.56,191384.0
1133,V001134,Medium Truck,0,8000,Diesel,87.22,253376.0
1134,V001135,Van,8,1000,Petrol,77.21,47073.0
1135,V001136,Van,8,1000,Petrol,69.43,88425.0
1136,V001137,Medium Truck,6,8000,Diesel,82.12,118145.0
1137,V001138,Light Truck,6,3500,Diesel,64.56,67170.0
1138,V001139,Heavy Truck,5,20000,Diesel,60.03,115321.0
1139,V001140,Light Truck,4,3500,Diesel,84.59,365635.0
1140,V001141,Van,8,1000,Petrol,98.77,162371.0
1141,V001142,Light Truck,12,3500,Diesel,83.38,67301.0
1142,V001143,Light Truck,12,3500,Diesel,65.36,257950.0
1143,V001144,Van,7,1000,Petrol,65.93,45598.0
1144,V001145,Van,11,1000,Petrol,71.77,102361.0
1145,V001146,Heavy Truck,6,20000,Diesel,92.7,62665.0
1146,V001147,Van,1,1000,Petrol,98.02,258935.0
1147,V001148,Light Truck,7,3500,Diesel,61.8,129998.0
1148,V001149,Van,5,1000,Petrol,73.39,193705.0
1149,V001150,Light Truck,4,3500,Diesel,73.2,289467.0
1150,V001151,Van,2,1000,Petrol,85.52,59005.0
1151,V001152,Van,13,1000,Petrol,100.0,46405.0
1152,V001153,Motorbike,2,50,Petrol,79.55,212695.0
1153,V001154,Van,2,1000,Petrol,83.49,229278.0
1154,V001155,Medium Truck,10,8000,Diesel,80.28,227804.0
1155,V001156,Van,14,1000,Petrol,76.16,227046.0
1156,V001157,Light Truck,7,3500,Diesel,64.52,59824.0
1157,V001158,Medium Truck,2,8000,Diesel,79.04,81760.0
1158,V001159,Heavy Truck,11,20000,Diesel,69.22,239445.0
1159,V001160,Light Truck,7,3500,Diesel,82.05,104742.0
1160,V001161,Light Truck,10,3500,Diesel,71.76,184118.0
1161,V001162,Van,2,1000,Petrol,66.7,281452.0
1162,V001163,Light Truck,8,3500,Diesel,88.69,194765.0
1163,V001164,Heavy Truck,13,20000,Diesel,68.51,176645.0
1164,V001165,Medium Truck,12,8000,Diesel,86.6,236969.0
1165,V001166,Medium Truck,11,8000,Diesel,98.41,258267.0
1166,V001167,Light Truck,9,3500,Diesel,80.68,258949.0
1167,V001168,Light Truck,11,3500,Diesel,61.77,247844.0
1168,V001169,Medium Truck,12,8000,Diesel,89.45,167572.0
1169,V001170,Medium Truck,4,8000,Diesel,100.0,58762.0
1170,V001171,Light Truck,14,3500,Diesel,87.75,176313.0
1171,V001172,Light Truck,11,3500,Diesel,57.6,54915.0
1172,V001173,Light Truck,8,3500,Diesel,78.03,97803.0
1173,V001174,Van,12,1000,Petrol,98.19,151922.0
1174,V001175,Van,11,1000,Petrol,75.48,218491.0
1175,V001176,Van,8,1000,Petrol,91.65,246437.0
1176,V001177,Van,11,1000,Petrol,64.41,82064.0
1177,V001178,Van,12,1000,Petrol,80.87,221419.0
1178,V001179,Light Truck,2,3500,Diesel,93.85,80461.0
1179,V001180,Medium Truck,6,8000,Diesel,73.81,114054.0
1180,V001181,Van,4,1000,Petrol,82.71,181768.0
1181,V001182,Van,5,1000,Petrol,85.99,397169.0
1182,V001183,Light Truck,6,3500,Diesel,88.92,168854.0
1183,V001184,Light Truck,5,3500,Diesel,79.09,211369.0
1184,V001185,Heavy Truck,5,20000,Diesel,69.37,1000.0
1185,V001186,Van,10,1000,Petrol,84.37,220122.0
1186,V001187,Medium Truck,12,8000,Diesel,92.9,390465.0
1187,V001188,Heavy Truck,9,20000,Diesel,83.91,210991.0
1188,V001189,Van,13,1000,Petrol,77.76,92325.0
1189,V001190,Van,11,1000,Petrol,95.57,206493.0
1190,V001191,Light Truck,7,3500,Diesel,100.0,1000.0
1191,V001192,Van,14,1000,Petrol,89.31,195563.0
1192,V001193,Van,14,1000,Petrol,70.01,192963.0
1193,V001194,Van,10,1000,Petrol,91.12,258634.0
1194,V001195,Van,0,1000,Petrol,80.13,181712.0
1195,V001196,Medium Truck,6,8000,Diesel,78.6,267178.0
1196,V001197,Light Truck,12,3500,Diesel,64.66,135888.0
1197,V001198,Heavy Truck,9,20000,Diesel,70.85,158144.0
1198,V001199,Light Truck,0,3500,Diesel,77.35,228989.0
1199,V001200,Light Truck,4,3500,Diesel,93.12,1000.0
1200,V001201,Motorbike,8,50,Petrol,94.91,278677.0
1201,V001202,Medium Truck,7,8000,Diesel,81.3,204591.0
1202,V001203,Light Truck,12,3500,Diesel,73.19,108592.0
1203,V001204,Medium Truck,7,8000,Diesel,69.03,378835.0
1204,V001205,Motorbike,8,50,Petrol,61.77,165068.0
1205,V001206,Heavy Truck,9,20000,Diesel,85.4,97002.0
1206,V001207,Light Truck,2,3500,Diesel,89.48,191088.0
1207,V001208,Van,10,1000,Petrol,94.01,95353.0
1208,V001209,Light Truck,1,3500,Diesel,74.56,194202.0
1209,V001210,Van,0,1000,Petrol,71.98,211093.0
1210,V001211,Van,4,1000,Petrol,83.0,232814.0
1211,V001212,Van,7,1000,Petrol,85.39,325033.0
1212,V001213,Heavy Truck,8,20000,Diesel,69.4,34229.0
1213,V001214,Medium Truck,4,8000,Diesel,87.64,135266.0
1214,V001215,Van,2,1000,Petrol,74.05,415376.0
1215,V001216,Van,3,1000,Petrol,86.79,126144.0
1216,V001217,Light Truck,1,3500,Diesel,71.91,290580.0
1217,V001218,Light Truck,4,3500,Diesel,91.81,204633.0
1218,V001219,Motorbike,2,50,Petrol,84.44,82033.0
1219,V001220,Medium Truck,5,8000,Diesel,88.78,218986.0
1220,V001221,Medium Truck,8,8000,Diesel,81.86,260287.0
1221,V001222,Medium Truck,1,8000,Diesel,77.11,284569.0
1222,V001223,Van,8,1000,Petrol,83.21,267954.0
1223,V001224,Van,1,1000,Petrol,100.0,194962.0
1224,V001225,Heavy Truck,4,20000,Diesel,76.36,304130.0
1225,V001226,Light Truck,7,3500,Diesel,69.06,247115.0
1226,V001227,Light Truck,2,3500,Diesel,72.9,124701.0
1227,V001228,Light Truck,1,3500,Diesel,73.07,149073.0
1228,V001229,Van,2,1000,Petrol,90.32,214549.0
1229,V001230,Light Truck,2,3500,Diesel,74.96,126669.0
1230,V001231,Heavy Truck,6,20000,Diesel,97.5,238484.0
1231,V001232,Van,3,1000,Petrol,77.73,400430.0
1232,V001233,Medium Truck,5,8000,Diesel,70.86,1000.0
1233,V001234,Medium Truck,1,8000,Diesel,57.69,159179.0
1234,V001235,Heavy Truck,4,20000,Diesel,84.61,118362.0
1235,V001236,Light Truck,1,3500,Diesel,72.72,168105.0
1236,V001237,Medium Truck,11,8000,Diesel,82.01,217851.0
1237,V001238,Medium Truck,1,8000,Diesel,82.47,89970.0
1238,V001239,Van,9,1000,Petrol,94.85,79002.0
1239,V001240,Medium Truck,6,8000,Diesel,100.0,245393.0
1240,V001241,Light Truck,8,3500,Diesel,89.64,232149.0
1241,V001242,Van,1,1000,Petrol,68.06,202404.0
1242,V001243,Van,11,1000,Petrol,86.48,120161.0
1243,V001244,Van,4,1000,Petrol,92.78,309742.0
1244,V001245,Van,11,1000,Petrol,96.83,46935.0
1245,V001246,Medium Truck,7,8000,Diesel,62.99,184246.0
1246,V001247,Medium Truck,13,8000,Diesel,89.54,216046.0
1247,V001248,Light Truck,12,3500,Diesel,73.56,94427.0
1248,V001249,Light Truck,1,3500,Diesel,84.57,123612.0
1249,V001250,Van,13,1000,Petrol,66.76,232364.0
1250,V001251,Light Truck,3,3500,Diesel,81.77,224251.0
1251,V001252,Van,2,1000,Petrol,74.48,306935.0
1252,V001253,Light Truck,13,3500,Diesel,84.15,115229.0
1253,V001254,Medium Truck,9,8000,Diesel,81.33,238702.0
1254,V001255,Light Truck,3,3500,Diesel,90.32,279849.0
1255,V001256,Light Truck,6,3500,Diesel,85.89,83163.0
1256,V001257,Light Truck,14,3500,Diesel,78.75,95549.0
1257,V001258,Light Truck,5,3500,Diesel,71.34,131104.0
1258,V001259,Van,9,1000,Petrol,91.62,193928.0
1259,V001260,Light Truck,2,3500,Diesel,75.01,264360.0
1260,V001261,Medium Truck,12,8000,Diesel,80.83,141509.0
1261,V001262,Light Truck,9,3500,Diesel,62.73,198472.0
1262,V001263,Van,14,1000,Petrol,59.44,296689.0
1263,V001264,Medium Truck,10,8000,Diesel,95.07,220254.0
1264,V001265,Heavy Truck,0,20000,Diesel,88.38,194691.0
1265,V001266,Light Truck,4,3500,Diesel,64.79,209813.0
1266,V001267,Van,7,1000,Petrol,85.18,159817.0
1267,V001268,Van,5,1000,Petrol,91.71,162157.0
1268,V001269,Light Truck,13,3500,Diesel,92.75,225175.0
1269,V001270,Medium Truck,11,8000,Diesel,78.74,111809.0
1270,V001271,Light Truck,5,3500,Diesel,97.2,120312.0
1271,V001272,Van,8,1000,Petrol,81.4,177892.0
1272,V001273,Medium Truck,2,8000,Diesel,100.0,316001.0
1273,V001274,Van,14,1000,Petrol,95.99,184909.0
1274,V001275,Heavy Truck,6,20000,Diesel,84.36,159940.0
1275,V001276,Medium Truck,9,8000,Diesel,79.69,212081.0
1276,V001277,Medium Truck,2,8000,Diesel,73.88,181478.0
1277,V001278,Heavy Truck,7,20000,Diesel,75.23,169469.0
1278,V001279,Medium Truck,14,8000,Diesel,80.89,231484.0
1279,V001280,Van,3,1000,Petrol,64.18,274753.0
1280,V001281,Van,3,1000,Petrol,100.0,243487.0
1281,V001282,Van,11,1000,Petrol,81.51,179347.0
1282,V001283,Medium Truck,8,8000,Diesel,94.2,177921.0
1283,V001284,Light Truck,14,3500,Diesel,87.07,65790.0
1284,V001285,Van,7,1000,Petrol,93.08,152912.0
1285,V001286,Medium Truck,6,8000,Diesel,92.08,292929.0
1286,V001287,Heavy Truck,14,20000,Diesel,86.24,440424.0
1287,V001288,Light Truck,3,3500,Diesel,67.16,1000.0
1288,V001289,Medium Truck,7,8000,Diesel,77.77,167305.0
1289,V001290,Medium Truck,0,8000,Diesel,73.12,126212.0
1290,V001291,Van,14,1000,Petrol,84.83,174169.0
1291,V001292,Heavy Truck,10,20000,Diesel,80.88,131711.0
1292,V001293,Van,2,1000,Petrol,84.75,72533.0
1293,V001294,Medium Truck,2,8000,Diesel,86.79,17122.0
1294,V001295,Light Truck,0,3500,Diesel,78.88,171609.0
1295,V001296,Van,8,1000,Petrol,82.37,329193.0
1296,V001297,Light Truck,14,3500,Diesel,96.57,135457.0
1297,V001298,Van,9,1000,Petrol,95.04,102022.0
1298,V001299,Van,0,1000,Petrol,71.94,152056.0
1299,V001300,Medium Truck,2,8000,Diesel,74.12,93602.0
1300,V001301,Van,2,1000,Petrol,100.0,291034.0
1301,V001302,Medium Truck,7,8000,Diesel,89.1,141614.0
1302,V001303,Van,6,1000,Petrol,85.78,138535.0
1303,V001304,Van,3,1000,Petrol,89.12,47465.0
1304,V001305,Heavy Truck,2,20000,Diesel,89.7,56458.0
1305,V001306,Medium Truck,0,8000,Diesel,80.84,234789.0
1306,V001307,Medium Truck,14,8000,Diesel,66.82,234921.0
1307,V001308,Light Truck,7,3500,Diesel,78.63,216718.0
1308,V001309,Van,9,1000,Petrol,79.55,207362.0
1309,V001310,Light Truck,1,3500,Diesel,84.7,109702.0
1310,V001311,Motorbike,6,50,Petrol,87.44,93202.0
1311,V001312,Light Truck,14,3500,Diesel,79.94,146464.0
1312,V001313,Heavy Truck,1,20000,Diesel,87.17,285973.0
1313,V001314,Medium Truck,6,8000,Diesel,86.21,267736.0
1314,V001315,Light Truck,6,3500,Diesel,81.0,202944.0
1315,V001316,Van,13,1000,Petrol,100.0,84395.0
1316,V001317,Van,10,1000,Petrol,94.73,163033.0
1317,V001318,Van,0,1000,Petrol,75.54,164596.0
1318,V001319,Van,6,1000,Petrol,70.55,165096.0
1319,V001320,Light Truck,11,3500,Diesel,90.23,97899.0
1320,V001321,Heavy Truck,13,20000,Diesel,76.59,185608.0
1321,V001322,Medium Truck,4,8000,Diesel,88.11,249108.0
1322,V001323,Van,1,1000,Petrol,83.91,69874.0
1323,V001324,Van,2,1000,Petrol,97.88,290378.0
1324,V001325,Light Truck,6,3500,Diesel,74.69,172264.0
1325,V001326,Van,14,1000,Petrol,84.52,236457.0
1326,V001327,Medium Truck,2,8000,Diesel,74.18,183904.0
1327,V001328,Motorbike,7,50,Petrol,91.07,111866.0
1328,V001329,Light Truck,7,3500,Diesel,89.87,125844.0
1329,V001330,Van,2,1000,Petrol,75.28,300115.0
1330,V001331,Heavy Truck,5,20000,Diesel,83.83,152188.0
1331,V001332,Medium Truck,9,8000,Diesel,92.92,209196.0
1332,V001333,Van,0,1000,Petrol,70.28,24836.0
1333,V001334,Van,11,1000,Petrol,94.87,185765.0
1334,V001335,Heavy Truck,3,20000,Diesel,81.79,226882.0
1335,V001336,Heavy Truck,5,20000,Diesel,56.49,184452.0
1336,V001337,Medium Truck,13,8000,Diesel,92.8,1000.0
1337,V001338,Light Truck,8,3500,Diesel,87.06,183628.0
1338,V001339,Light Truck,7,3500,Diesel,94.33,162936.0
1339,V001340,Van,8,1000,Petrol,81.11,343992.0
1340,V001341,Heavy Truck,14,20000,Diesel,86.2,99127.0
1341,V001342,Light Truck,0,3500,Diesel,68.98,166209.0
1342,V001343,Light Truck,12,3500,Diesel,75.64,19296.0
1343,V001344,Light Truck,3,3500,Diesel,71.64,307298.0
1344,V001345,Heavy Truck,8,20000,Diesel,93.77,328267.0
1345,V001346,Van,6,1000,Petrol,73.95,203015.0
1346,V001347,Medium Truck,14,8000,Diesel,86.13,334037.0
1347,V001348,Van,8,1000,Petrol,75.02,1000.0
1348,V001349,Medium Truck,12,8000,Diesel,88.23,266663.0
1349,V001350,Heavy Truck,12,20000,Diesel,76.7,287376.0
1350,V001351,Medium Truck,10,8000,Diesel,94.39,158228.0
1351,V001352,Van,0,1000,Petrol,81.05,311275.0
1352,V001353,Medium Truck,12,8000,Diesel,75.49,13398.0
1353,V001354,Light Truck,13,3500,Diesel,64.07,142978.0
1354,V001355,Heavy Truck,6,20000,Diesel,82.48,1000.0
1355,V001356,Medium Truck,3,8000,Diesel,66.92,244562.0
1356,V001357,Light Truck,7,3500,Diesel,70.96,189927.0
1357,V001358,Heavy Truck,2,20000,Diesel,66.35,156689.0
1358,V001359,Heavy Truck,12,20000,Diesel,78.48,234836.0
1359,V001360,Heavy Truck,7,20000,Diesel,94.68,178988.0
1360,V001361,Van,11,1000,Petrol,85.27,130756.0
1361,V001362,Medium Truck,3,8000,Diesel,96.35,176643.0
1362,V001363,Light Truck,13,3500,Diesel,100.0,154687.0
1363,V001364,Van,7,1000,Petrol,77.68,138151.0
1364,V001365,Light Truck,4,3500,Diesel,64.24,143771.0
1365,V001366,Van,13,1000,Petrol,92.03,205876.0
1366,V001367,Motorbike,14,50,Petrol,83.7,209485.0
1367,V001368,Light Truck,2,3500,Diesel,80.27,156786.0
1368,V001369,Medium Truck,10,8000,Diesel,92.22,269302.0
1369,V001370,Heavy Truck,9,20000,Diesel,77.86,193769.0
1370,V001371,Medium Truck,3,8000,Diesel,89.64,239933.0
1371,V001372,Medium Truck,1,8000,Diesel,78.42,221186.0
1372,V001373,Medium Truck,4,8000,Diesel,84.9,278391.0
1373,V001374,Heavy Truck,13,20000,Diesel,79.56,143929.0
1374,V001375,Medium Truck,0,8000,Diesel,79.34,184910.0
1375,V001376,Light Truck,12,3500,Diesel,76.37,96120.0
1376,V001377,Light Truck,4,3500,Diesel,100.0,230730.0
1377,V001378,Medium Truck,14,8000,Diesel,78.15,149083.0
1378,V001379,Medium Truck,11,8000,Diesel,81.43,130692.0
1379,V001380,Medium Truck,6,8000,Diesel,86.51,153444.0
1380,V001381,Medium Truck,13,8000,Diesel,63.35,251312.0
1381,V001382,Medium Truck,4,8000,Diesel,87.35,224449.0
1382,V001383,Van,5,1000,Petrol,89.75,216150.0
1383,V001384,Light Truck,0,3500,Diesel,85.24,245336.0
1384,V001385,Light Truck,2,3500,Diesel,92.47,136401.0
1385,V001386,Medium Truck,13,8000,Diesel,92.66,302620.0
1386,V001387,Light Truck,9,3500,Diesel,88.34,302226.0
1387,V001388,Light Truck,6,3500,Diesel,58.0,377394.0
1388,V001389,Van,1,1000,Petrol,77.84,352406.0
1389,V001390,Van,12,1000,Petrol,85.55,281362.0
1390,V001391,Van,3,1000,Petrol,71.89,266468.0
1391,V001392,Medium Truck,1,8000,Diesel,73.29,284681.0
1392,V001393,Light Truck,13,3500,Diesel,89.43,89184.0
1393,V001394,Light Truck,7,3500,Diesel,81.1,347729.0
1394,V001395,Light Truck,13,3500,Diesel,71.76,275439.0
1395,V001396,Light Truck,12,3500,Diesel,85.33,212211.0
1396,V001397,Van,12,1000,Petrol,94.39,68481.0
1397,V001398,Van,4,1000,Petrol,77.63,194200.0
1398,V001399,Motorbike,3,50,Petrol,61.98,20138.0
1399,V001400,Light Truck,8,3500,Diesel,93.71,131473.0
1400,V001401,Van,14,1000,Petrol,84.95,335332.0
1401,V001402,Medium Truck,0,8000,Diesel,83.86,148670.0
1402,V001403,Medium Truck,10,8000,Diesel,58.81,266819.0
1403,V001404,Light Truck,3,3500,Diesel,80.26,171095.0
1404,V001405,Medium Truck,2,8000,Diesel,81.96,245120.0
1405,V001406,Medium Truck,14,8000,Diesel,76.55,301986.0
1406,V001407,Medium Truck,0,8000,Diesel,94.01,266579.0
1407,V001408,Heavy Truck,6,20000,Diesel,75.81,178907.0
1408,V001409,Heavy Truck,5,20000,Diesel,80.57,137714.0
1409,V001410,Light Truck,1,3500,Diesel,73.83,217293.0
1410,V001411,Heavy Truck,13,20000,Diesel,62.99,379944.0
1411,V001412,Van,12,1000,Petrol,89.09,11803.0
1412,V001413,Medium Truck,12,8000,Diesel,77.51,237053.0
1413,V001414,Medium Truck,14,8000,Diesel,79.87,391986.0
1414,V001415,Van,9,1000,Petrol,90.85,89218.0
1415,V001416,Van,8,1000,Petrol,100.0,151324.0
1416,V001417,Light Truck,14,3500,Diesel,99.54,267903.0
1417,V001418,Van,10,1000,Petrol,97.23,217887.0
1418,V001419,Light Truck,8,3500,Diesel,97.62,167617.0
1419,V001420,Van,1,1000,Petrol,99.38,81123.0
1420,V001421,Heavy Truck,11,20000,Diesel,96.33,146948.0
1421,V001422,Heavy Truck,8,20000,Diesel,76.91,1000.0
1422,V001423,Medium Truck,11,8000,Diesel,78.41,247281.0
1423,V001424,Light Truck,7,3500,Diesel,92.98,11331.0
1424,V001425,Light Truck,8,3500,Diesel,96.73,370004.0
1425,V001426,Van,0,1000,Petrol,70.69,224727.0
1426,V001427,Van,1,1000,Petrol,77.91,201158.0
1427,V001428,Medium Truck,1,8000,Diesel,71.48,142627.0
1428,V001429,Light Truck,4,3500,Diesel,87.51,178796.0
1429,V001430,Van,4,1000,Petrol,75.47,281047.0
1430,V001431,Van,13,1000,Petrol,89.86,7955.0
1431,V001432,Van,7,1000,Petrol,86.54,219721.0
1432,V001433,Light Truck,3,3500,Diesel,72.82,163866.0
1433,V001434,Heavy Truck,7,20000,Diesel,90.43,244588.0
1434,V001435,Light Truck,11,3500,Diesel,80.25,159941.0
1435,V001436,Light Truck,0,3500,Diesel,81.18,225421.0
1436,V001437,Light Truck,5,3500,Diesel,78.17,193469.0
1437,V001438,Light Truck,5,3500,Diesel,97.2,139095.0
1438,V001439,Van,0,1000,Petrol,93.11,184431.0
1439,V001440,Medium Truck,3,8000,Diesel,55.76,311597.0
1440,V001441,Van,3,1000,Petrol,65.42,256338.0
1441,V001442,Heavy Truck,6,20000,Diesel,84.19,304013.0
1442,V001443,Van,13,1000,Petrol,97.29,80867.0
1443,V001444,Medium Truck,4,8000,Diesel,84.23,157261.0
1444,V001445,Medium Truck,12,8000,Diesel,73.12,158137.0
1445,V001446,Medium Truck,1,8000,Diesel,91.63,116802.0
1446,V001447,Van,12,1000,Petrol,75.23,180312.0
1447,V001448,Heavy Truck,10,20000,Diesel,75.37,100099.0
1448,V001449,Light Truck,6,3500,Diesel,73.3,1000.0
1449,V001450,Heavy Truck,0,20000,Diesel,95.86,145282.0
1450,V001451,Van,1,1000,Petrol,52.74,220617.0
1451,V001452,Heavy Truck,4,20000,Diesel,87.22,258755.0
1452,V001453,Van,10,1000,Petrol,85.24,104883.0
1453,V001454,Van,6,1000,Petrol,73.33,295472.0
1454,V001455,Van,3,1000,Petrol,76.52,232155.0
1455,V001456,Van,14,1000,Petrol,79.82,163077.0
1456,V001457,Light Truck,13,3500,Diesel,83.32,141094.0
1457,V001458,Van,6,1000,Petrol,100.0,349227.0
1458,V001459,Heavy Truck,1,20000,Diesel,84.03,174835.0
1459,V001460,Van,0,1000,Petrol,84.02,155737.0
1460,V001461,Medium Truck,1,8000,Diesel,96.82,172700.0
1461,V001462,Light Truck,7,3500,Diesel,98.9,129663.0
1462,V001463,Van,14,1000,Petrol,88.48,172597.0
1463,V001464,Light Truck,9,3500,Diesel,64.14,357728.0
1464,V001465,Light Truck,0,3500,Diesel,71.69,162286.0
1465,V001466,Van,10,1000,Petrol,100.0,134450.0
1466,V001467,Van,2,1000,Petrol,75.32,203374.0
1467,V001468,Van,0,1000,Petrol,72.18,250383.0
1468,V001469,Van,14,1000,Petrol,92.37,211982.0
1469,V001470,Medium Truck,10,8000,Diesel,74.2,105089.0
1470,V001471,Van,9,1000,Petrol,94.28,99386.0
1471,V001472,Heavy Truck,14,20000,Diesel,96.98,29450.0
1472,V001473,Heavy Truck,12,20000,Diesel,82.8,216723.0
1473,V001474,Van,10,1000,Petrol,76.72,131973.0
1474,V001475,Heavy Truck,12,20000,Diesel,77.7,204661.0
1475,V001476,Van,1,1000,Petrol,88.82,251246.0
1476,V001477,Motorbike,2,50,Petrol,74.92,115525.0
1477,V001478,Medium Truck,9,8000,Diesel,74.85,174450.0
1478,V001479,Medium Truck,9,8000,Diesel,78.16,225103.0
1479,V001480,Heavy Truck,3,20000,Diesel,76.47,48978.0
1480,V001481,Van,12,1000,Petrol,66.1,121705.0
1481,V001482,Van,5,1000,Petrol,88.66,355669.0
1482,V001483,Medium Truck,9,8000,Diesel,100.0,32552.0
1483,V001484,Light Truck,13,3500,Diesel,80.94,163339.0
1484,V001485,Light Truck,10,3500,Diesel,75.37,182460.0
1485,V001486,Medium Truck,12,8000,Diesel,69.7,254982.0
1486,V001487,Light Truck,10,3500,Diesel,81.46,166159.0
1487,V001488,Medium Truck,7,8000,Diesel,81.33,55277.0
1488,V001489,Light Truck,2,3500,Diesel,97.69,244253.0
1489,V001490,Heavy Truck,14,20000,Diesel,81.64,178323.0
1490,V001491,Medium Truck,12,8000,Diesel,83.24,188628.0
1491,V001492,Medium Truck,3,8000,Diesel,90.18,69853.0
1492,V001493,Light Truck,12,3500,Diesel,84.03,187614.0
1493,V001494,Light Truck,13,3500,Diesel,74.22,237343.0
1494,V001495,Light Truck,0,3500,Diesel,78.32,278586.0
1495,V001496,Medium Truck,9,8000,Diesel,85.07,124877.0
1496,V001497,Medium Truck,5,8000,Diesel,63.32,63703.0
1497,V001498,Light Truck,13,3500,Diesel,82.77,63847.0
1498,V001499,Medium Truck,6,8000,Diesel,83.72,291511.0
1499,V001500,Medium Truck,13,8000,Diesel,60.62,67702.0
1500,V001501,Van,2,1000,Petrol,54.22,298256.0
1501,V001502,Light Truck,9,3500,Diesel,88.09,212454.0
1502,V001503,Light Truck,5,3500,Diesel,71.76,301663.0
1503,V001504,Van,14,1000,Petrol,86.68,193565.0
1504,V001505,Heavy Truck,12,20000,Diesel,80.6,132267.0
1505,V001506,Medium Truck,1,8000,Diesel,69.96,201063.0
1506,V001507,Light Truck,5,3500,Diesel,87.84,189161.0
1507,V001508,Light Truck,4,3500,Diesel,100.0,92765.0
1508,V001509,Light Truck,1,3500,Diesel,100.0,105927.0
1509,V001510,Heavy Truck,11,20000,Diesel,58.06,213694.0
1510,V001511,Van,10,1000,Petrol,79.62,322717.0
1511,V001512,Heavy Truck,13,20000,Diesel,74.18,107467.0
1512,V001513,Medium Truck,8,8000,Diesel,63.56,206852.0
1513,V001514,Light Truck,9,3500,Diesel,82.32,22552.0
1514,V001515,Motorbike,8,50,Petrol,87.95,117146.0
1515,V001516,Medium Truck,10,8000,Diesel,84.67,189052.0
1516,V001517,Medium Truck,8,8000,Diesel,81.03,222536.0
1517,V001518,Heavy Truck,5,20000,Diesel,100.0,190203.0
1518,V001519,Light Truck,0,3500,Diesel,58.74,80470.0
1519,V001520,Van,8,1000,Petrol,58.94,151054.0
1520,V001521,Medium Truck,5,8000,Diesel,96.48,209406.0
1521,V001522,Van,10,1000,Petrol,84.62,172136.0
1522,V001523,Medium Truck,9,8000,Diesel,72.21,359633.0
1523,V001524,Light Truck,0,3500,Diesel,81.29,208618.0
1524,V001525,Medium Truck,14,8000,Diesel,73.14,1000.0
1525,V001526,Light Truck,0,3500,Diesel,82.03,170350.0
1526,V001527,Light Truck,1,3500,Diesel,63.09,314174.0
1527,V001528,Light Truck,2,3500,Diesel,93.56,239759.0
1528,V001529,Heavy Truck,6,20000,Diesel,72.35,132407.0
1529,V001530,Van,6,1000,Petrol,66.03,229012.0
1530,V001531,Light Truck,8,3500,Diesel,62.29,140988.0
1531,V001532,Medium Truck,6,8000,Diesel,66.98,239834.0
1532,V001533,Medium Truck,4,8000,Diesel,89.64,201055.0
1533,V001534,Medium Truck,1,8000,Diesel,82.18,175782.0
1534,V001535,Van,2,1000,Petrol,61.21,74022.0
1535,V001536,Light Truck,13,3500,Diesel,80.72,207908.0
1536,V001537,Light Truck,5,3500,Diesel,77.17,188957.0
1537,V001538,Van,8,1000,Petrol,67.91,51662.0
1538,V001539,Light Truck,12,3500,Diesel,69.8,216874.0
1539,V001540,Medium Truck,4,8000,Diesel,70.66,169359.0
1540,V001541,Van,0,1000,Petrol,79.78,204331.0
1541,V001542,Light Truck,10,3500,Diesel,84.91,353651.0
1542,V001543,Light Truck,14,3500,Diesel,91.33,130560.0
1543,V001544,Van,4,1000,Petrol,82.66,116542.0
1544,V001545,Medium Truck,10,8000,Diesel,85.87,91086.0
1545,V001546,Light Truck,6,3500,Diesel,78.78,263296.0
1546,V001547,Van,4,1000,Petrol,71.44,53473.0
1547,V001548,Van,3,1000,Petrol,65.77,211089.0
1548,V001549,Heavy Truck,5,20000,Diesel,78.83,328819.0
1549,V001550,Light Truck,0,3500,Diesel,87.27,118605.0
1550,V001551,Medium Truck,0,8000,Diesel,80.75,172093.0
1551,V001552,Light Truck,12,3500,Diesel,67.99,212850.0
1552,V001553,Van,4,1000,Petrol,74.04,270884.0
1553,V001554,Van,2,1000,Petrol,72.67,205689.0
1554,V001555,Van,13,1000,Petrol,77.25,236638.0
1555,V001556,Heavy Truck,4,20000,Diesel,93.82,172525.0
1556,V001557,Motorbike,0,50,Petrol,86.16,265844.0
1557,V001558,Medium Truck,6,8000,Diesel,92.68,221480.0
1558,V001559,Heavy Truck,6,20000,Diesel,92.73,9912.0
1559,V001560,Van,7,1000,Petrol,84.89,109403.0
1560,V001561,Heavy Truck,2,20000,Diesel,89.55,83247.0
1561,V001562,Heavy Truck,11,20000,Diesel,88.99,326604.0
1562,V001563,Medium Truck,6,8000,Diesel,92.37,277278.0
1563,V001564,Medium Truck,10,8000,Diesel,77.74,173131.0
1564,V001565,Heavy Truck,10,20000,Diesel,90.43,277903.0
1565,V001566,Heavy Truck,7,20000,Diesel,69.01,120833.0
1566,V001567,Heavy Truck,8,20000,Diesel,100.0,148148.0
1567,V001568,Medium Truck,13,8000,Diesel,83.94,108675.0
1568,V001569,Medium Truck,0,8000,Diesel,67.98,149762.0
1569,V001570,Light Truck,1,3500,Diesel,69.3,253238.0
1570,V001571,Medium Truck,6,8000,Diesel,72.18,128270.0
1571,V001572,Heavy Truck,0,20000,Diesel,83.77,231332.0
1572,V001573,Van,11,1000,Petrol,91.07,35566.0
1573,V001574,Light Truck,4,3500,Diesel,78.14,102504.0
1574,V001575,Heavy Truck,14,20000,Diesel,92.32,119743.0
1575,V001576,Light Truck,10,3500,Diesel,85.28,314425.0
1576,V001577,Heavy Truck,4,20000,Diesel,75.81,173952.0
1577,V001578,Light Truck,14,3500,Diesel,78.37,84320.0
1578,V001579,Heavy Truck,12,20000,Diesel,68.37,355240.0
1579,V001580,Motorbike,0,50,Petrol,77.94,126318.0
1580,V001581,Motorbike,1,50,Petrol,100.0,189261.0
1581,V001582,Medium Truck,3,8000,Diesel,91.15,138467.0
1582,V001583,Medium Truck,12,8000,Diesel,57.49,246455.0
1583,V001584,Van,7,1000,Petrol,77.06,216850.0
1584,V001585,Light Truck,1,3500,Diesel,87.94,240421.0
1585,V001586,Van,14,1000,Petrol,88.47,1000.0
1586,V001587,Light Truck,11,3500,Diesel,49.47,127977.0
1587,V001588,Medium Truck,0,8000,Diesel,73.97,213385.0
1588,V001589,Medium Truck,13,8000,Diesel,91.01,67567.0
1589,V001590,Light Truck,4,3500,Diesel,87.74,129296.0
1590,V001591,Medium Truck,9,8000,Diesel,87.91,257873.0
1591,V001592,Medium Truck,11,8000,Diesel,83.41,282719.0
1592,V001593,Light Truck,0,3500,Diesel,77.05,20099.0
1593,V001594,Medium Truck,10,8000,Diesel,93.84,190061.0
1594,V001595,Medium Truck,9,8000,Diesel,76.03,204409.0
1595,V001596,Van,8,1000,Petrol,79.09,174018.0
1596,V001597,Heavy Truck,9,20000,Diesel,100.0,146586.0
1597,V001598,Heavy Truck,0,20000,Diesel,78.55,169709.0
1598,V001599,Light Truck,4,3500,Diesel,86.44,183223.0
1599,V001600,Van,9,1000,Petrol,67.94,210063.0
1600,V001601,Heavy Truck,7,20000,Diesel,94.67,123546.0
1601,V001602,Light Truck,11,3500,Diesel,100.0,89471.0
1602,V001603,Medium Truck,12,8000,Diesel,82.48,154595.0
1603,V001604,Van,11,1000,Petrol,77.64,197842.0
1604,V001605,Medium Truck,6,8000,Diesel,72.9,205653.0
1605,V001606,Medium Truck,11,8000,Diesel,83.93,229429.0
1606,V001607,Medium Truck,8,8000,Diesel,94.6,44380.0
1607,V001608,Light Truck,3,3500,Diesel,100.0,259690.0
1608,V001609,Van,8,1000,Petrol,85.91,182672.0
1609,V001610,Heavy Truck,5,20000,Diesel,81.29,12777.0
1610,V001611,Van,8,1000,Petrol,81.58,266024.0
1611,V001612,Van,12,1000,Petrol,83.82,67552.0
1612,V001613,Light Truck,5,3500,Diesel,100.0,243676.0
1613,V001614,Heavy Truck,12,20000,Diesel,69.3,296029.0
1614,V001615,Medium Truck,10,8000,Diesel,98.78,74903.0
1615,V001616,Medium Truck,11,8000,Diesel,100.0,239316.0
1616,V001617,Light Truck,5,3500,Diesel,74.63,159279.0
1617,V001618,Light Truck,0,3500,Diesel,79.98,61047.0
1618,V001619,Medium Truck,1,8000,Diesel,86.23,184879.0
1619,V001620,Medium Truck,8,8000,Diesel,93.6,278729.0
1620,V001621,Light Truck,9,3500,Diesel,87.24,175162.0
1621,V001622,Van,10,1000,Petrol,94.18,242162.0
1622,V001623,Light Truck,5,3500,Diesel,82.18,89569.0
1623,V001624,Medium Truck,5,8000,Diesel,94.62,256895.0
1624,V001625,Medium Truck,1,8000,Diesel,70.82,338384.0
1625,V001626,Medium Truck,11,8000,Diesel,86.2,379789.0
1626,V001627,Medium Truck,12,8000,Diesel,72.42,250090.0
1627,V001628,Motorbike,11,50,Petrol,83.7,151870.0
1628,V001629,Van,4,1000,Petrol,88.4,293499.0
1629,V001630,Motorbike,7,50,Petrol,72.28,246255.0
1630,V001631,Van,12,1000,Petrol,91.73,155611.0
1631,V001632,Light Truck,1,3500,Diesel,91.32,108554.0
1632,V001633,Medium Truck,8,8000,Diesel,90.71,177810.0
1633,V001634,Medium Truck,5,8000,Diesel,72.9,155909.0
1634,V001635,Medium Truck,1,8000,Diesel,81.01,106902.0
1635,V001636,Medium Truck,4,8000,Diesel,76.26,261854.0
1636,V001637,Light Truck,12,3500,Diesel,90.69,84634.0
1637,V001638,Light Truck,14,3500,Diesel,81.54,188889.0
1638,V001639,Medium Truck,5,8000,Diesel,100.0,238753.0
1639,V001640,Light Truck,5,3500,Diesel,77.28,96860.0
1640,V001641,Medium Truck,12,8000,Diesel,64.87,205015.0
1641,V001642,Medium Truck,11,8000,Diesel,84.43,86341.0
1642,V001643,Light Truck,2,3500,Diesel,91.71,71372.0
1643,V001644,Medium Truck,5,8000,Diesel,65.94,318057.0
1644,V001645,Heavy Truck,10,20000,Diesel,95.25,349541.0
1645,V001646,Medium Truck,6,8000,Diesel,72.4,101642.0
1646,V001647,Medium Truck,7,8000,Diesel,100.0,61451.0
1647,V001648,Van,9,1000,Petrol,83.13,129920.0
1648,V001649,Van,9,1000,Petrol,83.41,251768.0
1649,V001650,Motorbike,9,50,Petrol,80.54,262323.0
1650,V001651,Van,0,1000,Petrol,93.48,199091.0
1651,V001652,Motorbike,5,50,Petrol,97.81,187328.0
1652,V001653,Medium Truck,14,8000,Diesel,84.53,7024.0
1653,V001654,Heavy Truck,0,20000,Diesel,100.0,193041.0
1654,V001655,Motorbike,14,50,Petrol,91.19,387593.0
1655,V001656,Light Truck,13,3500,Diesel,60.91,1000.0
1656,V001657,Heavy Truck,8,20000,Diesel,84.7,186741.0
1657,V001658,Light Truck,3,3500,Diesel,77.28,149001.0
1658,V001659,Medium Truck,8,8000,Diesel,75.81,168489.0
1659,V001660,Van,3,1000,Petrol,100.0,217073.0
1660,V001661,Van,8,1000,Petrol,96.65,345927.0
1661,V001662,Van,6,1000,Petrol,76.69,85348.0
1662,V001663,Light Truck,7,3500,Diesel,76.07,78816.0
1663,V001664,Van,6,1000,Petrol,93.98,145257.0
1664,V001665,Light Truck,4,3500,Diesel,66.85,135422.0
1665,V001666,Medium Truck,4,8000,Diesel,66.14,232101.0
1666,V001667,Light Truck,12,3500,Diesel,79.85,357417.0
1667,V001668,Medium Truck,0,8000,Diesel,87.37,80691.0
1668,V001669,Heavy Truck,3,20000,Diesel,78.36,239518.0
1669,V001670,Light Truck,14,3500,Diesel,74.45,116980.0
1670,V001671,Light Truck,13,3500,Diesel,62.48,160639.0
1671,V001672,Van,12,1000,Petrol,62.89,225545.0
1672,V001673,Light Truck,6,3500,Diesel,61.03,37846.0
1673,V001674,Medium Truck,0,8000,Diesel,70.26,220756.0
1674,V001675,Light Truck,3,3500,Diesel,100.0,194586.0
1675,V001676,Heavy Truck,10,20000,Diesel,76.12,423421.0
1676,V001677,Light Truck,4,3500,Diesel,82.7,212578.0
1677,V001678,Van,11,1000,Petrol,61.24,64028.0
1678,V001679,Light Truck,10,3500,Diesel,81.41,65836.0
1679,V001680,Heavy Truck,0,20000,Diesel,73.15,317733.0
1680,V001681,Medium Truck,10,8000,Diesel,87.38,249953.0
1681,V001682,Light Truck,11,3500,Diesel,81.96,157562.0
1682,V001683,Light Truck,5,3500,Diesel,92.17,44959.0
1683,V001684,Heavy Truck,0,20000,Diesel,98.44,317976.0
1684,V001685,Medium Truck,2,8000,Diesel,81.18,160419.0
1685,V001686,Van,1,1000,Petrol,86.82,89956.0
1686,V001687,Van,6,1000,Petrol,62.81,1000.0
1687,V001688,Medium Truck,7,8000,Diesel,77.58,151816.0
1688,V001689,Medium Truck,4,8000,Diesel,75.15,117721.0
1689,V001690,Light Truck,1,3500,Diesel,81.4,138504.0
1690,V001691,Heavy Truck,10,20000,Diesel,78.38,111710.0
1691,V001692,Medium Truck,8,8000,Diesel,77.27,215539.0
1692,V001693,Light Truck,12,3500,Diesel,88.94,159694.0
1693,V001694,Light Truck,8,3500,Diesel,81.64,245086.0
1694,V001695,Medium Truck,11,8000,Diesel,71.38,185342.0
1695,V001696,Van,5,1000,Petrol,67.96,57271.0
1696,V001697,Van,1,1000,Petrol,91.32,339664.0
1697,V001698,Light Truck,4,3500,Diesel,92.29,187318.0
1698,V001699,Medium Truck,6,8000,Diesel,68.92,132831.0
1699,V001700,Van,4,1000,Petrol,88.42,195834.0
1700,V001701,Medium Truck,1,8000,Diesel,91.58,204744.0
1701,V001702,Heavy Truck,11,20000,Diesel,100.0,171830.0
1702,V001703,Heavy Truck,1,20000,Diesel,98.19,199125.0
1703,V001704,Medium Truck,4,8000,Diesel,82.59,245292.0
1704,V001705,Light Truck,3,3500,Diesel,97.35,141675.0
1705,V001706,Van,3,1000,Petrol,71.71,302746.0
1706,V001707,Medium Truck,7,8000,Diesel,98.1,101162.0
1707,V001708,Light Truck,11,3500,Diesel,93.84,221265.0
1708,V001709,Motorbike,4,50,Petrol,74.56,231379.0
1709,V001710,Light Truck,3,3500,Diesel,70.93,22247.0
1710,V001711,Medium Truck,0,8000,Diesel,77.33,23057.0
1711,V001712,Medium Truck,13,8000,Diesel,83.07,301378.0
1712,V001713,Light Truck,11,3500,Diesel,83.04,99417.0
1713,V001714,Light Truck,10,3500,Diesel,64.53,219791.0
1714,V001715,Light Truck,8,3500,Diesel,92.27,167247.0
1715,V001716,Van,2,1000,Petrol,98.8,202447.0
1716,V001717,Heavy Truck,14,20000,Diesel,71.65,140580.0
1717,V001718,Medium Truck,1,8000,Diesel,79.51,151876.0
1718,V001719,Heavy Truck,13,20000,Diesel,95.23,352740.0
1719,V001720,Heavy Truck,6,20000,Diesel,94.43,222840.0
1720,V001721,Van,12,1000,Petrol,100.0,232526.0
1721,V001722,Light Truck,4,3500,Diesel,89.22,200724.0
1722,V001723,Medium Truck,5,8000,Diesel,77.65,234972.0
1723,V001724,Light Truck,3,3500,Diesel,87.12,172860.0
1724,V001725,Heavy Truck,6,20000,Diesel,80.45,190313.0
1725,V001726,Van,7,1000,Petrol,89.13,49482.0
1726,V001727,Van,7,1000,Petrol,60.14,357021.0
1727,V001728,Heavy Truck,6,20000,Diesel,91.41,202453.0
1728,V001729,Medium Truck,6,8000,Diesel,79.24,214451.0
1729,V001730,Light Truck,0,3500,Diesel,85.59,112867.0
1730,V001731,Van,3,1000,Petrol,85.7,120453.0
1731,V001732,Van,1,1000,Petrol,81.83,368619.0
1732,V001733,Light Truck,14,3500,Diesel,82.73,174501.0
1733,V001734,Light Truck,1,3500,Diesel,76.27,271766.0
1734,V001735,Light Truck,1,3500,Diesel,85.0,202661.0
1735,V001736,Heavy Truck,8,20000,Diesel,97.46,113417.0
1736,V001737,Medium Truck,3,8000,Diesel,81.11,187006.0
1737,V001738,Van,2,1000,Petrol,58.84,342846.0
1738,V001739,Light Truck,0,3500,Diesel,62.18,235408.0
1739,V001740,Light Truck,6,3500,Diesel,96.42,65815.0
1740,V001741,Light Truck,0,3500,Diesel,93.85,267224.0
1741,V001742,Medium Truck,0,8000,Diesel,79.46,251154.0
1742,V001743,Van,8,1000,Petrol,85.15,322029.0
1743,V001744,Light Truck,2,3500,Diesel,77.21,171709.0
1744,V001745,Light Truck,5,3500,Diesel,86.03,269224.0
1745,V001746,Medium Truck,13,8000,Diesel,84.56,207899.0
1746,V001747,Light Truck,12,3500,Diesel,80.67,369244.0
1747,V001748,Light Truck,12,3500,Diesel,96.54,162670.0
1748,V001749,Van,13,1000,Petrol,78.15,261455.0
1749,V001750,Medium Truck,2,8000,Diesel,67.08,280976.0
1750,V001751,Van,13,1000,Petrol,58.79,283609.0
1751,V001752,Light Truck,8,3500,Diesel,78.89,228700.0
1752,V001753,Medium Truck,4,8000,Diesel,82.83,152098.0
1753,V001754,Van,8,1000,Petrol,68.64,286023.0
1754,V001755,Medium Truck,13,8000,Diesel,98.45,275828.0
1755,V001756,Van,4,1000,Petrol,61.97,122802.0
1756,V001757,Medium Truck,13,8000,Diesel,68.36,194768.0
1757,V001758,Light Truck,4,3500,Diesel,93.48,215425.0
1758,V001759,Medium Truck,8,8000,Diesel,74.54,176238.0
1759,V001760,Medium Truck,4,8000,Diesel,76.37,79354.0
1760,V001761,Heavy Truck,13,20000,Diesel,38.69,120822.0
1761,V001762,Medium Truck,13,8000,Diesel,65.15,135557.0
1762,V001763,Medium Truck,3,8000,Diesel,78.63,23832.0
1763,V001764,Light Truck,11,3500,Diesel,78.25,187202.0
1764,V001765,Light Truck,11,3500,Diesel,83.66,102334.0
1765,V001766,Light Truck,6,3500,Diesel,98.93,166799.0
1766,V001767,Medium Truck,0,8000,Diesel,75.24,251812.0
1767,V001768,Medium Truck,12,8000,Diesel,77.97,228808.0
1768,V001769,Light Truck,14,3500,Diesel,89.94,61181.0
1769,V001770,Light Truck,13,3500,Diesel,75.81,298065.0
1770,V001771,Van,4,1000,Petrol,80.2,299627.0
1771,V001772,Van,3,1000,Petrol,79.08,224241.0
1772,V001773,Medium Truck,14,8000,Diesel,80.07,100162.0
1773,V001774,Van,10,1000,Petrol,77.82,151576.0
1774,V001775,Van,4,1000,Petrol,72.92,24473.0
1775,V001776,Van,10,1000,Petrol,71.8,234639.0
1776,V001777,Light Truck,9,3500,Diesel,79.02,232008.0
1777,V001778,Light Truck,10,3500,Diesel,85.67,304542.0
1778,V001779,Medium Truck,14,8000,Diesel,88.97,182929.0
1779,V001780,Medium Truck,0,8000,Diesel,82.59,1000.0
1780,V001781,Heavy Truck,5,20000,Diesel,87.34,208245.0
1781,V001782,Light Truck,3,3500,Diesel,63.51,225015.0
1782,V001783,Heavy Truck,7,20000,Diesel,88.32,1000.0
1783,V001784,Light Truck,8,3500,Diesel,72.74,157461.0
1784,V001785,Medium Truck,8,8000,Diesel,100.0,120835.0
1785,V001786,Medium Truck,6,8000,Diesel,85.31,241765.0
1786,V001787,Light Truck,2,3500,Diesel,100.0,134682.0
1787,V001788,Heavy Truck,1,20000,Diesel,88.87,61644.0
1788,V001789,Medium Truck,7,8000,Diesel,85.55,222953.0
1789,V001790,Van,4,1000,Petrol,96.59,229638.0
1790,V001791,Van,11,1000,Petrol,91.1,18321.0
1791,V001792,Van,4,1000,Petrol,84.05,35331.0
1792,V001793,Motorbike,4,50,Petrol,100.0,49027.0
1793,V001794,Motorbike,2,50,Petrol,74.48,316600.0
1794,V001795,Van,3,1000,Petrol,79.53,223657.0
1795,V001796,Light Truck,5,3500,Diesel,70.78,91489.0
1796,V001797,Light Truck,9,3500,Diesel,87.32,127603.0
1797,V001798,Light Truck,5,3500,Diesel,83.95,307363.0
1798,V001799,Medium Truck,12,8000,Diesel,73.37,249027.0
1799,V001800,Van,9,1000,Petrol,93.14,211370.0
1800,V001801,Medium Truck,8,8000,Diesel,100.0,202077.0
1801,V001802,Light Truck,1,3500,Diesel,75.98,360923.0
1802,V001803,Light Truck,12,3500,Diesel,68.24,153031.0
1803,V001804,Van,12,1000,Petrol,100.0,169789.0
1804,V001805,Light Truck,14,3500,Diesel,63.65,389975.0
1805,V001806,Van,4,1000,Petrol,87.28,306035.0
1806,V001807,Van,13,1000,Petrol,95.49,131165.0
1807,V001808,Van,2,1000,Petrol,87.1,94477.0
1808,V001809,Van,11,1000,Petrol,93.65,75427.0
1809,V001810,Motorbike,3,50,Petrol,58.87,154765.0
1810,V001811,Van,8,1000,Petrol,78.9,141163.0
1811,V001812,Light Truck,5,3500,Diesel,91.55,32946.0
1812,V001813,Medium Truck,12,8000,Diesel,68.14,365081.0
1813,V001814,Medium Truck,11,8000,Diesel,85.17,195790.0
1814,V001815,Heavy Truck,4,20000,Diesel,96.88,52453.0
1815,V001816,Van,0,1000,Petrol,76.72,211839.0
1816,V001817,Medium Truck,14,8000,Diesel,63.99,157510.0
1817,V001818,Van,2,1000,Petrol,96.31,211530.0
1818,V001819,Van,1,1000,Petrol,82.83,62951.0
1819,V001820,Light Truck,4,3500,Diesel,73.1,222428.0
1820,V001821,Van,0,1000,Petrol,73.17,20751.0
1821,V001822,Van,0,1000,Petrol,65.36,274397.0
1822,V001823,Light Truck,8,3500,Diesel,76.62,294678.0
1823,V001824,Van,8,1000,Petrol,86.09,136861.0
1824,V001825,Light Truck,5,3500,Diesel,84.44,300524.0
1825,V001826,Van,3,1000,Petrol,92.55,291711.0
1826,V001827,Van,12,1000,Petrol,100.0,179261.0
1827,V001828,Light Truck,1,3500,Diesel,86.7,140021.0
1828,V001829,Light Truck,2,3500,Diesel,85.59,174639.0
1829,V001830,Light Truck,7,3500,Diesel,66.31,157702.0
1830,V001831,Medium Truck,9,8000,Diesel,76.7,229267.0
1831,V001832,Medium Truck,8,8000,Diesel,100.0,169741.0
1832,V001833,Heavy Truck,14,20000,Diesel,65.93,344741.0
1833,V001834,Light Truck,9,3500,Diesel,65.55,128818.0
1834,V001835,Light Truck,10,3500,Diesel,100.0,307439.0
1835,V001836,Van,4,1000,Petrol,77.44,199199.0
1836,V001837,Heavy Truck,7,20000,Diesel,95.44,19366.0
1837,V001838,Light Truck,10,3500,Diesel,60.89,265430.0
1838,V001839,Light Truck,4,3500,Diesel,75.18,135408.0
1839,V001840,Medium Truck,6,8000,Diesel,76.76,168299.0
1840,V001841,Medium Truck,1,8000,Diesel,76.15,300559.0
1841,V001842,Van,13,1000,Petrol,83.82,102929.0
1842,V001843,Medium Truck,2,8000,Diesel,65.54,274726.0
1843,V001844,Light Truck,13,3500,Diesel,91.13,102397.0
1844,V001845,Van,6,1000,Petrol,72.77,156884.0
1845,V001846,Light Truck,2,3500,Diesel,90.68,218529.0
1846,V001847,Medium Truck,2,8000,Diesel,70.07,6452.0
1847,V001848,Light Truck,5,3500,Diesel,81.86,146013.0
1848,V001849,Van,1,1000,Petrol,81.96,142513.0
1849,V001850,Light Truck,12,3500,Diesel,99.86,98873.0
1850,V001851,Van,4,1000,Petrol,82.26,353013.0
1851,V001852,Light Truck,12,3500,Diesel,85.79,71129.0
1852,V001853,Van,11,1000,Petrol,88.0,244425.0
1853,V001854,Light Truck,11,3500,Diesel,57.61,213387.0
1854,V001855,Van,11,1000,Petrol,84.08,287763.0
1855,V001856,Heavy Truck,13,20000,Diesel,69.53,92438.0
1856,V001857,Light Truck,9,3500,Diesel,72.7,36198.0
1857,V001858,Light Truck,12,3500,Diesel,62.35,272109.0
1858,V001859,Van,7,1000,Petrol,86.19,36770.0
1859,V001860,Heavy Truck,1,20000,Diesel,80.79,249593.0
1860,V001861,Medium Truck,14,8000,Diesel,67.17,246431.0
1861,V001862,Heavy Truck,14,20000,Diesel,87.48,177916.0
1862,V001863,Heavy Truck,8,20000,Diesel,77.39,265398.0
1863,V001864,Light Truck,10,3500,Diesel,68.46,178082.0
1864,V001865,Van,12,1000,Petrol,63.41,245931.0
1865,V001866,Light Truck,14,3500,Diesel,71.01,242134.0
1866,V001867,Van,0,1000,Petrol,92.5,194570.0
1867,V001868,Van,5,1000,Petrol,77.37,161867.0
1868,V001869,Van,9,1000,Petrol,85.37,326959.0
1869,V001870,Light Truck,12,3500,Diesel,66.39,271537.0
1870,V001871,Medium Truck,2,8000,Diesel,70.37,35580.0
1871,V001872,Motorbike,0,50,Petrol,75.15,143796.0
1872,V001873,Van,11,1000,Petrol,67.29,137059.0
1873,V001874,Light Truck,12,3500,Diesel,84.01,223754.0
1874,V001875,Motorbike,9,50,Petrol,88.72,278539.0
1875,V001876,Light Truck,12,3500,Diesel,66.82,112682.0
1876,V001877,Van,2,1000,Petrol,94.27,254644.0
1877,V001878,Medium Truck,12,8000,Diesel,65.57,197757.0
1878,V001879,Van,2,1000,Petrol,62.72,230893.0
1879,V001880,Light Truck,14,3500,Diesel,69.13,281423.0
1880,V001881,Motorbike,12,50,Petrol,90.82,68959.0
1881,V001882,Light Truck,2,3500,Diesel,77.76,80969.0
1882,V001883,Medium Truck,9,8000,Diesel,86.43,145418.0
1883,V001884,Heavy Truck,8,20000,Diesel,95.67,302399.0
1884,V001885,Heavy Truck,10,20000,Diesel,87.38,151820.0
1885,V001886,Medium Truck,11,8000,Diesel,83.52,200559.0
1886,V001887,Medium Truck,13,8000,Diesel,86.35,296781.0
1887,V001888,Medium Truck,4,8000,Diesel,75.8,172639.0
1888,V001889,Heavy Truck,5,20000,Diesel,95.44,88556.0
1889,V001890,Heavy Truck,6,20000,Diesel,65.29,304778.0
1890,V001891,Van,5,1000,Petrol,76.82,76558.0
1891,V001892,Light Truck,4,3500,Diesel,100.0,138787.0
1892,V001893,Light Truck,7,3500,Diesel,82.9,166942.0
1893,V001894,Van,3,1000,Petrol,100.0,14128.0
1894,V001895,Van,5,1000,Petrol,71.67,157238.0
1895,V001896,Light Truck,14,3500,Diesel,81.97,223641.0
1896,V001897,Van,4,1000,Petrol,83.69,153561.0
1897,V001898,Light Truck,12,3500,Diesel,87.86,1000.0
1898,V001899,Van,8,1000,Petrol,93.48,117423.0
1899,V001900,Van,5,1000,Petrol,77.57,1000.0
1900,V001901,Light Truck,1,3500,Diesel,50.93,189971.0
1901,V001902,Heavy Truck,1,20000,Diesel,90.84,110151.0
1902,V001903,Light Truck,8,3500,Diesel,100.0,278625.0
1903,V001904,Van,14,1000,Petrol,99.2,47948.0
1904,V001905,Medium Truck,10,8000,Diesel,77.91,309516.0
1905,V001906,Van,14,1000,Petrol,64.9,287653.0
1906,V001907,Motorbike,11,50,Petrol,100.0,291777.0
1907,V001908,Light Truck,2,3500,Diesel,77.64,127900.0
1908,V001909,Light Truck,10,3500,Diesel,94.71,357286.0
1909,V001910,Van,5,1000,Petrol,89.02,321871.0
1910,V001911,Van,8,1000,Petrol,99.05,247527.0
1911,V001912,Medium Truck,12,8000,Diesel,97.35,188795.0
1912,V001913,Light Truck,4,3500,Diesel,79.54,293431.0
1913,V001914,Medium Truck,3,8000,Diesel,89.55,251599.0
1914,V001915,Van,3,1000,Petrol,47.63,3420.0
1915,V001916,Van,9,1000,Petrol,70.03,222871.0
1916,V001917,Van,13,1000,Petrol,100.0,307289.0
1917,V001918,Medium Truck,11,8000,Diesel,78.24,282580.0
1918,V001919,Medium Truck,2,8000,Diesel,91.25,94571.0
1919,V001920,Medium Truck,8,8000,Diesel,92.61,145633.0
1920,V001921,Van,12,1000,Petrol,93.54,117032.0
1921,V001922,Van,8,1000,Petrol,92.79,95667.0
1922,V001923,Van,7,1000,Petrol,91.85,181337.0
1923,V001924,Medium Truck,13,8000,Diesel,100.0,215295.0
1924,V001925,Heavy Truck,11,20000,Diesel,75.47,137541.0
1925,V001926,Heavy Truck,5,20000,Diesel,74.26,261287.0
1926,V001927,Heavy Truck,10,20000,Diesel,61.3,118925.0
1927,V001928,Light Truck,5,3500,Diesel,86.51,188644.0
1928,V001929,Heavy Truck,10,20000,Diesel,81.14,58219.0
1929,V001930,Medium Truck,5,8000,Diesel,86.01,174018.0
1930,V001931,Van,11,1000,Petrol,76.99,277804.0
1931,V001932,Light Truck,10,3500,Diesel,78.38,175020.0
1932,V001933,Light Truck,1,3500,Diesel,79.41,386884.0
1933,V001934,Medium Truck,0,8000,Diesel,77.93,314902.0
1934,V001935,Medium Truck,6,8000,Diesel,97.19,405230.0
1935,V001936,Light Truck,4,3500,Diesel,57.58,205302.0
1936,V001937,Light Truck,6,3500,Diesel,94.05,101537.0
1937,V001938,Van,11,1000,Petrol,100.0,1000.0
1938,V001939,Medium Truck,9,8000,Diesel,70.86,171341.0
1939,V001940,Van,4,1000,Petrol,67.59,93228.0
1940,V001941,Medium Truck,1,8000,Diesel,82.04,205702.0
1941,V001942,Medium Truck,9,8000,Diesel,84.67,29694.0
1942,V001943,Van,8,1000,Petrol,74.21,134147.0
1943,V001944,Light Truck,5,3500,Diesel,81.34,42474.0
1944,V001945,Van,8,1000,Petrol,78.16,70458.0
1945,V001946,Light Truck,7,3500,Diesel,79.22,221467.0
1946,V001947,Medium Truck,8,8000,Diesel,85.59,138096.0
1947,V001948,Van,12,1000,Petrol,75.49,225009.0
1948,V001949,Light Truck,1,3500,Diesel,88.08,247724.0
1949,V001950,Van,6,1000,Petrol,89.44,114819.0
1950,V001951,Light Truck,3,3500,Diesel,100.0,188070.0
1951,V001952,Van,0,1000,Petrol,99.82,318137.0
1952,V001953,Medium Truck,4,8000,Diesel,70.28,209886.0
1953,V001954,Light Truck,5,3500,Diesel,84.25,262346.0
1954,V001955,Van,5,1000,Petrol,73.77,222536.0
1955,V001956,Van,2,1000,Petrol,83.8,162112.0
1956,V001957,Medium Truck,0,8000,Diesel,91.62,32680.0
1957,V001958,Light Truck,3,3500,Diesel,61.93,288629.0
1958,V001959,Medium Truck,14,8000,Diesel,100.0,250596.0
1959,V001960,Medium Truck,10,8000,Diesel,100.0,192395.0
1960,V001961,Van,1,1000,Petrol,79.67,15097.0
1961,V001962,Medium Truck,9,8000,Diesel,94.35,181097.0
1962,V001963,Van,11,1000,Petrol,82.66,168912.0
1963,V001964,Van,12,1000,Petrol,90.06,204840.0
1964,V001965,Van,12,1000,Petrol,98.47,408876.0
1965,V001966,Van,2,1000,Petrol,79.58,264080.0
1966,V001967,Medium Truck,7,8000,Diesel,77.62,191317.0
1967,V001968,Light Truck,9,3500,Diesel,82.35,1000.0
1968,V001969,Van,6,1000,Petrol,56.67,98435.0
1969,V001970,Light Truck,8,3500,Diesel,98.0,14021.0
1970,V001971,Light Truck,2,3500,Diesel,95.61,136776.0
1971,V001972,Light Truck,1,3500,Diesel,66.28,106342.0
1972,V001973,Medium Truck,9,8000,Diesel,89.72,239544.0
1973,V001974,Medium Truck,9,8000,Diesel,94.75,142481.0
1974,V001975,Heavy Truck,1,20000,Diesel,92.0,325519.0
1975,V001976,Van,1,1000,Petrol,84.35,198758.0
1976,V001977,Light Truck,6,3500,Diesel,80.37,268222.0
1977,V001978,Motorbike,2,50,Petrol,55.53,149991.0
1978,V001979,Light Truck,11,3500,Diesel,90.56,399234.0
1979,V001980,Van,3,1000,Petrol,99.66,208929.0
1980,V001981,Medium Truck,8,8000,Diesel,85.45,122664.0
1981,V001982,Van,1,1000,Petrol,62.55,195488.0
1982,V001983,Van,1,1000,Petrol,85.9,217611.0
1983,V001984,Light Truck,9,3500,Diesel,98.97,203722.0
1984,V001985,Van,7,1000,Petrol,70.01,254933.0
1985,V001986,Heavy Truck,10,20000,Diesel,75.9,205205.0
1986,V001987,Light Truck,0,3500,Diesel,100.0,146608.0
1987,V001988,Medium Truck,8,8000,Diesel,79.22,105934.0
1988,V001989,Medium Truck,13,8000,Diesel,91.22,122294.0
1989,V001990,Heavy Truck,10,20000,Diesel,59.74,161890.0
1990,V001991,Van,8,1000,Petrol,88.95,258451.0
1991,V001992,Van,5,1000,Petrol,85.67,72021.0
1992,V001993,Van,8,1000,Petrol,98.15,212017.0
1993,V001994,Van,4,1000,Petrol,82.13,94757.0
1994,V001995,Light Truck,12,3500,Diesel,82.02,330863.0
1995,V001996,Medium Truck,4,8000,Diesel,70.88,180906.0
1996,V001997,Light Truck,8,3500,Diesel,68.06,93208.0
1997,V001998,Medium Truck,11,8000,Diesel,65.32,374257.0
1998,V001999,Medium Truck,10,8000,Diesel,73.73,267305.0
1999,V002000,Van,7,1000,Petrol,82.8,154243.0
2000,V002001,Van,14,1000,Petrol,75.87,50916.0
2001,V002002,Light Truck,4,3500,Diesel,87.82,63846.0
2002,V002003,Van,1,1000,Petrol,69.47,1000.0
2003,V002004,Light Truck,6,3500,Diesel,67.4,352636.0
2004,V002005,Heavy Truck,5,20000,Diesel,88.52,63322.0
2005,V002006,Light Truck,7,3500,Diesel,93.57,228902.0
2006,V002007,Motorbike,10,50,Petrol,78.69,206467.0
2007,V002008,Van,8,1000,Petrol,69.43,251633.0
2008,V002009,Light Truck,4,3500,Diesel,81.5,295421.0
2009,V002010,Heavy Truck,1,20000,Diesel,78.9,317939.0
2010,V002011,Van,0,1000,Petrol,89.38,95467.0
2011,V002012,Medium Truck,10,8000,Diesel,93.13,195877.0
2012,V002013,Medium Truck,9,8000,Diesel,85.15,203396.0
2013,V002014,Motorbike,8,50,Petrol,85.74,15894.0
2014,V002015,Van,12,1000,Petrol,78.03,120831.0
2015,V002016,Medium Truck,11,8000,Diesel,97.2,120213.0
2016,V002017,Medium Truck,14,8000,Diesel,83.8,51617.0
2017,V002018,Light Truck,1,3500,Diesel,77.97,237410.0
2018,V002019,Light Truck,4,3500,Diesel,92.5,154195.0
2019,V002020,Light Truck,8,3500,Diesel,72.01,100438.0
2020,V002021,Light Truck,11,3500,Diesel,77.72,69082.0
2021,V002022,Van,4,1000,Petrol,100.0,233542.0
2022,V002023,Heavy Truck,1,20000,Diesel,88.36,413177.0
2023,V002024,Van,5,1000,Petrol,72.68,152889.0
2024,V002025,Medium Truck,11,8000,Diesel,64.2,310967.0
2025,V002026,Light Truck,8,3500,Diesel,82.95,204506.0
2026,V002027,Heavy Truck,7,20000,Diesel,84.85,157142.0
2027,V002028,Van,9,1000,Petrol,100.0,178820.0
2028,V002029,Medium Truck,6,8000,Diesel,95.56,213087.0
2029,V002030,Light Truck,3,3500,Diesel,80.85,283500.0
2030,V002031,Van,6,1000,Petrol,83.98,97070.0
2031,V002032,Light Truck,11,3500,Diesel,95.34,210287.0
2032,V002033,Van,10,1000,Petrol,64.47,104129.0
2033,V002034,Light Truck,13,3500,Diesel,76.33,282888.0
2034,V002035,Van,8,1000,Petrol,88.02,249324.0
2035,V002036,Light Truck,6,3500,Diesel,90.79,240293.0
2036,V002037,Van,6,1000,Petrol,75.43,168600.0
2037,V002038,Medium Truck,13,8000,Diesel,77.65,172701.0
2038,V002039,Light Truck,12,3500,Diesel,84.59,197018.0
2039,V002040,Light Truck,8,3500,Diesel,69.63,201099.0
2040,V002041,Heavy Truck,14,20000,Diesel,86.94,78435.0
2041,V002042,Van,5,1000,Petrol,85.59,190938.0
2042,V002043,Van,8,1000,Petrol,71.87,162518.0
2043,V002044,Motorbike,14,50,Petrol,79.42,109762.0
2044,V002045,Medium Truck,0,8000,Diesel,75.79,357858.0
2045,V002046,Van,9,1000,Petrol,82.66,151539.0
2046,V002047,Light Truck,4,3500,Diesel,81.03,182158.0
2047,V002048,Van,13,1000,Petrol,84.76,81866.0
2048,V002049,Heavy Truck,4,20000,Diesel,82.67,1000.0
2049,V002050,Van,14,1000,Petrol,63.86,125160.0
2050,V002051,Van,5,1000,Petrol,100.0,234583.0
2051,V002052,Light Truck,0,3500,Diesel,65.56,277824.0
2052,V002053,Heavy Truck,13,20000,Diesel,76.45,270520.0
2053,V002054,Medium Truck,6,8000,Diesel,79.25,30694.0
2054,V002055,Light Truck,8,3500,Diesel,74.11,227495.0
2055,V002056,Medium Truck,5,8000,Diesel,90.06,137492.0
2056,V002057,Medium Truck,0,8000,Diesel,86.53,323373.0
2057,V002058,Van,3,1000,Petrol,89.64,65330.0
2058,V002059,Light Truck,9,3500,Diesel,73.05,195173.0
2059,V002060,Medium Truck,2,8000,Diesel,72.45,221724.0
2060,V002061,Light Truck,4,3500,Diesel,83.81,250735.0
2061,V002062,Medium Truck,2,8000,Diesel,79.95,339586.0
2062,V002063,Light Truck,3,3500,Diesel,89.0,203947.0
2063,V002064,Medium Truck,14,8000,Diesel,61.46,192618.0
2064,V002065,Light Truck,3,3500,Diesel,85.84,89586.0
2065,V002066,Medium Truck,6,8000,Diesel,84.9,128858.0
2066,V002067,Van,0,1000,Petrol,90.09,60778.0
2067,V002068,Medium Truck,14,8000,Diesel,90.23,234129.0
2068,V002069,Light Truck,14,3500,Diesel,71.03,43792.0
2069,V002070,Light Truck,9,3500,Diesel,85.64,41612.0
2070,V002071,Van,0,1000,Petrol,87.98,191671.0
2071,V002072,Medium Truck,7,8000,Diesel,99.04,264889.0
2072,V002073,Heavy Truck,5,20000,Diesel,74.03,188172.0
2073,V002074,Motorbike,2,50,Petrol,83.48,389266.0
2074,V002075,Van,11,1000,Petrol,89.62,161372.0
2075,V002076,Van,10,1000,Petrol,80.97,94748.0
2076,V002077,Medium Truck,6,8000,Diesel,68.22,223534.0
2077,V002078,Medium Truck,8,8000,Diesel,72.93,239089.0
2078,V002079,Light Truck,4,3500,Diesel,74.46,92982.0
2079,V002080,Van,9,1000,Petrol,69.35,110892.0
2080,V002081,Light Truck,12,3500,Diesel,81.51,172186.0
2081,V002082,Van,5,1000,Petrol,82.41,169025.0
2082,V002083,Medium Truck,2,8000,Diesel,87.0,217593.0
2083,V002084,Medium Truck,8,8000,Diesel,65.42,177288.0
2084,V002085,Medium Truck,0,8000,Diesel,99.8,146980.0
2085,V002086,Heavy Truck,9,20000,Diesel,77.36,135624.0
2086,V002087,Van,12,1000,Petrol,90.31,94787.0
2087,V002088,Van,7,1000,Petrol,93.06,80254.0
2088,V002089,Light Truck,5,3500,Diesel,92.24,308893.0
2089,V002090,Light Truck,13,3500,Diesel,100.0,155815.0
2090,V002091,Van,10,1000,Petrol,60.57,132422.0
2091,V002092,Light Truck,3,3500,Diesel,79.73,167848.0
2092,V002093,Medium Truck,9,8000,Diesel,89.21,156426.0
2093,V002094,Van,0,1000,Petrol,100.0,65915.0
2094,V002095,Light Truck,9,3500,Diesel,76.08,255335.0
2095,V002096,Medium Truck,4,8000,Diesel,84.16,240892.0
2096,V002097,Light Truck,14,3500,Diesel,85.09,1000.0
2097,V002098,Van,1,1000,Petrol,68.68,157019.0
2098,V002099,Light Truck,0,3500,Diesel,63.64,1000.0
2099,V002100,Light Truck,8,3500,Diesel,95.32,170631.0
2100,V002101,Medium Truck,7,8000,Diesel,81.6,96715.0
2101,V002102,Van,4,1000,Petrol,84.09,1000.0
2102,V002103,Medium Truck,8,8000,Diesel,67.68,192763.0
2103,V002104,Van,5,1000,Petrol,73.52,89298.0
2104,V002105,Motorbike,6,50,Petrol,71.52,239387.0
2105,V002106,Light Truck,8,3500,Diesel,79.99,186882.0
2106,V002107,Van,9,1000,Petrol,67.45,89356.0
2107,V002108,Medium Truck,2,8000,Diesel,87.08,143475.0
2108,V002109,Motorbike,10,50,Petrol,88.58,401194.0
2109,V002110,Light Truck,10,3500,Diesel,81.65,121321.0
2110,V002111,Light Truck,2,3500,Diesel,78.67,268211.0
2111,V002112,Van,8,1000,Petrol,72.27,10094.0
2112,V002113,Van,11,1000,Petrol,78.7,168483.0
2113,V002114,Medium Truck,10,8000,Diesel,79.67,151572.0
2114,V002115,Medium Truck,1,8000,Diesel,80.37,316038.0
2115,V002116,Van,12,1000,Petrol,80.25,143249.0
2116,V002117,Light Truck,0,3500,Diesel,90.11,88900.0
2117,V002118,Motorbike,11,50,Petrol,91.74,204268.0
2118,V002119,Motorbike,7,50,Petrol,65.59,31320.0
2119,V002120,Medium Truck,4,8000,Diesel,97.88,237289.0
2120,V002121,Heavy Truck,5,20000,Diesel,74.73,52860.0
2121,V002122,Van,6,1000,Petrol,78.89,1000.0
2122,V002123,Van,6,1000,Petrol,84.1,73276.0
2123,V002124,Van,12,1000,Petrol,70.02,209769.0
2124,V002125,Light Truck,4,3500,Diesel,85.6,268032.0
2125,V002126,Medium Truck,8,8000,Diesel,92.79,274625.0
2126,V002127,Medium Truck,7,8000,Diesel,98.26,145792.0
2127,V002128,Heavy Truck,9,20000,Diesel,76.94,211948.0
2128,V002129,Van,8,1000,Petrol,91.19,132084.0
2129,V002130,Medium Truck,5,8000,Diesel,81.52,17760.0
2130,V002131,Heavy Truck,1,20000,Diesel,87.96,280187.0
2131,V002132,Medium Truck,2,8000,Diesel,79.72,48298.0
2132,V002133,Van,13,1000,Petrol,72.96,243823.0
2133,V002134,Medium Truck,9,8000,Diesel,74.61,72246.0
2134,V002135,Van,12,1000,Petrol,94.38,152215.0
2135,V002136,Van,10,1000,Petrol,83.0,209029.0
2136,V002137,Van,10,1000,Petrol,92.16,176485.0
2137,V002138,Heavy Truck,13,20000,Diesel,80.89,309609.0
2138,V002139,Van,1,1000,Petrol,91.53,59269.0
2139,V002140,Van,6,1000,Petrol,84.88,198128.0
2140,V002141,Light Truck,0,3500,Diesel,84.27,65026.0
2141,V002142,Light Truck,0,3500,Diesel,89.1,264726.0
2142,V002143,Heavy Truck,0,20000,Diesel,71.39,362756.0
2143,V002144,Van,6,1000,Petrol,68.04,118200.0
2144,V002145,Light Truck,5,3500,Diesel,72.33,1000.0
2145,V002146,Medium Truck,3,8000,Diesel,77.08,386118.0
2146,V002147,Van,4,1000,Petrol,66.48,166303.0
2147,V002148,Light Truck,10,3500,Diesel,78.05,184843.0
2148,V002149,Medium Truck,10,8000,Diesel,69.42,43052.0
2149,V002150,Van,9,1000,Petrol,84.72,145358.0
2150,V002151,Light Truck,4,3500,Diesel,89.16,172886.0
2151,V002152,Medium Truck,13,8000,Diesel,55.57,271319.0
2152,V002153,Van,3,1000,Petrol,76.69,102165.0
2153,V002154,Heavy Truck,2,20000,Diesel,77.69,182554.0
2154,V002155,Medium Truck,11,8000,Diesel,77.76,209362.0
2155,V002156,Van,14,1000,Petrol,74.95,191399.0
2156,V002157,Motorbike,7,50,Petrol,79.96,169914.0
2157,V002158,Van,5,1000,Petrol,89.98,162084.0
2158,V002159,Van,7,1000,Petrol,100.0,138322.0
2159,V002160,Light Truck,3,3500,Diesel,65.36,209051.0
2160,V002161,Van,6,1000,Petrol,88.53,201066.0
2161,V002162,Light Truck,9,3500,Diesel,77.76,382506.0
2162,V002163,Light Truck,10,3500,Diesel,58.31,43603.0
2163,V002164,Medium Truck,6,8000,Diesel,74.07,196963.0
2164,V002165,Van,9,1000,Petrol,86.93,179219.0
2165,V002166,Van,4,1000,Petrol,91.95,156553.0
2166,V002167,Heavy Truck,10,20000,Diesel,84.82,154715.0
2167,V002168,Van,6,1000,Petrol,90.64,188232.0
2168,V002169,Light Truck,12,3500,Diesel,77.8,69634.0
2169,V002170,Van,8,1000,Petrol,87.67,70546.0
2170,V002171,Light Truck,1,3500,Diesel,66.09,87904.0
2171,V002172,Light Truck,8,3500,Diesel,85.82,238564.0
2172,V002173,Light Truck,8,3500,Diesel,88.26,182589.0
2173,V002174,Light Truck,13,3500,Diesel,93.79,374077.0
2174,V002175,Van,8,1000,Petrol,100.0,129937.0
2175,V002176,Motorbike,9,50,Petrol,100.0,56743.0
2176,V002177,Medium Truck,4,8000,Diesel,79.72,84756.0
2177,V002178,Light Truck,0,3500,Diesel,72.7,69582.0
2178,V002179,Heavy Truck,12,20000,Diesel,100.0,178922.0
2179,V002180,Medium Truck,13,8000,Diesel,82.21,23986.0
2180,V002181,Heavy Truck,10,20000,Diesel,91.64,106338.0
2181,V002182,Medium Truck,0,8000,Diesel,77.76,187290.0
2182,V002183,Van,9,1000,Petrol,72.53,286943.0
2183,V002184,Medium Truck,4,8000,Diesel,73.71,118315.0
2184,V002185,Van,6,1000,Petrol,96.14,197293.0
2185,V002186,Light Truck,3,3500,Diesel,76.37,1000.0
2186,V002187,Van,1,1000,Petrol,100.0,165654.0
2187,V002188,Medium Truck,4,8000,Diesel,77.91,118232.0
2188,V002189,Van,6,1000,Petrol,57.99,238297.0
2189,V002190,Light Truck,8,3500,Diesel,62.72,74030.0
2190,V002191,Light Truck,0,3500,Diesel,74.24,130645.0
2191,V002192,Light Truck,9,3500,Diesel,84.34,328350.0
2192,V002193,Heavy Truck,11,20000,Diesel,75.91,202869.0
2193,V002194,Van,12,1000,Petrol,64.7,137515.0
2194,V002195,Van,12,1000,Petrol,65.38,148954.0
2195,V002196,Medium Truck,9,8000,Diesel,96.35,268962.0
2196,V002197,Heavy Truck,8,20000,Diesel,90.27,102756.0
2197,V002198,Van,12,1000,Petrol,77.25,243294.0
2198,V002199,Light Truck,11,3500,Diesel,95.2,224947.0
2199,V002200,Van,6,1000,Petrol,83.99,151690.0
2200,V002201,Motorbike,10,50,Petrol,93.76,131102.0
2201,V002202,Light Truck,12,3500,Diesel,88.6,195218.0
2202,V002203,Heavy Truck,6,20000,Diesel,71.19,165076.0
2203,V002204,Light Truck,6,3500,Diesel,98.16,290056.0
2204,V002205,Light Truck,1,3500,Diesel,93.58,110202.0
2205,V002206,Medium Truck,12,8000,Diesel,74.04,112289.0
2206,V002207,Medium Truck,9,8000,Diesel,83.96,17428.0
2207,V002208,Van,13,1000,Petrol,73.83,175210.0
2208,V002209,Van,3,1000,Petrol,88.02,92265.0
2209,V002210,Light Truck,5,3500,Diesel,70.23,159036.0
2210,V002211,Medium Truck,6,8000,Diesel,84.43,79231.0
2211,V002212,Medium Truck,10,8000,Diesel,88.32,108784.0
2212,V002213,Van,13,1000,Petrol,96.35,171603.0
2213,V002214,Van,9,1000,Petrol,94.37,157209.0
2214,V002215,Medium Truck,1,8000,Diesel,42.16,186261.0
2215,V002216,Van,0,1000,Petrol,62.32,63218.0
2216,V002217,Medium Truck,9,8000,Diesel,75.8,137349.0
2217,V002218,Heavy Truck,14,20000,Diesel,92.97,157452.0
2218,V002219,Light Truck,13,3500,Diesel,95.36,109898.0
2219,V002220,Light Truck,13,3500,Diesel,82.55,180029.0
2220,V002221,Medium Truck,3,8000,Diesel,81.17,277082.0
2221,V002222,Light Truck,5,3500,Diesel,83.22,233717.0
2222,V002223,Light Truck,1,3500,Diesel,92.41,289140.0
2223,V002224,Medium Truck,6,8000,Diesel,100.0,217254.0
2224,V002225,Heavy Truck,0,20000,Diesel,97.81,167002.0
2225,V002226,Heavy Truck,11,20000,Diesel,89.85,37625.0
2226,V002227,Light Truck,1,3500,Diesel,75.76,258516.0
2227,V002228,Heavy Truck,1,20000,Diesel,98.05,153309.0
2228,V002229,Light Truck,6,3500,Diesel,76.44,123168.0
2229,V002230,Medium Truck,8,8000,Diesel,89.91,186250.0
2230,V002231,Light Truck,0,3500,Diesel,89.79,293517.0
2231,V002232,Van,10,1000,Petrol,88.89,287909.0
2232,V002233,Medium Truck,9,8000,Diesel,72.01,233409.0
2233,V002234,Motorbike,2,50,Petrol,79.47,290758.0
2234,V002235,Light Truck,4,3500,Diesel,97.8,69824.0
2235,V002236,Light Truck,13,3500,Diesel,91.66,328809.0
2236,V002237,Light Truck,4,3500,Diesel,60.23,225510.0
2237,V002238,Heavy Truck,4,20000,Diesel,71.83,49184.0
2238,V002239,Van,14,1000,Petrol,84.91,195221.0
2239,V002240,Van,2,1000,Petrol,84.55,5703.0
2240,V002241,Medium Truck,0,8000,Diesel,76.2,236834.0
2241,V002242,Medium Truck,12,8000,Diesel,81.83,327161.0
2242,V002243,Heavy Truck,14,20000,Diesel,80.88,142397.0
2243,V002244,Medium Truck,11,8000,Diesel,76.96,240317.0
2244,V002245,Van,5,1000,Petrol,100.0,338035.0
2245,V002246,Motorbike,6,50,Petrol,99.32,262136.0
2246,V002247,Motorbike,4,50,Petrol,69.31,278682.0
2247,V002248,Light Truck,7,3500,Diesel,55.83,215025.0
2248,V002249,Medium Truck,8,8000,Diesel,83.46,324410.0
2249,V002250,Light Truck,1,3500,Diesel,95.21,246611.0
2250,V002251,Van,10,1000,Petrol,71.64,224274.0
2251,V002252,Heavy Truck,4,20000,Diesel,69.11,171992.0
2252,V002253,Medium Truck,8,8000,Diesel,74.76,289610.0
2253,V002254,Van,4,1000,Petrol,84.77,182898.0
2254,V002255,Van,4,1000,Petrol,92.09,159124.0
2255,V002256,Light Truck,3,3500,Diesel,66.9,68785.0
2256,V002257,Medium Truck,14,8000,Diesel,82.54,103535.0
2257,V002258,Light Truck,1,3500,Diesel,95.7,70641.0
2258,V002259,Medium Truck,13,8000,Diesel,83.36,64520.0
2259,V002260,Medium Truck,4,8000,Diesel,94.0,292190.0
2260,V002261,Motorbike,10,50,Petrol,67.45,117939.0
2261,V002262,Light Truck,9,3500,Diesel,72.2,291595.0
2262,V002263,Light Truck,13,3500,Diesel,84.27,100687.0
2263,V002264,Light Truck,10,3500,Diesel,85.64,431763.0
2264,V002265,Light Truck,8,3500,Diesel,80.0,275091.0
2265,V002266,Van,3,1000,Petrol,82.91,49506.0
2266,V002267,Medium Truck,5,8000,Diesel,70.77,220999.0
2267,V002268,Medium Truck,9,8000,Diesel,77.55,124041.0
2268,V002269,Van,11,1000,Petrol,90.34,175502.0
2269,V002270,Light Truck,9,3500,Diesel,80.98,263559.0
2270,V002271,Van,13,1000,Petrol,84.93,242607.0
2271,V002272,Light Truck,12,3500,Diesel,69.72,246337.0
2272,V002273,Medium Truck,4,8000,Diesel,82.34,275764.0
2273,V002274,Motorbike,8,50,Petrol,81.14,144260.0
2274,V002275,Heavy Truck,11,20000,Diesel,100.0,266923.0
2275,V002276,Light Truck,1,3500,Diesel,83.32,248409.0
2276,V002277,Medium Truck,4,8000,Diesel,78.69,161084.0
2277,V002278,Light Truck,13,3500,Diesel,68.07,330058.0
2278,V002279,Heavy Truck,1,20000,Diesel,100.0,227978.0
2279,V002280,Heavy Truck,7,20000,Diesel,72.28,207951.0
2280,V002281,Light Truck,11,3500,Diesel,68.54,65123.0
2281,V002282,Light Truck,10,3500,Diesel,90.64,39117.0
2282,V002283,Van,12,1000,Petrol,71.4,138102.0
2283,V002284,Light Truck,3,3500,Diesel,69.97,250250.0
2284,V002285,Van,0,1000,Petrol,85.76,273201.0
2285,V002286,Medium Truck,8,8000,Diesel,87.63,126984.0
2286,V002287,Medium Truck,13,8000,Diesel,82.64,191473.0
2287,V002288,Van,0,1000,Petrol,87.61,261578.0
2288,V002289,Motorbike,14,50,Petrol,83.64,335626.0
2289,V002290,Light Truck,2,3500,Diesel,74.79,197708.0
2290,V002291,Van,14,1000,Petrol,99.41,242889.0
2291,V002292,Light Truck,14,3500,Diesel,74.09,347625.0
2292,V002293,Medium Truck,5,8000,Diesel,100.0,40393.0
2293,V002294,Van,1,1000,Petrol,88.27,188326.0
2294,V002295,Light Truck,7,3500,Diesel,90.97,153513.0
2295,V002296,Light Truck,2,3500,Diesel,77.76,1000.0
2296,V002297,Light Truck,13,3500,Diesel,71.52,106222.0
2297,V002298,Van,6,1000,Petrol,98.72,267361.0
2298,V002299,Van,11,1000,Petrol,76.56,319060.0
2299,V002300,Light Truck,11,3500,Diesel,84.86,115772.0
2300,V002301,Light Truck,7,3500,Diesel,85.0,222727.0
2301,V002302,Medium Truck,13,8000,Diesel,84.68,379765.0
2302,V002303,Medium Truck,1,8000,Diesel,100.0,111765.0
2303,V002304,Medium Truck,9,8000,Diesel,83.23,216533.0
2304,V002305,Van,8,1000,Petrol,86.5,88909.0
2305,V002306,Medium Truck,10,8000,Diesel,98.76,283243.0
2306,V002307,Van,9,1000,Petrol,85.92,94333.0
2307,V002308,Light Truck,9,3500,Diesel,66.42,321028.0
2308,V002309,Light Truck,14,3500,Diesel,80.94,180607.0
2309,V002310,Van,14,1000,Petrol,61.77,129654.0
2310,V002311,Van,14,1000,Petrol,89.29,264325.0
2311,V002312,Medium Truck,4,8000,Diesel,64.97,38261.0
2312,V002313,Medium Truck,12,8000,Diesel,100.0,81633.0
2313,V002314,Motorbike,0,50,Petrol,93.51,232634.0
2314,V002315,Medium Truck,0,8000,Diesel,82.66,152846.0
2315,V002316,Motorbike,11,50,Petrol,73.58,345577.0
2316,V002317,Light Truck,4,3500,Diesel,82.31,28103.0
2317,V002318,Motorbike,14,50,Petrol,87.26,45605.0
2318,V002319,Medium Truck,5,8000,Diesel,82.33,127384.0
2319,V002320,Light Truck,2,3500,Diesel,85.1,446388.0
2320,V002321,Light Truck,8,3500,Diesel,88.45,114776.0
2321,V002322,Van,10,1000,Petrol,76.57,210728.0
2322,V002323,Light Truck,3,3500,Diesel,81.92,87116.0
2323,V002324,Van,9,1000,Petrol,82.17,270718.0
2324,V002325,Van,3,1000,Petrol,85.89,94523.0
2325,V002326,Van,6,1000,Petrol,98.79,201140.0
2326,V002327,Van,12,1000,Petrol,78.4,266520.0
2327,V002328,Light Truck,3,3500,Diesel,82.5,82722.0
2328,V002329,Medium Truck,14,8000,Diesel,76.66,289035.0
2329,V002330,Light Truck,4,3500,Diesel,90.86,182493.0
2330,V002331,Heavy Truck,6,20000,Diesel,67.17,158108.0
2331,V002332,Light Truck,14,3500,Diesel,100.0,302985.0
2332,V002333,Light Truck,5,3500,Diesel,80.08,133355.0
2333,V002334,Medium Truck,5,8000,Diesel,73.25,216581.0
2334,V002335,Van,7,1000,Petrol,83.28,159756.0
2335,V002336,Light Truck,14,3500,Diesel,68.71,181430.0
2336,V002337,Medium Truck,14,8000,Diesel,88.53,284901.0
2337,V002338,Medium Truck,13,8000,Diesel,72.79,308985.0
2338,V002339,Light Truck,2,3500,Diesel,77.73,198404.0
2339,V002340,Van,13,1000,Petrol,73.06,306341.0
2340,V002341,Medium Truck,3,8000,Diesel,77.98,167958.0
2341,V002342,Motorbike,3,50,Petrol,60.29,48014.0
2342,V002343,Motorbike,8,50,Petrol,100.0,203676.0
2343,V002344,Van,2,1000,Petrol,71.94,290540.0
2344,V002345,Van,4,1000,Petrol,91.33,265213.0
2345,V002346,Light Truck,10,3500,Diesel,79.32,169646.0
2346,V002347,Van,11,1000,Petrol,100.0,215376.0
2347,V002348,Light Truck,12,3500,Diesel,65.83,293547.0
2348,V002349,Heavy Truck,8,20000,Diesel,92.33,89100.0
2349,V002350,Heavy Truck,12,20000,Diesel,99.76,234089.0
2350,V002351,Van,1,1000,Petrol,100.0,106234.0
2351,V002352,Medium Truck,3,8000,Diesel,70.33,146290.0
2352,V002353,Van,11,1000,Petrol,95.47,177698.0
2353,V002354,Van,10,1000,Petrol,79.95,232832.0
2354,V002355,Light Truck,10,3500,Diesel,99.3,95771.0
2355,V002356,Heavy Truck,9,20000,Diesel,83.45,261737.0
2356,V002357,Van,1,1000,Petrol,88.36,99860.0
2357,V002358,Light Truck,11,3500,Diesel,100.0,109635.0
2358,V002359,Medium Truck,0,8000,Diesel,91.42,45345.0
2359,V002360,Light Truck,5,3500,Diesel,93.73,84098.0
2360,V002361,Heavy Truck,0,20000,Diesel,63.74,353400.0
2361,V002362,Light Truck,1,3500,Diesel,83.51,274592.0
2362,V002363,Light Truck,5,3500,Diesel,71.95,211761.0
2363,V002364,Van,11,1000,Petrol,69.17,99606.0
2364,V002365,Medium Truck,11,8000,Diesel,80.44,77913.0
2365,V002366,Medium Truck,9,8000,Diesel,67.24,235322.0
2366,V002367,Van,6,1000,Petrol,77.14,165366.0
2367,V002368,Van,9,1000,Petrol,100.0,210107.0
2368,V002369,Light Truck,13,3500,Diesel,79.86,133067.0
2369,V002370,Medium Truck,0,8000,Diesel,86.62,205523.0
2370,V002371,Light Truck,1,3500,Diesel,92.78,128491.0
2371,V002372,Light Truck,14,3500,Diesel,81.53,175877.0
2372,V002373,Medium Truck,5,8000,Diesel,68.27,150931.0
2373,V002374,Light Truck,14,3500,Diesel,75.58,358499.0
2374,V002375,Light Truck,11,3500,Diesel,71.09,314227.0
2375,V002376,Heavy Truck,13,20000,Diesel,82.09,352936.0
2376,V002377,Light Truck,10,3500,Diesel,68.71,267410.0
2377,V002378,Van,5,1000,Petrol,100.0,43862.0
2378,V002379,Light Truck,5,3500,Diesel,84.23,165008.0
2379,V002380,Heavy Truck,12,20000,Diesel,78.93,1000.0
2380,V002381,Medium Truck,0,8000,Diesel,73.86,92630.0
2381,V002382,Light Truck,9,3500,Diesel,65.7,180623.0
2382,V002383,Medium Truck,5,8000,Diesel,85.15,242459.0
2383,V002384,Motorbike,0,50,Petrol,91.26,62585.0
2384,V002385,Light Truck,10,3500,Diesel,82.49,141478.0
2385,V002386,Van,9,1000,Petrol,85.01,243822.0
2386,V002387,Medium Truck,11,8000,Diesel,96.71,83605.0
2387,V002388,Motorbike,6,50,Petrol,100.0,257757.0
2388,V002389,Heavy Truck,7,20000,Diesel,92.63,168505.0
2389,V002390,Light Truck,2,3500,Diesel,83.78,116484.0
2390,V002391,Light Truck,6,3500,Diesel,71.55,236757.0
2391,V002392,Van,4,1000,Petrol,100.0,78615.0
2392,V002393,Van,11,1000,Petrol,98.19,245988.0
2393,V002394,Medium Truck,7,8000,Diesel,83.15,34424.0
2394,V002395,Heavy Truck,6,20000,Diesel,67.83,259197.0
2395,V002396,Van,7,1000,Petrol,77.15,1000.0
2396,V002397,Heavy Truck,5,20000,Diesel,100.0,284351.0
2397,V002398,Medium Truck,3,8000,Diesel,71.53,155286.0
2398,V002399,Van,0,1000,Petrol,83.51,119012.0
2399,V002400,Van,7,1000,Petrol,78.61,170213.0
2400,V002401,Medium Truck,1,8000,Diesel,81.37,41495.0
2401,V002402,Medium Truck,5,8000,Diesel,88.58,364613.0
2402,V002403,Van,13,1000,Petrol,80.21,148522.0
2403,V002404,Motorbike,14,50,Petrol,100.0,167196.0
2404,V002405,Van,1,1000,Petrol,72.98,83900.0
2405,V002406,Light Truck,12,3500,Diesel,89.49,77697.0
2406,V002407,Heavy Truck,1,20000,Diesel,88.11,98916.0
2407,V002408,Van,12,1000,Petrol,78.87,120031.0
2408,V002409,Heavy Truck,0,20000,Diesel,71.19,219837.0
2409,V002410,Medium Truck,4,8000,Diesel,67.32,222971.0
2410,V002411,Motorbike,12,50,Petrol,100.0,344913.0
2411,V002412,Medium Truck,2,8000,Diesel,77.81,165512.0
2412,V002413,Light Truck,7,3500,Diesel,84.77,116113.0
2413,V002414,Light Truck,1,3500,Diesel,86.0,155497.0
2414,V002415,Van,2,1000,Petrol,84.22,174066.0
2415,V002416,Light Truck,12,3500,Diesel,74.37,187047.0
2416,V002417,Medium Truck,10,8000,Diesel,91.97,24916.0
2417,V002418,Medium Truck,9,8000,Diesel,67.86,184022.0
2418,V002419,Van,10,1000,Petrol,75.63,198312.0
2419,V002420,Light Truck,2,3500,Diesel,98.15,306777.0
2420,V002421,Medium Truck,14,8000,Diesel,86.28,167692.0
2421,V002422,Heavy Truck,5,20000,Diesel,71.52,145180.0
2422,V002423,Heavy Truck,1,20000,Diesel,74.48,213135.0
2423,V002424,Van,2,1000,Petrol,82.67,159451.0
2424,V002425,Medium Truck,8,8000,Diesel,85.99,241848.0
2425,V002426,Light Truck,8,3500,Diesel,87.31,79651.0
2426,V002427,Light Truck,4,3500,Diesel,66.48,148049.0
2427,V002428,Light Truck,3,3500,Diesel,86.5,50811.0
2428,V002429,Medium Truck,5,8000,Diesel,83.13,218915.0
2429,V002430,Van,4,1000,Petrol,80.09,187587.0
2430,V002431,Light Truck,5,3500,Diesel,86.87,100468.0
2431,V002432,Medium Truck,6,8000,Diesel,93.73,106828.0
2432,V002433,Medium Truck,0,8000,Diesel,80.21,196105.0
2433,V002434,Medium Truck,14,8000,Diesel,62.77,185194.0
2434,V002435,Medium Truck,3,8000,Diesel,77.96,247625.0
2435,V002436,Medium Truck,6,8000,Diesel,78.09,178251.0
2436,V002437,Van,8,1000,Petrol,88.03,262881.0
2437,V002438,Van,14,1000,Petrol,100.0,253778.0
2438,V002439,Light Truck,10,3500,Diesel,81.03,1000.0
2439,V002440,Van,5,1000,Petrol,63.59,159800.0
2440,V002441,Light Truck,5,3500,Diesel,97.27,176707.0
2441,V002442,Van,11,1000,Petrol,79.13,169364.0
2442,V002443,Medium Truck,9,8000,Diesel,84.35,89291.0
2443,V002444,Medium Truck,9,8000,Diesel,92.17,134841.0
2444,V002445,Van,6,1000,Petrol,87.59,58229.0
2445,V002446,Van,10,1000,Petrol,69.22,86100.0
2446,V002447,Light Truck,6,3500,Diesel,84.3,135763.0
2447,V002448,Medium Truck,8,8000,Diesel,82.32,311962.0
2448,V002449,Light Truck,10,3500,Diesel,77.76,223968.0
2449,V002450,Motorbike,5,50,Petrol,71.99,293357.0
2450,V002451,Heavy Truck,0,20000,Diesel,94.01,77997.0
2451,V002452,Light Truck,10,3500,Diesel,59.57,75628.0
2452,V002453,Light Truck,0,3500,Diesel,65.49,287440.0
2453,V002454,Van,2,1000,Petrol,79.4,213391.0
2454,V002455,Heavy Truck,3,20000,Diesel,62.15,187509.0
2455,V002456,Light Truck,13,3500,Diesel,85.37,72908.0
2456,V002457,Heavy Truck,1,20000,Diesel,68.09,160591.0
2457,V002458,Light Truck,2,3500,Diesel,74.68,180886.0
2458,V002459,Light Truck,1,3500,Diesel,61.9,261652.0
2459,V002460,Van,14,1000,Petrol,78.89,227022.0
2460,V002461,Heavy Truck,6,20000,Diesel,81.7,252226.0
2461,V002462,Medium Truck,0,8000,Diesel,67.24,67823.0
2462,V002463,Light Truck,13,3500,Diesel,79.78,266682.0
2463,V002464,Heavy Truck,12,20000,Diesel,66.29,170132.0
2464,V002465,Medium Truck,10,8000,Diesel,100.0,59273.0
2465,V002466,Medium Truck,9,8000,Diesel,72.85,116935.0
2466,V002467,Heavy Truck,10,20000,Diesel,77.85,145725.0
2467,V002468,Motorbike,5,50,Petrol,82.27,226878.0
2468,V002469,Light Truck,1,3500,Diesel,65.95,69321.0
2469,V002470,Medium Truck,13,8000,Diesel,62.95,154530.0
2470,V002471,Heavy Truck,10,20000,Diesel,88.49,227348.0
2471,V002472,Medium Truck,10,8000,Diesel,84.62,32683.0
2472,V002473,Medium Truck,13,8000,Diesel,82.08,60968.0
2473,V002474,Medium Truck,14,8000,Diesel,71.45,278091.0
2474,V002475,Van,5,1000,Petrol,77.69,216519.0
2475,V002476,Medium Truck,0,8000,Diesel,70.2,166927.0
2476,V002477,Van,14,1000,Petrol,73.37,1000.0
2477,V002478,Van,2,1000,Petrol,91.51,101168.0
2478,V002479,Van,5,1000,Petrol,73.83,329427.0
2479,V002480,Medium Truck,2,8000,Diesel,90.18,205981.0
2480,V002481,Heavy Truck,6,20000,Diesel,86.44,167422.0
2481,V002482,Van,4,1000,Petrol,100.0,159684.0
2482,V002483,Van,9,1000,Petrol,100.0,209800.0
2483,V002484,Van,6,1000,Petrol,59.09,172920.0
2484,V002485,Light Truck,6,3500,Diesel,91.82,43749.0
2485,V002486,Van,6,1000,Petrol,78.92,197717.0
2486,V002487,Medium Truck,5,8000,Diesel,76.31,78719.0
2487,V002488,Light Truck,13,3500,Diesel,91.97,159939.0
2488,V002489,Light Truck,7,3500,Diesel,77.03,201413.0
2489,V002490,Medium Truck,11,8000,Diesel,90.22,204994.0
2490,V002491,Light Truck,4,3500,Diesel,74.72,147739.0
2491,V002492,Medium Truck,6,8000,Diesel,79.0,96954.0
2492,V002493,Medium Truck,4,8000,Diesel,93.93,114869.0
2493,V002494,Light Truck,2,3500,Diesel,86.02,4814.0
2494,V002495,Light Truck,14,3500,Diesel,100.0,179807.0
2495,V002496,Van,7,1000,Petrol,89.07,71936.0
2496,V002497,Medium Truck,7,8000,Diesel,78.75,69509.0
2497,V002498,Medium Truck,13,8000,Diesel,85.75,73704.0
2498,V002499,Van,13,1000,Petrol,74.71,1000.0
2499,V002500,Medium Truck,2,8000,Diesel,67.62,278004.0
2500,V002501,Medium Truck,1,8000,Diesel,100.0,178070.0
2501,V002502,Medium Truck,3,8000,Diesel,87.61,151257.0
2502,V002503,Medium Truck,0,8000,Diesel,79.74,98409.0
2503,V002504,Van,2,1000,Petrol,76.7,78738.0
2504,V002505,Heavy Truck,13,20000,Diesel,70.94,129448.0
2505,V002506,Van,8,1000,Petrol,84.11,395639.0
2506,V002507,Light Truck,8,3500,Diesel,85.06,57973.0
2507,V002508,Medium Truck,5,8000,Diesel,80.8,140000.0
2508,V002509,Van,9,1000,Petrol,77.59,62310.0
2509,V002510,Motorbike,11,50,Petrol,77.93,176637.0
2510,V002511,Light Truck,3,3500,Diesel,81.06,168675.0
2511,V002512,Light Truck,8,3500,Diesel,81.61,222055.0
2512,V002513,Van,3,1000,Petrol,100.0,105544.0
2513,V002514,Van,2,1000,Petrol,87.24,202073.0
2514,V002515,Light Truck,5,3500,Diesel,84.02,171941.0
2515,V002516,Light Truck,6,3500,Diesel,79.96,447349.0
2516,V002517,Light Truck,6,3500,Diesel,85.18,177423.0
2517,V002518,Medium Truck,8,8000,Diesel,85.02,169732.0
2518,V002519,Van,5,1000,Petrol,95.5,1000.0
2519,V002520,Van,11,1000,Petrol,82.11,216886.0
2520,V002521,Medium Truck,1,8000,Diesel,98.46,267077.0
2521,V002522,Van,2,1000,Petrol,82.94,198073.0
2522,V002523,Light Truck,2,3500,Diesel,79.64,261914.0
2523,V002524,Medium Truck,11,8000,Diesel,82.07,105082.0
2524,V002525,Light Truck,10,3500,Diesel,68.02,315890.0
2525,V002526,Light Truck,2,3500,Diesel,66.85,40980.0
2526,V002527,Light Truck,9,3500,Diesel,100.0,8716.0
2527,V002528,Medium Truck,14,8000,Diesel,90.3,31134.0
2528,V002529,Light Truck,12,3500,Diesel,81.27,52599.0
2529,V002530,Van,0,1000,Petrol,82.39,12380.0
2530,V002531,Van,6,1000,Petrol,78.38,9307.0
2531,V002532,Van,4,1000,Petrol,75.66,108859.0
2532,V002533,Medium Truck,4,8000,Diesel,78.44,154393.0
2533,V002534,Van,9,1000,Petrol,79.56,249321.0
2534,V002535,Light Truck,10,3500,Diesel,91.23,136919.0
2535,V002536,Light Truck,14,3500,Diesel,87.76,324840.0
2536,V002537,Heavy Truck,2,20000,Diesel,71.22,80260.0
2537,V002538,Van,9,1000,Petrol,78.11,41929.0
2538,V002539,Van,4,1000,Petrol,83.0,272966.0
2539,V002540,Heavy Truck,4,20000,Diesel,79.71,282632.0
2540,V002541,Light Truck,10,3500,Diesel,88.42,262156.0
2541,V002542,Heavy Truck,2,20000,Diesel,74.63,305584.0
2542,V002543,Heavy Truck,6,20000,Diesel,73.27,63430.0
2543,V002544,Light Truck,5,3500,Diesel,68.24,158846.0
2544,V002545,Heavy Truck,3,20000,Diesel,60.88,150668.0
2545,V002546,Light Truck,9,3500,Diesel,93.14,173894.0
2546,V002547,Medium Truck,11,8000,Diesel,59.38,127976.0
2547,V002548,Heavy Truck,8,20000,Diesel,92.14,384340.0
2548,V002549,Medium Truck,11,8000,Diesel,74.65,5853.0
2549,V002550,Van,5,1000,Petrol,84.16,199679.0
2550,V002551,Medium Truck,5,8000,Diesel,79.87,232823.0
2551,V002552,Van,12,1000,Petrol,65.76,113759.0
2552,V002553,Medium Truck,3,8000,Diesel,55.5,61577.0
2553,V002554,Van,14,1000,Petrol,85.08,202008.0
2554,V002555,Motorbike,10,50,Petrol,72.06,191854.0
2555,V002556,Light Truck,13,3500,Diesel,67.91,193884.0
2556,V002557,Medium Truck,7,8000,Diesel,92.1,94289.0
2557,V002558,Medium Truck,4,8000,Diesel,84.42,121276.0
2558,V002559,Van,14,1000,Petrol,84.6,113414.0
2559,V002560,Medium Truck,0,8000,Diesel,72.76,362437.0
2560,V002561,Light Truck,2,3500,Diesel,65.45,21395.0
2561,V002562,Van,3,1000,Petrol,63.29,195006.0
2562,V002563,Light Truck,11,3500,Diesel,71.75,20838.0
2563,V002564,Van,9,1000,Petrol,62.04,394881.0
2564,V002565,Medium Truck,2,8000,Diesel,88.67,234937.0
2565,V002566,Van,4,1000,Petrol,100.0,278086.0
2566,V002567,Medium Truck,9,8000,Diesel,100.0,141129.0
2567,V002568,Van,12,1000,Petrol,77.76,98558.0
2568,V002569,Van,10,1000,Petrol,100.0,229024.0
2569,V002570,Van,5,1000,Petrol,89.27,235339.0
2570,V002571,Light Truck,6,3500,Diesel,97.98,343155.0
2571,V002572,Van,1,1000,Petrol,71.55,222668.0
2572,V002573,Medium Truck,5,8000,Diesel,64.37,247207.0
2573,V002574,Medium Truck,14,8000,Diesel,92.55,38847.0
2574,V002575,Heavy Truck,2,20000,Diesel,96.95,167490.0
2575,V002576,Light Truck,3,3500,Diesel,80.69,239438.0
2576,V002577,Medium Truck,4,8000,Diesel,74.01,369563.0
2577,V002578,Medium Truck,10,8000,Diesel,63.09,192690.0
2578,V002579,Medium Truck,11,8000,Diesel,90.37,162533.0
2579,V002580,Motorbike,4,50,Petrol,86.12,209128.0
2580,V002581,Van,14,1000,Petrol,60.61,127588.0
2581,V002582,Van,5,1000,Petrol,66.35,209484.0
2582,V002583,Light Truck,11,3500,Diesel,70.21,192709.0
2583,V002584,Heavy Truck,14,20000,Diesel,90.49,221124.0
2584,V002585,Medium Truck,13,8000,Diesel,100.0,160522.0
2585,V002586,Van,12,1000,Petrol,93.61,152202.0
2586,V002587,Van,5,1000,Petrol,58.45,188632.0
2587,V002588,Light Truck,4,3500,Diesel,90.29,74636.0
2588,V002589,Van,10,1000,Petrol,70.57,264041.0
2589,V002590,Medium Truck,0,8000,Diesel,91.42,166494.0
2590,V002591,Medium Truck,14,8000,Diesel,89.8,154159.0
2591,V002592,Heavy Truck,8,20000,Diesel,84.72,379296.0
2592,V002593,Van,8,1000,Petrol,80.76,1000.0
2593,V002594,Medium Truck,11,8000,Diesel,96.46,116063.0
2594,V002595,Van,13,1000,Petrol,83.38,137260.0
2595,V002596,Light Truck,2,3500,Diesel,75.55,1000.0
2596,V002597,Motorbike,4,50,Petrol,82.51,199974.0
2597,V002598,Van,13,1000,Petrol,64.64,290830.0
2598,V002599,Medium Truck,9,8000,Diesel,85.86,123884.0
2599,V002600,Heavy Truck,11,20000,Diesel,80.84,288278.0
2600,V002601,Van,1,1000,Petrol,60.92,395514.0
2601,V002602,Medium Truck,12,8000,Diesel,90.54,156992.0
2602,V002603,Light Truck,2,3500,Diesel,76.25,170724.0
2603,V002604,Light Truck,3,3500,Diesel,86.07,168882.0
2604,V002605,Medium Truck,10,8000,Diesel,84.04,122705.0
2605,V002606,Medium Truck,7,8000,Diesel,78.39,251941.0
2606,V002607,Light Truck,2,3500,Diesel,88.83,210654.0
2607,V002608,Motorbike,4,50,Petrol,71.71,164052.0
2608,V002609,Van,4,1000,Petrol,82.81,181570.0
2609,V002610,Light Truck,9,3500,Diesel,83.02,205441.0
2610,V002611,Light Truck,14,3500,Diesel,72.54,245649.0
2611,V002612,Light Truck,11,3500,Diesel,68.25,137370.0
2612,V002613,Medium Truck,3,8000,Diesel,85.81,209689.0
2613,V002614,Van,4,1000,Petrol,79.61,284802.0
2614,V002615,Medium Truck,4,8000,Diesel,93.44,176336.0
2615,V002616,Light Truck,9,3500,Diesel,84.9,147340.0
2616,V002617,Light Truck,8,3500,Diesel,70.25,27696.0
2617,V002618,Van,6,1000,Petrol,86.81,206786.0
2618,V002619,Light Truck,1,3500,Diesel,74.48,128119.0
2619,V002620,Light Truck,11,3500,Diesel,88.34,285294.0
2620,V002621,Van,5,1000,Petrol,82.53,168635.0
2621,V002622,Van,10,1000,Petrol,83.2,182266.0
2622,V002623,Light Truck,6,3500,Diesel,95.1,81921.0
2623,V002624,Light Truck,12,3500,Diesel,91.46,222663.0
2624,V002625,Light Truck,6,3500,Diesel,87.17,76140.0
2625,V002626,Heavy Truck,2,20000,Diesel,66.02,129908.0
2626,V002627,Motorbike,3,50,Petrol,73.24,101398.0
2627,V002628,Light Truck,9,3500,Diesel,85.4,184119.0
2628,V002629,Light Truck,8,3500,Diesel,79.86,151903.0
2629,V002630,Medium Truck,13,8000,Diesel,98.41,311842.0
2630,V002631,Heavy Truck,9,20000,Diesel,72.44,79805.0
2631,V002632,Medium Truck,12,8000,Diesel,53.16,211493.0
2632,V002633,Motorbike,1,50,Petrol,85.96,343315.0
2633,V002634,Light Truck,11,3500,Diesel,62.07,56655.0
2634,V002635,Van,0,1000,Petrol,86.57,82058.0
2635,V002636,Light Truck,7,3500,Diesel,74.78,199222.0
2636,V002637,Light Truck,0,3500,Diesel,84.51,346277.0
2637,V002638,Light Truck,2,3500,Diesel,70.45,99458.0
2638,V002639,Medium Truck,6,8000,Diesel,98.78,234369.0
2639,V002640,Light Truck,11,3500,Diesel,84.37,217056.0
2640,V002641,Van,3,1000,Petrol,100.0,336108.0
2641,V002642,Light Truck,8,3500,Diesel,80.32,241075.0
2642,V002643,Van,2,1000,Petrol,83.32,93178.0
2643,V002644,Medium Truck,13,8000,Diesel,79.68,91451.0
2644,V002645,Medium Truck,12,8000,Diesel,73.58,174944.0
2645,V002646,Medium Truck,7,8000,Diesel,83.03,154766.0
2646,V002647,Heavy Truck,5,20000,Diesel,79.96,198437.0
2647,V002648,Light Truck,0,3500,Diesel,67.58,57390.0
2648,V002649,Medium Truck,5,8000,Diesel,95.64,390205.0
2649,V002650,Medium Truck,8,8000,Diesel,84.21,212543.0
2650,V002651,Medium Truck,3,8000,Diesel,74.36,225903.0
2651,V002652,Medium Truck,11,8000,Diesel,73.24,199665.0
2652,V002653,Medium Truck,3,8000,Diesel,96.38,124098.0
2653,V002654,Motorbike,9,50,Petrol,83.23,267501.0
2654,V002655,Motorbike,13,50,Petrol,80.83,265417.0
2655,V002656,Van,14,1000,Petrol,100.0,203115.0
2656,V002657,Van,1,1000,Petrol,76.06,193905.0
2657,V002658,Van,5,1000,Petrol,96.93,147828.0
2658,V002659,Medium Truck,8,8000,Diesel,80.75,334222.0
2659,V002660,Van,0,1000,Petrol,86.49,45994.0
2660,V002661,Medium Truck,6,8000,Diesel,54.67,175198.0
2661,V002662,Motorbike,8,50,Petrol,80.91,42536.0
2662,V002663,Medium Truck,7,8000,Diesel,79.92,90339.0
2663,V002664,Medium Truck,8,8000,Diesel,91.1,341993.0
2664,V002665,Light Truck,4,3500,Diesel,100.0,157260.0
2665,V002666,Light Truck,9,3500,Diesel,80.02,267880.0
2666,V002667,Van,10,1000,Petrol,79.35,247665.0
2667,V002668,Light Truck,14,3500,Diesel,84.75,169552.0
2668,V002669,Van,0,1000,Petrol,80.47,241678.0
2669,V002670,Light Truck,5,3500,Diesel,88.49,174143.0
2670,V002671,Light Truck,0,3500,Diesel,88.12,128253.0
2671,V002672,Van,12,1000,Petrol,59.2,164735.0
2672,V002673,Light Truck,8,3500,Diesel,84.04,260549.0
2673,V002674,Medium Truck,4,8000,Diesel,100.0,361431.0
2674,V002675,Heavy Truck,6,20000,Diesel,82.88,27526.0
2675,V002676,Light Truck,6,3500,Diesel,89.06,230282.0
2676,V002677,Van,1,1000,Petrol,76.33,203500.0
2677,V002678,Light Truck,0,3500,Diesel,82.43,314196.0
2678,V002679,Light Truck,6,3500,Diesel,66.97,236864.0
2679,V002680,Light Truck,7,3500,Diesel,93.06,55980.0
2680,V002681,Van,0,1000,Petrol,86.15,310123.0
2681,V002682,Light Truck,7,3500,Diesel,87.75,170893.0
2682,V002683,Van,1,1000,Petrol,89.06,153634.0
2683,V002684,Medium Truck,8,8000,Diesel,87.8,65724.0
2684,V002685,Van,9,1000,Petrol,88.34,73775.0
2685,V002686,Medium Truck,6,8000,Diesel,61.6,162083.0
2686,V002687,Van,14,1000,Petrol,89.38,357262.0
2687,V002688,Heavy Truck,8,20000,Diesel,67.26,364331.0
2688,V002689,Heavy Truck,11,20000,Diesel,64.05,188161.0
2689,V002690,Medium Truck,6,8000,Diesel,91.09,454290.0
2690,V002691,Light Truck,3,3500,Diesel,93.84,147510.0
2691,V002692,Light Truck,3,3500,Diesel,91.44,16808.0
2692,V002693,Light Truck,4,3500,Diesel,84.08,103741.0
2693,V002694,Van,2,1000,Petrol,78.5,179992.0
2694,V002695,Medium Truck,5,8000,Diesel,82.29,259191.0
2695,V002696,Van,1,1000,Petrol,97.71,199275.0
2696,V002697,Light Truck,1,3500,Diesel,71.88,84028.0
2697,V002698,Medium Truck,0,8000,Diesel,100.0,302889.0
2698,V002699,Medium Truck,0,8000,Diesel,86.65,165830.0
2699,V002700,Van,1,1000,Petrol,94.46,114163.0
2700,V002701,Heavy Truck,0,20000,Diesel,57.25,185522.0
2701,V002702,Light Truck,0,3500,Diesel,99.72,278950.0
2702,V002703,Van,5,1000,Petrol,65.96,273696.0
2703,V002704,Van,2,1000,Petrol,85.39,51529.0
2704,V002705,Heavy Truck,5,20000,Diesel,80.15,187174.0
2705,V002706,Light Truck,7,3500,Diesel,74.83,95374.0
2706,V002707,Light Truck,3,3500,Diesel,100.0,154778.0
2707,V002708,Medium Truck,2,8000,Diesel,85.34,175505.0
2708,V002709,Light Truck,13,3500,Diesel,64.99,248117.0
2709,V002710,Light Truck,14,3500,Diesel,72.78,121916.0
2710,V002711,Light Truck,2,3500,Diesel,79.48,327062.0
2711,V002712,Van,5,1000,Petrol,88.3,17286.0
2712,V002713,Medium Truck,8,8000,Diesel,57.17,96902.0
2713,V002714,Van,0,1000,Petrol,76.19,87149.0
2714,V002715,Medium Truck,5,8000,Diesel,77.65,190069.0
2715,V002716,Light Truck,8,3500,Diesel,66.48,288576.0
2716,V002717,Light Truck,2,3500,Diesel,68.18,225507.0
2717,V002718,Medium Truck,4,8000,Diesel,80.47,65742.0
2718,V002719,Light Truck,5,3500,Diesel,70.52,103428.0
2719,V002720,Medium Truck,5,8000,Diesel,80.84,268455.0
2720,V002721,Van,2,1000,Petrol,74.9,143507.0
2721,V002722,Heavy Truck,6,20000,Diesel,80.36,207680.0
2722,V002723,Van,8,1000,Petrol,100.0,180502.0
2723,V002724,Light Truck,12,3500,Diesel,82.99,113538.0
2724,V002725,Medium Truck,6,8000,Diesel,80.86,5048.0
2725,V002726,Medium Truck,4,8000,Diesel,79.73,254463.0
2726,V002727,Light Truck,3,3500,Diesel,91.61,131187.0
2727,V002728,Van,10,1000,Petrol,93.33,141961.0
2728,V002729,Van,0,1000,Petrol,87.33,271807.0
2729,V002730,Medium Truck,3,8000,Diesel,50.14,249290.0
2730,V002731,Medium Truck,10,8000,Diesel,100.0,172791.0
2731,V002732,Medium Truck,10,8000,Diesel,94.51,68337.0
2732,V002733,Light Truck,8,3500,Diesel,73.43,173158.0
2733,V002734,Heavy Truck,2,20000,Diesel,83.32,136369.0
2734,V002735,Light Truck,7,3500,Diesel,74.5,101361.0
2735,V002736,Light Truck,5,3500,Diesel,71.41,152619.0
2736,V002737,Van,14,1000,Petrol,77.47,194670.0
2737,V002738,Medium Truck,12,8000,Diesel,80.1,225306.0
2738,V002739,Heavy Truck,12,20000,Diesel,91.13,27192.0
2739,V002740,Van,11,1000,Petrol,77.65,252714.0
2740,V002741,Light Truck,12,3500,Diesel,95.97,160687.0
2741,V002742,Light Truck,7,3500,Diesel,70.23,313304.0
2742,V002743,Van,4,1000,Petrol,94.18,281565.0
2743,V002744,Medium Truck,4,8000,Diesel,91.91,242280.0
2744,V002745,Medium Truck,0,8000,Diesel,58.77,55129.0
2745,V002746,Light Truck,1,3500,Diesel,99.32,232568.0
2746,V002747,Medium Truck,11,8000,Diesel,68.45,225302.0
2747,V002748,Light Truck,10,3500,Diesel,92.93,257726.0
2748,V002749,Medium Truck,0,8000,Diesel,71.08,156714.0
2749,V002750,Light Truck,1,3500,Diesel,69.91,250654.0
2750,V002751,Light Truck,1,3500,Diesel,73.74,41527.0
2751,V002752,Medium Truck,8,8000,Diesel,84.61,379062.0
2752,V002753,Medium Truck,6,8000,Diesel,87.89,18424.0
2753,V002754,Van,9,1000,Petrol,87.44,257701.0
2754,V002755,Light Truck,5,3500,Diesel,93.71,13943.0
2755,V002756,Heavy Truck,3,20000,Diesel,71.4,168895.0
2756,V002757,Van,7,1000,Petrol,86.76,172238.0
2757,V002758,Heavy Truck,10,20000,Diesel,73.6,102696.0
2758,V002759,Light Truck,3,3500,Diesel,81.32,224769.0
2759,V002760,Light Truck,8,3500,Diesel,83.7,345755.0
2760,V002761,Medium Truck,14,8000,Diesel,77.9,121170.0
2761,V002762,Van,14,1000,Petrol,79.87,173367.0
2762,V002763,Light Truck,14,3500,Diesel,69.43,257479.0
2763,V002764,Light Truck,5,3500,Diesel,76.57,253151.0
2764,V002765,Light Truck,1,3500,Diesel,91.03,241796.0
2765,V002766,Medium Truck,3,8000,Diesel,83.57,242712.0
2766,V002767,Heavy Truck,13,20000,Diesel,99.26,145844.0
2767,V002768,Medium Truck,12,8000,Diesel,87.62,201352.0
2768,V002769,Van,2,1000,Petrol,100.0,183355.0
2769,V002770,Van,2,1000,Petrol,90.48,207967.0
2770,V002771,Van,7,1000,Petrol,75.44,189457.0
2771,V002772,Light Truck,4,3500,Diesel,59.84,121238.0
2772,V002773,Heavy Truck,7,20000,Diesel,92.94,275715.0
2773,V002774,Light Truck,8,3500,Diesel,79.62,244090.0
2774,V002775,Medium Truck,0,8000,Diesel,100.0,330857.0
2775,V002776,Van,12,1000,Petrol,92.82,227429.0
2776,V002777,Van,2,1000,Petrol,72.61,118592.0
2777,V002778,Light Truck,3,3500,Diesel,83.03,218983.0
2778,V002779,Van,14,1000,Petrol,89.45,273089.0
2779,V002780,Van,13,1000,Petrol,74.75,100062.0
2780,V002781,Van,11,1000,Petrol,72.53,295653.0
2781,V002782,Van,0,1000,Petrol,77.9,234557.0
2782,V002783,Light Truck,9,3500,Diesel,89.5,242694.0
2783,V002784,Medium Truck,7,8000,Diesel,78.13,1000.0
2784,V002785,Light Truck,7,3500,Diesel,74.89,178266.0
2785,V002786,Heavy Truck,6,20000,Diesel,76.62,58471.0
2786,V002787,Medium Truck,5,8000,Diesel,80.26,200542.0
2787,V002788,Medium Truck,8,8000,Diesel,53.48,118467.0
2788,V002789,Medium Truck,7,8000,Diesel,95.37,132339.0
2789,V002790,Light Truck,10,3500,Diesel,83.83,207151.0
2790,V002791,Light Truck,10,3500,Diesel,100.0,136334.0
2791,V002792,Van,11,1000,Petrol,97.65,196311.0
2792,V002793,Light Truck,7,3500,Diesel,95.03,89650.0
2793,V002794,Light Truck,0,3500,Diesel,55.05,281074.0
2794,V002795,Medium Truck,8,8000,Diesel,83.87,149993.0
2795,V002796,Heavy Truck,5,20000,Diesel,74.28,131316.0
2796,V002797,Heavy Truck,3,20000,Diesel,79.84,288697.0
2797,V002798,Medium Truck,5,8000,Diesel,70.9,212306.0
2798,V002799,Van,6,1000,Petrol,78.39,426649.0
2799,V002800,Medium Truck,5,8000,Diesel,91.86,266115.0
2800,V002801,Van,14,1000,Petrol,61.67,216594.0
2801,V002802,Medium Truck,0,8000,Diesel,75.5,268406.0
2802,V002803,Van,0,1000,Petrol,86.94,360610.0
2803,V002804,Light Truck,5,3500,Diesel,72.03,214170.0
2804,V002805,Van,4,1000,Petrol,94.19,73190.0
2805,V002806,Van,5,1000,Petrol,73.96,46624.0
2806,V002807,Heavy Truck,11,20000,Diesel,84.18,188867.0
2807,V002808,Van,13,1000,Petrol,90.21,170948.0
2808,V002809,Medium Truck,11,8000,Diesel,75.3,126706.0
2809,V002810,Heavy Truck,14,20000,Diesel,81.18,128050.0
2810,V002811,Medium Truck,11,8000,Diesel,100.0,225719.0
2811,V002812,Medium Truck,5,8000,Diesel,90.73,179915.0
2812,V002813,Light Truck,1,3500,Diesel,85.98,91174.0
2813,V002814,Medium Truck,4,8000,Diesel,66.65,138196.0
2814,V002815,Light Truck,4,3500,Diesel,80.51,180030.0
2815,V002816,Motorbike,2,50,Petrol,87.75,128652.0
2816,V002817,Light Truck,13,3500,Diesel,75.31,180417.0
2817,V002818,Light Truck,8,3500,Diesel,68.0,225266.0
2818,V002819,Medium Truck,2,8000,Diesel,94.4,67650.0
2819,V002820,Medium Truck,3,8000,Diesel,71.29,75912.0
2820,V002821,Van,3,1000,Petrol,94.79,208569.0
2821,V002822,Medium Truck,10,8000,Diesel,100.0,90248.0
2822,V002823,Motorbike,14,50,Petrol,64.71,147418.0
2823,V002824,Heavy Truck,0,20000,Diesel,97.06,65798.0
2824,V002825,Medium Truck,1,8000,Diesel,69.47,68343.0
2825,V002826,Van,5,1000,Petrol,60.91,166665.0
2826,V002827,Heavy Truck,12,20000,Diesel,91.75,285174.0
2827,V002828,Medium Truck,4,8000,Diesel,90.46,159969.0
2828,V002829,Medium Truck,3,8000,Diesel,90.92,161973.0
2829,V002830,Van,0,1000,Petrol,92.4,41012.0
2830,V002831,Light Truck,8,3500,Diesel,72.06,118290.0
2831,V002832,Light Truck,2,3500,Diesel,74.18,18438.0
2832,V002833,Light Truck,13,3500,Diesel,84.29,213723.0
2833,V002834,Light Truck,6,3500,Diesel,69.83,234435.0
2834,V002835,Light Truck,14,3500,Diesel,67.8,66345.0
2835,V002836,Van,8,1000,Petrol,81.79,192366.0
2836,V002837,Medium Truck,5,8000,Diesel,92.73,309056.0
2837,V002838,Van,9,1000,Petrol,100.0,102975.0
2838,V002839,Van,7,1000,Petrol,67.02,123725.0
2839,V002840,Light Truck,10,3500,Diesel,65.34,210360.0
2840,V002841,Van,2,1000,Petrol,87.58,402099.0
2841,V002842,Van,7,1000,Petrol,86.99,69416.0
2842,V002843,Medium Truck,13,8000,Diesel,61.25,262872.0
2843,V002844,Van,2,1000,Petrol,57.55,170153.0
2844,V002845,Van,7,1000,Petrol,92.23,150411.0
2845,V002846,Light Truck,14,3500,Diesel,87.58,171446.0
2846,V002847,Medium Truck,7,8000,Diesel,68.48,76369.0
2847,V002848,Light Truck,5,3500,Diesel,56.73,334295.0
2848,V002849,Light Truck,0,3500,Diesel,82.36,425813.0
2849,V002850,Light Truck,4,3500,Diesel,95.71,203886.0
2850,V002851,Light Truck,5,3500,Diesel,95.21,183048.0
2851,V002852,Medium Truck,11,8000,Diesel,71.32,32919.0
2852,V002853,Light Truck,10,3500,Diesel,75.31,279003.0
2853,V002854,Light Truck,9,3500,Diesel,63.86,275306.0
2854,V002855,Medium Truck,10,8000,Diesel,86.53,113995.0
2855,V002856,Medium Truck,10,8000,Diesel,86.73,317496.0
2856,V002857,Medium Truck,3,8000,Diesel,82.27,276500.0
2857,V002858,Van,10,1000,Petrol,73.52,192503.0
2858,V002859,Medium Truck,0,8000,Diesel,58.63,202245.0
2859,V002860,Van,11,1000,Petrol,100.0,1000.0
2860,V002861,Van,6,1000,Petrol,91.16,154229.0
2861,V002862,Van,2,1000,Petrol,95.93,228793.0
2862,V002863,Van,6,1000,Petrol,73.71,219920.0
2863,V002864,Medium Truck,6,8000,Diesel,100.0,111635.0
2864,V002865,Light Truck,9,3500,Diesel,87.38,198125.0
2865,V002866,Van,13,1000,Petrol,97.02,99516.0
2866,V002867,Heavy Truck,5,20000,Diesel,76.61,96989.0
2867,V002868,Light Truck,14,3500,Diesel,77.91,65435.0
2868,V002869,Medium Truck,7,8000,Diesel,78.34,149625.0
2869,V002870,Light Truck,4,3500,Diesel,73.82,69400.0
2870,V002871,Light Truck,10,3500,Diesel,89.73,127508.0
2871,V002872,Heavy Truck,8,20000,Diesel,70.95,264709.0
2872,V002873,Light Truck,1,3500,Diesel,71.65,50678.0
2873,V002874,Motorbike,14,50,Petrol,83.47,277748.0
2874,V002875,Medium Truck,1,8000,Diesel,91.56,239997.0
2875,V002876,Motorbike,8,50,Petrol,73.25,318154.0
2876,V002877,Light Truck,13,3500,Diesel,93.47,255047.0
2877,V002878,Light Truck,8,3500,Diesel,81.02,262686.0
2878,V002879,Medium Truck,6,8000,Diesel,71.06,386420.0
2879,V002880,Heavy Truck,9,20000,Diesel,88.42,202453.0
2880,V002881,Light Truck,6,3500,Diesel,65.27,233548.0
2881,V002882,Van,0,1000,Petrol,81.9,104718.0
2882,V002883,Van,11,1000,Petrol,97.67,113159.0
2883,V002884,Van,2,1000,Petrol,94.15,98314.0
2884,V002885,Heavy Truck,7,20000,Diesel,80.1,1000.0
2885,V002886,Medium Truck,13,8000,Diesel,95.18,117765.0
2886,V002887,Van,7,1000,Petrol,95.1,193728.0
2887,V002888,Light Truck,14,3500,Diesel,97.78,81948.0
2888,V002889,Van,5,1000,Petrol,76.66,192643.0
2889,V002890,Van,11,1000,Petrol,81.15,134916.0
2890,V002891,Van,5,1000,Petrol,99.98,176617.0
2891,V002892,Medium Truck,14,8000,Diesel,91.45,8387.0
2892,V002893,Light Truck,3,3500,Diesel,81.29,91970.0
2893,V002894,Medium Truck,6,8000,Diesel,83.89,104051.0
2894,V002895,Heavy Truck,0,20000,Diesel,78.41,299930.0
2895,V002896,Medium Truck,14,8000,Diesel,71.98,157422.0
2896,V002897,Van,14,1000,Petrol,77.13,106948.0
2897,V002898,Light Truck,11,3500,Diesel,64.36,202804.0
2898,V002899,Van,11,1000,Petrol,64.37,230768.0
2899,V002900,Light Truck,1,3500,Diesel,98.91,86040.0
2900,V002901,Medium Truck,3,8000,Diesel,100.0,62212.0
2901,V002902,Medium Truck,8,8000,Diesel,79.68,187830.0
2902,V002903,Van,10,1000,Petrol,65.4,275190.0
2903,V002904,Van,0,1000,Petrol,88.25,1000.0
2904,V002905,Medium Truck,7,8000,Diesel,89.95,203184.0
2905,V002906,Light Truck,3,3500,Diesel,100.0,217027.0
2906,V002907,Van,11,1000,Petrol,74.38,72173.0
2907,V002908,Van,14,1000,Petrol,81.51,372861.0
2908,V002909,Light Truck,10,3500,Diesel,78.86,199987.0
2909,V002910,Medium Truck,11,8000,Diesel,61.02,98952.0
2910,V002911,Medium Truck,4,8000,Diesel,77.44,326707.0
2911,V002912,Medium Truck,2,8000,Diesel,89.58,124038.0
2912,V002913,Light Truck,7,3500,Diesel,67.28,94363.0
2913,V002914,Heavy Truck,13,20000,Diesel,88.66,103746.0
2914,V002915,Van,2,1000,Petrol,77.09,123986.0
2915,V002916,Medium Truck,7,8000,Diesel,75.95,206481.0
2916,V002917,Van,8,1000,Petrol,78.51,205706.0
2917,V002918,Van,1,1000,Petrol,85.01,243945.0
2918,V002919,Van,4,1000,Petrol,100.0,338332.0
2919,V002920,Medium Truck,13,8000,Diesel,100.0,243181.0
2920,V002921,Van,7,1000,Petrol,76.37,112051.0
2921,V002922,Light Truck,7,3500,Diesel,75.67,145610.0
2922,V002923,Medium Truck,0,8000,Diesel,74.02,166388.0
2923,V002924,Light Truck,5,3500,Diesel,79.22,131882.0
2924,V002925,Medium Truck,3,8000,Diesel,57.53,206835.0
2925,V002926,Van,11,1000,Petrol,81.27,162367.0
2926,V002927,Van,8,1000,Petrol,87.29,239919.0
2927,V002928,Motorbike,9,50,Petrol,84.36,302451.0
2928,V002929,Medium Truck,1,8000,Diesel,82.25,63832.0
2929,V002930,Heavy Truck,6,20000,Diesel,77.74,167249.0
2930,V002931,Light Truck,8,3500,Diesel,87.95,156577.0
2931,V002932,Heavy Truck,13,20000,Diesel,99.73,129301.0
2932,V002933,Medium Truck,0,8000,Diesel,66.76,259976.0
2933,V002934,Light Truck,12,3500,Diesel,90.75,137960.0
2934,V002935,Light Truck,9,3500,Diesel,84.74,333081.0
2935,V002936,Medium Truck,5,8000,Diesel,88.11,160238.0
2936,V002937,Light Truck,13,3500,Diesel,100.0,289810.0
2937,V002938,Van,13,1000,Petrol,88.33,215707.0
2938,V002939,Medium Truck,10,8000,Diesel,87.39,210989.0
2939,V002940,Medium Truck,13,8000,Diesel,67.52,348112.0
2940,V002941,Medium Truck,13,8000,Diesel,90.67,121654.0
2941,V002942,Van,1,1000,Petrol,89.4,242902.0
2942,V002943,Light Truck,4,3500,Diesel,72.84,271952.0
2943,V002944,Van,5,1000,Petrol,100.0,229118.0
2944,V002945,Heavy Truck,13,20000,Diesel,73.67,65363.0
2945,V002946,Light Truck,7,3500,Diesel,58.35,217997.0
2946,V002947,Light Truck,8,3500,Diesel,72.64,271973.0
2947,V002948,Motorbike,6,50,Petrol,86.96,169986.0
2948,V002949,Medium Truck,0,8000,Diesel,81.71,291275.0
2949,V002950,Medium Truck,9,8000,Diesel,92.98,78396.0
2950,V002951,Light Truck,9,3500,Diesel,72.75,276211.0
2951,V002952,Light Truck,11,3500,Diesel,81.61,119769.0
2952,V002953,Van,10,1000,Petrol,84.36,239262.0
2953,V002954,Van,2,1000,Petrol,63.19,196877.0
2954,V002955,Van,11,1000,Petrol,73.57,243761.0
2955,V002956,Van,12,1000,Petrol,85.56,66095.0
2956,V002957,Van,1,1000,Petrol,80.59,163268.0
2957,V002958,Light Truck,0,3500,Diesel,79.38,7743.0
2958,V002959,Heavy Truck,11,20000,Diesel,95.26,185630.0
2959,V002960,Medium Truck,4,8000,Diesel,100.0,189037.0
2960,V002961,Van,13,1000,Petrol,83.91,157668.0
2961,V002962,Medium Truck,6,8000,Diesel,65.55,149891.0
2962,V002963,Medium Truck,0,8000,Diesel,70.07,80195.0
2963,V002964,Van,0,1000,Petrol,75.59,119906.0
2964,V002965,Heavy Truck,8,20000,Diesel,79.65,193674.0
2965,V002966,Light Truck,5,3500,Diesel,86.53,199095.0
2966,V002967,Light Truck,8,3500,Diesel,100.0,92869.0
2967,V002968,Heavy Truck,7,20000,Diesel,65.75,277675.0
2968,V002969,Heavy Truck,3,20000,Diesel,72.31,118193.0
2969,V002970,Medium Truck,12,8000,Diesel,74.74,306568.0
2970,V002971,Van,2,1000,Petrol,98.75,149351.0
2971,V002972,Van,4,1000,Petrol,100.0,85336.0
2972,V002973,Heavy Truck,14,20000,Diesel,63.68,273924.0
2973,V002974,Light Truck,1,3500,Diesel,87.18,188967.0
2974,V002975,Van,9,1000,Petrol,81.46,131242.0
2975,V002976,Motorbike,3,50,Petrol,90.44,160565.0
2976,V002977,Medium Truck,5,8000,Diesel,93.41,172018.0
2977,V002978,Van,6,1000,Petrol,87.62,251329.0
2978,V002979,Light Truck,9,3500,Diesel,91.47,174806.0
2979,V002980,Light Truck,13,3500,Diesel,81.12,168509.0
2980,V002981,Light Truck,9,3500,Diesel,95.95,1000.0
2981,V002982,Van,6,1000,Petrol,74.68,245995.0
2982,V002983,Light Truck,14,3500,Diesel,95.63,143192.0
2983,V002984,Medium Truck,12,8000,Diesel,74.41,208503.0
2984,V002985,Light Truck,14,3500,Diesel,93.49,97567.0
2985,V002986,Van,0,1000,Petrol,73.33,218061.0
2986,V002987,Van,2,1000,Petrol,84.84,297611.0
2987,V002988,Van,14,1000,Petrol,72.19,202452.0
2988,V002989,Medium Truck,1,8000,Diesel,86.39,259145.0
2989,V002990,Light Truck,4,3500,Diesel,90.76,183512.0
2990,V002991,Light Truck,14,3500,Diesel,66.22,53874.0
2991,V002992,Heavy Truck,6,20000,Diesel,73.24,25128.0
2992,V002993,Heavy Truck,8,20000,Diesel,88.6,84612.0
2993,V002994,Medium Truck,13,8000,Diesel,83.26,1000.0
2994,V002995,Van,2,1000,Petrol,88.83,133693.0
2995,V002996,Light Truck,11,3500,Diesel,80.13,199595.0
2996,V002997,Light Truck,14,3500,Diesel,86.56,304880.0
2997,V002998,Van,11,1000,Petrol,72.88,272276.0
2998,V002999,Motorbike,1,50,Petrol,88.22,201521.0
2999,V003000,Light Truck,13,3500,Diesel,90.84,226180.0
3000,V003001,Van,14,1000,Petrol,67.71,274299.0
3001,V003002,Medium Truck,1,8000,Diesel,79.11,236043.0
3002,V003003,Van,0,1000,Petrol,62.6,208560.0
3003,V003004,Medium Truck,10,8000,Diesel,81.71,112434.0
3004,V003005,Medium Truck,6,8000,Diesel,82.16,165447.0
3005,V003006,Motorbike,11,50,Petrol,75.6,235318.0
3006,V003007,Van,10,1000,Petrol,76.05,154402.0
3007,V003008,Van,12,1000,Petrol,86.18,118051.0
3008,V003009,Light Truck,4,3500,Diesel,100.0,223073.0
3009,V003010,Medium Truck,10,8000,Diesel,81.61,275066.0
3010,V003011,Motorbike,3,50,Petrol,82.67,311176.0
3011,V003012,Light Truck,3,3500,Diesel,68.62,113229.0
3012,V003013,Light Truck,14,3500,Diesel,84.87,169436.0
3013,V003014,Van,0,1000,Petrol,62.44,162533.0
3014,V003015,Medium Truck,8,8000,Diesel,82.26,105460.0
3015,V003016,Light Truck,4,3500,Diesel,91.09,254577.0
3016,V003017,Van,9,1000,Petrol,86.34,1000.0
3017,V003018,Light Truck,12,3500,Diesel,91.12,193629.0
3018,V003019,Light Truck,3,3500,Diesel,73.23,244774.0
3019,V003020,Light Truck,14,3500,Diesel,86.43,275833.0
3020,V003021,Medium Truck,1,8000,Diesel,69.3,186171.0
3021,V003022,Van,1,1000,Petrol,64.13,155647.0
3022,V003023,Van,4,1000,Petrol,88.45,296654.0
3023,V003024,Medium Truck,14,8000,Diesel,65.07,143829.0
3024,V003025,Medium Truck,10,8000,Diesel,90.39,140635.0
3025,V003026,Van,10,1000,Petrol,82.46,256288.0
3026,V003027,Medium Truck,1,8000,Diesel,93.83,167703.0
3027,V003028,Light Truck,1,3500,Diesel,86.12,87606.0
3028,V003029,Light Truck,12,3500,Diesel,94.57,100578.0
3029,V003030,Van,12,1000,Petrol,81.92,58670.0
3030,V003031,Heavy Truck,8,20000,Diesel,100.0,44688.0
3031,V003032,Medium Truck,0,8000,Diesel,84.32,216665.0
3032,V003033,Van,0,1000,Petrol,82.45,64572.0
3033,V003034,Van,8,1000,Petrol,85.3,225870.0
3034,V003035,Light Truck,7,3500,Diesel,95.9,69582.0
3035,V003036,Van,4,1000,Petrol,89.93,201759.0
3036,V003037,Motorbike,3,50,Petrol,98.97,205398.0
3037,V003038,Van,9,1000,Petrol,73.05,387854.0
3038,V003039,Van,10,1000,Petrol,90.62,173885.0
3039,V003040,Motorbike,0,50,Petrol,86.97,133985.0
3040,V003041,Light Truck,11,3500,Diesel,94.36,230825.0
3041,V003042,Van,6,1000,Petrol,77.16,182501.0
3042,V003043,Van,6,1000,Petrol,77.39,245942.0
3043,V003044,Van,0,1000,Petrol,92.35,29621.0
3044,V003045,Medium Truck,5,8000,Diesel,79.06,184032.0
3045,V003046,Heavy Truck,13,20000,Diesel,72.11,69516.0
3046,V003047,Medium Truck,7,8000,Diesel,79.17,278962.0
3047,V003048,Light Truck,6,3500,Diesel,76.42,120040.0
3048,V003049,Van,0,1000,Petrol,79.45,243279.0
3049,V003050,Van,1,1000,Petrol,81.23,262287.0
3050,V003051,Van,3,1000,Petrol,80.94,228615.0
3051,V003052,Light Truck,7,3500,Diesel,83.47,252288.0
3052,V003053,Van,1,1000,Petrol,97.49,153446.0
3053,V003054,Motorbike,0,50,Petrol,90.03,253491.0
3054,V003055,Motorbike,3,50,Petrol,69.09,54274.0
3055,V003056,Van,5,1000,Petrol,100.0,193066.0
3056,V003057,Medium Truck,11,8000,Diesel,75.08,173376.0
3057,V003058,Van,9,1000,Petrol,69.93,100535.0
3058,V003059,Van,0,1000,Petrol,74.18,86315.0
3059,V003060,Light Truck,3,3500,Diesel,60.01,28810.0
3060,V003061,Van,6,1000,Petrol,89.11,172441.0
3061,V003062,Van,5,1000,Petrol,79.89,40178.0
3062,V003063,Medium Truck,0,8000,Diesel,77.9,1000.0
3063,V003064,Medium Truck,12,8000,Diesel,83.57,107335.0
3064,V003065,Van,10,1000,Petrol,79.02,359589.0
3065,V003066,Van,13,1000,Petrol,82.44,146512.0
3066,V003067,Medium Truck,7,8000,Diesel,99.02,241291.0
3067,V003068,Motorbike,10,50,Petrol,76.15,29623.0
3068,V003069,Light Truck,5,3500,Diesel,98.04,152809.0
3069,V003070,Light Truck,9,3500,Diesel,92.9,284774.0
3070,V003071,Light Truck,2,3500,Diesel,78.7,175291.0
3071,V003072,Light Truck,14,3500,Diesel,73.81,204591.0
3072,V003073,Van,0,1000,Petrol,79.93,147293.0
3073,V003074,Light Truck,0,3500,Diesel,81.05,53465.0
3074,V003075,Medium Truck,9,8000,Diesel,86.54,151312.0
3075,V003076,Light Truck,0,3500,Diesel,95.48,94382.0
3076,V003077,Medium Truck,7,8000,Diesel,100.0,111415.0
3077,V003078,Heavy Truck,4,20000,Diesel,80.12,224834.0
3078,V003079,Heavy Truck,2,20000,Diesel,84.75,61084.0
3079,V003080,Medium Truck,14,8000,Diesel,79.98,270673.0
3080,V003081,Van,1,1000,Petrol,98.2,137895.0
3081,V003082,Van,4,1000,Petrol,81.51,193058.0
3082,V003083,Medium Truck,7,8000,Diesel,100.0,64534.0
3083,V003084,Van,14,1000,Petrol,95.94,150408.0
3084,V003085,Van,9,1000,Petrol,65.7,184444.0
3085,V003086,Light Truck,8,3500,Diesel,70.82,94285.0
3086,V003087,Light Truck,1,3500,Diesel,82.68,169660.0
3087,V003088,Medium Truck,5,8000,Diesel,70.81,24337.0
3088,V003089,Medium Truck,2,8000,Diesel,76.55,156081.0
3089,V003090,Heavy Truck,6,20000,Diesel,72.28,64099.0
3090,V003091,Heavy Truck,1,20000,Diesel,67.8,212823.0
3091,V003092,Heavy Truck,8,20000,Diesel,78.02,159890.0
3092,V003093,Medium Truck,5,8000,Diesel,86.08,116096.0
3093,V003094,Light Truck,5,3500,Diesel,71.5,271094.0
3094,V003095,Motorbike,11,50,Petrol,83.75,220010.0
3095,V003096,Van,7,1000,Petrol,75.97,99681.0
3096,V003097,Van,2,1000,Petrol,85.1,247721.0
3097,V003098,Light Truck,3,3500,Diesel,69.91,198866.0
3098,V003099,Medium Truck,8,8000,Diesel,91.83,162044.0
3099,V003100,Light Truck,7,3500,Diesel,66.3,224482.0
3100,V003101,Heavy Truck,9,20000,Diesel,80.34,176027.0
3101,V003102,Light Truck,9,3500,Diesel,96.61,110519.0
3102,V003103,Light Truck,14,3500,Diesel,99.09,210424.0
3103,V003104,Van,5,1000,Petrol,73.01,246729.0
3104,V003105,Van,5,1000,Petrol,100.0,129797.0
3105,V003106,Medium Truck,13,8000,Diesel,71.1,47862.0
3106,V003107,Van,14,1000,Petrol,96.91,1000.0
3107,V003108,Van,0,1000,Petrol,72.61,252847.0
3108,V003109,Heavy Truck,13,20000,Diesel,82.76,336975.0
3109,V003110,Van,3,1000,Petrol,81.29,1000.0
3110,V003111,Light Truck,1,3500,Diesel,100.0,90707.0
3111,V003112,Medium Truck,0,8000,Diesel,78.14,168101.0
3112,V003113,Medium Truck,2,8000,Diesel,78.57,57806.0
3113,V003114,Heavy Truck,0,20000,Diesel,94.67,206604.0
3114,V003115,Medium Truck,7,8000,Diesel,72.94,155623.0
3115,V003116,Heavy Truck,1,20000,Diesel,80.06,27301.0
3116,V003117,Van,9,1000,Petrol,84.73,313104.0
3117,V003118,Medium Truck,12,8000,Diesel,81.73,223615.0
3118,V003119,Heavy Truck,3,20000,Diesel,68.42,208956.0
3119,V003120,Light Truck,12,3500,Diesel,80.7,214341.0
3120,V003121,Van,13,1000,Petrol,88.33,201293.0
3121,V003122,Medium Truck,7,8000,Diesel,72.54,207291.0
3122,V003123,Heavy Truck,7,20000,Diesel,100.0,120186.0
3123,V003124,Van,11,1000,Petrol,93.34,103542.0
3124,V003125,Medium Truck,3,8000,Diesel,88.64,265092.0
3125,V003126,Heavy Truck,8,20000,Diesel,94.39,46991.0
3126,V003127,Light Truck,12,3500,Diesel,81.61,136162.0
3127,V003128,Van,4,1000,Petrol,84.17,307816.0
3128,V003129,Light Truck,8,3500,Diesel,76.54,193742.0
3129,V003130,Light Truck,0,3500,Diesel,88.83,308734.0
3130,V003131,Heavy Truck,7,20000,Diesel,76.56,318382.0
3131,V003132,Van,9,1000,Petrol,73.2,202396.0
3132,V003133,Medium Truck,6,8000,Diesel,97.54,254961.0
3133,V003134,Light Truck,7,3500,Diesel,68.61,210862.0
3134,V003135,Light Truck,13,3500,Diesel,74.88,92338.0
3135,V003136,Light Truck,0,3500,Diesel,71.46,188466.0
3136,V003137,Van,10,1000,Petrol,66.26,142836.0
3137,V003138,Medium Truck,10,8000,Diesel,96.14,141034.0
3138,V003139,Light Truck,12,3500,Diesel,66.88,155483.0
3139,V003140,Light Truck,11,3500,Diesel,87.86,386997.0
3140,V003141,Medium Truck,7,8000,Diesel,100.0,135016.0
3141,V003142,Light Truck,14,3500,Diesel,82.69,209609.0
3142,V003143,Light Truck,14,3500,Diesel,70.06,184133.0
3143,V003144,Van,12,1000,Petrol,72.72,264440.0
3144,V003145,Heavy Truck,12,20000,Diesel,91.16,232279.0
3145,V003146,Heavy Truck,11,20000,Diesel,88.54,217374.0
3146,V003147,Motorbike,0,50,Petrol,96.18,230541.0
3147,V003148,Medium Truck,2,8000,Diesel,48.27,138163.0
3148,V003149,Motorbike,11,50,Petrol,71.25,178398.0
3149,V003150,Motorbike,2,50,Petrol,69.9,1000.0
3150,V003151,Light Truck,0,3500,Diesel,68.1,159716.0
3151,V003152,Van,13,1000,Petrol,93.58,274517.0
3152,V003153,Light Truck,14,3500,Diesel,87.44,198245.0
3153,V003154,Van,14,1000,Petrol,51.66,221192.0
3154,V003155,Heavy Truck,8,20000,Diesel,72.38,31745.0
3155,V003156,Medium Truck,1,8000,Diesel,82.38,1000.0
3156,V003157,Medium Truck,8,8000,Diesel,81.96,173500.0
3157,V003158,Van,0,1000,Petrol,98.93,243344.0
3158,V003159,Medium Truck,14,8000,Diesel,52.24,154873.0
3159,V003160,Medium Truck,12,8000,Diesel,72.55,106498.0
3160,V003161,Van,9,1000,Petrol,82.12,192797.0
3161,V003162,Light Truck,9,3500,Diesel,66.95,39363.0
3162,V003163,Medium Truck,11,8000,Diesel,78.29,303393.0
3163,V003164,Heavy Truck,7,20000,Diesel,58.13,124335.0
3164,V003165,Heavy Truck,11,20000,Diesel,92.21,210587.0
3165,V003166,Medium Truck,11,8000,Diesel,77.4,220178.0
3166,V003167,Medium Truck,12,8000,Diesel,71.18,97075.0
3167,V003168,Van,7,1000,Petrol,100.0,210961.0
3168,V003169,Medium Truck,12,8000,Diesel,84.95,260721.0
3169,V003170,Medium Truck,12,8000,Diesel,78.82,263428.0
3170,V003171,Medium Truck,6,8000,Diesel,90.68,256610.0
3171,V003172,Van,6,1000,Petrol,71.83,173767.0
3172,V003173,Van,2,1000,Petrol,71.28,363492.0
3173,V003174,Medium Truck,4,8000,Diesel,84.73,146799.0
3174,V003175,Heavy Truck,5,20000,Diesel,72.79,270154.0
3175,V003176,Light Truck,11,3500,Diesel,100.0,338622.0
3176,V003177,Van,3,1000,Petrol,88.49,153595.0
3177,V003178,Heavy Truck,9,20000,Diesel,89.92,231539.0
3178,V003179,Heavy Truck,11,20000,Diesel,98.6,284151.0
3179,V003180,Medium Truck,4,8000,Diesel,86.02,202018.0
3180,V003181,Van,7,1000,Petrol,77.08,212885.0
3181,V003182,Light Truck,12,3500,Diesel,81.06,42932.0
3182,V003183,Motorbike,13,50,Petrol,78.69,232244.0
3183,V003184,Van,12,1000,Petrol,77.22,193800.0
3184,V003185,Light Truck,2,3500,Diesel,95.14,120052.0
3185,V003186,Heavy Truck,6,20000,Diesel,90.51,170486.0
3186,V003187,Van,0,1000,Petrol,83.36,148824.0
3187,V003188,Medium Truck,5,8000,Diesel,100.0,245779.0
3188,V003189,Heavy Truck,2,20000,Diesel,72.56,316602.0
3189,V003190,Van,11,1000,Petrol,87.92,129644.0
3190,V003191,Medium Truck,9,8000,Diesel,73.94,184123.0
3191,V003192,Medium Truck,6,8000,Diesel,83.84,176674.0
3192,V003193,Heavy Truck,11,20000,Diesel,80.97,242794.0
3193,V003194,Medium Truck,5,8000,Diesel,81.81,77397.0
3194,V003195,Medium Truck,13,8000,Diesel,85.9,93638.0
3195,V003196,Light Truck,2,3500,Diesel,88.68,302758.0
3196,V003197,Light Truck,13,3500,Diesel,81.37,311628.0
3197,V003198,Van,7,1000,Petrol,68.57,164812.0
3198,V003199,Light Truck,5,3500,Diesel,70.87,265691.0
3199,V003200,Medium Truck,12,8000,Diesel,98.29,56793.0
3200,V003201,Light Truck,11,3500,Diesel,74.49,290299.0
3201,V003202,Van,7,1000,Petrol,67.06,229370.0
3202,V003203,Light Truck,5,3500,Diesel,76.6,219798.0
3203,V003204,Light Truck,13,3500,Diesel,52.24,276811.0
3204,V003205,Medium Truck,14,8000,Diesel,89.46,163196.0
3205,V003206,Van,11,1000,Petrol,83.74,263426.0
3206,V003207,Van,12,1000,Petrol,77.97,224412.0
3207,V003208,Medium Truck,5,8000,Diesel,83.99,1000.0
3208,V003209,Van,13,1000,Petrol,89.28,256489.0
3209,V003210,Light Truck,12,3500,Diesel,97.18,120444.0
3210,V003211,Medium Truck,9,8000,Diesel,57.21,212728.0
3211,V003212,Medium Truck,1,8000,Diesel,100.0,429468.0
3212,V003213,Light Truck,8,3500,Diesel,83.73,143172.0
3213,V003214,Medium Truck,5,8000,Diesel,91.72,156457.0
3214,V003215,Light Truck,2,3500,Diesel,86.4,89220.0
3215,V003216,Medium Truck,1,8000,Diesel,70.68,232289.0
3216,V003217,Heavy Truck,7,20000,Diesel,77.08,87928.0
3217,V003218,Light Truck,3,3500,Diesel,100.0,150545.0
3218,V003219,Light Truck,13,3500,Diesel,99.64,215714.0
3219,V003220,Light Truck,13,3500,Diesel,86.46,223529.0
3220,V003221,Light Truck,14,3500,Diesel,70.44,188808.0
3221,V003222,Light Truck,4,3500,Diesel,74.33,329102.0
3222,V003223,Medium Truck,3,8000,Diesel,68.59,107859.0
3223,V003224,Light Truck,4,3500,Diesel,89.9,29221.0
3224,V003225,Light Truck,14,3500,Diesel,87.75,67756.0
3225,V003226,Van,1,1000,Petrol,81.3,199467.0
3226,V003227,Medium Truck,10,8000,Diesel,86.55,259185.0
3227,V003228,Heavy Truck,11,20000,Diesel,100.0,1000.0
3228,V003229,Van,1,1000,Petrol,77.45,83057.0
3229,V003230,Light Truck,10,3500,Diesel,91.61,305214.0
3230,V003231,Light Truck,2,3500,Diesel,68.55,167986.0
3231,V003232,Van,8,1000,Petrol,69.6,280308.0
3232,V003233,Van,14,1000,Petrol,92.47,169508.0
3233,V003234,Medium Truck,2,8000,Diesel,78.31,297544.0
3234,V003235,Van,14,1000,Petrol,66.04,292925.0
3235,V003236,Van,9,1000,Petrol,79.01,207815.0
3236,V003237,Heavy Truck,3,20000,Diesel,78.74,224787.0
3237,V003238,Heavy Truck,2,20000,Diesel,77.21,113928.0
3238,V003239,Medium Truck,9,8000,Diesel,81.01,127062.0
3239,V003240,Van,8,1000,Petrol,81.66,99639.0
3240,V003241,Light Truck,11,3500,Diesel,81.02,39593.0
3241,V003242,Medium Truck,9,8000,Diesel,83.58,190580.0
3242,V003243,Light Truck,7,3500,Diesel,92.29,162479.0
3243,V003244,Van,2,1000,Petrol,75.24,169271.0
3244,V003245,Light Truck,3,3500,Diesel,79.51,414145.0
3245,V003246,Medium Truck,10,8000,Diesel,66.19,53730.0
3246,V003247,Heavy Truck,11,20000,Diesel,72.12,163089.0
3247,V003248,Van,14,1000,Petrol,77.62,304963.0
3248,V003249,Light Truck,11,3500,Diesel,90.02,167053.0
3249,V003250,Motorbike,12,50,Petrol,67.98,261104.0
3250,V003251,Van,2,1000,Petrol,72.55,199669.0
3251,V003252,Heavy Truck,6,20000,Diesel,92.33,149533.0
3252,V003253,Van,8,1000,Petrol,76.04,200027.0
3253,V003254,Van,4,1000,Petrol,90.22,126666.0
3254,V003255,Van,1,1000,Petrol,70.2,226190.0
3255,V003256,Medium Truck,3,8000,Diesel,84.34,230045.0
3256,V003257,Medium Truck,4,8000,Diesel,85.58,132853.0
3257,V003258,Light Truck,13,3500,Diesel,80.13,220343.0
3258,V003259,Light Truck,3,3500,Diesel,81.66,302099.0
3259,V003260,Medium Truck,10,8000,Diesel,76.27,181938.0
3260,V003261,Van,7,1000,Petrol,83.46,220141.0
3261,V003262,Van,12,1000,Petrol,94.15,302010.0
3262,V003263,Van,10,1000,Petrol,78.6,229741.0
3263,V003264,Medium Truck,13,8000,Diesel,85.57,123944.0
3264,V003265,Van,2,1000,Petrol,84.48,1000.0
3265,V003266,Medium Truck,13,8000,Diesel,81.12,321461.0
3266,V003267,Light Truck,11,3500,Diesel,88.29,369150.0
3267,V003268,Light Truck,9,3500,Diesel,75.42,259437.0
3268,V003269,Van,5,1000,Petrol,77.7,286376.0
3269,V003270,Heavy Truck,10,20000,Diesel,75.96,286651.0
3270,V003271,Medium Truck,11,8000,Diesel,89.81,273338.0
3271,V003272,Heavy Truck,10,20000,Diesel,89.13,114817.0
3272,V003273,Heavy Truck,4,20000,Diesel,81.86,160383.0
3273,V003274,Light Truck,12,3500,Diesel,73.15,143291.0
3274,V003275,Heavy Truck,8,20000,Diesel,83.68,200985.0
3275,V003276,Light Truck,0,3500,Diesel,87.05,265725.0
3276,V003277,Heavy Truck,8,20000,Diesel,84.42,58716.0
3277,V003278,Light Truck,0,3500,Diesel,77.15,145248.0
3278,V003279,Medium Truck,6,8000,Diesel,71.55,256523.0
3279,V003280,Heavy Truck,5,20000,Diesel,73.74,186690.0
3280,V003281,Van,14,1000,Petrol,76.47,217896.0
3281,V003282,Light Truck,0,3500,Diesel,85.79,152912.0
3282,V003283,Van,5,1000,Petrol,66.4,365371.0
3283,V003284,Van,13,1000,Petrol,100.0,132479.0
3284,V003285,Van,0,1000,Petrol,66.79,150571.0
3285,V003286,Heavy Truck,11,20000,Diesel,88.91,260166.0
3286,V003287,Light Truck,3,3500,Diesel,75.23,95061.0
3287,V003288,Van,0,1000,Petrol,82.47,114560.0
3288,V003289,Light Truck,12,3500,Diesel,90.38,180526.0
3289,V003290,Medium Truck,5,8000,Diesel,96.07,93601.0
3290,V003291,Medium Truck,9,8000,Diesel,80.93,62591.0
3291,V003292,Van,7,1000,Petrol,55.58,119751.0
3292,V003293,Van,9,1000,Petrol,90.38,189775.0
3293,V003294,Light Truck,14,3500,Diesel,80.86,167535.0
3294,V003295,Light Truck,0,3500,Diesel,92.78,240138.0
3295,V003296,Van,7,1000,Petrol,97.82,202210.0
3296,V003297,Light Truck,5,3500,Diesel,86.68,202097.0
3297,V003298,Light Truck,0,3500,Diesel,100.0,5581.0
3298,V003299,Medium Truck,6,8000,Diesel,91.94,297485.0
3299,V003300,Medium Truck,9,8000,Diesel,84.18,118592.0
3300,V003301,Light Truck,5,3500,Diesel,80.89,128916.0
3301,V003302,Light Truck,11,3500,Diesel,100.0,319997.0
3302,V003303,Medium Truck,9,8000,Diesel,87.74,37365.0
3303,V003304,Light Truck,1,3500,Diesel,83.22,233969.0
3304,V003305,Light Truck,11,3500,Diesel,91.93,315212.0
3305,V003306,Van,5,1000,Petrol,100.0,103680.0
3306,V003307,Van,0,1000,Petrol,76.58,169768.0
3307,V003308,Light Truck,0,3500,Diesel,76.98,186948.0
3308,V003309,Van,9,1000,Petrol,98.79,146731.0
3309,V003310,Medium Truck,0,8000,Diesel,76.97,285950.0
3310,V003311,Light Truck,8,3500,Diesel,98.38,1000.0
3311,V003312,Van,10,1000,Petrol,72.64,259062.0
3312,V003313,Motorbike,13,50,Petrol,100.0,76424.0
3313,V003314,Light Truck,6,3500,Diesel,96.52,199766.0
3314,V003315,Medium Truck,7,8000,Diesel,93.1,148901.0
3315,V003316,Van,0,1000,Petrol,97.23,169832.0
3316,V003317,Van,1,1000,Petrol,64.74,251350.0
3317,V003318,Medium Truck,0,8000,Diesel,97.47,137566.0
3318,V003319,Van,11,1000,Petrol,78.23,214820.0
3319,V003320,Light Truck,14,3500,Diesel,93.93,226309.0
3320,V003321,Motorbike,4,50,Petrol,100.0,108734.0
3321,V003322,Heavy Truck,10,20000,Diesel,64.7,50665.0
3322,V003323,Light Truck,10,3500,Diesel,72.15,140348.0
3323,V003324,Medium Truck,5,8000,Diesel,94.36,334266.0
3324,V003325,Light Truck,3,3500,Diesel,85.12,109581.0
3325,V003326,Van,0,1000,Petrol,81.5,197241.0
3326,V003327,Motorbike,11,50,Petrol,100.0,36793.0
3327,V003328,Heavy Truck,1,20000,Diesel,86.18,236874.0
3328,V003329,Light Truck,8,3500,Diesel,100.0,204508.0
3329,V003330,Medium Truck,6,8000,Diesel,100.0,150440.0
3330,V003331,Medium Truck,2,8000,Diesel,66.98,315813.0
3331,V003332,Medium Truck,1,8000,Diesel,59.58,189931.0
3332,V003333,Heavy Truck,0,20000,Diesel,82.41,58154.0
3333,V003334,Light Truck,0,3500,Diesel,63.54,1000.0
3334,V003335,Light Truck,14,3500,Diesel,77.31,345081.0
3335,V003336,Medium Truck,11,8000,Diesel,84.85,212234.0
3336,V003337,Van,1,1000,Petrol,92.5,55295.0
3337,V003338,Medium Truck,0,8000,Diesel,100.0,385352.0
3338,V003339,Light Truck,14,3500,Diesel,88.62,311058.0
3339,V003340,Light Truck,1,3500,Diesel,80.92,235529.0
3340,V003341,Motorbike,9,50,Petrol,81.26,268717.0
3341,V003342,Heavy Truck,12,20000,Diesel,88.57,125215.0
3342,V003343,Heavy Truck,0,20000,Diesel,70.31,61109.0
3343,V003344,Heavy Truck,6,20000,Diesel,100.0,207364.0
3344,V003345,Light Truck,11,3500,Diesel,73.52,120169.0
3345,V003346,Light Truck,6,3500,Diesel,79.24,230623.0
3346,V003347,Light Truck,1,3500,Diesel,74.39,175944.0
3347,V003348,Van,4,1000,Petrol,76.58,183901.0
3348,V003349,Heavy Truck,11,20000,Diesel,88.89,96672.0
3349,V003350,Medium Truck,0,8000,Diesel,64.52,23469.0
3350,V003351,Medium Truck,4,8000,Diesel,97.35,240726.0
3351,V003352,Medium Truck,10,8000,Diesel,87.49,181491.0
3352,V003353,Heavy Truck,10,20000,Diesel,79.81,142172.0
3353,V003354,Light Truck,10,3500,Diesel,73.53,154247.0
3354,V003355,Van,4,1000,Petrol,84.06,103534.0
3355,V003356,Motorbike,0,50,Petrol,77.51,241752.0
3356,V003357,Light Truck,6,3500,Diesel,61.63,29778.0
3357,V003358,Medium Truck,6,8000,Diesel,96.72,75525.0
3358,V003359,Light Truck,12,3500,Diesel,78.87,123990.0
3359,V003360,Light Truck,11,3500,Diesel,85.88,80532.0
3360,V003361,Medium Truck,6,8000,Diesel,63.75,136859.0
3361,V003362,Light Truck,3,3500,Diesel,87.88,268809.0
3362,V003363,Light Truck,2,3500,Diesel,91.91,160231.0
3363,V003364,Van,2,1000,Petrol,98.67,114830.0
3364,V003365,Van,9,1000,Petrol,72.68,160137.0
3365,V003366,Light Truck,6,3500,Diesel,81.16,216589.0
3366,V003367,Van,3,1000,Petrol,81.35,81260.0
3367,V003368,Light Truck,4,3500,Diesel,100.0,163913.0
3368,V003369,Light Truck,8,3500,Diesel,93.38,294463.0
3369,V003370,Van,4,1000,Petrol,85.73,1000.0
3370,V003371,Light Truck,6,3500,Diesel,60.79,269756.0
3371,V003372,Medium Truck,10,8000,Diesel,94.26,218418.0
3372,V003373,Van,8,1000,Petrol,90.25,1000.0
3373,V003374,Light Truck,0,3500,Diesel,56.64,217353.0
3374,V003375,Motorbike,12,50,Petrol,72.73,167438.0
3375,V003376,Medium Truck,12,8000,Diesel,95.85,215764.0
3376,V003377,Light Truck,12,3500,Diesel,100.0,34436.0
3377,V003378,Van,8,1000,Petrol,89.26,130387.0
3378,V003379,Heavy Truck,9,20000,Diesel,72.8,192921.0
3379,V003380,Van,13,1000,Petrol,95.2,1000.0
3380,V003381,Heavy Truck,1,20000,Diesel,77.88,276164.0
3381,V003382,Van,9,1000,Petrol,97.99,186444.0
3382,V003383,Light Truck,13,3500,Diesel,75.77,131692.0
3383,V003384,Light Truck,9,3500,Diesel,100.0,21363.0
3384,V003385,Van,10,1000,Petrol,62.96,203302.0
3385,V003386,Light Truck,7,3500,Diesel,83.42,251699.0
3386,V003387,Van,5,1000,Petrol,87.76,94232.0
3387,V003388,Van,11,1000,Petrol,91.21,1000.0
3388,V003389,Medium Truck,11,8000,Diesel,81.7,232205.0
3389,V003390,Light Truck,10,3500,Diesel,78.65,368956.0
3390,V003391,Light Truck,12,3500,Diesel,72.66,155780.0
3391,V003392,Light Truck,2,3500,Diesel,96.44,251742.0
3392,V003393,Heavy Truck,7,20000,Diesel,91.48,144979.0
3393,V003394,Van,7,1000,Petrol,73.0,357775.0
3394,V003395,Van,6,1000,Petrol,88.94,409966.0
3395,V003396,Van,0,1000,Petrol,76.35,155052.0
3396,V003397,Light Truck,7,3500,Diesel,80.73,99321.0
3397,V003398,Light Truck,4,3500,Diesel,72.87,197034.0
3398,V003399,Heavy Truck,7,20000,Diesel,81.74,247762.0
3399,V003400,Van,3,1000,Petrol,76.92,238144.0
3400,V003401,Medium Truck,2,8000,Diesel,79.94,69089.0
3401,V003402,Van,13,1000,Petrol,100.0,400788.0
3402,V003403,Van,9,1000,Petrol,65.64,1000.0
3403,V003404,Light Truck,12,3500,Diesel,80.24,289864.0
3404,V003405,Van,2,1000,Petrol,78.69,1000.0
3405,V003406,Van,6,1000,Petrol,76.24,195577.0
3406,V003407,Light Truck,3,3500,Diesel,82.67,22797.0
3407,V003408,Van,6,1000,Petrol,92.22,288983.0
3408,V003409,Medium Truck,4,8000,Diesel,84.2,158400.0
3409,V003410,Van,13,1000,Petrol,60.28,172272.0
3410,V003411,Motorbike,3,50,Petrol,100.0,330081.0
3411,V003412,Van,2,1000,Petrol,73.24,129914.0
3412,V003413,Light Truck,1,3500,Diesel,90.29,176424.0
3413,V003414,Motorbike,3,50,Petrol,95.62,407811.0
3414,V003415,Van,7,1000,Petrol,78.18,100679.0
3415,V003416,Van,9,1000,Petrol,89.56,143036.0
3416,V003417,Medium Truck,13,8000,Diesel,85.11,81402.0
3417,V003418,Medium Truck,14,8000,Diesel,99.17,89627.0
3418,V003419,Light Truck,8,3500,Diesel,85.39,252794.0
3419,V003420,Van,10,1000,Petrol,96.81,246072.0
3420,V003421,Medium Truck,13,8000,Diesel,90.41,219362.0
3421,V003422,Medium Truck,6,8000,Diesel,84.39,233001.0
3422,V003423,Medium Truck,2,8000,Diesel,40.93,299116.0
3423,V003424,Light Truck,0,3500,Diesel,94.56,167240.0
3424,V003425,Medium Truck,4,8000,Diesel,96.22,35593.0
3425,V003426,Light Truck,8,3500,Diesel,73.38,230679.0
3426,V003427,Van,14,1000,Petrol,93.38,43394.0
3427,V003428,Van,13,1000,Petrol,96.08,210614.0
3428,V003429,Light Truck,0,3500,Diesel,93.08,263432.0
3429,V003430,Light Truck,7,3500,Diesel,80.29,58994.0
3430,V003431,Van,7,1000,Petrol,69.36,279763.0
3431,V003432,Light Truck,6,3500,Diesel,63.22,80209.0
3432,V003433,Medium Truck,10,8000,Diesel,58.21,151792.0
3433,V003434,Heavy Truck,5,20000,Diesel,92.33,116849.0
3434,V003435,Light Truck,12,3500,Diesel,86.06,30369.0
3435,V003436,Light Truck,13,3500,Diesel,72.59,176490.0
3436,V003437,Van,13,1000,Petrol,72.26,133948.0
3437,V003438,Heavy Truck,1,20000,Diesel,91.87,161228.0
3438,V003439,Light Truck,9,3500,Diesel,79.87,157257.0
3439,V003440,Van,9,1000,Petrol,64.61,62652.0
3440,V003441,Medium Truck,11,8000,Diesel,78.92,50542.0
3441,V003442,Heavy Truck,14,20000,Diesel,96.72,176160.0
3442,V003443,Motorbike,0,50,Petrol,88.51,213595.0
3443,V003444,Van,0,1000,Petrol,83.16,337292.0
3444,V003445,Van,13,1000,Petrol,93.58,279507.0
3445,V003446,Van,14,1000,Petrol,72.66,217134.0
3446,V003447,Heavy Truck,14,20000,Diesel,76.88,157722.0
3447,V003448,Van,12,1000,Petrol,75.33,316117.0
3448,V003449,Medium Truck,14,8000,Diesel,60.85,125218.0
3449,V003450,Light Truck,10,3500,Diesel,55.93,224956.0
3450,V003451,Light Truck,9,3500,Diesel,78.08,52297.0
3451,V003452,Van,6,1000,Petrol,79.9,95025.0
3452,V003453,Light Truck,5,3500,Diesel,100.0,97504.0
3453,V003454,Medium Truck,12,8000,Diesel,93.4,153347.0
3454,V003455,Medium Truck,14,8000,Diesel,100.0,109320.0
3455,V003456,Light Truck,1,3500,Diesel,83.16,208102.0
3456,V003457,Light Truck,7,3500,Diesel,92.91,400791.0
3457,V003458,Light Truck,2,3500,Diesel,76.95,274842.0
3458,V003459,Van,2,1000,Petrol,87.93,144518.0
3459,V003460,Light Truck,7,3500,Diesel,78.89,186075.0
3460,V003461,Van,6,1000,Petrol,93.35,233372.0
3461,V003462,Light Truck,10,3500,Diesel,72.7,221984.0
3462,V003463,Van,10,1000,Petrol,89.34,147085.0
3463,V003464,Heavy Truck,3,20000,Diesel,75.96,163610.0
3464,V003465,Light Truck,3,3500,Diesel,96.29,300724.0
3465,V003466,Medium Truck,0,8000,Diesel,89.26,212664.0
3466,V003467,Light Truck,14,3500,Diesel,65.03,232190.0
3467,V003468,Van,11,1000,Petrol,87.08,328469.0
3468,V003469,Medium Truck,0,8000,Diesel,73.99,146774.0
3469,V003470,Van,14,1000,Petrol,72.71,43841.0
3470,V003471,Light Truck,2,3500,Diesel,69.69,245200.0
3471,V003472,Light Truck,9,3500,Diesel,78.65,169682.0
3472,V003473,Heavy Truck,8,20000,Diesel,78.13,156636.0
3473,V003474,Motorbike,9,50,Petrol,83.71,86123.0
3474,V003475,Light Truck,10,3500,Diesel,92.75,164381.0
3475,V003476,Light Truck,2,3500,Diesel,80.0,203586.0
3476,V003477,Medium Truck,10,8000,Diesel,95.69,80208.0
3477,V003478,Medium Truck,1,8000,Diesel,100.0,90931.0
3478,V003479,Light Truck,2,3500,Diesel,93.24,168200.0
3479,V003480,Light Truck,12,3500,Diesel,88.87,260412.0
3480,V003481,Medium Truck,3,8000,Diesel,80.9,62530.0
3481,V003482,Van,13,1000,Petrol,63.34,143197.0
3482,V003483,Heavy Truck,14,20000,Diesel,88.35,78663.0
3483,V003484,Motorbike,14,50,Petrol,82.87,106873.0
3484,V003485,Heavy Truck,1,20000,Diesel,87.24,105981.0
3485,V003486,Medium Truck,6,8000,Diesel,69.77,86729.0
3486,V003487,Van,4,1000,Petrol,73.43,91555.0
3487,V003488,Light Truck,3,3500,Diesel,82.99,158545.0
3488,V003489,Light Truck,7,3500,Diesel,97.99,73563.0
3489,V003490,Medium Truck,8,8000,Diesel,75.66,390730.0
3490,V003491,Light Truck,8,3500,Diesel,76.88,135502.0
3491,V003492,Light Truck,5,3500,Diesel,69.42,191618.0
3492,V003493,Light Truck,12,3500,Diesel,91.13,122211.0
3493,V003494,Van,4,1000,Petrol,98.31,251303.0
3494,V003495,Van,5,1000,Petrol,90.71,288073.0
3495,V003496,Medium Truck,12,8000,Diesel,80.01,188631.0
3496,V003497,Medium Truck,12,8000,Diesel,58.55,167897.0
3497,V003498,Heavy Truck,14,20000,Diesel,81.23,184235.0
3498,V003499,Van,10,1000,Petrol,95.06,302333.0
3499,V003500,Van,11,1000,Petrol,79.13,69742.0
3500,V003501,Light Truck,10,3500,Diesel,63.26,212153.0
3501,V003502,Van,12,1000,Petrol,70.78,235120.0
3502,V003503,Motorbike,1,50,Petrol,89.1,1000.0
3503,V003504,Van,14,1000,Petrol,89.4,214379.0
3504,V003505,Medium Truck,6,8000,Diesel,79.09,177286.0
3505,V003506,Van,13,1000,Petrol,97.3,181300.0
3506,V003507,Van,9,1000,Petrol,69.9,223664.0
3507,V003508,Light Truck,11,3500,Diesel,83.39,150149.0
3508,V003509,Van,8,1000,Petrol,100.0,281388.0
3509,V003510,Heavy Truck,0,20000,Diesel,60.95,93084.0
3510,V003511,Van,14,1000,Petrol,79.69,185833.0
3511,V003512,Van,8,1000,Petrol,74.85,77588.0
3512,V003513,Light Truck,3,3500,Diesel,92.61,155319.0
3513,V003514,Van,0,1000,Petrol,100.0,121527.0
3514,V003515,Medium Truck,7,8000,Diesel,75.0,156726.0
3515,V003516,Van,9,1000,Petrol,88.64,128483.0
3516,V003517,Heavy Truck,14,20000,Diesel,82.27,253531.0
3517,V003518,Medium Truck,12,8000,Diesel,73.99,158925.0
3518,V003519,Medium Truck,2,8000,Diesel,84.85,230178.0
3519,V003520,Heavy Truck,4,20000,Diesel,81.18,383049.0
3520,V003521,Van,2,1000,Petrol,85.7,171555.0
3521,V003522,Medium Truck,3,8000,Diesel,74.55,195038.0
3522,V003523,Van,11,1000,Petrol,100.0,52745.0
3523,V003524,Light Truck,1,3500,Diesel,91.23,146476.0
3524,V003525,Light Truck,0,3500,Diesel,87.33,174831.0
3525,V003526,Light Truck,14,3500,Diesel,62.16,121627.0
3526,V003527,Medium Truck,12,8000,Diesel,71.33,211785.0
3527,V003528,Medium Truck,8,8000,Diesel,93.68,417379.0
3528,V003529,Van,14,1000,Petrol,85.94,303427.0
3529,V003530,Light Truck,12,3500,Diesel,74.69,25485.0
3530,V003531,Light Truck,14,3500,Diesel,79.34,360271.0
3531,V003532,Van,2,1000,Petrol,84.8,154120.0
3532,V003533,Van,9,1000,Petrol,85.24,174821.0
3533,V003534,Van,9,1000,Petrol,74.1,231371.0
3534,V003535,Motorbike,5,50,Petrol,76.3,118708.0
3535,V003536,Heavy Truck,10,20000,Diesel,65.01,15478.0
3536,V003537,Van,2,1000,Petrol,93.67,325055.0
3537,V003538,Medium Truck,12,8000,Diesel,78.8,157670.0
3538,V003539,Light Truck,4,3500,Diesel,98.63,78020.0
3539,V003540,Light Truck,3,3500,Diesel,83.17,71157.0
3540,V003541,Van,11,1000,Petrol,83.83,274113.0
3541,V003542,Medium Truck,0,8000,Diesel,83.26,246575.0
3542,V003543,Medium Truck,9,8000,Diesel,63.56,84812.0
3543,V003544,Medium Truck,0,8000,Diesel,77.68,159600.0
3544,V003545,Heavy Truck,10,20000,Diesel,83.0,253049.0
3545,V003546,Medium Truck,2,8000,Diesel,66.02,266471.0
3546,V003547,Medium Truck,12,8000,Diesel,79.81,335194.0
3547,V003548,Van,10,1000,Petrol,83.14,342447.0
3548,V003549,Van,1,1000,Petrol,55.31,325731.0
3549,V003550,Motorbike,5,50,Petrol,91.55,109531.0
3550,V003551,Light Truck,9,3500,Diesel,94.7,285937.0
3551,V003552,Light Truck,10,3500,Diesel,78.51,92278.0
3552,V003553,Light Truck,14,3500,Diesel,83.68,174487.0
3553,V003554,Light Truck,14,3500,Diesel,84.54,143781.0
3554,V003555,Van,11,1000,Petrol,46.25,1000.0
3555,V003556,Light Truck,11,3500,Diesel,95.05,195825.0
3556,V003557,Medium Truck,9,8000,Diesel,59.45,169208.0
3557,V003558,Van,4,1000,Petrol,74.17,132651.0
3558,V003559,Light Truck,3,3500,Diesel,91.35,210142.0
3559,V003560,Van,6,1000,Petrol,63.45,237432.0
3560,V003561,Light Truck,2,3500,Diesel,73.2,227298.0
3561,V003562,Light Truck,3,3500,Diesel,94.95,154056.0
3562,V003563,Light Truck,1,3500,Diesel,84.37,174061.0
3563,V003564,Van,4,1000,Petrol,82.74,99124.0
3564,V003565,Van,14,1000,Petrol,79.66,154334.0
3565,V003566,Medium Truck,8,8000,Diesel,95.15,171224.0
3566,V003567,Van,12,1000,Petrol,91.77,442253.0
3567,V003568,Motorbike,11,50,Petrol,68.35,147457.0
3568,V003569,Light Truck,3,3500,Diesel,76.0,207921.0
3569,V003570,Heavy Truck,8,20000,Diesel,79.92,184274.0
3570,V003571,Light Truck,3,3500,Diesel,66.07,173744.0
3571,V003572,Van,6,1000,Petrol,75.99,160313.0
3572,V003573,Medium Truck,0,8000,Diesel,82.86,211046.0
3573,V003574,Van,2,1000,Petrol,79.9,199506.0
3574,V003575,Motorbike,4,50,Petrol,94.7,133471.0
3575,V003576,Heavy Truck,14,20000,Diesel,71.33,237366.0
3576,V003577,Medium Truck,5,8000,Diesel,83.84,226454.0
3577,V003578,Medium Truck,4,8000,Diesel,59.08,335934.0
3578,V003579,Light Truck,7,3500,Diesel,100.0,279488.0
3579,V003580,Medium Truck,13,8000,Diesel,75.4,93911.0
3580,V003581,Van,13,1000,Petrol,74.52,232098.0
3581,V003582,Medium Truck,0,8000,Diesel,100.0,185688.0
3582,V003583,Van,14,1000,Petrol,82.16,115438.0
3583,V003584,Medium Truck,5,8000,Diesel,100.0,80592.0
3584,V003585,Medium Truck,3,8000,Diesel,71.58,177517.0
3585,V003586,Van,5,1000,Petrol,71.0,175491.0
3586,V003587,Light Truck,14,3500,Diesel,74.2,347565.0
3587,V003588,Light Truck,1,3500,Diesel,73.23,175659.0
3588,V003589,Medium Truck,4,8000,Diesel,96.13,145845.0
3589,V003590,Van,10,1000,Petrol,68.63,205041.0
3590,V003591,Van,5,1000,Petrol,82.67,182275.0
3591,V003592,Medium Truck,4,8000,Diesel,58.01,215029.0
3592,V003593,Motorbike,1,50,Petrol,63.42,103761.0
3593,V003594,Light Truck,13,3500,Diesel,98.06,158821.0
3594,V003595,Motorbike,11,50,Petrol,81.32,167289.0
3595,V003596,Light Truck,2,3500,Diesel,88.62,109254.0
3596,V003597,Medium Truck,9,8000,Diesel,96.71,109714.0
3597,V003598,Medium Truck,3,8000,Diesel,74.32,244471.0
3598,V003599,Medium Truck,6,8000,Diesel,92.49,128362.0
3599,V003600,Van,3,1000,Petrol,93.65,83130.0
3600,V003601,Van,8,1000,Petrol,82.53,222237.0
3601,V003602,Van,1,1000,Petrol,77.1,203284.0
3602,V003603,Light Truck,8,3500,Diesel,56.41,210041.0
3603,V003604,Light Truck,0,3500,Diesel,82.58,282751.0
3604,V003605,Heavy Truck,6,20000,Diesel,85.45,157205.0
3605,V003606,Light Truck,1,3500,Diesel,97.69,44509.0
3606,V003607,Light Truck,0,3500,Diesel,78.13,103250.0
3607,V003608,Van,1,1000,Petrol,96.0,330367.0
3608,V003609,Light Truck,3,3500,Diesel,73.2,112230.0
3609,V003610,Van,14,1000,Petrol,75.08,221736.0
3610,V003611,Van,14,1000,Petrol,79.09,107190.0
3611,V003612,Heavy Truck,13,20000,Diesel,66.76,255731.0
3612,V003613,Motorbike,9,50,Petrol,79.71,282396.0
3613,V003614,Medium Truck,14,8000,Diesel,91.68,187319.0
3614,V003615,Light Truck,9,3500,Diesel,68.18,207234.0
3615,V003616,Heavy Truck,9,20000,Diesel,81.78,171101.0
3616,V003617,Light Truck,13,3500,Diesel,81.08,138190.0
3617,V003618,Medium Truck,1,8000,Diesel,73.32,26291.0
3618,V003619,Light Truck,12,3500,Diesel,73.7,174028.0
3619,V003620,Light Truck,3,3500,Diesel,64.05,286644.0
3620,V003621,Light Truck,9,3500,Diesel,70.53,118938.0
3621,V003622,Light Truck,13,3500,Diesel,82.19,277034.0
3622,V003623,Light Truck,6,3500,Diesel,100.0,62969.0
3623,V003624,Van,14,1000,Petrol,87.96,280581.0
3624,V003625,Van,7,1000,Petrol,82.08,27171.0
3625,V003626,Medium Truck,5,8000,Diesel,87.77,297675.0
3626,V003627,Light Truck,8,3500,Diesel,80.02,238467.0
3627,V003628,Medium Truck,14,8000,Diesel,81.64,87529.0
3628,V003629,Heavy Truck,10,20000,Diesel,80.05,202328.0
3629,V003630,Van,7,1000,Petrol,100.0,88414.0
3630,V003631,Light Truck,1,3500,Diesel,100.0,204210.0
3631,V003632,Van,7,1000,Petrol,69.43,329494.0
3632,V003633,Light Truck,13,3500,Diesel,63.66,245483.0
3633,V003634,Van,8,1000,Petrol,79.73,360519.0
3634,V003635,Medium Truck,3,8000,Diesel,72.34,1000.0
3635,V003636,Light Truck,14,3500,Diesel,64.75,249054.0
3636,V003637,Light Truck,8,3500,Diesel,80.43,129150.0
3637,V003638,Motorbike,11,50,Petrol,95.91,219489.0
3638,V003639,Van,5,1000,Petrol,70.44,357240.0
3639,V003640,Heavy Truck,9,20000,Diesel,86.45,194836.0
3640,V003641,Van,6,1000,Petrol,78.85,102397.0
3641,V003642,Van,9,1000,Petrol,87.56,79984.0
3642,V003643,Heavy Truck,14,20000,Diesel,87.65,264093.0
3643,V003644,Light Truck,10,3500,Diesel,78.41,166600.0
3644,V003645,Heavy Truck,5,20000,Diesel,98.85,225417.0
3645,V003646,Van,8,1000,Petrol,97.87,226019.0
3646,V003647,Medium Truck,10,8000,Diesel,75.12,205061.0
3647,V003648,Medium Truck,11,8000,Diesel,90.59,134597.0
3648,V003649,Light Truck,2,3500,Diesel,61.89,149977.0
3649,V003650,Light Truck,2,3500,Diesel,84.61,166859.0
3650,V003651,Van,9,1000,Petrol,89.41,206132.0
3651,V003652,Heavy Truck,2,20000,Diesel,96.13,247339.0
3652,V003653,Heavy Truck,12,20000,Diesel,99.32,201498.0
3653,V003654,Light Truck,7,3500,Diesel,76.22,174791.0
3654,V003655,Light Truck,13,3500,Diesel,73.34,233888.0
3655,V003656,Light Truck,8,3500,Diesel,100.0,73217.0
3656,V003657,Light Truck,11,3500,Diesel,77.67,241190.0
3657,V003658,Medium Truck,8,8000,Diesel,88.27,95760.0
3658,V003659,Van,4,1000,Petrol,100.0,186778.0
3659,V003660,Medium Truck,2,8000,Diesel,81.87,113446.0
3660,V003661,Medium Truck,8,8000,Diesel,64.31,190929.0
3661,V003662,Heavy Truck,11,20000,Diesel,87.51,160592.0
3662,V003663,Van,1,1000,Petrol,79.85,204102.0
3663,V003664,Van,3,1000,Petrol,71.25,174624.0
3664,V003665,Light Truck,2,3500,Diesel,98.43,43452.0
3665,V003666,Motorbike,0,50,Petrol,75.75,119533.0
3666,V003667,Light Truck,6,3500,Diesel,96.13,245131.0
3667,V003668,Van,8,1000,Petrol,78.32,204886.0
3668,V003669,Medium Truck,12,8000,Diesel,98.11,44668.0
3669,V003670,Light Truck,3,3500,Diesel,78.96,207456.0
3670,V003671,Heavy Truck,11,20000,Diesel,90.21,228674.0
3671,V003672,Heavy Truck,4,20000,Diesel,85.37,96473.0
3672,V003673,Van,0,1000,Petrol,78.22,112261.0
3673,V003674,Light Truck,1,3500,Diesel,86.75,202542.0
3674,V003675,Van,0,1000,Petrol,82.18,166025.0
3675,V003676,Heavy Truck,0,20000,Diesel,92.41,243315.0
3676,V003677,Light Truck,0,3500,Diesel,75.42,301371.0
3677,V003678,Van,7,1000,Petrol,86.09,219220.0
3678,V003679,Motorbike,4,50,Petrol,76.65,72526.0
3679,V003680,Heavy Truck,14,20000,Diesel,88.11,241487.0
3680,V003681,Heavy Truck,0,20000,Diesel,78.03,271710.0
3681,V003682,Van,8,1000,Petrol,52.65,205773.0
3682,V003683,Light Truck,12,3500,Diesel,100.0,26964.0
3683,V003684,Van,12,1000,Petrol,64.37,179631.0
3684,V003685,Light Truck,3,3500,Diesel,76.89,66248.0
3685,V003686,Medium Truck,3,8000,Diesel,79.53,40726.0
3686,V003687,Light Truck,6,3500,Diesel,85.06,194262.0
3687,V003688,Medium Truck,3,8000,Diesel,89.82,197029.0
3688,V003689,Light Truck,7,3500,Diesel,100.0,90791.0
3689,V003690,Light Truck,7,3500,Diesel,97.23,239032.0
3690,V003691,Motorbike,10,50,Petrol,75.89,179291.0
3691,V003692,Light Truck,2,3500,Diesel,78.66,274229.0
3692,V003693,Heavy Truck,4,20000,Diesel,83.54,104602.0
3693,V003694,Van,7,1000,Petrol,69.64,153490.0
3694,V003695,Medium Truck,2,8000,Diesel,83.16,76423.0
3695,V003696,Van,6,1000,Petrol,95.01,66745.0
3696,V003697,Van,0,1000,Petrol,98.61,276205.0
3697,V003698,Light Truck,9,3500,Diesel,71.21,211378.0
3698,V003699,Heavy Truck,2,20000,Diesel,86.0,227809.0
3699,V003700,Light Truck,13,3500,Diesel,88.11,296616.0
3700,V003701,Van,8,1000,Petrol,79.46,230854.0
3701,V003702,Medium Truck,10,8000,Diesel,88.79,58286.0
3702,V003703,Van,1,1000,Petrol,100.0,121309.0
3703,V003704,Van,9,1000,Petrol,68.58,203290.0
3704,V003705,Light Truck,0,3500,Diesel,100.0,63467.0
3705,V003706,Van,14,1000,Petrol,76.68,183950.0
3706,V003707,Van,5,1000,Petrol,76.49,210459.0
3707,V003708,Van,4,1000,Petrol,70.28,337517.0
3708,V003709,Van,11,1000,Petrol,87.25,193925.0
3709,V003710,Light Truck,3,3500,Diesel,83.31,70028.0
3710,V003711,Van,14,1000,Petrol,60.48,186712.0
3711,V003712,Medium Truck,5,8000,Diesel,100.0,326807.0
3712,V003713,Van,13,1000,Petrol,98.15,230522.0
3713,V003714,Light Truck,8,3500,Diesel,75.18,237791.0
3714,V003715,Heavy Truck,7,20000,Diesel,61.13,130236.0
3715,V003716,Light Truck,1,3500,Diesel,73.68,279922.0
3716,V003717,Light Truck,8,3500,Diesel,91.0,123900.0
3717,V003718,Light Truck,4,3500,Diesel,100.0,50391.0
3718,V003719,Medium Truck,12,8000,Diesel,68.84,369202.0
3719,V003720,Van,4,1000,Petrol,95.71,138685.0
3720,V003721,Light Truck,14,3500,Diesel,63.97,216272.0
3721,V003722,Van,9,1000,Petrol,67.3,105826.0
3722,V003723,Van,12,1000,Petrol,68.4,143634.0
3723,V003724,Light Truck,8,3500,Diesel,97.64,46133.0
3724,V003725,Motorbike,14,50,Petrol,92.97,192629.0
3725,V003726,Medium Truck,0,8000,Diesel,84.41,128373.0
3726,V003727,Light Truck,11,3500,Diesel,74.99,333347.0
3727,V003728,Light Truck,14,3500,Diesel,100.0,138775.0
3728,V003729,Medium Truck,3,8000,Diesel,70.27,212175.0
3729,V003730,Medium Truck,13,8000,Diesel,100.0,56485.0
3730,V003731,Heavy Truck,8,20000,Diesel,88.94,308430.0
3731,V003732,Light Truck,1,3500,Diesel,75.9,86768.0
3732,V003733,Light Truck,12,3500,Diesel,62.57,308421.0
3733,V003734,Medium Truck,9,8000,Diesel,93.06,178875.0
3734,V003735,Light Truck,14,3500,Diesel,67.75,405666.0
3735,V003736,Van,1,1000,Petrol,75.38,295761.0
3736,V003737,Van,7,1000,Petrol,88.9,276391.0
3737,V003738,Motorbike,1,50,Petrol,67.45,217906.0
3738,V003739,Light Truck,5,3500,Diesel,80.16,79150.0
3739,V003740,Light Truck,7,3500,Diesel,96.2,128594.0
3740,V003741,Van,13,1000,Petrol,90.48,189993.0
3741,V003742,Light Truck,9,3500,Diesel,77.18,75657.0
3742,V003743,Van,5,1000,Petrol,100.0,159064.0
3743,V003744,Van,11,1000,Petrol,77.76,279235.0
3744,V003745,Van,11,1000,Petrol,72.87,94809.0
3745,V003746,Medium Truck,11,8000,Diesel,92.98,194064.0
3746,V003747,Van,6,1000,Petrol,64.27,151825.0
3747,V003748,Medium Truck,8,8000,Diesel,68.7,164392.0
3748,V003749,Van,11,1000,Petrol,97.88,221872.0
3749,V003750,Medium Truck,3,8000,Diesel,83.51,347708.0
3750,V003751,Van,1,1000,Petrol,90.21,220566.0
3751,V003752,Light Truck,11,3500,Diesel,84.65,122757.0
3752,V003753,Van,10,1000,Petrol,86.15,342096.0
3753,V003754,Van,7,1000,Petrol,86.38,289721.0
3754,V003755,Van,12,1000,Petrol,82.65,71972.0
3755,V003756,Van,2,1000,Petrol,84.8,410342.0
3756,V003757,Van,7,1000,Petrol,81.46,1000.0
3757,V003758,Van,1,1000,Petrol,100.0,376819.0
3758,V003759,Van,14,1000,Petrol,75.65,270722.0
3759,V003760,Light Truck,1,3500,Diesel,52.19,87439.0
3760,V003761,Van,14,1000,Petrol,91.26,67081.0
3761,V003762,Light Truck,12,3500,Diesel,84.34,308705.0
3762,V003763,Light Truck,4,3500,Diesel,90.18,221482.0
3763,V003764,Van,13,1000,Petrol,79.01,243802.0
3764,V003765,Medium Truck,2,8000,Diesel,77.18,282804.0
3765,V003766,Light Truck,0,3500,Diesel,72.95,118148.0
3766,V003767,Van,13,1000,Petrol,100.0,156192.0
3767,V003768,Light Truck,2,3500,Diesel,90.86,35062.0
3768,V003769,Van,8,1000,Petrol,98.66,1000.0
3769,V003770,Light Truck,3,3500,Diesel,83.38,249676.0
3770,V003771,Heavy Truck,13,20000,Diesel,84.46,13486.0
3771,V003772,Medium Truck,13,8000,Diesel,73.04,68461.0
3772,V003773,Light Truck,10,3500,Diesel,87.36,1000.0
3773,V003774,Heavy Truck,6,20000,Diesel,93.18,110995.0
3774,V003775,Medium Truck,1,8000,Diesel,82.43,165130.0
3775,V003776,Heavy Truck,1,20000,Diesel,100.0,299281.0
3776,V003777,Van,4,1000,Petrol,88.1,288548.0
3777,V003778,Van,13,1000,Petrol,100.0,247098.0
3778,V003779,Light Truck,7,3500,Diesel,67.4,158105.0
3779,V003780,Heavy Truck,4,20000,Diesel,72.81,152863.0
3780,V003781,Medium Truck,8,8000,Diesel,60.05,211559.0
3781,V003782,Heavy Truck,5,20000,Diesel,62.62,97237.0
3782,V003783,Medium Truck,6,8000,Diesel,85.79,271373.0
3783,V003784,Medium Truck,11,8000,Diesel,72.93,217030.0
3784,V003785,Van,14,1000,Petrol,63.46,165782.0
3785,V003786,Van,1,1000,Petrol,66.41,36401.0
3786,V003787,Heavy Truck,8,20000,Diesel,100.0,350050.0
3787,V003788,Van,8,1000,Petrol,63.52,182997.0
3788,V003789,Light Truck,14,3500,Diesel,73.89,109541.0
3789,V003790,Van,11,1000,Petrol,91.63,142129.0
3790,V003791,Van,2,1000,Petrol,92.95,185340.0
3791,V003792,Van,4,1000,Petrol,79.58,301308.0
3792,V003793,Medium Truck,2,8000,Diesel,91.63,206421.0
3793,V003794,Van,2,1000,Petrol,69.47,202485.0
3794,V003795,Light Truck,12,3500,Diesel,100.0,291761.0
3795,V003796,Medium Truck,0,8000,Diesel,68.38,275765.0
3796,V003797,Heavy Truck,11,20000,Diesel,72.17,137061.0
3797,V003798,Heavy Truck,2,20000,Diesel,63.56,195901.0
3798,V003799,Light Truck,1,3500,Diesel,72.68,262504.0
3799,V003800,Medium Truck,11,8000,Diesel,77.36,142519.0
3800,V003801,Medium Truck,6,8000,Diesel,79.86,108864.0
3801,V003802,Light Truck,9,3500,Diesel,97.42,249316.0
3802,V003803,Heavy Truck,9,20000,Diesel,99.03,103703.0
3803,V003804,Medium Truck,13,8000,Diesel,86.33,263180.0
3804,V003805,Van,12,1000,Petrol,82.02,222095.0
3805,V003806,Medium Truck,11,8000,Diesel,81.4,82466.0
3806,V003807,Van,3,1000,Petrol,88.76,217593.0
3807,V003808,Light Truck,14,3500,Diesel,72.55,76642.0
3808,V003809,Van,4,1000,Petrol,86.03,289511.0
3809,V003810,Van,14,1000,Petrol,98.78,248371.0
3810,V003811,Light Truck,5,3500,Diesel,61.81,257587.0
3811,V003812,Light Truck,2,3500,Diesel,85.5,224185.0
3812,V003813,Medium Truck,11,8000,Diesel,82.01,181110.0
3813,V003814,Van,12,1000,Petrol,100.0,145670.0
3814,V003815,Light Truck,12,3500,Diesel,78.45,261831.0
3815,V003816,Van,5,1000,Petrol,93.14,293117.0
3816,V003817,Medium Truck,6,8000,Diesel,97.7,135798.0
3817,V003818,Light Truck,12,3500,Diesel,75.53,252353.0
3818,V003819,Van,11,1000,Petrol,91.13,140275.0
3819,V003820,Medium Truck,2,8000,Diesel,70.05,339904.0
3820,V003821,Heavy Truck,14,20000,Diesel,73.97,247658.0
3821,V003822,Light Truck,4,3500,Diesel,80.48,201050.0
3822,V003823,Van,14,1000,Petrol,73.67,216454.0
3823,V003824,Light Truck,7,3500,Diesel,66.54,162023.0
3824,V003825,Medium Truck,1,8000,Diesel,66.13,152997.0
3825,V003826,Motorbike,14,50,Petrol,69.47,272804.0
3826,V003827,Light Truck,5,3500,Diesel,81.77,402585.0
3827,V003828,Medium Truck,4,8000,Diesel,78.17,226973.0
3828,V003829,Medium Truck,0,8000,Diesel,100.0,108439.0
3829,V003830,Light Truck,10,3500,Diesel,100.0,71345.0
3830,V003831,Light Truck,2,3500,Diesel,94.17,24592.0
3831,V003832,Light Truck,0,3500,Diesel,89.43,66618.0
3832,V003833,Medium Truck,10,8000,Diesel,69.92,312622.0
3833,V003834,Light Truck,9,3500,Diesel,85.91,47653.0
3834,V003835,Heavy Truck,11,20000,Diesel,100.0,205727.0
3835,V003836,Light Truck,4,3500,Diesel,87.82,142897.0
3836,V003837,Medium Truck,3,8000,Diesel,88.21,55844.0
3837,V003838,Motorbike,14,50,Petrol,86.46,272543.0
3838,V003839,Medium Truck,7,8000,Diesel,100.0,193988.0
3839,V003840,Light Truck,5,3500,Diesel,96.34,281378.0
3840,V003841,Van,1,1000,Petrol,73.46,193689.0
3841,V003842,Light Truck,0,3500,Diesel,82.5,201163.0
3842,V003843,Van,3,1000,Petrol,70.77,182441.0
3843,V003844,Light Truck,0,3500,Diesel,76.85,208977.0
3844,V003845,Light Truck,4,3500,Diesel,100.0,138236.0
3845,V003846,Light Truck,13,3500,Diesel,71.41,90952.0
3846,V003847,Van,12,1000,Petrol,72.56,46759.0
3847,V003848,Van,2,1000,Petrol,80.84,210329.0
3848,V003849,Van,11,1000,Petrol,74.98,250219.0
3849,V003850,Medium Truck,4,8000,Diesel,75.85,152794.0
3850,V003851,Medium Truck,7,8000,Diesel,92.18,115256.0
3851,V003852,Light Truck,14,3500,Diesel,80.03,293473.0
3852,V003853,Light Truck,8,3500,Diesel,76.99,241295.0
3853,V003854,Van,3,1000,Petrol,88.97,247724.0
3854,V003855,Light Truck,11,3500,Diesel,100.0,42197.0
3855,V003856,Van,8,1000,Petrol,66.81,230349.0
3856,V003857,Heavy Truck,4,20000,Diesel,75.02,202981.0
3857,V003858,Light Truck,7,3500,Diesel,82.28,166929.0
3858,V003859,Heavy Truck,0,20000,Diesel,82.75,228469.0
3859,V003860,Heavy Truck,1,20000,Diesel,73.75,158333.0
3860,V003861,Medium Truck,9,8000,Diesel,87.53,164951.0
3861,V003862,Van,8,1000,Petrol,66.55,131771.0
3862,V003863,Medium Truck,12,8000,Diesel,69.88,9337.0
3863,V003864,Heavy Truck,1,20000,Diesel,100.0,65116.0
3864,V003865,Heavy Truck,9,20000,Diesel,59.81,66262.0
3865,V003866,Light Truck,8,3500,Diesel,76.43,283469.0
3866,V003867,Light Truck,1,3500,Diesel,90.33,161254.0
3867,V003868,Medium Truck,8,8000,Diesel,77.7,149403.0
3868,V003869,Light Truck,14,3500,Diesel,82.59,48328.0
3869,V003870,Van,10,1000,Petrol,64.09,336236.0
3870,V003871,Medium Truck,14,8000,Diesel,56.81,189743.0
3871,V003872,Medium Truck,6,8000,Diesel,72.45,104026.0
3872,V003873,Light Truck,0,3500,Diesel,83.69,222496.0
3873,V003874,Light Truck,13,3500,Diesel,86.71,32205.0
3874,V003875,Van,6,1000,Petrol,78.88,308912.0
3875,V003876,Medium Truck,8,8000,Diesel,98.24,268149.0
3876,V003877,Medium Truck,6,8000,Diesel,90.75,267011.0
3877,V003878,Medium Truck,7,8000,Diesel,100.0,178023.0
3878,V003879,Van,14,1000,Petrol,85.48,182709.0
3879,V003880,Heavy Truck,10,20000,Diesel,97.34,284125.0
3880,V003881,Heavy Truck,9,20000,Diesel,88.47,288051.0
3881,V003882,Light Truck,7,3500,Diesel,68.08,74183.0
3882,V003883,Medium Truck,4,8000,Diesel,82.92,222339.0
3883,V003884,Van,10,1000,Petrol,83.37,241010.0
3884,V003885,Heavy Truck,6,20000,Diesel,70.05,156044.0
3885,V003886,Van,13,1000,Petrol,100.0,167877.0
3886,V003887,Van,14,1000,Petrol,93.7,426368.0
3887,V003888,Medium Truck,2,8000,Diesel,97.97,64983.0
3888,V003889,Light Truck,2,3500,Diesel,71.64,242853.0
3889,V003890,Van,5,1000,Petrol,99.17,231224.0
3890,V003891,Van,0,1000,Petrol,88.58,168238.0
3891,V003892,Van,2,1000,Petrol,66.1,234693.0
3892,V003893,Van,5,1000,Petrol,75.57,53059.0
3893,V003894,Light Truck,5,3500,Diesel,95.39,104219.0
3894,V003895,Heavy Truck,3,20000,Diesel,69.24,1000.0
3895,V003896,Medium Truck,6,8000,Diesel,71.69,211183.0
3896,V003897,Light Truck,12,3500,Diesel,82.48,101061.0
3897,V003898,Motorbike,8,50,Petrol,91.84,307751.0
3898,V003899,Light Truck,9,3500,Diesel,95.56,119815.0
3899,V003900,Van,2,1000,Petrol,100.0,142601.0
3900,V003901,Van,8,1000,Petrol,90.27,119496.0
3901,V003902,Heavy Truck,14,20000,Diesel,75.03,100110.0
3902,V003903,Heavy Truck,7,20000,Diesel,64.93,201949.0
3903,V003904,Light Truck,8,3500,Diesel,91.65,189140.0
3904,V003905,Light Truck,10,3500,Diesel,61.75,46455.0
3905,V003906,Van,14,1000,Petrol,87.07,202586.0
3906,V003907,Medium Truck,8,8000,Diesel,97.72,128986.0
3907,V003908,Light Truck,6,3500,Diesel,53.71,150316.0
3908,V003909,Light Truck,7,3500,Diesel,89.0,111472.0
3909,V003910,Van,3,1000,Petrol,67.82,173599.0
3910,V003911,Van,12,1000,Petrol,100.0,199095.0
3911,V003912,Van,10,1000,Petrol,67.29,269529.0
3912,V003913,Van,8,1000,Petrol,80.14,301359.0
3913,V003914,Heavy Truck,11,20000,Diesel,87.05,228584.0
3914,V003915,Van,6,1000,Petrol,86.82,235934.0
3915,V003916,Medium Truck,13,8000,Diesel,92.07,122851.0
3916,V003917,Van,12,1000,Petrol,79.38,202831.0
3917,V003918,Light Truck,10,3500,Diesel,88.97,150905.0
3918,V003919,Van,4,1000,Petrol,70.5,310866.0
3919,V003920,Medium Truck,0,8000,Diesel,67.67,65205.0
3920,V003921,Van,8,1000,Petrol,67.92,300475.0
3921,V003922,Medium Truck,1,8000,Diesel,75.65,148030.0
3922,V003923,Medium Truck,4,8000,Diesel,76.32,288498.0
3923,V003924,Light Truck,7,3500,Diesel,84.69,66124.0
3924,V003925,Van,13,1000,Petrol,91.15,135272.0
3925,V003926,Heavy Truck,9,20000,Diesel,78.47,98299.0
3926,V003927,Light Truck,8,3500,Diesel,100.0,202391.0
3927,V003928,Medium Truck,14,8000,Diesel,50.27,78388.0
3928,V003929,Van,13,1000,Petrol,100.0,59332.0
3929,V003930,Light Truck,5,3500,Diesel,78.24,238768.0
3930,V003931,Light Truck,2,3500,Diesel,80.88,108081.0
3931,V003932,Medium Truck,3,8000,Diesel,94.8,123583.0
3932,V003933,Light Truck,14,3500,Diesel,93.51,158654.0
3933,V003934,Medium Truck,2,8000,Diesel,65.76,264434.0
3934,V003935,Medium Truck,3,8000,Diesel,100.0,111910.0
3935,V003936,Heavy Truck,13,20000,Diesel,77.78,189142.0
3936,V003937,Light Truck,2,3500,Diesel,79.47,1000.0
3937,V003938,Light Truck,6,3500,Diesel,79.26,53943.0
3938,V003939,Light Truck,6,3500,Diesel,74.15,266565.0
3939,V003940,Motorbike,1,50,Petrol,66.66,270249.0
3940,V003941,Van,5,1000,Petrol,100.0,206463.0
3941,V003942,Van,11,1000,Petrol,98.8,104137.0
3942,V003943,Light Truck,13,3500,Diesel,56.3,11677.0
3943,V003944,Van,6,1000,Petrol,68.02,154700.0
3944,V003945,Light Truck,14,3500,Diesel,87.65,81176.0
3945,V003946,Medium Truck,1,8000,Diesel,100.0,117871.0
3946,V003947,Medium Truck,8,8000,Diesel,95.9,147801.0
3947,V003948,Van,5,1000,Petrol,74.35,154903.0
3948,V003949,Van,13,1000,Petrol,77.4,66443.0
3949,V003950,Light Truck,4,3500,Diesel,76.4,118085.0
3950,V003951,Van,11,1000,Petrol,89.35,67469.0
3951,V003952,Medium Truck,7,8000,Diesel,83.42,285426.0
3952,V003953,Light Truck,14,3500,Diesel,72.77,82216.0
3953,V003954,Light Truck,14,3500,Diesel,88.5,97185.0
3954,V003955,Medium Truck,11,8000,Diesel,85.67,22666.0
3955,V003956,Van,11,1000,Petrol,90.59,188704.0
3956,V003957,Van,7,1000,Petrol,65.83,325831.0
3957,V003958,Van,5,1000,Petrol,75.19,221322.0
3958,V003959,Light Truck,6,3500,Diesel,76.89,23304.0
3959,V003960,Medium Truck,9,8000,Diesel,86.7,86035.0
3960,V003961,Medium Truck,13,8000,Diesel,64.9,81095.0
3961,V003962,Van,8,1000,Petrol,82.26,235278.0
3962,V003963,Heavy Truck,14,20000,Diesel,59.3,84852.0
3963,V003964,Heavy Truck,13,20000,Diesel,70.74,257025.0
3964,V003965,Heavy Truck,13,20000,Diesel,82.96,302003.0
3965,V003966,Van,2,1000,Petrol,69.66,133294.0
3966,V003967,Light Truck,5,3500,Diesel,82.59,42390.0
3967,V003968,Medium Truck,5,8000,Diesel,91.26,163522.0
3968,V003969,Light Truck,14,3500,Diesel,98.87,200041.0
3969,V003970,Light Truck,13,3500,Diesel,73.06,295773.0
3970,V003971,Heavy Truck,11,20000,Diesel,74.46,312951.0
3971,V003972,Medium Truck,9,8000,Diesel,76.52,171112.0
3972,V003973,Van,3,1000,Petrol,87.68,151615.0
3973,V003974,Van,1,1000,Petrol,71.51,19912.0
3974,V003975,Motorbike,12,50,Petrol,90.3,77984.0
3975,V003976,Light Truck,8,3500,Diesel,89.49,324172.0
3976,V003977,Van,11,1000,Petrol,100.0,190100.0
3977,V003978,Motorbike,7,50,Petrol,90.51,120437.0
3978,V003979,Medium Truck,4,8000,Diesel,66.67,134035.0
3979,V003980,Motorbike,10,50,Petrol,78.26,85239.0
3980,V003981,Light Truck,8,3500,Diesel,88.88,138515.0
3981,V003982,Van,14,1000,Petrol,77.13,191228.0
3982,V003983,Medium Truck,13,8000,Diesel,58.3,90723.0
3983,V003984,Light Truck,4,3500,Diesel,67.42,141015.0
3984,V003985,Medium Truck,6,8000,Diesel,78.54,174130.0
3985,V003986,Light Truck,4,3500,Diesel,95.38,195286.0
3986,V003987,Heavy Truck,7,20000,Diesel,76.41,100308.0
3987,V003988,Light Truck,11,3500,Diesel,73.38,37822.0
3988,V003989,Light Truck,13,3500,Diesel,85.66,180737.0
3989,V003990,Light Truck,4,3500,Diesel,93.61,287634.0
3990,V003991,Van,5,1000,Petrol,65.23,30339.0
3991,V003992,Heavy Truck,0,20000,Diesel,81.92,155691.0
3992,V003993,Light Truck,8,3500,Diesel,96.54,205260.0
3993,V003994,Light Truck,14,3500,Diesel,96.22,263082.0
3994,V003995,Van,3,1000,Petrol,81.58,168004.0
3995,V003996,Van,2,1000,Petrol,87.39,22826.0
3996,V003997,Light Truck,1,3500,Diesel,100.0,265057.0
3997,V003998,Van,0,1000,Petrol,84.31,147853.0
3998,V003999,Van,2,1000,Petrol,72.41,219026.0
3999,V004000,Light Truck,1,3500,Diesel,79.03,49465.0
4000,V004001,Medium Truck,5,8000,Diesel,99.7,138427.0
4001,V004002,Van,8,1000,Petrol,81.92,369998.0
4002,V004003,Light Truck,12,3500,Diesel,91.31,19175.0
4003,V004004,Light Truck,9,3500,Diesel,76.54,121238.0
4004,V004005,Medium Truck,5,8000,Diesel,77.66,230457.0
4005,V004006,Light Truck,11,3500,Diesel,76.47,105268.0
4006,V004007,Heavy Truck,1,20000,Diesel,64.19,84408.0
4007,V004008,Light Truck,6,3500,Diesel,85.57,212970.0
4008,V004009,Medium Truck,6,8000,Diesel,99.56,273402.0
4009,V004010,Van,9,1000,Petrol,83.34,197236.0
4010,V004011,Medium Truck,6,8000,Diesel,86.49,165440.0
4011,V004012,Van,7,1000,Petrol,84.17,239035.0
4012,V004013,Light Truck,2,3500,Diesel,93.14,143733.0
4013,V004014,Van,1,1000,Petrol,56.85,254567.0
4014,V004015,Medium Truck,2,8000,Diesel,78.49,3323.0
4015,V004016,Van,7,1000,Petrol,83.47,142810.0
4016,V004017,Van,5,1000,Petrol,83.44,320865.0
4017,V004018,Van,6,1000,Petrol,69.28,203567.0
4018,V004019,Medium Truck,10,8000,Diesel,68.28,74153.0
4019,V004020,Heavy Truck,0,20000,Diesel,80.53,232204.0
4020,V004021,Van,14,1000,Petrol,68.73,151496.0
4021,V004022,Van,9,1000,Petrol,100.0,162794.0
4022,V004023,Medium Truck,11,8000,Diesel,89.29,171850.0
4023,V004024,Medium Truck,8,8000,Diesel,88.96,284917.0
4024,V004025,Medium Truck,13,8000,Diesel,80.3,108980.0
4025,V004026,Medium Truck,8,8000,Diesel,86.38,253036.0
4026,V004027,Medium Truck,4,8000,Diesel,94.97,251980.0
4027,V004028,Light Truck,14,3500,Diesel,98.45,189160.0
4028,V004029,Medium Truck,1,8000,Diesel,100.0,109419.0
4029,V004030,Light Truck,0,3500,Diesel,98.55,35867.0
4030,V004031,Motorbike,4,50,Petrol,94.56,124311.0
4031,V004032,Van,14,1000,Petrol,74.7,256138.0
4032,V004033,Van,4,1000,Petrol,96.09,1000.0
4033,V004034,Heavy Truck,7,20000,Diesel,70.43,217216.0
4034,V004035,Van,5,1000,Petrol,71.69,93728.0
4035,V004036,Van,14,1000,Petrol,100.0,319308.0
4036,V004037,Van,4,1000,Petrol,87.18,180750.0
4037,V004038,Van,13,1000,Petrol,88.21,299733.0
4038,V004039,Light Truck,0,3500,Diesel,100.0,106848.0
4039,V004040,Light Truck,0,3500,Diesel,82.55,228818.0
4040,V004041,Light Truck,14,3500,Diesel,85.87,155922.0
4041,V004042,Medium Truck,11,8000,Diesel,86.34,285888.0
4042,V004043,Light Truck,2,3500,Diesel,94.27,259285.0
4043,V004044,Van,5,1000,Petrol,87.41,313374.0
4044,V004045,Light Truck,2,3500,Diesel,86.84,80441.0
4045,V004046,Van,7,1000,Petrol,68.34,77330.0
4046,V004047,Light Truck,7,3500,Diesel,94.21,182907.0
4047,V004048,Medium Truck,12,8000,Diesel,72.28,336877.0
4048,V004049,Light Truck,1,3500,Diesel,67.29,103843.0
4049,V004050,Heavy Truck,0,20000,Diesel,68.07,139052.0
4050,V004051,Van,0,1000,Petrol,64.66,354677.0
4051,V004052,Van,1,1000,Petrol,81.96,223836.0
4052,V004053,Van,9,1000,Petrol,62.19,63032.0
4053,V004054,Heavy Truck,14,20000,Diesel,78.19,205204.0
4054,V004055,Medium Truck,14,8000,Diesel,92.66,127295.0
4055,V004056,Light Truck,8,3500,Diesel,70.24,117575.0
4056,V004057,Light Truck,12,3500,Diesel,80.85,135608.0
4057,V004058,Light Truck,5,3500,Diesel,85.87,53149.0
4058,V004059,Light Truck,5,3500,Diesel,62.84,351434.0
4059,V004060,Light Truck,2,3500,Diesel,85.97,362631.0
4060,V004061,Motorbike,1,50,Petrol,92.48,230013.0
4061,V004062,Light Truck,2,3500,Diesel,97.69,162401.0
4062,V004063,Light Truck,2,3500,Diesel,76.82,57962.0
4063,V004064,Van,13,1000,Petrol,95.16,254913.0
4064,V004065,Medium Truck,8,8000,Diesel,72.17,282136.0
4065,V004066,Van,12,1000,Petrol,90.62,164129.0
4066,V004067,Light Truck,4,3500,Diesel,68.23,37889.0
4067,V004068,Van,14,1000,Petrol,78.85,144931.0
4068,V004069,Light Truck,13,3500,Diesel,74.24,227882.0
4069,V004070,Medium Truck,11,8000,Diesel,75.53,335245.0
4070,V004071,Van,13,1000,Petrol,69.77,206599.0
4071,V004072,Van,2,1000,Petrol,81.15,9810.0
4072,V004073,Medium Truck,8,8000,Diesel,87.71,267425.0
4073,V004074,Van,3,1000,Petrol,90.38,160153.0
4074,V004075,Medium Truck,9,8000,Diesel,68.22,8841.0
4075,V004076,Van,8,1000,Petrol,58.54,240951.0
4076,V004077,Van,6,1000,Petrol,85.2,269310.0
4077,V004078,Medium Truck,12,8000,Diesel,75.48,270470.0
4078,V004079,Motorbike,10,50,Petrol,87.8,166202.0
4079,V004080,Light Truck,12,3500,Diesel,90.48,184595.0
4080,V004081,Van,1,1000,Petrol,80.14,125818.0
4081,V004082,Van,11,1000,Petrol,100.0,76544.0
4082,V004083,Light Truck,0,3500,Diesel,90.33,173596.0
4083,V004084,Light Truck,13,3500,Diesel,74.33,175998.0
4084,V004085,Motorbike,4,50,Petrol,63.13,134130.0
4085,V004086,Light Truck,7,3500,Diesel,55.11,286602.0
4086,V004087,Medium Truck,12,8000,Diesel,98.89,271098.0
4087,V004088,Heavy Truck,12,20000,Diesel,57.28,215540.0
4088,V004089,Van,8,1000,Petrol,83.91,103095.0
4089,V004090,Van,5,1000,Petrol,68.51,1000.0
4090,V004091,Medium Truck,4,8000,Diesel,76.52,262437.0
4091,V004092,Medium Truck,7,8000,Diesel,92.22,18653.0
4092,V004093,Medium Truck,10,8000,Diesel,90.48,133159.0
4093,V004094,Light Truck,11,3500,Diesel,76.47,209010.0
4094,V004095,Medium Truck,13,8000,Diesel,75.79,249396.0
4095,V004096,Medium Truck,2,8000,Diesel,100.0,271413.0
4096,V004097,Motorbike,13,50,Petrol,97.8,336876.0
4097,V004098,Heavy Truck,0,20000,Diesel,83.29,372799.0
4098,V004099,Van,13,1000,Petrol,85.23,245019.0
4099,V004100,Light Truck,12,3500,Diesel,89.37,163990.0
4100,V004101,Light Truck,12,3500,Diesel,77.93,140294.0
4101,V004102,Van,6,1000,Petrol,73.36,169049.0
4102,V004103,Medium Truck,0,8000,Diesel,97.49,127891.0
4103,V004104,Light Truck,5,3500,Diesel,95.76,45919.0
4104,V004105,Van,3,1000,Petrol,77.99,21612.0
4105,V004106,Medium Truck,2,8000,Diesel,76.77,371768.0
4106,V004107,Medium Truck,2,8000,Diesel,82.75,206770.0
4107,V004108,Light Truck,12,3500,Diesel,87.51,254295.0
4108,V004109,Van,14,1000,Petrol,61.56,24415.0
4109,V004110,Heavy Truck,3,20000,Diesel,76.28,275270.0
4110,V004111,Light Truck,5,3500,Diesel,87.17,91603.0
4111,V004112,Heavy Truck,8,20000,Diesel,71.33,265321.0
4112,V004113,Motorbike,13,50,Petrol,77.37,168129.0
4113,V004114,Van,13,1000,Petrol,98.5,216737.0
4114,V004115,Van,12,1000,Petrol,87.23,217848.0
4115,V004116,Light Truck,2,3500,Diesel,95.44,217448.0
4116,V004117,Heavy Truck,4,20000,Diesel,83.11,129137.0
4117,V004118,Van,0,1000,Petrol,67.3,304129.0
4118,V004119,Medium Truck,11,8000,Diesel,85.93,173247.0
4119,V004120,Light Truck,4,3500,Diesel,72.41,170418.0
4120,V004121,Light Truck,6,3500,Diesel,89.87,174430.0
4121,V004122,Light Truck,12,3500,Diesel,87.67,163541.0
4122,V004123,Van,0,1000,Petrol,82.13,209369.0
4123,V004124,Van,2,1000,Petrol,100.0,377307.0
4124,V004125,Light Truck,4,3500,Diesel,69.86,101149.0
4125,V004126,Light Truck,3,3500,Diesel,91.51,116832.0
4126,V004127,Light Truck,1,3500,Diesel,85.91,95860.0
4127,V004128,Light Truck,12,3500,Diesel,74.08,131353.0
4128,V004129,Medium Truck,11,8000,Diesel,89.89,151834.0
4129,V004130,Medium Truck,5,8000,Diesel,84.11,131349.0
4130,V004131,Heavy Truck,11,20000,Diesel,83.5,318430.0
4131,V004132,Van,3,1000,Petrol,83.01,183648.0
4132,V004133,Heavy Truck,4,20000,Diesel,92.95,210979.0
4133,V004134,Medium Truck,8,8000,Diesel,74.36,137132.0
4134,V004135,Van,3,1000,Petrol,72.77,112755.0
4135,V004136,Light Truck,11,3500,Diesel,99.45,168306.0
4136,V004137,Medium Truck,9,8000,Diesel,90.65,57929.0
4137,V004138,Light Truck,3,3500,Diesel,95.44,239398.0
4138,V004139,Medium Truck,10,8000,Diesel,64.83,77797.0
4139,V004140,Medium Truck,0,8000,Diesel,100.0,179644.0
4140,V004141,Van,8,1000,Petrol,97.11,56752.0
4141,V004142,Light Truck,7,3500,Diesel,92.85,176703.0
4142,V004143,Van,3,1000,Petrol,81.53,311341.0
4143,V004144,Van,11,1000,Petrol,90.34,123843.0
4144,V004145,Van,14,1000,Petrol,74.5,44902.0
4145,V004146,Light Truck,6,3500,Diesel,64.8,175400.0
4146,V004147,Van,3,1000,Petrol,83.92,49337.0
4147,V004148,Van,8,1000,Petrol,87.43,232076.0
4148,V004149,Medium Truck,6,8000,Diesel,71.59,128981.0
4149,V004150,Heavy Truck,1,20000,Diesel,78.73,324838.0
4150,V004151,Motorbike,7,50,Petrol,94.25,119762.0
4151,V004152,Light Truck,9,3500,Diesel,61.13,341211.0
4152,V004153,Motorbike,7,50,Petrol,82.0,197380.0
4153,V004154,Van,4,1000,Petrol,77.95,284332.0
4154,V004155,Van,0,1000,Petrol,69.63,220060.0
4155,V004156,Medium Truck,3,8000,Diesel,72.4,299721.0
4156,V004157,Medium Truck,8,8000,Diesel,74.78,252454.0
4157,V004158,Heavy Truck,3,20000,Diesel,87.36,244786.0
4158,V004159,Medium Truck,10,8000,Diesel,86.33,315129.0
4159,V004160,Light Truck,8,3500,Diesel,80.97,190459.0
4160,V004161,Medium Truck,2,8000,Diesel,91.8,179985.0
4161,V004162,Medium Truck,4,8000,Diesel,72.13,180987.0
4162,V004163,Van,4,1000,Petrol,71.09,194541.0
4163,V004164,Motorbike,13,50,Petrol,100.0,175778.0
4164,V004165,Van,12,1000,Petrol,78.82,332757.0
4165,V004166,Medium Truck,4,8000,Diesel,86.2,238164.0
4166,V004167,Medium Truck,0,8000,Diesel,60.43,265484.0
4167,V004168,Van,9,1000,Petrol,90.94,144777.0
4168,V004169,Light Truck,7,3500,Diesel,75.79,331211.0
4169,V004170,Light Truck,0,3500,Diesel,100.0,197416.0
4170,V004171,Van,4,1000,Petrol,95.88,287518.0
4171,V004172,Medium Truck,3,8000,Diesel,82.15,25937.0
4172,V004173,Medium Truck,7,8000,Diesel,81.67,181140.0
4173,V004174,Light Truck,0,3500,Diesel,89.56,281271.0
4174,V004175,Light Truck,7,3500,Diesel,70.79,187781.0
4175,V004176,Van,13,1000,Petrol,87.65,188929.0
4176,V004177,Van,2,1000,Petrol,79.7,1000.0
4177,V004178,Heavy Truck,0,20000,Diesel,73.22,195559.0
4178,V004179,Van,11,1000,Petrol,82.61,144555.0
4179,V004180,Light Truck,13,3500,Diesel,85.67,225795.0
4180,V004181,Van,4,1000,Petrol,76.81,202929.0
4181,V004182,Light Truck,12,3500,Diesel,77.7,146117.0
4182,V004183,Motorbike,6,50,Petrol,82.5,63464.0
4183,V004184,Light Truck,6,3500,Diesel,80.28,194642.0
4184,V004185,Van,10,1000,Petrol,91.88,215335.0
4185,V004186,Medium Truck,14,8000,Diesel,93.12,355499.0
4186,V004187,Medium Truck,7,8000,Diesel,87.23,106921.0
4187,V004188,Heavy Truck,12,20000,Diesel,68.45,342837.0
4188,V004189,Medium Truck,14,8000,Diesel,77.23,196258.0
4189,V004190,Light Truck,3,3500,Diesel,95.54,205396.0
4190,V004191,Van,8,1000,Petrol,73.18,210293.0
4191,V004192,Van,6,1000,Petrol,82.09,259459.0
4192,V004193,Light Truck,6,3500,Diesel,66.41,1000.0
4193,V004194,Light Truck,8,3500,Diesel,89.5,1000.0
4194,V004195,Motorbike,7,50,Petrol,92.22,158517.0
4195,V004196,Van,10,1000,Petrol,72.28,74556.0
4196,V004197,Light Truck,1,3500,Diesel,93.65,129020.0
4197,V004198,Motorbike,0,50,Petrol,100.0,106256.0
4198,V004199,Heavy Truck,4,20000,Diesel,67.88,228144.0
4199,V004200,Medium Truck,8,8000,Diesel,60.12,235256.0
4200,V004201,Van,7,1000,Petrol,88.57,315274.0
4201,V004202,Van,10,1000,Petrol,85.82,185000.0
4202,V004203,Van,9,1000,Petrol,96.64,202504.0
4203,V004204,Light Truck,0,3500,Diesel,77.86,138764.0
4204,V004205,Van,3,1000,Petrol,96.8,271054.0
4205,V004206,Medium Truck,7,8000,Diesel,91.46,188200.0
4206,V004207,Medium Truck,4,8000,Diesel,64.28,202027.0
4207,V004208,Light Truck,13,3500,Diesel,78.54,127260.0
4208,V004209,Heavy Truck,0,20000,Diesel,91.9,186696.0
4209,V004210,Van,2,1000,Petrol,72.89,185048.0
4210,V004211,Heavy Truck,0,20000,Diesel,89.52,166951.0
4211,V004212,Light Truck,1,3500,Diesel,100.0,117934.0
4212,V004213,Light Truck,12,3500,Diesel,79.56,210347.0
4213,V004214,Medium Truck,9,8000,Diesel,98.41,410783.0
4214,V004215,Medium Truck,9,8000,Diesel,98.39,196867.0
4215,V004216,Van,9,1000,Petrol,100.0,348984.0
4216,V004217,Medium Truck,12,8000,Diesel,82.88,229721.0
4217,V004218,Light Truck,2,3500,Diesel,83.86,108653.0
4218,V004219,Medium Truck,11,8000,Diesel,76.67,293512.0
4219,V004220,Van,6,1000,Petrol,69.25,177845.0
4220,V004221,Van,4,1000,Petrol,94.42,142631.0
4221,V004222,Light Truck,9,3500,Diesel,93.42,170691.0
4222,V004223,Van,4,1000,Petrol,100.0,309825.0
4223,V004224,Medium Truck,8,8000,Diesel,100.0,1000.0
4224,V004225,Light Truck,7,3500,Diesel,88.18,376582.0
4225,V004226,Medium Truck,8,8000,Diesel,91.01,220490.0
4226,V004227,Heavy Truck,3,20000,Diesel,99.74,137826.0
4227,V004228,Van,13,1000,Petrol,78.77,277079.0
4228,V004229,Van,8,1000,Petrol,63.75,166862.0
4229,V004230,Light Truck,0,3500,Diesel,77.9,231653.0
4230,V004231,Light Truck,4,3500,Diesel,72.82,146067.0
4231,V004232,Van,6,1000,Petrol,93.49,188109.0
4232,V004233,Van,6,1000,Petrol,73.53,265414.0
4233,V004234,Heavy Truck,2,20000,Diesel,81.65,242424.0
4234,V004235,Medium Truck,13,8000,Diesel,100.0,174525.0
4235,V004236,Light Truck,2,3500,Diesel,100.0,289844.0
4236,V004237,Van,5,1000,Petrol,93.6,221303.0
4237,V004238,Light Truck,10,3500,Diesel,62.33,253191.0
4238,V004239,Light Truck,5,3500,Diesel,89.7,221612.0
4239,V004240,Light Truck,6,3500,Diesel,79.31,190250.0
4240,V004241,Van,9,1000,Petrol,100.0,188395.0
4241,V004242,Light Truck,8,3500,Diesel,82.15,169581.0
4242,V004243,Light Truck,0,3500,Diesel,100.0,115371.0
4243,V004244,Medium Truck,9,8000,Diesel,59.22,257536.0
4244,V004245,Light Truck,6,3500,Diesel,81.22,229017.0
4245,V004246,Motorbike,11,50,Petrol,74.44,126472.0
4246,V004247,Heavy Truck,10,20000,Diesel,66.47,328658.0
4247,V004248,Van,9,1000,Petrol,53.3,244600.0
4248,V004249,Medium Truck,7,8000,Diesel,97.73,262109.0
4249,V004250,Medium Truck,3,8000,Diesel,95.27,220507.0
4250,V004251,Light Truck,4,3500,Diesel,52.68,239606.0
4251,V004252,Light Truck,8,3500,Diesel,81.35,283309.0
4252,V004253,Medium Truck,4,8000,Diesel,86.96,97942.0
4253,V004254,Medium Truck,2,8000,Diesel,61.86,40829.0
4254,V004255,Van,8,1000,Petrol,84.53,119782.0
4255,V004256,Light Truck,14,3500,Diesel,84.31,217227.0
4256,V004257,Medium Truck,8,8000,Diesel,100.0,138861.0
4257,V004258,Medium Truck,1,8000,Diesel,92.63,199167.0
4258,V004259,Heavy Truck,10,20000,Diesel,88.24,288356.0
4259,V004260,Light Truck,13,3500,Diesel,79.03,152448.0
4260,V004261,Medium Truck,1,8000,Diesel,95.0,132828.0
4261,V004262,Van,4,1000,Petrol,73.88,163729.0
4262,V004263,Medium Truck,13,8000,Diesel,77.79,217939.0
4263,V004264,Van,3,1000,Petrol,67.55,264471.0
4264,V004265,Light Truck,12,3500,Diesel,67.92,245657.0
4265,V004266,Van,8,1000,Petrol,88.42,275640.0
4266,V004267,Light Truck,4,3500,Diesel,86.94,273404.0
4267,V004268,Light Truck,2,3500,Diesel,62.12,300001.0
4268,V004269,Medium Truck,14,8000,Diesel,86.52,200159.0
4269,V004270,Van,14,1000,Petrol,78.05,1000.0
4270,V004271,Heavy Truck,13,20000,Diesel,80.3,176194.0
4271,V004272,Van,5,1000,Petrol,89.81,186186.0
4272,V004273,Van,4,1000,Petrol,91.89,206085.0
4273,V004274,Motorbike,10,50,Petrol,61.62,171175.0
4274,V004275,Medium Truck,0,8000,Diesel,89.91,175296.0
4275,V004276,Medium Truck,13,8000,Diesel,92.81,233558.0
4276,V004277,Light Truck,2,3500,Diesel,88.73,49886.0
4277,V004278,Van,4,1000,Petrol,85.87,29172.0
4278,V004279,Light Truck,4,3500,Diesel,62.3,400881.0
4279,V004280,Medium Truck,1,8000,Diesel,80.46,159598.0
4280,V004281,Light Truck,14,3500,Diesel,99.03,214004.0
4281,V004282,Van,14,1000,Petrol,69.75,192847.0
4282,V004283,Medium Truck,10,8000,Diesel,83.66,91203.0
4283,V004284,Heavy Truck,11,20000,Diesel,98.54,147748.0
4284,V004285,Motorbike,5,50,Petrol,77.69,250455.0
4285,V004286,Van,8,1000,Petrol,91.87,79968.0
4286,V004287,Van,10,1000,Petrol,85.99,198628.0
4287,V004288,Light Truck,1,3500,Diesel,70.07,121895.0
4288,V004289,Medium Truck,4,8000,Diesel,89.19,66037.0
4289,V004290,Medium Truck,13,8000,Diesel,93.08,256739.0
4290,V004291,Light Truck,1,3500,Diesel,75.43,55861.0
4291,V004292,Heavy Truck,0,20000,Diesel,95.34,221342.0
4292,V004293,Van,10,1000,Petrol,73.26,140535.0
4293,V004294,Van,9,1000,Petrol,100.0,304210.0
4294,V004295,Van,0,1000,Petrol,79.73,185980.0
4295,V004296,Heavy Truck,5,20000,Diesel,87.02,164839.0
4296,V004297,Medium Truck,11,8000,Diesel,68.47,143899.0
4297,V004298,Van,14,1000,Petrol,81.11,183856.0
4298,V004299,Heavy Truck,10,20000,Diesel,88.63,4686.0
4299,V004300,Light Truck,6,3500,Diesel,74.66,190822.0
4300,V004301,Medium Truck,11,8000,Diesel,74.46,257917.0
4301,V004302,Medium Truck,12,8000,Diesel,88.63,298905.0
4302,V004303,Light Truck,2,3500,Diesel,69.21,178289.0
4303,V004304,Light Truck,7,3500,Diesel,88.15,187519.0
4304,V004305,Heavy Truck,10,20000,Diesel,100.0,106703.0
4305,V004306,Light Truck,9,3500,Diesel,84.41,144815.0
4306,V004307,Van,6,1000,Petrol,76.27,190560.0
4307,V004308,Medium Truck,1,8000,Diesel,91.74,166574.0
4308,V004309,Medium Truck,9,8000,Diesel,83.69,60299.0
4309,V004310,Motorbike,8,50,Petrol,78.26,314039.0
4310,V004311,Medium Truck,11,8000,Diesel,84.7,158262.0
4311,V004312,Medium Truck,11,8000,Diesel,84.24,271302.0
4312,V004313,Medium Truck,1,8000,Diesel,100.0,152874.0
4313,V004314,Van,9,1000,Petrol,83.66,207826.0
4314,V004315,Motorbike,3,50,Petrol,83.54,98366.0
4315,V004316,Van,1,1000,Petrol,84.93,88723.0
4316,V004317,Light Truck,9,3500,Diesel,91.51,106614.0
4317,V004318,Van,6,1000,Petrol,100.0,348474.0
4318,V004319,Van,14,1000,Petrol,65.52,145273.0
4319,V004320,Van,11,1000,Petrol,81.51,319776.0
4320,V004321,Medium Truck,14,8000,Diesel,72.58,208828.0
4321,V004322,Light Truck,0,3500,Diesel,100.0,132967.0
4322,V004323,Medium Truck,0,8000,Diesel,81.23,170127.0
4323,V004324,Van,0,1000,Petrol,86.76,280151.0
4324,V004325,Light Truck,13,3500,Diesel,59.93,94121.0
4325,V004326,Light Truck,2,3500,Diesel,80.62,266720.0
4326,V004327,Light Truck,6,3500,Diesel,74.19,177307.0
4327,V004328,Light Truck,11,3500,Diesel,82.3,276058.0
4328,V004329,Light Truck,6,3500,Diesel,80.55,119627.0
4329,V004330,Van,10,1000,Petrol,94.68,99883.0
4330,V004331,Light Truck,9,3500,Diesel,86.68,198680.0
4331,V004332,Van,2,1000,Petrol,85.34,11576.0
4332,V004333,Light Truck,0,3500,Diesel,91.49,404963.0
4333,V004334,Light Truck,14,3500,Diesel,84.61,133385.0
4334,V004335,Van,6,1000,Petrol,98.83,204142.0
4335,V004336,Van,13,1000,Petrol,63.88,116634.0
4336,V004337,Medium Truck,7,8000,Diesel,56.5,2768.0
4337,V004338,Medium Truck,2,8000,Diesel,76.79,136486.0
4338,V004339,Van,5,1000,Petrol,90.04,371590.0
4339,V004340,Medium Truck,11,8000,Diesel,67.71,60494.0
4340,V004341,Medium Truck,3,8000,Diesel,91.96,181097.0
4341,V004342,Van,10,1000,Petrol,76.06,334690.0
4342,V004343,Light Truck,7,3500,Diesel,78.44,56240.0
4343,V004344,Light Truck,8,3500,Diesel,86.8,108304.0
4344,V004345,Light Truck,1,3500,Diesel,89.01,182358.0
4345,V004346,Van,13,1000,Petrol,77.07,124458.0
4346,V004347,Light Truck,6,3500,Diesel,78.98,275105.0
4347,V004348,Heavy Truck,5,20000,Diesel,93.77,125152.0
4348,V004349,Medium Truck,12,8000,Diesel,99.45,193381.0
4349,V004350,Medium Truck,4,8000,Diesel,81.52,162218.0
4350,V004351,Heavy Truck,12,20000,Diesel,75.33,154443.0
4351,V004352,Van,10,1000,Petrol,61.42,336651.0
4352,V004353,Light Truck,14,3500,Diesel,71.39,287061.0
4353,V004354,Van,14,1000,Petrol,85.89,348310.0
4354,V004355,Van,12,1000,Petrol,72.95,89819.0
4355,V004356,Medium Truck,1,8000,Diesel,76.76,190108.0
4356,V004357,Medium Truck,9,8000,Diesel,86.27,277449.0
4357,V004358,Medium Truck,7,8000,Diesel,84.7,145270.0
4358,V004359,Light Truck,4,3500,Diesel,77.91,52650.0
4359,V004360,Light Truck,13,3500,Diesel,80.66,249303.0
4360,V004361,Van,7,1000,Petrol,93.28,1000.0
4361,V004362,Light Truck,13,3500,Diesel,98.23,239738.0
4362,V004363,Medium Truck,12,8000,Diesel,84.62,185492.0
4363,V004364,Van,6,1000,Petrol,87.87,269992.0
4364,V004365,Light Truck,12,3500,Diesel,90.96,82322.0
4365,V004366,Van,6,1000,Petrol,84.85,170710.0
4366,V004367,Van,12,1000,Petrol,90.14,221559.0
4367,V004368,Light Truck,12,3500,Diesel,82.32,1000.0
4368,V004369,Motorbike,2,50,Petrol,75.57,163445.0
4369,V004370,Motorbike,3,50,Petrol,74.01,256437.0
4370,V004371,Van,14,1000,Petrol,54.41,140350.0
4371,V004372,Medium Truck,4,8000,Diesel,83.34,271288.0
4372,V004373,Medium Truck,2,8000,Diesel,91.89,375508.0
4373,V004374,Van,11,1000,Petrol,66.59,257922.0
4374,V004375,Van,6,1000,Petrol,89.99,302150.0
4375,V004376,Medium Truck,8,8000,Diesel,65.89,189408.0
4376,V004377,Medium Truck,11,8000,Diesel,87.32,51297.0
4377,V004378,Light Truck,13,3500,Diesel,81.23,206201.0
4378,V004379,Van,4,1000,Petrol,77.94,151486.0
4379,V004380,Van,13,1000,Petrol,85.87,118474.0
4380,V004381,Heavy Truck,4,20000,Diesel,50.65,326474.0
4381,V004382,Van,5,1000,Petrol,85.01,161372.0
4382,V004383,Medium Truck,13,8000,Diesel,100.0,359182.0
4383,V004384,Light Truck,2,3500,Diesel,67.69,330106.0
4384,V004385,Van,13,1000,Petrol,74.69,204830.0
4385,V004386,Medium Truck,14,8000,Diesel,75.25,104481.0
4386,V004387,Van,1,1000,Petrol,82.64,232074.0
4387,V004388,Light Truck,11,3500,Diesel,93.31,52044.0
4388,V004389,Heavy Truck,9,20000,Diesel,88.85,91988.0
4389,V004390,Light Truck,8,3500,Diesel,75.87,41722.0
4390,V004391,Light Truck,10,3500,Diesel,100.0,165978.0
4391,V004392,Van,13,1000,Petrol,79.82,183039.0
4392,V004393,Light Truck,13,3500,Diesel,98.43,41065.0
4393,V004394,Van,4,1000,Petrol,75.47,109899.0
4394,V004395,Medium Truck,8,8000,Diesel,94.57,210214.0
4395,V004396,Medium Truck,14,8000,Diesel,69.55,330103.0
4396,V004397,Motorbike,13,50,Petrol,82.97,55982.0
4397,V004398,Heavy Truck,12,20000,Diesel,73.58,329434.0
4398,V004399,Light Truck,4,3500,Diesel,76.45,215468.0
4399,V004400,Light Truck,13,3500,Diesel,62.14,304925.0
4400,V004401,Light Truck,12,3500,Diesel,100.0,253686.0
4401,V004402,Van,6,1000,Petrol,65.2,205698.0
4402,V004403,Van,3,1000,Petrol,89.11,169347.0
4403,V004404,Medium Truck,4,8000,Diesel,63.04,229327.0
4404,V004405,Motorbike,0,50,Petrol,69.26,99869.0
4405,V004406,Van,9,1000,Petrol,86.67,263121.0
4406,V004407,Medium Truck,6,8000,Diesel,87.12,31655.0
4407,V004408,Van,14,1000,Petrol,75.67,317608.0
4408,V004409,Medium Truck,6,8000,Diesel,71.98,119811.0
4409,V004410,Van,4,1000,Petrol,71.05,257223.0
4410,V004411,Light Truck,13,3500,Diesel,68.02,142027.0
4411,V004412,Heavy Truck,10,20000,Diesel,100.0,229123.0
4412,V004413,Van,4,1000,Petrol,62.27,164553.0
4413,V004414,Heavy Truck,3,20000,Diesel,70.32,264595.0
4414,V004415,Light Truck,1,3500,Diesel,100.0,199203.0
4415,V004416,Van,10,1000,Petrol,81.74,153722.0
4416,V004417,Light Truck,13,3500,Diesel,75.68,269673.0
4417,V004418,Medium Truck,13,8000,Diesel,79.56,150821.0
4418,V004419,Light Truck,7,3500,Diesel,67.91,63002.0
4419,V004420,Light Truck,12,3500,Diesel,85.98,1000.0
4420,V004421,Light Truck,13,3500,Diesel,96.53,166699.0
4421,V004422,Medium Truck,13,8000,Diesel,85.89,84203.0
4422,V004423,Light Truck,10,3500,Diesel,100.0,124114.0
4423,V004424,Light Truck,12,3500,Diesel,85.45,124778.0
4424,V004425,Van,9,1000,Petrol,99.6,154684.0
4425,V004426,Light Truck,3,3500,Diesel,72.16,272928.0
4426,V004427,Light Truck,9,3500,Diesel,84.78,83605.0
4427,V004428,Heavy Truck,7,20000,Diesel,81.85,160189.0
4428,V004429,Light Truck,7,3500,Diesel,91.02,115135.0
4429,V004430,Heavy Truck,6,20000,Diesel,85.82,44343.0
4430,V004431,Van,12,1000,Petrol,83.93,136711.0
4431,V004432,Light Truck,1,3500,Diesel,90.12,222485.0
4432,V004433,Medium Truck,5,8000,Diesel,98.17,131683.0
4433,V004434,Heavy Truck,5,20000,Diesel,79.77,208199.0
4434,V004435,Van,2,1000,Petrol,100.0,327372.0
4435,V004436,Light Truck,10,3500,Diesel,67.27,225152.0
4436,V004437,Light Truck,6,3500,Diesel,83.41,150678.0
4437,V004438,Light Truck,2,3500,Diesel,74.32,88668.0
4438,V004439,Motorbike,5,50,Petrol,79.89,162471.0
4439,V004440,Van,6,1000,Petrol,88.21,203596.0
4440,V004441,Van,2,1000,Petrol,100.0,289674.0
4441,V004442,Van,2,1000,Petrol,87.41,174130.0
4442,V004443,Medium Truck,0,8000,Diesel,77.06,192261.0
4443,V004444,Medium Truck,11,8000,Diesel,72.28,130297.0
4444,V004445,Light Truck,3,3500,Diesel,88.8,291631.0
4445,V004446,Light Truck,1,3500,Diesel,77.97,313939.0
4446,V004447,Medium Truck,1,8000,Diesel,84.74,209745.0
4447,V004448,Motorbike,9,50,Petrol,100.0,235733.0
4448,V004449,Medium Truck,6,8000,Diesel,85.76,147846.0
4449,V004450,Van,5,1000,Petrol,85.4,5304.0
4450,V004451,Heavy Truck,8,20000,Diesel,81.57,305388.0
4451,V004452,Light Truck,10,3500,Diesel,83.95,205053.0
4452,V004453,Medium Truck,4,8000,Diesel,92.21,107607.0
4453,V004454,Heavy Truck,14,20000,Diesel,67.85,23929.0
4454,V004455,Medium Truck,13,8000,Diesel,63.72,47399.0
4455,V004456,Medium Truck,12,8000,Diesel,99.46,1000.0
4456,V004457,Heavy Truck,3,20000,Diesel,67.61,226086.0
4457,V004458,Medium Truck,2,8000,Diesel,98.01,178819.0
4458,V004459,Medium Truck,4,8000,Diesel,79.12,118176.0
4459,V004460,Van,7,1000,Petrol,85.94,263012.0
4460,V004461,Light Truck,5,3500,Diesel,68.63,142154.0
4461,V004462,Medium Truck,6,8000,Diesel,87.45,169828.0
4462,V004463,Heavy Truck,5,20000,Diesel,95.48,201484.0
4463,V004464,Van,7,1000,Petrol,77.34,190753.0
4464,V004465,Light Truck,8,3500,Diesel,90.83,207093.0
4465,V004466,Light Truck,11,3500,Diesel,80.83,251839.0
4466,V004467,Medium Truck,6,8000,Diesel,70.63,1000.0
4467,V004468,Van,10,1000,Petrol,100.0,301399.0
4468,V004469,Van,2,1000,Petrol,91.31,288428.0
4469,V004470,Van,10,1000,Petrol,100.0,36096.0
4470,V004471,Medium Truck,0,8000,Diesel,77.5,147748.0
4471,V004472,Medium Truck,13,8000,Diesel,89.3,123300.0
4472,V004473,Light Truck,12,3500,Diesel,83.05,276235.0
4473,V004474,Heavy Truck,12,20000,Diesel,99.6,238522.0
4474,V004475,Heavy Truck,4,20000,Diesel,71.4,157475.0
4475,V004476,Medium Truck,4,8000,Diesel,80.6,168370.0
4476,V004477,Light Truck,13,3500,Diesel,62.6,213003.0
4477,V004478,Medium Truck,11,8000,Diesel,87.09,63966.0
4478,V004479,Heavy Truck,4,20000,Diesel,69.84,175010.0
4479,V004480,Van,9,1000,Petrol,91.61,62066.0
4480,V004481,Heavy Truck,3,20000,Diesel,81.17,186249.0
4481,V004482,Van,4,1000,Petrol,100.0,263939.0
4482,V004483,Van,2,1000,Petrol,80.73,339139.0
4483,V004484,Light Truck,4,3500,Diesel,84.28,159212.0
4484,V004485,Light Truck,8,3500,Diesel,100.0,393994.0
4485,V004486,Light Truck,12,3500,Diesel,77.4,271086.0
4486,V004487,Medium Truck,3,8000,Diesel,61.81,206634.0
4487,V004488,Light Truck,4,3500,Diesel,89.86,171017.0
4488,V004489,Van,4,1000,Petrol,83.73,119964.0
4489,V004490,Heavy Truck,5,20000,Diesel,77.47,2484.0
4490,V004491,Medium Truck,10,8000,Diesel,90.31,205615.0
4491,V004492,Heavy Truck,7,20000,Diesel,95.98,126227.0
4492,V004493,Medium Truck,7,8000,Diesel,90.53,211682.0
4493,V004494,Van,7,1000,Petrol,83.59,285248.0
4494,V004495,Van,3,1000,Petrol,71.22,72273.0
4495,V004496,Light Truck,7,3500,Diesel,69.4,175036.0
4496,V004497,Van,5,1000,Petrol,97.8,181200.0
4497,V004498,Van,5,1000,Petrol,78.19,283351.0
4498,V004499,Heavy Truck,14,20000,Diesel,74.27,187358.0
4499,V004500,Van,3,1000,Petrol,84.01,181210.0
4500,V004501,Van,12,1000,Petrol,74.38,141970.0
4501,V004502,Van,3,1000,Petrol,81.58,178907.0
4502,V004503,Medium Truck,0,8000,Diesel,81.82,121014.0
4503,V004504,Light Truck,9,3500,Diesel,79.53,142235.0
4504,V004505,Light Truck,12,3500,Diesel,81.75,302599.0
4505,V004506,Medium Truck,4,8000,Diesel,84.96,5203.0
4506,V004507,Van,7,1000,Petrol,62.69,175385.0
4507,V004508,Light Truck,7,3500,Diesel,88.36,195909.0
4508,V004509,Motorbike,11,50,Petrol,70.84,168485.0
4509,V004510,Light Truck,13,3500,Diesel,62.5,59361.0
4510,V004511,Medium Truck,12,8000,Diesel,94.14,105139.0
4511,V004512,Van,4,1000,Petrol,100.0,131095.0
4512,V004513,Van,12,1000,Petrol,98.95,138922.0
4513,V004514,Van,2,1000,Petrol,83.22,86002.0
4514,V004515,Medium Truck,3,8000,Diesel,100.0,167233.0
4515,V004516,Light Truck,14,3500,Diesel,80.75,207832.0
4516,V004517,Light Truck,10,3500,Diesel,85.19,153359.0
4517,V004518,Light Truck,13,3500,Diesel,74.62,255490.0
4518,V004519,Light Truck,10,3500,Diesel,63.53,270777.0
4519,V004520,Light Truck,0,3500,Diesel,52.18,241198.0
4520,V004521,Medium Truck,1,8000,Diesel,73.26,95225.0
4521,V004522,Medium Truck,2,8000,Diesel,98.72,175350.0
4522,V004523,Medium Truck,7,8000,Diesel,85.07,145891.0
4523,V004524,Medium Truck,0,8000,Diesel,71.31,150124.0
4524,V004525,Heavy Truck,1,20000,Diesel,100.0,84138.0
4525,V004526,Medium Truck,3,8000,Diesel,84.06,63732.0
4526,V004527,Heavy Truck,4,20000,Diesel,83.33,39418.0
4527,V004528,Medium Truck,10,8000,Diesel,73.0,97086.0
4528,V004529,Van,4,1000,Petrol,69.76,113805.0
4529,V004530,Heavy Truck,9,20000,Diesel,86.11,128913.0
4530,V004531,Van,6,1000,Petrol,100.0,117571.0
4531,V004532,Van,2,1000,Petrol,71.11,240527.0
4532,V004533,Van,14,1000,Petrol,91.48,207028.0
4533,V004534,Van,5,1000,Petrol,70.98,284704.0
4534,V004535,Van,12,1000,Petrol,74.53,178883.0
4535,V004536,Medium Truck,5,8000,Diesel,88.56,219430.0
4536,V004537,Van,0,1000,Petrol,73.89,295953.0
4537,V004538,Light Truck,11,3500,Diesel,81.66,237764.0
4538,V004539,Light Truck,11,3500,Diesel,66.99,250075.0
4539,V004540,Light Truck,12,3500,Diesel,83.57,125150.0
4540,V004541,Light Truck,4,3500,Diesel,48.34,171095.0
4541,V004542,Light Truck,10,3500,Diesel,79.17,305831.0
4542,V004543,Van,10,1000,Petrol,90.29,175531.0
4543,V004544,Van,12,1000,Petrol,100.0,210908.0
4544,V004545,Van,13,1000,Petrol,100.0,84436.0
4545,V004546,Van,4,1000,Petrol,57.86,210557.0
4546,V004547,Van,8,1000,Petrol,90.98,168397.0
4547,V004548,Light Truck,3,3500,Diesel,100.0,154127.0
4548,V004549,Van,5,1000,Petrol,75.89,172310.0
4549,V004550,Medium Truck,7,8000,Diesel,100.0,186347.0
4550,V004551,Light Truck,4,3500,Diesel,49.87,207854.0
4551,V004552,Heavy Truck,13,20000,Diesel,87.5,221148.0
4552,V004553,Van,8,1000,Petrol,87.8,305540.0
4553,V004554,Van,1,1000,Petrol,80.15,117899.0
4554,V004555,Heavy Truck,8,20000,Diesel,79.81,85971.0
4555,V004556,Medium Truck,5,8000,Diesel,100.0,302391.0
4556,V004557,Medium Truck,11,8000,Diesel,89.42,96928.0
4557,V004558,Heavy Truck,13,20000,Diesel,100.0,170797.0
4558,V004559,Van,5,1000,Petrol,73.96,178687.0
4559,V004560,Light Truck,2,3500,Diesel,98.78,344939.0
4560,V004561,Heavy Truck,10,20000,Diesel,100.0,157482.0
4561,V004562,Medium Truck,5,8000,Diesel,100.0,167070.0
4562,V004563,Van,3,1000,Petrol,93.27,144249.0
4563,V004564,Van,0,1000,Petrol,85.49,227192.0
4564,V004565,Light Truck,11,3500,Diesel,83.32,83871.0
4565,V004566,Medium Truck,14,8000,Diesel,62.92,57539.0
4566,V004567,Van,2,1000,Petrol,91.56,227565.0
4567,V004568,Van,12,1000,Petrol,98.18,176412.0
4568,V004569,Motorbike,2,50,Petrol,84.65,47660.0
4569,V004570,Van,3,1000,Petrol,90.11,56040.0
4570,V004571,Light Truck,13,3500,Diesel,81.97,202467.0
4571,V004572,Medium Truck,6,8000,Diesel,95.45,168709.0
4572,V004573,Van,0,1000,Petrol,64.14,296861.0
4573,V004574,Motorbike,9,50,Petrol,75.56,411903.0
4574,V004575,Van,3,1000,Petrol,76.09,124271.0
4575,V004576,Medium Truck,2,8000,Diesel,77.88,166607.0
4576,V004577,Medium Truck,13,8000,Diesel,79.31,130408.0
4577,V004578,Van,0,1000,Petrol,100.0,76529.0
4578,V004579,Van,3,1000,Petrol,89.99,76647.0
4579,V004580,Van,10,1000,Petrol,93.58,336988.0
4580,V004581,Van,8,1000,Petrol,79.49,148153.0
4581,V004582,Light Truck,14,3500,Diesel,69.44,63275.0
4582,V004583,Heavy Truck,11,20000,Diesel,77.11,350529.0
4583,V004584,Medium Truck,12,8000,Diesel,85.18,61242.0
4584,V004585,Van,6,1000,Petrol,63.94,225064.0
4585,V004586,Van,6,1000,Petrol,79.34,55777.0
4586,V004587,Van,13,1000,Petrol,86.12,299019.0
4587,V004588,Light Truck,4,3500,Diesel,62.57,221625.0
4588,V004589,Light Truck,2,3500,Diesel,81.64,88521.0
4589,V004590,Van,5,1000,Petrol,95.78,165354.0
4590,V004591,Medium Truck,1,8000,Diesel,98.38,20182.0
4591,V004592,Motorbike,4,50,Petrol,100.0,242593.0
4592,V004593,Van,10,1000,Petrol,100.0,276629.0
4593,V004594,Van,1,1000,Petrol,97.16,274509.0
4594,V004595,Van,2,1000,Petrol,80.96,128268.0
4595,V004596,Medium Truck,7,8000,Diesel,95.52,60325.0
4596,V004597,Van,0,1000,Petrol,83.0,147031.0
4597,V004598,Medium Truck,6,8000,Diesel,82.92,111012.0
4598,V004599,Light Truck,2,3500,Diesel,70.98,65099.0
4599,V004600,Van,3,1000,Petrol,83.53,204297.0
4600,V004601,Light Truck,4,3500,Diesel,100.0,154349.0
4601,V004602,Light Truck,4,3500,Diesel,93.68,183226.0
4602,V004603,Medium Truck,7,8000,Diesel,77.1,248320.0
4603,V004604,Medium Truck,14,8000,Diesel,97.18,261283.0
4604,V004605,Light Truck,9,3500,Diesel,83.58,262720.0
4605,V004606,Light Truck,6,3500,Diesel,79.04,352056.0
4606,V004607,Light Truck,2,3500,Diesel,81.02,359891.0
4607,V004608,Van,9,1000,Petrol,86.76,265370.0
4608,V004609,Medium Truck,8,8000,Diesel,74.23,108043.0
4609,V004610,Medium Truck,8,8000,Diesel,69.94,153005.0
4610,V004611,Van,12,1000,Petrol,70.37,309438.0
4611,V004612,Van,10,1000,Petrol,65.95,1000.0
4612,V004613,Medium Truck,3,8000,Diesel,73.03,203124.0
4613,V004614,Van,11,1000,Petrol,89.34,265960.0
4614,V004615,Medium Truck,13,8000,Diesel,89.6,170233.0
4615,V004616,Medium Truck,6,8000,Diesel,81.14,145084.0
4616,V004617,Light Truck,12,3500,Diesel,100.0,290743.0
4617,V004618,Van,9,1000,Petrol,86.54,195049.0
4618,V004619,Heavy Truck,13,20000,Diesel,79.12,41237.0
4619,V004620,Light Truck,12,3500,Diesel,92.15,147468.0
4620,V004621,Medium Truck,10,8000,Diesel,88.44,169091.0
4621,V004622,Light Truck,6,3500,Diesel,80.19,382581.0
4622,V004623,Light Truck,7,3500,Diesel,80.21,139207.0
4623,V004624,Medium Truck,14,8000,Diesel,49.01,166670.0
4624,V004625,Medium Truck,12,8000,Diesel,88.92,228272.0
4625,V004626,Medium Truck,9,8000,Diesel,81.61,150571.0
4626,V004627,Light Truck,2,3500,Diesel,82.55,77206.0
4627,V004628,Van,7,1000,Petrol,86.57,321548.0
4628,V004629,Medium Truck,1,8000,Diesel,94.78,234913.0
4629,V004630,Van,10,1000,Petrol,96.82,221051.0
4630,V004631,Light Truck,0,3500,Diesel,90.44,99323.0
4631,V004632,Van,2,1000,Petrol,94.11,231005.0
4632,V004633,Van,2,1000,Petrol,90.41,256470.0
4633,V004634,Motorbike,0,50,Petrol,74.1,204030.0
4634,V004635,Van,6,1000,Petrol,89.98,1000.0
4635,V004636,Light Truck,2,3500,Diesel,96.75,150117.0
4636,V004637,Van,8,1000,Petrol,69.78,32700.0
4637,V004638,Van,4,1000,Petrol,86.12,277967.0
4638,V004639,Motorbike,0,50,Petrol,77.9,73943.0
4639,V004640,Heavy Truck,9,20000,Diesel,69.43,16418.0
4640,V004641,Medium Truck,6,8000,Diesel,100.0,154349.0
4641,V004642,Van,12,1000,Petrol,87.01,84754.0
4642,V004643,Motorbike,7,50,Petrol,85.33,345354.0
4643,V004644,Light Truck,12,3500,Diesel,93.88,241349.0
4644,V004645,Medium Truck,9,8000,Diesel,90.7,269498.0
4645,V004646,Medium Truck,11,8000,Diesel,60.05,278672.0
4646,V004647,Light Truck,3,3500,Diesel,100.0,184174.0
4647,V004648,Motorbike,0,50,Petrol,75.68,248693.0
4648,V004649,Van,14,1000,Petrol,96.24,226510.0
4649,V004650,Van,12,1000,Petrol,80.69,134787.0
4650,V004651,Light Truck,6,3500,Diesel,81.69,268707.0
4651,V004652,Light Truck,5,3500,Diesel,84.42,137873.0
4652,V004653,Van,14,1000,Petrol,86.04,181715.0
4653,V004654,Medium Truck,14,8000,Diesel,84.39,207318.0
4654,V004655,Van,10,1000,Petrol,88.6,85497.0
4655,V004656,Motorbike,5,50,Petrol,77.78,82226.0
4656,V004657,Van,9,1000,Petrol,92.4,78567.0
4657,V004658,Medium Truck,2,8000,Diesel,81.64,88719.0
4658,V004659,Medium Truck,7,8000,Diesel,91.98,134268.0
4659,V004660,Light Truck,4,3500,Diesel,82.42,240204.0
4660,V004661,Motorbike,14,50,Petrol,79.09,1000.0
4661,V004662,Van,14,1000,Petrol,90.86,318010.0
4662,V004663,Medium Truck,2,8000,Diesel,71.87,139146.0
4663,V004664,Light Truck,14,3500,Diesel,100.0,219832.0
4664,V004665,Van,8,1000,Petrol,85.67,126155.0
4665,V004666,Light Truck,13,3500,Diesel,97.45,270462.0
4666,V004667,Medium Truck,1,8000,Diesel,84.27,341633.0
4667,V004668,Van,9,1000,Petrol,69.5,171655.0
4668,V004669,Medium Truck,1,8000,Diesel,84.89,226105.0
4669,V004670,Van,8,1000,Petrol,70.87,221353.0
4670,V004671,Light Truck,4,3500,Diesel,76.6,131816.0
4671,V004672,Light Truck,9,3500,Diesel,73.7,90899.0
4672,V004673,Van,13,1000,Petrol,86.05,214884.0
4673,V004674,Medium Truck,13,8000,Diesel,64.07,111992.0
4674,V004675,Light Truck,8,3500,Diesel,99.74,206037.0
4675,V004676,Light Truck,0,3500,Diesel,70.65,212556.0
4676,V004677,Light Truck,2,3500,Diesel,81.39,110503.0
4677,V004678,Medium Truck,9,8000,Diesel,86.97,203386.0
4678,V004679,Van,12,1000,Petrol,84.77,138603.0
4679,V004680,Medium Truck,1,8000,Diesel,74.69,141100.0
4680,V004681,Van,5,1000,Petrol,100.0,263061.0
4681,V004682,Medium Truck,3,8000,Diesel,89.0,124223.0
4682,V004683,Light Truck,3,3500,Diesel,88.9,137469.0
4683,V004684,Light Truck,4,3500,Diesel,72.44,204312.0
4684,V004685,Light Truck,12,3500,Diesel,62.46,81237.0
4685,V004686,Medium Truck,14,8000,Diesel,79.47,150232.0
4686,V004687,Heavy Truck,3,20000,Diesel,100.0,55303.0
4687,V004688,Light Truck,2,3500,Diesel,87.11,172548.0
4688,V004689,Light Truck,9,3500,Diesel,80.99,233373.0
4689,V004690,Light Truck,9,3500,Diesel,71.37,260418.0
4690,V004691,Van,1,1000,Petrol,77.58,188148.0
4691,V004692,Medium Truck,12,8000,Diesel,89.05,196998.0
4692,V004693,Van,0,1000,Petrol,79.68,25042.0
4693,V004694,Medium Truck,4,8000,Diesel,70.77,65292.0
4694,V004695,Heavy Truck,4,20000,Diesel,72.78,339171.0
4695,V004696,Van,6,1000,Petrol,83.08,178004.0
4696,V004697,Light Truck,11,3500,Diesel,75.4,39817.0
4697,V004698,Light Truck,3,3500,Diesel,73.21,49108.0
4698,V004699,Van,5,1000,Petrol,50.5,92539.0
4699,V004700,Van,7,1000,Petrol,92.8,213209.0
4700,V004701,Medium Truck,8,8000,Diesel,86.1,199690.0
4701,V004702,Motorbike,9,50,Petrol,91.82,134595.0
4702,V004703,Light Truck,5,3500,Diesel,88.91,30140.0
4703,V004704,Van,3,1000,Petrol,59.39,241364.0
4704,V004705,Medium Truck,14,8000,Diesel,85.44,216133.0
4705,V004706,Medium Truck,7,8000,Diesel,78.48,187630.0
4706,V004707,Medium Truck,9,8000,Diesel,62.13,167221.0
4707,V004708,Van,8,1000,Petrol,67.7,300183.0
4708,V004709,Van,0,1000,Petrol,92.1,272652.0
4709,V004710,Van,8,1000,Petrol,67.34,256193.0
4710,V004711,Light Truck,7,3500,Diesel,96.07,103073.0
4711,V004712,Light Truck,9,3500,Diesel,94.49,38359.0
4712,V004713,Light Truck,9,3500,Diesel,80.05,189653.0
4713,V004714,Van,5,1000,Petrol,97.71,156381.0
4714,V004715,Light Truck,2,3500,Diesel,81.47,208633.0
4715,V004716,Van,11,1000,Petrol,70.75,260263.0
4716,V004717,Medium Truck,3,8000,Diesel,88.62,357215.0
4717,V004718,Light Truck,6,3500,Diesel,92.61,145037.0
4718,V004719,Light Truck,5,3500,Diesel,74.7,133096.0
4719,V004720,Light Truck,7,3500,Diesel,72.59,158086.0
4720,V004721,Van,7,1000,Petrol,78.53,163555.0
4721,V004722,Van,8,1000,Petrol,100.0,67462.0
4722,V004723,Light Truck,10,3500,Diesel,79.12,294176.0
4723,V004724,Heavy Truck,13,20000,Diesel,87.81,54571.0
4724,V004725,Light Truck,10,3500,Diesel,90.85,134781.0
4725,V004726,Medium Truck,11,8000,Diesel,76.58,217727.0
4726,V004727,Light Truck,3,3500,Diesel,72.72,216713.0
4727,V004728,Heavy Truck,9,20000,Diesel,59.35,284212.0
4728,V004729,Heavy Truck,11,20000,Diesel,100.0,83429.0
4729,V004730,Medium Truck,1,8000,Diesel,67.67,276321.0
4730,V004731,Light Truck,11,3500,Diesel,80.61,39056.0
4731,V004732,Heavy Truck,2,20000,Diesel,86.33,81510.0
4732,V004733,Light Truck,8,3500,Diesel,100.0,173257.0
4733,V004734,Light Truck,4,3500,Diesel,75.75,52475.0
4734,V004735,Light Truck,9,3500,Diesel,91.16,247142.0
4735,V004736,Light Truck,0,3500,Diesel,96.62,189312.0
4736,V004737,Van,13,1000,Petrol,87.78,1000.0
4737,V004738,Van,7,1000,Petrol,95.68,347784.0
4738,V004739,Van,7,1000,Petrol,77.38,138354.0
4739,V004740,Van,8,1000,Petrol,100.0,208652.0
4740,V004741,Medium Truck,7,8000,Diesel,88.29,292784.0
4741,V004742,Van,7,1000,Petrol,72.21,225157.0
4742,V004743,Medium Truck,14,8000,Diesel,90.95,183605.0
4743,V004744,Light Truck,7,3500,Diesel,77.97,1000.0
4744,V004745,Van,11,1000,Petrol,97.89,116204.0
4745,V004746,Van,12,1000,Petrol,96.38,196680.0
4746,V004747,Van,6,1000,Petrol,77.5,108670.0
4747,V004748,Medium Truck,11,8000,Diesel,84.14,190293.0
4748,V004749,Van,10,1000,Petrol,98.5,211952.0
4749,V004750,Light Truck,3,3500,Diesel,87.38,135788.0
4750,V004751,Medium Truck,5,8000,Diesel,67.85,59336.0
4751,V004752,Van,6,1000,Petrol,84.06,190748.0
4752,V004753,Van,9,1000,Petrol,76.62,186851.0
4753,V004754,Light Truck,5,3500,Diesel,74.95,289588.0
4754,V004755,Motorbike,3,50,Petrol,90.45,285515.0
4755,V004756,Light Truck,0,3500,Diesel,91.5,200308.0
4756,V004757,Van,1,1000,Petrol,73.38,199230.0
4757,V004758,Medium Truck,1,8000,Diesel,98.86,277586.0
4758,V004759,Van,10,1000,Petrol,74.58,155669.0
4759,V004760,Light Truck,5,3500,Diesel,90.15,65777.0
4760,V004761,Van,6,1000,Petrol,100.0,254700.0
4761,V004762,Medium Truck,5,8000,Diesel,71.16,242693.0
4762,V004763,Heavy Truck,12,20000,Diesel,85.29,233716.0
4763,V004764,Van,0,1000,Petrol,75.82,219086.0
4764,V004765,Van,8,1000,Petrol,97.66,156419.0
4765,V004766,Van,8,1000,Petrol,78.78,63483.0
4766,V004767,Medium Truck,10,8000,Diesel,83.95,109681.0
4767,V004768,Heavy Truck,14,20000,Diesel,73.01,268123.0
4768,V004769,Van,10,1000,Petrol,81.69,143519.0
4769,V004770,Medium Truck,8,8000,Diesel,85.23,232927.0
4770,V004771,Light Truck,0,3500,Diesel,72.01,1000.0
4771,V004772,Medium Truck,0,8000,Diesel,96.03,240152.0
4772,V004773,Van,5,1000,Petrol,68.29,108436.0
4773,V004774,Light Truck,13,3500,Diesel,76.41,79045.0
4774,V004775,Medium Truck,13,8000,Diesel,100.0,189253.0
4775,V004776,Medium Truck,2,8000,Diesel,60.11,333449.0
4776,V004777,Medium Truck,0,8000,Diesel,87.76,35838.0
4777,V004778,Motorbike,1,50,Petrol,65.44,254558.0
4778,V004779,Medium Truck,7,8000,Diesel,95.54,189648.0
4779,V004780,Medium Truck,11,8000,Diesel,76.75,117530.0
4780,V004781,Motorbike,6,50,Petrol,79.78,50355.0
4781,V004782,Medium Truck,10,8000,Diesel,69.08,312702.0
4782,V004783,Medium Truck,5,8000,Diesel,90.78,165627.0
4783,V004784,Light Truck,1,3500,Diesel,97.91,172712.0
4784,V004785,Light Truck,3,3500,Diesel,71.6,189111.0
4785,V004786,Medium Truck,10,8000,Diesel,80.45,132545.0
4786,V004787,Medium Truck,2,8000,Diesel,100.0,5956.0
4787,V004788,Van,1,1000,Petrol,72.92,176079.0
4788,V004789,Heavy Truck,13,20000,Diesel,92.09,150534.0
4789,V004790,Light Truck,9,3500,Diesel,72.26,162116.0
4790,V004791,Medium Truck,3,8000,Diesel,90.41,232708.0
4791,V004792,Light Truck,8,3500,Diesel,79.87,123224.0
4792,V004793,Light Truck,8,3500,Diesel,58.2,264646.0
4793,V004794,Light Truck,8,3500,Diesel,93.66,242442.0
4794,V004795,Heavy Truck,5,20000,Diesel,81.43,160611.0
4795,V004796,Light Truck,11,3500,Diesel,85.65,261998.0
4796,V004797,Light Truck,1,3500,Diesel,73.33,265506.0
4797,V004798,Motorbike,6,50,Petrol,91.08,196781.0
4798,V004799,Heavy Truck,0,20000,Diesel,98.84,146875.0
4799,V004800,Medium Truck,14,8000,Diesel,90.09,217283.0
4800,V004801,Light Truck,2,3500,Diesel,67.92,210613.0
4801,V004802,Medium Truck,9,8000,Diesel,92.83,355282.0
4802,V004803,Heavy Truck,10,20000,Diesel,68.44,265557.0
4803,V004804,Motorbike,2,50,Petrol,88.15,129325.0
4804,V004805,Van,12,1000,Petrol,73.45,305691.0
4805,V004806,Medium Truck,3,8000,Diesel,78.98,237641.0
4806,V004807,Medium Truck,8,8000,Diesel,100.0,219248.0
4807,V004808,Medium Truck,2,8000,Diesel,100.0,234931.0
4808,V004809,Van,0,1000,Petrol,94.18,85504.0
4809,V004810,Medium Truck,5,8000,Diesel,55.96,270168.0
4810,V004811,Motorbike,13,50,Petrol,94.77,143285.0
4811,V004812,Motorbike,12,50,Petrol,80.45,230846.0
4812,V004813,Light Truck,4,3500,Diesel,70.49,277804.0
4813,V004814,Medium Truck,3,8000,Diesel,96.79,83524.0
4814,V004815,Van,8,1000,Petrol,84.76,132605.0
4815,V004816,Medium Truck,8,8000,Diesel,74.78,58598.0
4816,V004817,Van,12,1000,Petrol,79.93,248786.0
4817,V004818,Van,1,1000,Petrol,81.13,40623.0
4818,V004819,Light Truck,5,3500,Diesel,93.95,271943.0
4819,V004820,Light Truck,3,3500,Diesel,91.76,337931.0
4820,V004821,Light Truck,1,3500,Diesel,90.09,261383.0
4821,V004822,Medium Truck,1,8000,Diesel,75.04,270843.0
4822,V004823,Light Truck,2,3500,Diesel,71.86,97384.0
4823,V004824,Van,3,1000,Petrol,88.46,117556.0
4824,V004825,Light Truck,6,3500,Diesel,98.4,131898.0
4825,V004826,Medium Truck,1,8000,Diesel,100.0,396833.0
4826,V004827,Light Truck,14,3500,Diesel,68.95,138091.0
4827,V004828,Van,3,1000,Petrol,78.03,199383.0
4828,V004829,Light Truck,9,3500,Diesel,78.83,318111.0
4829,V004830,Heavy Truck,10,20000,Diesel,94.51,148032.0
4830,V004831,Light Truck,7,3500,Diesel,62.41,52235.0
4831,V004832,Heavy Truck,6,20000,Diesel,99.54,179839.0
4832,V004833,Medium Truck,9,8000,Diesel,87.24,293780.0
4833,V004834,Medium Truck,12,8000,Diesel,97.39,99694.0
4834,V004835,Van,7,1000,Petrol,90.04,364545.0
4835,V004836,Light Truck,14,3500,Diesel,79.05,95433.0
4836,V004837,Van,2,1000,Petrol,72.78,130455.0
4837,V004838,Van,8,1000,Petrol,83.35,83933.0
4838,V004839,Van,10,1000,Petrol,87.86,193482.0
4839,V004840,Van,3,1000,Petrol,99.22,205899.0
4840,V004841,Van,3,1000,Petrol,52.95,157809.0
4841,V004842,Light Truck,13,3500,Diesel,99.94,246951.0
4842,V004843,Van,9,1000,Petrol,87.7,179142.0
4843,V004844,Medium Truck,6,8000,Diesel,93.79,14788.0
4844,V004845,Light Truck,10,3500,Diesel,56.42,261996.0
4845,V004846,Van,13,1000,Petrol,82.08,187472.0
4846,V004847,Light Truck,8,3500,Diesel,89.62,201722.0
4847,V004848,Motorbike,12,50,Petrol,85.62,124918.0
4848,V004849,Van,8,1000,Petrol,86.54,285713.0
4849,V004850,Light Truck,2,3500,Diesel,73.53,4720.0
4850,V004851,Medium Truck,0,8000,Diesel,85.34,126670.0
4851,V004852,Van,11,1000,Petrol,78.26,187957.0
4852,V004853,Medium Truck,11,8000,Diesel,68.64,127930.0
4853,V004854,Van,10,1000,Petrol,89.13,198385.0
4854,V004855,Van,8,1000,Petrol,87.85,137448.0
4855,V004856,Medium Truck,5,8000,Diesel,74.58,270211.0
4856,V004857,Van,5,1000,Petrol,100.0,203647.0
4857,V004858,Medium Truck,0,8000,Diesel,94.59,193417.0
4858,V004859,Van,0,1000,Petrol,66.82,302756.0
4859,V004860,Motorbike,12,50,Petrol,89.34,98011.0
4860,V004861,Van,5,1000,Petrol,69.19,73601.0
4861,V004862,Light Truck,4,3500,Diesel,76.12,441143.0
4862,V004863,Heavy Truck,5,20000,Diesel,85.32,153768.0
4863,V004864,Medium Truck,1,8000,Diesel,58.34,338470.0
4864,V004865,Van,14,1000,Petrol,76.19,403510.0
4865,V004866,Van,6,1000,Petrol,86.65,129382.0
4866,V004867,Medium Truck,10,8000,Diesel,73.21,107257.0
4867,V004868,Van,0,1000,Petrol,91.06,139237.0
4868,V004869,Medium Truck,0,8000,Diesel,79.79,265059.0
4869,V004870,Light Truck,13,3500,Diesel,86.49,144825.0
4870,V004871,Medium Truck,2,8000,Diesel,85.12,147712.0
4871,V004872,Van,1,1000,Petrol,69.11,316769.0
4872,V004873,Medium Truck,12,8000,Diesel,57.93,186080.0
4873,V004874,Light Truck,14,3500,Diesel,94.77,43188.0
4874,V004875,Light Truck,14,3500,Diesel,96.64,127081.0
4875,V004876,Van,10,1000,Petrol,78.13,86637.0
4876,V004877,Heavy Truck,9,20000,Diesel,64.17,160780.0
4877,V004878,Medium Truck,8,8000,Diesel,87.76,140520.0
4878,V004879,Medium Truck,2,8000,Diesel,99.92,155038.0
4879,V004880,Heavy Truck,3,20000,Diesel,72.77,151941.0
4880,V004881,Light Truck,10,3500,Diesel,68.7,141622.0
4881,V004882,Medium Truck,2,8000,Diesel,90.12,189439.0
4882,V004883,Medium Truck,0,8000,Diesel,74.68,121868.0
4883,V004884,Medium Truck,9,8000,Diesel,88.92,133492.0
4884,V004885,Light Truck,11,3500,Diesel,98.33,221321.0
4885,V004886,Heavy Truck,0,20000,Diesel,73.38,223665.0
4886,V004887,Medium Truck,12,8000,Diesel,70.26,96283.0
4887,V004888,Medium Truck,4,8000,Diesel,98.18,179828.0
4888,V004889,Light Truck,12,3500,Diesel,85.9,110429.0
4889,V004890,Medium Truck,0,8000,Diesel,70.85,114488.0
4890,V004891,Light Truck,10,3500,Diesel,100.0,190614.0
4891,V004892,Light Truck,2,3500,Diesel,91.24,146582.0
4892,V004893,Van,13,1000,Petrol,79.43,156378.0
4893,V004894,Light Truck,13,3500,Diesel,100.0,123621.0
4894,V004895,Light Truck,10,3500,Diesel,84.94,110758.0
4895,V004896,Light Truck,4,3500,Diesel,97.21,112294.0
4896,V004897,Medium Truck,12,8000,Diesel,79.8,20169.0
4897,V004898,Van,11,1000,Petrol,79.74,225425.0
4898,V004899,Light Truck,7,3500,Diesel,89.25,170153.0
4899,V004900,Medium Truck,10,8000,Diesel,78.27,127104.0
4900,V004901,Light Truck,7,3500,Diesel,79.88,66159.0
4901,V004902,Medium Truck,7,8000,Diesel,88.14,233596.0
4902,V004903,Medium Truck,0,8000,Diesel,93.5,180181.0
4903,V004904,Van,12,1000,Petrol,91.74,199052.0
4904,V004905,Medium Truck,3,8000,Diesel,79.82,220824.0
4905,V004906,Medium Truck,6,8000,Diesel,74.28,176351.0
4906,V004907,Van,9,1000,Petrol,81.73,163624.0
4907,V004908,Light Truck,2,3500,Diesel,75.55,114094.0
4908,V004909,Van,14,1000,Petrol,72.85,301319.0
4909,V004910,Medium Truck,11,8000,Diesel,77.5,65913.0
4910,V004911,Medium Truck,8,8000,Diesel,78.32,171792.0
4911,V004912,Light Truck,10,3500,Diesel,99.14,119362.0
4912,V004913,Light Truck,8,3500,Diesel,74.51,132344.0
4913,V004914,Medium Truck,1,8000,Diesel,92.45,93497.0
4914,V004915,Heavy Truck,12,20000,Diesel,72.48,107344.0
4915,V004916,Van,14,1000,Petrol,87.41,132277.0
4916,V004917,Van,11,1000,Petrol,60.65,150959.0
4917,V004918,Heavy Truck,1,20000,Diesel,94.93,356884.0
4918,V004919,Van,9,1000,Petrol,89.83,40723.0
4919,V004920,Heavy Truck,1,20000,Diesel,88.63,37661.0
4920,V004921,Van,10,1000,Petrol,100.0,128080.0
4921,V004922,Light Truck,2,3500,Diesel,75.26,156774.0
4922,V004923,Van,8,1000,Petrol,86.3,135216.0
4923,V004924,Medium Truck,3,8000,Diesel,88.71,159404.0
4924,V004925,Medium Truck,11,8000,Diesel,100.0,114635.0
4925,V004926,Light Truck,9,3500,Diesel,94.11,221059.0
4926,V004927,Light Truck,14,3500,Diesel,93.35,53378.0
4927,V004928,Heavy Truck,2,20000,Diesel,90.3,47254.0
4928,V004929,Van,13,1000,Petrol,79.5,120169.0
4929,V004930,Motorbike,11,50,Petrol,89.56,158385.0
4930,V004931,Light Truck,5,3500,Diesel,88.01,137969.0
4931,V004932,Van,5,1000,Petrol,70.05,141613.0
4932,V004933,Van,2,1000,Petrol,94.83,281846.0
4933,V004934,Medium Truck,11,8000,Diesel,69.9,121050.0
4934,V004935,Van,9,1000,Petrol,100.0,297730.0
4935,V004936,Van,4,1000,Petrol,83.18,225152.0
4936,V004937,Motorbike,0,50,Petrol,93.08,154780.0
4937,V004938,Light Truck,14,3500,Diesel,75.07,230403.0
4938,V004939,Light Truck,11,3500,Diesel,79.85,324955.0
4939,V004940,Medium Truck,4,8000,Diesel,76.61,153410.0
4940,V004941,Van,5,1000,Petrol,80.98,64899.0
4941,V004942,Light Truck,13,3500,Diesel,62.43,234684.0
4942,V004943,Light Truck,1,3500,Diesel,70.04,288577.0
4943,V004944,Light Truck,14,3500,Diesel,92.35,217451.0
4944,V004945,Motorbike,6,50,Petrol,89.6,255501.0
4945,V004946,Van,4,1000,Petrol,91.43,1000.0
4946,V004947,Van,13,1000,Petrol,81.05,125544.0
4947,V004948,Light Truck,11,3500,Diesel,86.59,240345.0
4948,V004949,Light Truck,0,3500,Diesel,72.0,127145.0
4949,V004950,Medium Truck,10,8000,Diesel,90.21,317190.0
4950,V004951,Light Truck,4,3500,Diesel,95.49,48778.0
4951,V004952,Van,8,1000,Petrol,59.48,225979.0
4952,V004953,Light Truck,14,3500,Diesel,84.89,202678.0
4953,V004954,Heavy Truck,13,20000,Diesel,76.42,252605.0
4954,V004955,Light Truck,7,3500,Diesel,97.14,122121.0
4955,V004956,Van,9,1000,Petrol,86.88,129583.0
4956,V004957,Medium Truck,0,8000,Diesel,80.31,258605.0
4957,V004958,Van,1,1000,Petrol,85.2,210838.0
4958,V004959,Van,4,1000,Petrol,89.15,180198.0
4959,V004960,Van,12,1000,Petrol,96.04,245032.0
4960,V004961,Light Truck,7,3500,Diesel,83.69,160823.0
4961,V004962,Light Truck,1,3500,Diesel,77.89,42030.0
4962,V004963,Medium Truck,3,8000,Diesel,86.28,182461.0
4963,V004964,Light Truck,1,3500,Diesel,81.65,216028.0
4964,V004965,Van,11,1000,Petrol,79.27,267750.0
4965,V004966,Heavy Truck,14,20000,Diesel,72.29,374276.0
4966,V004967,Medium Truck,9,8000,Diesel,73.23,132916.0
4967,V004968,Light Truck,14,3500,Diesel,80.3,127306.0
4968,V004969,Medium Truck,1,8000,Diesel,83.81,128091.0
4969,V004970,Light Truck,11,3500,Diesel,55.71,278621.0
4970,V004971,Light Truck,0,3500,Diesel,69.94,298411.0
4971,V004972,Motorbike,3,50,Petrol,76.68,171412.0
4972,V004973,Heavy Truck,2,20000,Diesel,82.38,181846.0
4973,V004974,Light Truck,13,3500,Diesel,74.67,146417.0
4974,V004975,Medium Truck,11,8000,Diesel,75.32,187559.0
4975,V004976,Medium Truck,5,8000,Diesel,87.34,170420.0
4976,V004977,Van,10,1000,Petrol,81.95,104179.0
4977,V004978,Van,3,1000,Petrol,100.0,199957.0
4978,V004979,Medium Truck,10,8000,Diesel,91.66,136314.0
4979,V004980,Van,9,1000,Petrol,48.55,170258.0
4980,V004981,Medium Truck,14,8000,Diesel,73.79,122234.0
4981,V004982,Light Truck,7,3500,Diesel,99.63,53087.0
4982,V004983,Heavy Truck,12,20000,Diesel,87.98,231121.0
4983,V004984,Medium Truck,9,8000,Diesel,100.0,267978.0
4984,V004985,Light Truck,3,3500,Diesel,86.73,121590.0
4985,V004986,Light Truck,0,3500,Diesel,67.16,195423.0
4986,V004987,Light Truck,10,3500,Diesel,93.27,331656.0
4987,V004988,Heavy Truck,10,20000,Diesel,83.52,123887.0
4988,V004989,Light Truck,9,3500,Diesel,80.85,160161.0
4989,V004990,Van,10,1000,Petrol,88.55,139138.0
4990,V004991,Heavy Truck,10,20000,Diesel,83.03,147570.0
4991,V004992,Van,4,1000,Petrol,99.48,1000.0
4992,V004993,Light Truck,5,3500,Diesel,66.31,262702.0
4993,V004994,Van,2,1000,Petrol,79.91,144100.0
4994,V004995,Van,0,1000,Petrol,86.19,229943.0
4995,V004996,Medium Truck,3,8000,Diesel,96.76,97452.0
4996,V004997,Light Truck,1,3500,Diesel,95.2,197922.0
4997,V004998,Van,0,1000,Petrol,60.85,265838.0
4998,V004999,Van,13,1000,Petrol,74.3,313337.0
4999,V005000,Medium Truck,12,8000,Diesel,100.0,334646.0
5000,V005001,Van,9,1000,Petrol,86.2,245966.0
5001,V005002,Van,5,1000,Petrol,89.99,235282.0
5002,V005003,Light Truck,3,3500,Diesel,88.34,232536.0
5003,V005004,Heavy Truck,12,20000,Diesel,84.42,173987.0
5004,V005005,Medium Truck,12,8000,Diesel,90.94,216904.0
5005,V005006,Medium Truck,13,8000,Diesel,80.89,175293.0
5006,V005007,Van,2,1000,Petrol,48.71,180892.0
5007,V005008,Van,1,1000,Petrol,74.45,171439.0
5008,V005009,Light Truck,1,3500,Diesel,72.08,163256.0
5009,V005010,Heavy Truck,2,20000,Diesel,77.03,234434.0
5010,V005011,Van,12,1000,Petrol,82.14,268951.0
5011,V005012,Heavy Truck,3,20000,Diesel,85.38,105526.0
5012,V005013,Van,12,1000,Petrol,87.35,61209.0
5013,V005014,Light Truck,13,3500,Diesel,77.44,71338.0
5014,V005015,Van,11,1000,Petrol,78.58,101213.0
5015,V005016,Van,10,1000,Petrol,82.65,262745.0
5016,V005017,Medium Truck,0,8000,Diesel,62.21,119458.0
5017,V005018,Medium Truck,9,8000,Diesel,82.41,197171.0
5018,V005019,Medium Truck,1,8000,Diesel,84.43,52162.0
5019,V005020,Light Truck,6,3500,Diesel,89.02,268546.0
5020,V005021,Heavy Truck,5,20000,Diesel,60.54,250233.0
5021,V005022,Heavy Truck,3,20000,Diesel,71.2,213357.0
5022,V005023,Motorbike,9,50,Petrol,71.77,396518.0
5023,V005024,Van,11,1000,Petrol,82.34,230995.0
5024,V005025,Medium Truck,10,8000,Diesel,81.22,245786.0
5025,V005026,Van,13,1000,Petrol,66.86,289112.0
5026,V005027,Van,4,1000,Petrol,60.41,207903.0
5027,V005028,Medium Truck,4,8000,Diesel,86.29,93318.0
5028,V005029,Medium Truck,11,8000,Diesel,67.15,195072.0
5029,V005030,Medium Truck,2,8000,Diesel,79.48,109428.0
5030,V005031,Light Truck,3,3500,Diesel,77.84,169107.0
5031,V005032,Light Truck,3,3500,Diesel,60.22,55216.0
5032,V005033,Medium Truck,0,8000,Diesel,78.1,239363.0
5033,V005034,Van,6,1000,Petrol,91.76,57403.0
5034,V005035,Heavy Truck,11,20000,Diesel,67.88,98184.0
5035,V005036,Light Truck,13,3500,Diesel,76.51,223234.0
5036,V005037,Light Truck,2,3500,Diesel,100.0,95032.0
5037,V005038,Light Truck,7,3500,Diesel,79.82,270790.0
5038,V005039,Medium Truck,6,8000,Diesel,72.49,5257.0
5039,V005040,Medium Truck,13,8000,Diesel,81.54,183931.0
5040,V005041,Light Truck,0,3500,Diesel,65.12,165279.0
5041,V005042,Heavy Truck,12,20000,Diesel,73.24,187606.0
5042,V005043,Medium Truck,0,8000,Diesel,79.73,224572.0
5043,V005044,Light Truck,13,3500,Diesel,74.56,146698.0
5044,V005045,Van,2,1000,Petrol,79.23,331440.0
5045,V005046,Medium Truck,2,8000,Diesel,96.74,317958.0
5046,V005047,Medium Truck,12,8000,Diesel,92.24,137315.0
5047,V005048,Light Truck,13,3500,Diesel,90.63,346986.0
5048,V005049,Light Truck,9,3500,Diesel,78.13,151937.0
5049,V005050,Light Truck,11,3500,Diesel,84.13,3192.0
5050,V005051,Light Truck,1,3500,Diesel,93.08,221171.0
5051,V005052,Medium Truck,3,8000,Diesel,89.84,95469.0
5052,V005053,Light Truck,11,3500,Diesel,100.0,288221.0
5053,V005054,Van,12,1000,Petrol,69.04,194442.0
5054,V005055,Van,12,1000,Petrol,75.51,172894.0
5055,V005056,Light Truck,10,3500,Diesel,80.47,270285.0
5056,V005057,Medium Truck,11,8000,Diesel,65.16,210340.0
5057,V005058,Heavy Truck,0,20000,Diesel,84.03,150327.0
5058,V005059,Light Truck,0,3500,Diesel,83.82,233841.0
5059,V005060,Medium Truck,10,8000,Diesel,84.62,11180.0
5060,V005061,Medium Truck,10,8000,Diesel,76.01,315238.0
5061,V005062,Van,10,1000,Petrol,98.63,183318.0
5062,V005063,Heavy Truck,9,20000,Diesel,81.53,134699.0
5063,V005064,Van,9,1000,Petrol,100.0,192939.0
5064,V005065,Van,9,1000,Petrol,86.69,74028.0
5065,V005066,Van,7,1000,Petrol,74.65,218756.0
5066,V005067,Light Truck,10,3500,Diesel,75.55,281020.0
5067,V005068,Light Truck,7,3500,Diesel,75.45,184847.0
5068,V005069,Van,8,1000,Petrol,91.07,159023.0
5069,V005070,Light Truck,12,3500,Diesel,82.23,161308.0
5070,V005071,Light Truck,6,3500,Diesel,89.11,198303.0
5071,V005072,Motorbike,3,50,Petrol,93.05,236945.0
5072,V005073,Light Truck,13,3500,Diesel,99.61,292940.0
5073,V005074,Light Truck,2,3500,Diesel,95.75,150742.0
5074,V005075,Light Truck,12,3500,Diesel,70.69,242280.0
5075,V005076,Medium Truck,3,8000,Diesel,96.0,262557.0
5076,V005077,Van,11,1000,Petrol,80.03,121676.0
5077,V005078,Heavy Truck,8,20000,Diesel,76.87,103802.0
5078,V005079,Medium Truck,2,8000,Diesel,100.0,243314.0
5079,V005080,Van,13,1000,Petrol,84.52,22173.0
5080,V005081,Van,7,1000,Petrol,75.38,344849.0
5081,V005082,Van,10,1000,Petrol,64.69,230381.0
5082,V005083,Van,10,1000,Petrol,80.02,126286.0
5083,V005084,Light Truck,5,3500,Diesel,72.15,231533.0
5084,V005085,Light Truck,2,3500,Diesel,93.59,215752.0
5085,V005086,Heavy Truck,13,20000,Diesel,85.69,127634.0
5086,V005087,Heavy Truck,6,20000,Diesel,100.0,265038.0
5087,V005088,Light Truck,7,3500,Diesel,100.0,112438.0
5088,V005089,Light Truck,13,3500,Diesel,67.22,201393.0
5089,V005090,Medium Truck,4,8000,Diesel,69.18,208970.0
5090,V005091,Van,4,1000,Petrol,87.06,169830.0
5091,V005092,Light Truck,14,3500,Diesel,75.98,96211.0
5092,V005093,Heavy Truck,14,20000,Diesel,54.89,111385.0
5093,V005094,Medium Truck,1,8000,Diesel,66.7,212867.0
5094,V005095,Motorbike,5,50,Petrol,92.69,276498.0
5095,V005096,Heavy Truck,0,20000,Diesel,94.75,355381.0
5096,V005097,Motorbike,4,50,Petrol,76.15,107429.0
5097,V005098,Van,5,1000,Petrol,79.49,182331.0
5098,V005099,Medium Truck,2,8000,Diesel,80.74,247981.0
5099,V005100,Medium Truck,14,8000,Diesel,80.2,93563.0
5100,V005101,Medium Truck,3,8000,Diesel,67.56,173627.0
5101,V005102,Medium Truck,7,8000,Diesel,67.11,291300.0
5102,V005103,Light Truck,8,3500,Diesel,91.34,126374.0
5103,V005104,Light Truck,10,3500,Diesel,62.66,179200.0
5104,V005105,Light Truck,5,3500,Diesel,84.72,255217.0
5105,V005106,Light Truck,4,3500,Diesel,68.2,166710.0
5106,V005107,Heavy Truck,1,20000,Diesel,81.24,175115.0
5107,V005108,Van,8,1000,Petrol,78.84,181649.0
5108,V005109,Light Truck,3,3500,Diesel,89.42,169718.0
5109,V005110,Van,1,1000,Petrol,76.86,83511.0
5110,V005111,Medium Truck,14,8000,Diesel,65.07,13851.0
5111,V005112,Van,11,1000,Petrol,100.0,116730.0
5112,V005113,Medium Truck,9,8000,Diesel,76.16,205196.0
5113,V005114,Light Truck,13,3500,Diesel,84.61,169232.0
5114,V005115,Heavy Truck,8,20000,Diesel,76.66,248976.0
5115,V005116,Van,13,1000,Petrol,93.47,218979.0
5116,V005117,Medium Truck,5,8000,Diesel,95.59,258667.0
5117,V005118,Medium Truck,4,8000,Diesel,89.2,196085.0
5118,V005119,Van,0,1000,Petrol,73.28,128486.0
5119,V005120,Light Truck,11,3500,Diesel,57.09,129019.0
5120,V005121,Medium Truck,2,8000,Diesel,69.52,128759.0
5121,V005122,Medium Truck,3,8000,Diesel,100.0,93031.0
5122,V005123,Light Truck,8,3500,Diesel,81.82,185828.0
5123,V005124,Medium Truck,5,8000,Diesel,75.04,238293.0
5124,V005125,Heavy Truck,0,20000,Diesel,89.68,309108.0
5125,V005126,Van,1,1000,Petrol,88.82,196801.0
5126,V005127,Medium Truck,12,8000,Diesel,66.98,296820.0
5127,V005128,Heavy Truck,4,20000,Diesel,78.66,154286.0
5128,V005129,Van,12,1000,Petrol,91.55,64378.0
5129,V005130,Medium Truck,7,8000,Diesel,84.68,172568.0
5130,V005131,Medium Truck,7,8000,Diesel,93.47,222228.0
5131,V005132,Light Truck,13,3500,Diesel,91.74,179697.0
5132,V005133,Light Truck,5,3500,Diesel,96.18,90110.0
5133,V005134,Van,2,1000,Petrol,78.55,205120.0
5134,V005135,Light Truck,9,3500,Diesel,75.78,241392.0
5135,V005136,Light Truck,3,3500,Diesel,81.55,161656.0
5136,V005137,Heavy Truck,5,20000,Diesel,77.28,138341.0
5137,V005138,Van,2,1000,Petrol,95.52,34710.0
5138,V005139,Medium Truck,2,8000,Diesel,91.72,166594.0
5139,V005140,Light Truck,13,3500,Diesel,66.85,282657.0
5140,V005141,Van,12,1000,Petrol,77.96,260512.0
5141,V005142,Van,9,1000,Petrol,86.57,86129.0
5142,V005143,Light Truck,0,3500,Diesel,76.87,125088.0
5143,V005144,Light Truck,6,3500,Diesel,61.12,313297.0
5144,V005145,Motorbike,11,50,Petrol,90.3,134898.0
5145,V005146,Medium Truck,12,8000,Diesel,99.66,69727.0
5146,V005147,Light Truck,6,3500,Diesel,77.97,320269.0
5147,V005148,Medium Truck,0,8000,Diesel,100.0,1000.0
5148,V005149,Van,8,1000,Petrol,66.48,168045.0
5149,V005150,Van,12,1000,Petrol,72.58,215257.0
5150,V005151,Medium Truck,6,8000,Diesel,80.92,258133.0
5151,V005152,Medium Truck,6,8000,Diesel,89.53,98741.0
5152,V005153,Van,9,1000,Petrol,100.0,95806.0
5153,V005154,Van,12,1000,Petrol,91.02,1000.0
5154,V005155,Van,13,1000,Petrol,91.24,141058.0
5155,V005156,Light Truck,12,3500,Diesel,71.55,335421.0
5156,V005157,Van,7,1000,Petrol,82.68,254753.0
5157,V005158,Light Truck,1,3500,Diesel,77.38,250494.0
5158,V005159,Van,4,1000,Petrol,69.71,171848.0
5159,V005160,Van,14,1000,Petrol,99.91,196675.0
5160,V005161,Motorbike,4,50,Petrol,67.59,167910.0
5161,V005162,Light Truck,13,3500,Diesel,84.24,155501.0
5162,V005163,Medium Truck,7,8000,Diesel,100.0,308165.0
5163,V005164,Van,4,1000,Petrol,94.86,218952.0
5164,V005165,Van,13,1000,Petrol,92.75,160017.0
5165,V005166,Medium Truck,13,8000,Diesel,100.0,377751.0
5166,V005167,Motorbike,11,50,Petrol,72.72,53013.0
5167,V005168,Medium Truck,3,8000,Diesel,78.62,131937.0
5168,V005169,Medium Truck,11,8000,Diesel,64.72,239974.0
5169,V005170,Van,10,1000,Petrol,75.04,234136.0
5170,V005171,Van,13,1000,Petrol,68.09,1000.0
5171,V005172,Van,0,1000,Petrol,59.6,192064.0
5172,V005173,Light Truck,5,3500,Diesel,85.79,172556.0
5173,V005174,Heavy Truck,4,20000,Diesel,82.86,171996.0
5174,V005175,Medium Truck,10,8000,Diesel,76.14,43240.0
5175,V005176,Van,4,1000,Petrol,71.03,224323.0
5176,V005177,Van,10,1000,Petrol,92.33,87363.0
5177,V005178,Heavy Truck,3,20000,Diesel,91.19,356216.0
5178,V005179,Heavy Truck,9,20000,Diesel,83.3,310435.0
5179,V005180,Van,4,1000,Petrol,81.04,241777.0
5180,V005181,Medium Truck,9,8000,Diesel,81.97,195636.0
5181,V005182,Light Truck,4,3500,Diesel,84.11,303861.0
5182,V005183,Van,1,1000,Petrol,81.94,253291.0
5183,V005184,Light Truck,11,3500,Diesel,70.86,103413.0
5184,V005185,Medium Truck,11,8000,Diesel,91.53,1000.0
5185,V005186,Medium Truck,2,8000,Diesel,55.69,52301.0
5186,V005187,Heavy Truck,3,20000,Diesel,73.3,307962.0
5187,V005188,Van,9,1000,Petrol,92.4,227348.0
5188,V005189,Light Truck,13,3500,Diesel,77.22,21709.0
5189,V005190,Heavy Truck,11,20000,Diesel,55.85,186289.0
5190,V005191,Light Truck,3,3500,Diesel,72.39,266901.0
5191,V005192,Light Truck,6,3500,Diesel,67.5,43714.0
5192,V005193,Medium Truck,3,8000,Diesel,84.27,111048.0
5193,V005194,Light Truck,3,3500,Diesel,91.09,132671.0
5194,V005195,Light Truck,4,3500,Diesel,82.43,1000.0
5195,V005196,Van,7,1000,Petrol,94.84,299549.0
5196,V005197,Van,10,1000,Petrol,89.76,117773.0
5197,V005198,Van,7,1000,Petrol,100.0,281493.0
5198,V005199,Van,13,1000,Petrol,70.19,112322.0
5199,V005200,Light Truck,13,3500,Diesel,100.0,277320.0
5200,V005201,Medium Truck,9,8000,Diesel,97.69,132278.0
5201,V005202,Van,6,1000,Petrol,66.65,207761.0
5202,V005203,Medium Truck,9,8000,Diesel,83.14,165258.0
5203,V005204,Heavy Truck,5,20000,Diesel,76.48,101269.0
5204,V005205,Heavy Truck,9,20000,Diesel,76.63,89949.0
5205,V005206,Heavy Truck,5,20000,Diesel,91.33,206828.0
5206,V005207,Light Truck,7,3500,Diesel,75.59,254286.0
5207,V005208,Medium Truck,9,8000,Diesel,93.01,32830.0
5208,V005209,Van,7,1000,Petrol,82.37,134967.0
5209,V005210,Van,1,1000,Petrol,87.36,194847.0
5210,V005211,Light Truck,9,3500,Diesel,73.98,230808.0
5211,V005212,Light Truck,14,3500,Diesel,89.67,128467.0
5212,V005213,Light Truck,1,3500,Diesel,65.86,32750.0
5213,V005214,Heavy Truck,0,20000,Diesel,86.51,177099.0
5214,V005215,Motorbike,0,50,Petrol,100.0,181960.0
5215,V005216,Light Truck,4,3500,Diesel,80.85,119920.0
5216,V005217,Light Truck,7,3500,Diesel,87.49,264462.0
5217,V005218,Medium Truck,5,8000,Diesel,76.47,124956.0
5218,V005219,Van,11,1000,Petrol,95.12,149362.0
5219,V005220,Van,12,1000,Petrol,81.73,196191.0
5220,V005221,Heavy Truck,0,20000,Diesel,77.2,247224.0
5221,V005222,Van,5,1000,Petrol,78.72,260173.0
5222,V005223,Van,6,1000,Petrol,71.03,26946.0
5223,V005224,Medium Truck,9,8000,Diesel,70.07,44269.0
5224,V005225,Van,7,1000,Petrol,92.67,185589.0
5225,V005226,Light Truck,7,3500,Diesel,85.66,283358.0
5226,V005227,Light Truck,3,3500,Diesel,92.62,167395.0
5227,V005228,Van,8,1000,Petrol,79.68,212309.0
5228,V005229,Heavy Truck,8,20000,Diesel,88.0,211172.0
5229,V005230,Heavy Truck,7,20000,Diesel,69.06,1000.0
5230,V005231,Heavy Truck,11,20000,Diesel,91.88,98439.0
5231,V005232,Van,10,1000,Petrol,81.66,434044.0
5232,V005233,Van,11,1000,Petrol,66.17,332963.0
5233,V005234,Light Truck,14,3500,Diesel,69.92,191252.0
5234,V005235,Van,7,1000,Petrol,66.35,227804.0
5235,V005236,Van,4,1000,Petrol,100.0,203303.0
5236,V005237,Van,6,1000,Petrol,72.43,220488.0
5237,V005238,Van,10,1000,Petrol,78.61,100118.0
5238,V005239,Medium Truck,2,8000,Diesel,86.71,85842.0
5239,V005240,Van,3,1000,Petrol,85.59,284872.0
5240,V005241,Heavy Truck,13,20000,Diesel,73.6,231199.0
5241,V005242,Light Truck,11,3500,Diesel,82.33,150082.0
5242,V005243,Van,3,1000,Petrol,82.89,210164.0
5243,V005244,Heavy Truck,11,20000,Diesel,71.89,130892.0
5244,V005245,Motorbike,13,50,Petrol,93.6,120560.0
5245,V005246,Van,11,1000,Petrol,79.93,211071.0
5246,V005247,Medium Truck,1,8000,Diesel,77.51,172607.0
5247,V005248,Light Truck,0,3500,Diesel,62.45,196050.0
5248,V005249,Medium Truck,6,8000,Diesel,99.11,245593.0
5249,V005250,Van,11,1000,Petrol,78.96,202193.0
5250,V005251,Medium Truck,11,8000,Diesel,83.64,115957.0
5251,V005252,Van,0,1000,Petrol,48.79,8409.0
5252,V005253,Light Truck,8,3500,Diesel,83.08,299102.0
5253,V005254,Heavy Truck,8,20000,Diesel,100.0,177725.0
5254,V005255,Light Truck,1,3500,Diesel,80.53,84980.0
5255,V005256,Medium Truck,4,8000,Diesel,74.9,212661.0
5256,V005257,Light Truck,8,3500,Diesel,99.61,125117.0
5257,V005258,Medium Truck,11,8000,Diesel,83.7,205408.0
5258,V005259,Van,0,1000,Petrol,74.31,276556.0
5259,V005260,Van,1,1000,Petrol,75.11,155779.0
5260,V005261,Medium Truck,10,8000,Diesel,80.79,171962.0
5261,V005262,Light Truck,3,3500,Diesel,89.73,208148.0
5262,V005263,Motorbike,11,50,Petrol,68.56,131195.0
5263,V005264,Medium Truck,5,8000,Diesel,100.0,173364.0
5264,V005265,Light Truck,10,3500,Diesel,64.17,15352.0
5265,V005266,Light Truck,10,3500,Diesel,70.69,281567.0
5266,V005267,Medium Truck,13,8000,Diesel,88.44,125621.0
5267,V005268,Heavy Truck,11,20000,Diesel,90.49,1000.0
5268,V005269,Medium Truck,5,8000,Diesel,100.0,265421.0
5269,V005270,Van,0,1000,Petrol,80.04,168174.0
5270,V005271,Light Truck,6,3500,Diesel,63.34,174922.0
5271,V005272,Light Truck,10,3500,Diesel,81.94,114966.0
5272,V005273,Light Truck,11,3500,Diesel,79.89,396045.0
5273,V005274,Light Truck,8,3500,Diesel,100.0,183502.0
5274,V005275,Heavy Truck,2,20000,Diesel,67.62,168514.0
5275,V005276,Van,1,1000,Petrol,100.0,269301.0
5276,V005277,Van,8,1000,Petrol,72.77,136129.0
5277,V005278,Medium Truck,7,8000,Diesel,75.87,265139.0
5278,V005279,Light Truck,14,3500,Diesel,91.68,184647.0
5279,V005280,Van,9,1000,Petrol,97.69,103308.0
5280,V005281,Medium Truck,7,8000,Diesel,75.95,61690.0
5281,V005282,Light Truck,7,3500,Diesel,93.74,272742.0
5282,V005283,Light Truck,0,3500,Diesel,98.36,1000.0
5283,V005284,Van,13,1000,Petrol,89.07,206279.0
5284,V005285,Light Truck,2,3500,Diesel,87.09,136013.0
5285,V005286,Van,6,1000,Petrol,84.07,183617.0
5286,V005287,Motorbike,11,50,Petrol,100.0,274865.0
5287,V005288,Heavy Truck,4,20000,Diesel,77.09,1036.0
5288,V005289,Light Truck,0,3500,Diesel,80.18,15576.0
5289,V005290,Light Truck,11,3500,Diesel,78.15,181293.0
5290,V005291,Light Truck,9,3500,Diesel,62.16,270633.0
5291,V005292,Van,3,1000,Petrol,76.75,117340.0
5292,V005293,Light Truck,7,3500,Diesel,100.0,122253.0
5293,V005294,Heavy Truck,4,20000,Diesel,75.91,208049.0
5294,V005295,Van,14,1000,Petrol,87.76,211830.0
5295,V005296,Heavy Truck,8,20000,Diesel,83.57,126974.0
5296,V005297,Van,1,1000,Petrol,71.38,236027.0
5297,V005298,Heavy Truck,7,20000,Diesel,86.64,89260.0
5298,V005299,Van,12,1000,Petrol,88.86,192847.0
5299,V005300,Medium Truck,7,8000,Diesel,82.7,43168.0
5300,V005301,Light Truck,1,3500,Diesel,80.28,271968.0
5301,V005302,Light Truck,4,3500,Diesel,61.92,136022.0
5302,V005303,Light Truck,2,3500,Diesel,62.98,1000.0
5303,V005304,Van,7,1000,Petrol,94.97,275027.0
5304,V005305,Medium Truck,4,8000,Diesel,84.5,248938.0
5305,V005306,Light Truck,13,3500,Diesel,91.13,195105.0
5306,V005307,Van,13,1000,Petrol,85.85,416539.0
5307,V005308,Van,9,1000,Petrol,95.99,110530.0
5308,V005309,Light Truck,3,3500,Diesel,80.27,211481.0
5309,V005310,Van,3,1000,Petrol,100.0,200125.0
5310,V005311,Light Truck,4,3500,Diesel,95.6,219114.0
5311,V005312,Medium Truck,10,8000,Diesel,90.06,216025.0
5312,V005313,Van,4,1000,Petrol,72.53,171679.0
5313,V005314,Light Truck,7,3500,Diesel,92.8,149305.0
5314,V005315,Medium Truck,14,8000,Diesel,60.61,150933.0
5315,V005316,Light Truck,4,3500,Diesel,93.0,115368.0
5316,V005317,Van,3,1000,Petrol,71.52,144896.0
5317,V005318,Van,14,1000,Petrol,78.7,275340.0
5318,V005319,Light Truck,9,3500,Diesel,93.08,153755.0
5319,V005320,Light Truck,14,3500,Diesel,77.06,108598.0
5320,V005321,Light Truck,2,3500,Diesel,84.28,145917.0
5321,V005322,Medium Truck,0,8000,Diesel,63.15,77276.0
5322,V005323,Van,5,1000,Petrol,71.79,184359.0
5323,V005324,Van,7,1000,Petrol,84.09,435886.0
5324,V005325,Medium Truck,9,8000,Diesel,64.98,312195.0
5325,V005326,Medium Truck,9,8000,Diesel,82.48,263486.0
5326,V005327,Light Truck,4,3500,Diesel,82.72,194588.0
5327,V005328,Heavy Truck,6,20000,Diesel,83.71,387034.0
5328,V005329,Van,2,1000,Petrol,82.75,157021.0
5329,V005330,Medium Truck,5,8000,Diesel,100.0,60240.0
5330,V005331,Heavy Truck,4,20000,Diesel,56.43,111215.0
5331,V005332,Van,2,1000,Petrol,74.25,192371.0
5332,V005333,Medium Truck,4,8000,Diesel,86.94,352059.0
5333,V005334,Medium Truck,9,8000,Diesel,82.01,31672.0
5334,V005335,Light Truck,4,3500,Diesel,92.86,121012.0
5335,V005336,Heavy Truck,3,20000,Diesel,61.22,171739.0
5336,V005337,Medium Truck,9,8000,Diesel,99.89,254877.0
5337,V005338,Van,9,1000,Petrol,91.43,138422.0
5338,V005339,Van,2,1000,Petrol,76.01,222838.0
5339,V005340,Medium Truck,5,8000,Diesel,75.95,339189.0
5340,V005341,Van,11,1000,Petrol,56.71,106581.0
5341,V005342,Motorbike,0,50,Petrol,78.44,314117.0
5342,V005343,Van,5,1000,Petrol,74.46,374214.0
5343,V005344,Medium Truck,4,8000,Diesel,83.94,222820.0
5344,V005345,Van,11,1000,Petrol,82.98,93069.0
5345,V005346,Medium Truck,4,8000,Diesel,73.12,115493.0
5346,V005347,Light Truck,6,3500,Diesel,72.7,199744.0
5347,V005348,Light Truck,13,3500,Diesel,92.19,285152.0
5348,V005349,Light Truck,9,3500,Diesel,68.87,1000.0
5349,V005350,Light Truck,6,3500,Diesel,74.62,95756.0
5350,V005351,Van,6,1000,Petrol,69.23,293264.0
5351,V005352,Light Truck,1,3500,Diesel,66.39,11813.0
5352,V005353,Van,3,1000,Petrol,93.24,192812.0
5353,V005354,Light Truck,5,3500,Diesel,100.0,206715.0
5354,V005355,Light Truck,12,3500,Diesel,85.45,304065.0
5355,V005356,Light Truck,9,3500,Diesel,87.16,193069.0
5356,V005357,Van,9,1000,Petrol,90.91,124547.0
5357,V005358,Van,10,1000,Petrol,87.6,29098.0
5358,V005359,Light Truck,10,3500,Diesel,82.35,203305.0
5359,V005360,Medium Truck,7,8000,Diesel,90.27,124607.0
5360,V005361,Motorbike,11,50,Petrol,84.52,153919.0
5361,V005362,Light Truck,7,3500,Diesel,58.36,67155.0
5362,V005363,Motorbike,10,50,Petrol,88.63,155832.0
5363,V005364,Light Truck,3,3500,Diesel,82.93,151000.0
5364,V005365,Light Truck,6,3500,Diesel,74.49,146583.0
5365,V005366,Light Truck,1,3500,Diesel,84.47,253475.0
5366,V005367,Medium Truck,5,8000,Diesel,90.02,107516.0
5367,V005368,Light Truck,13,3500,Diesel,80.4,12649.0
5368,V005369,Medium Truck,3,8000,Diesel,70.41,1000.0
5369,V005370,Light Truck,4,3500,Diesel,85.64,224721.0
5370,V005371,Light Truck,13,3500,Diesel,77.28,39353.0
5371,V005372,Medium Truck,0,8000,Diesel,81.62,185653.0
5372,V005373,Medium Truck,12,8000,Diesel,68.73,108691.0
5373,V005374,Light Truck,11,3500,Diesel,81.83,266817.0
5374,V005375,Van,2,1000,Petrol,75.79,392316.0
5375,V005376,Light Truck,0,3500,Diesel,83.14,107292.0
5376,V005377,Light Truck,12,3500,Diesel,83.68,200671.0
5377,V005378,Light Truck,3,3500,Diesel,81.93,368489.0
5378,V005379,Heavy Truck,3,20000,Diesel,90.77,282450.0
5379,V005380,Van,12,1000,Petrol,70.17,308540.0
5380,V005381,Light Truck,9,3500,Diesel,49.41,98588.0
5381,V005382,Light Truck,6,3500,Diesel,100.0,239524.0
5382,V005383,Heavy Truck,10,20000,Diesel,88.03,136025.0
5383,V005384,Medium Truck,13,8000,Diesel,58.22,337129.0
5384,V005385,Motorbike,2,50,Petrol,73.21,186423.0
5385,V005386,Van,4,1000,Petrol,83.08,151862.0
5386,V005387,Light Truck,12,3500,Diesel,76.03,131386.0
5387,V005388,Medium Truck,12,8000,Diesel,65.54,205361.0
5388,V005389,Light Truck,4,3500,Diesel,84.64,211718.0
5389,V005390,Van,12,1000,Petrol,75.97,189690.0
5390,V005391,Light Truck,5,3500,Diesel,77.29,267403.0
5391,V005392,Medium Truck,8,8000,Diesel,83.39,137976.0
5392,V005393,Heavy Truck,10,20000,Diesel,75.2,125015.0
5393,V005394,Van,1,1000,Petrol,77.99,146978.0
5394,V005395,Van,0,1000,Petrol,79.76,151448.0
5395,V005396,Light Truck,13,3500,Diesel,73.76,171745.0
5396,V005397,Medium Truck,4,8000,Diesel,81.21,251097.0
5397,V005398,Light Truck,3,3500,Diesel,80.08,8274.0
5398,V005399,Medium Truck,10,8000,Diesel,84.26,294662.0
5399,V005400,Light Truck,4,3500,Diesel,100.0,197533.0
5400,V005401,Motorbike,7,50,Petrol,90.15,230001.0
5401,V005402,Light Truck,11,3500,Diesel,60.69,246484.0
5402,V005403,Heavy Truck,6,20000,Diesel,65.58,1000.0
5403,V005404,Van,5,1000,Petrol,100.0,107233.0
5404,V005405,Light Truck,4,3500,Diesel,77.44,279725.0
5405,V005406,Medium Truck,6,8000,Diesel,79.47,239380.0
5406,V005407,Van,7,1000,Petrol,64.61,245272.0
5407,V005408,Van,12,1000,Petrol,79.55,275088.0
5408,V005409,Van,3,1000,Petrol,89.18,57915.0
5409,V005410,Van,1,1000,Petrol,87.11,229938.0
5410,V005411,Light Truck,7,3500,Diesel,76.28,141799.0
5411,V005412,Light Truck,8,3500,Diesel,95.56,284110.0
5412,V005413,Van,12,1000,Petrol,87.34,135025.0
5413,V005414,Motorbike,14,50,Petrol,92.88,43768.0
5414,V005415,Light Truck,1,3500,Diesel,74.86,189308.0
5415,V005416,Medium Truck,11,8000,Diesel,65.51,145366.0
5416,V005417,Light Truck,1,3500,Diesel,77.48,161821.0
5417,V005418,Light Truck,11,3500,Diesel,88.14,229403.0
5418,V005419,Van,6,1000,Petrol,86.93,149328.0
5419,V005420,Medium Truck,7,8000,Diesel,64.86,78410.0
5420,V005421,Medium Truck,11,8000,Diesel,100.0,1000.0
5421,V005422,Light Truck,11,3500,Diesel,92.54,225441.0
5422,V005423,Light Truck,10,3500,Diesel,68.92,254164.0
5423,V005424,Light Truck,10,3500,Diesel,73.87,127956.0
5424,V005425,Light Truck,11,3500,Diesel,83.34,68801.0
5425,V005426,Motorbike,13,50,Petrol,91.44,218499.0
5426,V005427,Light Truck,4,3500,Diesel,100.0,326993.0
5427,V005428,Medium Truck,5,8000,Diesel,77.76,149368.0
5428,V005429,Light Truck,1,3500,Diesel,77.61,195558.0
5429,V005430,Van,8,1000,Petrol,100.0,133117.0
5430,V005431,Van,1,1000,Petrol,85.25,195593.0
5431,V005432,Light Truck,14,3500,Diesel,65.43,378309.0
5432,V005433,Van,14,1000,Petrol,75.46,55314.0
5433,V005434,Van,0,1000,Petrol,77.55,255271.0
5434,V005435,Light Truck,10,3500,Diesel,95.46,7069.0
5435,V005436,Light Truck,1,3500,Diesel,74.19,125137.0
5436,V005437,Medium Truck,9,8000,Diesel,80.92,185248.0
5437,V005438,Light Truck,12,3500,Diesel,71.47,238755.0
5438,V005439,Van,0,1000,Petrol,67.65,75853.0
5439,V005440,Light Truck,5,3500,Diesel,88.32,305164.0
5440,V005441,Heavy Truck,5,20000,Diesel,78.12,105849.0
5441,V005442,Light Truck,14,3500,Diesel,92.31,284707.0
5442,V005443,Light Truck,11,3500,Diesel,81.78,196636.0
5443,V005444,Medium Truck,8,8000,Diesel,92.5,113926.0
5444,V005445,Medium Truck,7,8000,Diesel,81.58,86105.0
5445,V005446,Van,7,1000,Petrol,73.29,102761.0
5446,V005447,Van,4,1000,Petrol,94.61,292132.0
5447,V005448,Van,1,1000,Petrol,94.07,176437.0
5448,V005449,Medium Truck,6,8000,Diesel,96.78,102073.0
5449,V005450,Light Truck,10,3500,Diesel,86.85,192903.0
5450,V005451,Motorbike,11,50,Petrol,83.37,136794.0
5451,V005452,Medium Truck,1,8000,Diesel,80.17,175535.0
5452,V005453,Light Truck,7,3500,Diesel,76.99,222205.0
5453,V005454,Medium Truck,1,8000,Diesel,65.45,200643.0
5454,V005455,Van,8,1000,Petrol,78.31,38623.0
5455,V005456,Medium Truck,6,8000,Diesel,77.6,240592.0
5456,V005457,Light Truck,11,3500,Diesel,87.49,326061.0
5457,V005458,Medium Truck,3,8000,Diesel,89.45,243528.0
5458,V005459,Medium Truck,1,8000,Diesel,79.76,219854.0
5459,V005460,Light Truck,12,3500,Diesel,66.44,275511.0
5460,V005461,Medium Truck,6,8000,Diesel,73.95,252823.0
5461,V005462,Van,7,1000,Petrol,70.69,128518.0
5462,V005463,Light Truck,10,3500,Diesel,62.35,214924.0
5463,V005464,Van,5,1000,Petrol,97.14,217884.0
5464,V005465,Light Truck,7,3500,Diesel,68.65,173258.0
5465,V005466,Medium Truck,11,8000,Diesel,74.28,179829.0
5466,V005467,Light Truck,7,3500,Diesel,82.23,14711.0
5467,V005468,Motorbike,6,50,Petrol,81.17,237539.0
5468,V005469,Heavy Truck,8,20000,Diesel,80.52,313049.0
5469,V005470,Heavy Truck,0,20000,Diesel,77.87,160200.0
5470,V005471,Medium Truck,2,8000,Diesel,85.27,131276.0
5471,V005472,Heavy Truck,4,20000,Diesel,73.02,288186.0
5472,V005473,Van,5,1000,Petrol,84.51,144084.0
5473,V005474,Light Truck,13,3500,Diesel,88.89,346567.0
5474,V005475,Light Truck,3,3500,Diesel,93.09,234831.0
5475,V005476,Heavy Truck,12,20000,Diesel,89.9,155811.0
5476,V005477,Motorbike,12,50,Petrol,75.52,323293.0
5477,V005478,Motorbike,2,50,Petrol,59.38,273931.0
5478,V005479,Medium Truck,1,8000,Diesel,83.81,302754.0
5479,V005480,Medium Truck,13,8000,Diesel,64.13,1000.0
5480,V005481,Light Truck,1,3500,Diesel,93.58,342672.0
5481,V005482,Light Truck,3,3500,Diesel,100.0,371839.0
5482,V005483,Medium Truck,5,8000,Diesel,71.65,164103.0
5483,V005484,Medium Truck,10,8000,Diesel,72.5,112353.0
5484,V005485,Van,10,1000,Petrol,84.71,287690.0
5485,V005486,Light Truck,12,3500,Diesel,73.99,199183.0
5486,V005487,Van,9,1000,Petrol,95.91,247755.0
5487,V005488,Van,13,1000,Petrol,88.58,151142.0
5488,V005489,Motorbike,1,50,Petrol,88.45,27725.0
5489,V005490,Medium Truck,4,8000,Diesel,86.54,258505.0
5490,V005491,Van,12,1000,Petrol,97.48,341849.0
5491,V005492,Van,3,1000,Petrol,95.03,1000.0
5492,V005493,Light Truck,7,3500,Diesel,54.89,186520.0
5493,V005494,Light Truck,7,3500,Diesel,83.76,463534.0
5494,V005495,Motorbike,0,50,Petrol,81.26,1000.0
5495,V005496,Van,5,1000,Petrol,79.8,326472.0
5496,V005497,Heavy Truck,13,20000,Diesel,72.8,374645.0
5497,V005498,Van,9,1000,Petrol,72.86,205818.0
5498,V005499,Medium Truck,0,8000,Diesel,100.0,181316.0
5499,V005500,Light Truck,3,3500,Diesel,95.03,128598.0
5500,V005501,Light Truck,10,3500,Diesel,88.85,347517.0
5501,V005502,Light Truck,3,3500,Diesel,77.9,276268.0
5502,V005503,Heavy Truck,9,20000,Diesel,88.95,185990.0
5503,V005504,Light Truck,14,3500,Diesel,76.5,268499.0
5504,V005505,Light Truck,13,3500,Diesel,80.42,361732.0
5505,V005506,Medium Truck,11,8000,Diesel,92.98,112151.0
5506,V005507,Heavy Truck,0,20000,Diesel,100.0,222248.0
5507,V005508,Medium Truck,9,8000,Diesel,69.72,87629.0
5508,V005509,Light Truck,14,3500,Diesel,97.38,99214.0
5509,V005510,Van,3,1000,Petrol,87.77,259209.0
5510,V005511,Medium Truck,8,8000,Diesel,66.28,118524.0
5511,V005512,Van,10,1000,Petrol,87.6,107928.0
5512,V005513,Medium Truck,7,8000,Diesel,73.86,183501.0
5513,V005514,Van,0,1000,Petrol,84.79,161850.0
5514,V005515,Van,0,1000,Petrol,76.95,299091.0
5515,V005516,Van,6,1000,Petrol,66.19,47819.0
5516,V005517,Light Truck,5,3500,Diesel,58.21,248792.0
5517,V005518,Medium Truck,4,8000,Diesel,82.58,148789.0
5518,V005519,Light Truck,4,3500,Diesel,96.14,52847.0
5519,V005520,Light Truck,11,3500,Diesel,84.02,248589.0
5520,V005521,Van,7,1000,Petrol,75.42,60126.0
5521,V005522,Light Truck,6,3500,Diesel,88.44,138548.0
5522,V005523,Heavy Truck,2,20000,Diesel,83.79,177876.0
5523,V005524,Light Truck,11,3500,Diesel,79.78,1000.0
5524,V005525,Van,4,1000,Petrol,98.19,195166.0
5525,V005526,Light Truck,5,3500,Diesel,88.65,396205.0
5526,V005527,Medium Truck,2,8000,Diesel,81.26,374160.0
5527,V005528,Motorbike,9,50,Petrol,79.56,224222.0
5528,V005529,Heavy Truck,0,20000,Diesel,78.11,166521.0
5529,V005530,Van,4,1000,Petrol,78.46,51198.0
5530,V005531,Van,13,1000,Petrol,65.14,229737.0
5531,V005532,Medium Truck,1,8000,Diesel,100.0,195254.0
5532,V005533,Light Truck,3,3500,Diesel,72.57,237982.0
5533,V005534,Medium Truck,4,8000,Diesel,92.82,170100.0
5534,V005535,Medium Truck,5,8000,Diesel,73.78,261214.0
5535,V005536,Heavy Truck,11,20000,Diesel,72.58,170836.0
5536,V005537,Light Truck,5,3500,Diesel,87.01,265512.0
5537,V005538,Van,13,1000,Petrol,97.01,190560.0
5538,V005539,Medium Truck,9,8000,Diesel,49.28,42069.0
5539,V005540,Light Truck,12,3500,Diesel,96.78,246819.0
5540,V005541,Van,7,1000,Petrol,79.72,128041.0
5541,V005542,Van,0,1000,Petrol,77.26,125584.0
5542,V005543,Medium Truck,3,8000,Diesel,93.06,155796.0
5543,V005544,Van,5,1000,Petrol,73.74,192172.0
5544,V005545,Light Truck,8,3500,Diesel,78.66,273236.0
5545,V005546,Motorbike,12,50,Petrol,99.93,264804.0
5546,V005547,Medium Truck,4,8000,Diesel,80.89,429391.0
5547,V005548,Van,4,1000,Petrol,77.02,244716.0
5548,V005549,Medium Truck,4,8000,Diesel,89.92,168976.0
5549,V005550,Light Truck,14,3500,Diesel,71.79,171273.0
5550,V005551,Light Truck,9,3500,Diesel,67.56,145128.0
5551,V005552,Light Truck,5,3500,Diesel,100.0,78194.0
5552,V005553,Medium Truck,3,8000,Diesel,73.58,120060.0
5553,V005554,Medium Truck,3,8000,Diesel,96.17,105996.0
5554,V005555,Light Truck,8,3500,Diesel,98.57,104016.0
5555,V005556,Medium Truck,11,8000,Diesel,76.98,127221.0
5556,V005557,Van,9,1000,Petrol,84.09,258914.0
5557,V005558,Heavy Truck,4,20000,Diesel,83.86,255600.0
5558,V005559,Motorbike,0,50,Petrol,75.54,338993.0
5559,V005560,Medium Truck,5,8000,Diesel,76.51,182937.0
5560,V005561,Motorbike,6,50,Petrol,79.93,325557.0
5561,V005562,Medium Truck,10,8000,Diesel,89.76,224169.0
5562,V005563,Medium Truck,9,8000,Diesel,79.04,111086.0
5563,V005564,Light Truck,5,3500,Diesel,82.49,1000.0
5564,V005565,Van,13,1000,Petrol,75.25,238240.0
5565,V005566,Medium Truck,14,8000,Diesel,85.7,121425.0
5566,V005567,Light Truck,14,3500,Diesel,78.15,156834.0
5567,V005568,Light Truck,4,3500,Diesel,94.91,164287.0
5568,V005569,Van,7,1000,Petrol,72.25,134346.0
5569,V005570,Medium Truck,5,8000,Diesel,84.48,199982.0
5570,V005571,Van,3,1000,Petrol,67.31,248254.0
5571,V005572,Van,5,1000,Petrol,100.0,256691.0
5572,V005573,Medium Truck,5,8000,Diesel,77.09,205103.0
5573,V005574,Van,8,1000,Petrol,100.0,252834.0
5574,V005575,Heavy Truck,7,20000,Diesel,90.62,302480.0
5575,V005576,Light Truck,14,3500,Diesel,92.14,167355.0
5576,V005577,Light Truck,4,3500,Diesel,63.63,291962.0
5577,V005578,Medium Truck,12,8000,Diesel,71.37,150852.0
5578,V005579,Van,3,1000,Petrol,81.75,155705.0
5579,V005580,Medium Truck,0,8000,Diesel,59.04,232112.0
5580,V005581,Heavy Truck,5,20000,Diesel,86.07,208911.0
5581,V005582,Medium Truck,10,8000,Diesel,93.74,202288.0
5582,V005583,Light Truck,0,3500,Diesel,97.63,236669.0
5583,V005584,Van,11,1000,Petrol,81.74,22069.0
5584,V005585,Light Truck,3,3500,Diesel,81.75,104743.0
5585,V005586,Van,1,1000,Petrol,69.89,412415.0
5586,V005587,Motorbike,3,50,Petrol,75.5,53246.0
5587,V005588,Light Truck,11,3500,Diesel,83.43,154795.0
5588,V005589,Van,11,1000,Petrol,69.65,193933.0
5589,V005590,Light Truck,9,3500,Diesel,61.67,50983.0
5590,V005591,Medium Truck,3,8000,Diesel,78.45,143356.0
5591,V005592,Van,12,1000,Petrol,65.7,251363.0
5592,V005593,Van,2,1000,Petrol,100.0,188987.0
5593,V005594,Light Truck,12,3500,Diesel,58.83,132880.0
5594,V005595,Light Truck,13,3500,Diesel,78.02,35371.0
5595,V005596,Van,10,1000,Petrol,79.35,143190.0
5596,V005597,Light Truck,12,3500,Diesel,66.66,170617.0
5597,V005598,Motorbike,8,50,Petrol,91.94,197085.0
5598,V005599,Motorbike,3,50,Petrol,80.55,181698.0
5599,V005600,Light Truck,0,3500,Diesel,63.85,104098.0
5600,V005601,Van,6,1000,Petrol,70.19,249786.0
5601,V005602,Medium Truck,3,8000,Diesel,88.66,169469.0
5602,V005603,Van,7,1000,Petrol,72.0,196535.0
5603,V005604,Light Truck,11,3500,Diesel,77.57,47794.0
5604,V005605,Medium Truck,6,8000,Diesel,90.43,136708.0
5605,V005606,Light Truck,3,3500,Diesel,70.86,182717.0
5606,V005607,Medium Truck,14,8000,Diesel,68.18,71448.0
5607,V005608,Light Truck,9,3500,Diesel,89.17,247795.0
5608,V005609,Van,6,1000,Petrol,94.79,295919.0
5609,V005610,Light Truck,4,3500,Diesel,92.31,96504.0
5610,V005611,Heavy Truck,9,20000,Diesel,95.08,1000.0
5611,V005612,Light Truck,11,3500,Diesel,87.06,213530.0
5612,V005613,Light Truck,3,3500,Diesel,95.03,351838.0
5613,V005614,Medium Truck,1,8000,Diesel,52.87,37259.0
5614,V005615,Van,14,1000,Petrol,86.79,167837.0
5615,V005616,Van,7,1000,Petrol,85.5,151075.0
5616,V005617,Heavy Truck,10,20000,Diesel,81.14,259891.0
5617,V005618,Light Truck,3,3500,Diesel,75.65,297318.0
5618,V005619,Light Truck,0,3500,Diesel,80.01,243579.0
5619,V005620,Heavy Truck,12,20000,Diesel,89.7,114366.0
5620,V005621,Light Truck,3,3500,Diesel,100.0,139518.0
5621,V005622,Light Truck,6,3500,Diesel,100.0,214945.0
5622,V005623,Heavy Truck,0,20000,Diesel,90.13,226767.0
5623,V005624,Medium Truck,12,8000,Diesel,95.3,319420.0
5624,V005625,Medium Truck,12,8000,Diesel,100.0,268419.0
5625,V005626,Van,7,1000,Petrol,78.55,121840.0
5626,V005627,Light Truck,1,3500,Diesel,81.35,59973.0
5627,V005628,Light Truck,1,3500,Diesel,77.7,29042.0
5628,V005629,Light Truck,7,3500,Diesel,70.13,234256.0
5629,V005630,Medium Truck,11,8000,Diesel,93.97,210452.0
5630,V005631,Light Truck,3,3500,Diesel,66.04,271908.0
5631,V005632,Medium Truck,6,8000,Diesel,100.0,130016.0
5632,V005633,Heavy Truck,13,20000,Diesel,78.07,191169.0
5633,V005634,Van,13,1000,Petrol,55.38,217318.0
5634,V005635,Medium Truck,8,8000,Diesel,100.0,491745.0
5635,V005636,Light Truck,9,3500,Diesel,86.59,118140.0
5636,V005637,Medium Truck,4,8000,Diesel,72.65,186296.0
5637,V005638,Heavy Truck,11,20000,Diesel,74.96,81587.0
5638,V005639,Medium Truck,4,8000,Diesel,79.68,156971.0
5639,V005640,Light Truck,5,3500,Diesel,92.76,85103.0
5640,V005641,Light Truck,10,3500,Diesel,75.8,240271.0
5641,V005642,Van,12,1000,Petrol,87.03,140974.0
5642,V005643,Van,1,1000,Petrol,81.59,167921.0
5643,V005644,Medium Truck,9,8000,Diesel,96.32,124079.0
5644,V005645,Van,9,1000,Petrol,85.01,166477.0
5645,V005646,Light Truck,14,3500,Diesel,75.02,232299.0
5646,V005647,Light Truck,0,3500,Diesel,76.38,185270.0
5647,V005648,Medium Truck,11,8000,Diesel,80.75,151874.0
5648,V005649,Van,4,1000,Petrol,90.52,1000.0
5649,V005650,Light Truck,10,3500,Diesel,97.88,319579.0
5650,V005651,Medium Truck,0,8000,Diesel,84.25,228950.0
5651,V005652,Van,5,1000,Petrol,84.23,344595.0
5652,V005653,Medium Truck,12,8000,Diesel,78.5,173574.0
5653,V005654,Van,4,1000,Petrol,82.69,218800.0
5654,V005655,Van,4,1000,Petrol,70.19,49143.0
5655,V005656,Motorbike,0,50,Petrol,74.64,104582.0
5656,V005657,Light Truck,6,3500,Diesel,54.43,203280.0
5657,V005658,Medium Truck,11,8000,Diesel,82.29,1000.0
5658,V005659,Medium Truck,9,8000,Diesel,82.98,106422.0
5659,V005660,Motorbike,2,50,Petrol,66.87,188712.0
5660,V005661,Light Truck,9,3500,Diesel,92.18,150876.0
5661,V005662,Medium Truck,11,8000,Diesel,79.98,161872.0
5662,V005663,Heavy Truck,8,20000,Diesel,81.38,237060.0
5663,V005664,Medium Truck,6,8000,Diesel,86.65,200754.0
5664,V005665,Light Truck,4,3500,Diesel,89.35,160545.0
5665,V005666,Light Truck,1,3500,Diesel,97.27,102334.0
5666,V005667,Van,13,1000,Petrol,55.0,165975.0
5667,V005668,Motorbike,8,50,Petrol,97.93,179133.0
5668,V005669,Van,0,1000,Petrol,96.68,225606.0
5669,V005670,Medium Truck,7,8000,Diesel,91.0,331780.0
5670,V005671,Van,14,1000,Petrol,80.72,220553.0
5671,V005672,Light Truck,8,3500,Diesel,96.97,84955.0
5672,V005673,Medium Truck,14,8000,Diesel,66.14,250451.0
5673,V005674,Medium Truck,8,8000,Diesel,81.75,296362.0
5674,V005675,Medium Truck,1,8000,Diesel,78.9,209475.0
5675,V005676,Motorbike,10,50,Petrol,86.71,192074.0
5676,V005677,Van,6,1000,Petrol,68.69,45741.0
5677,V005678,Light Truck,9,3500,Diesel,93.97,168716.0
5678,V005679,Van,11,1000,Petrol,94.66,247417.0
5679,V005680,Van,2,1000,Petrol,68.7,171266.0
5680,V005681,Van,10,1000,Petrol,83.23,338485.0
5681,V005682,Medium Truck,10,8000,Diesel,91.5,150435.0
5682,V005683,Medium Truck,3,8000,Diesel,68.05,205908.0
5683,V005684,Medium Truck,8,8000,Diesel,69.51,1000.0
5684,V005685,Light Truck,11,3500,Diesel,88.91,252717.0
5685,V005686,Van,5,1000,Petrol,54.61,192402.0
5686,V005687,Heavy Truck,7,20000,Diesel,100.0,312263.0
5687,V005688,Light Truck,9,3500,Diesel,100.0,88184.0
5688,V005689,Van,6,1000,Petrol,66.37,207206.0
5689,V005690,Motorbike,14,50,Petrol,100.0,49975.0
5690,V005691,Van,6,1000,Petrol,69.94,97642.0
5691,V005692,Light Truck,5,3500,Diesel,80.42,103073.0
5692,V005693,Light Truck,12,3500,Diesel,80.11,1000.0
5693,V005694,Light Truck,7,3500,Diesel,100.0,21360.0
5694,V005695,Medium Truck,6,8000,Diesel,84.64,166391.0
5695,V005696,Light Truck,5,3500,Diesel,81.12,138941.0
5696,V005697,Van,2,1000,Petrol,88.26,232828.0
5697,V005698,Light Truck,8,3500,Diesel,88.94,157508.0
5698,V005699,Medium Truck,4,8000,Diesel,91.89,194110.0
5699,V005700,Heavy Truck,1,20000,Diesel,100.0,122864.0
5700,V005701,Van,9,1000,Petrol,92.57,131068.0
5701,V005702,Light Truck,2,3500,Diesel,87.38,207702.0
5702,V005703,Light Truck,11,3500,Diesel,96.85,70684.0
5703,V005704,Van,13,1000,Petrol,85.1,108692.0
5704,V005705,Medium Truck,14,8000,Diesel,97.54,198114.0
5705,V005706,Medium Truck,3,8000,Diesel,75.09,67237.0
5706,V005707,Light Truck,5,3500,Diesel,94.47,136478.0
5707,V005708,Van,12,1000,Petrol,99.19,148134.0
5708,V005709,Light Truck,10,3500,Diesel,74.92,292658.0
5709,V005710,Medium Truck,6,8000,Diesel,88.97,10768.0
5710,V005711,Light Truck,5,3500,Diesel,83.21,202746.0
5711,V005712,Van,6,1000,Petrol,71.28,239716.0
5712,V005713,Van,6,1000,Petrol,93.19,260954.0
5713,V005714,Van,5,1000,Petrol,80.82,115590.0
5714,V005715,Van,8,1000,Petrol,91.37,149787.0
5715,V005716,Light Truck,8,3500,Diesel,90.65,236737.0
5716,V005717,Motorbike,13,50,Petrol,84.75,264621.0
5717,V005718,Heavy Truck,10,20000,Diesel,91.66,157664.0
5718,V005719,Medium Truck,2,8000,Diesel,65.89,305538.0
5719,V005720,Heavy Truck,5,20000,Diesel,61.97,152854.0
5720,V005721,Medium Truck,5,8000,Diesel,78.83,310023.0
5721,V005722,Light Truck,4,3500,Diesel,76.32,239156.0
5722,V005723,Medium Truck,0,8000,Diesel,78.84,117340.0
5723,V005724,Light Truck,9,3500,Diesel,74.94,69668.0
5724,V005725,Light Truck,3,3500,Diesel,82.2,263274.0
5725,V005726,Medium Truck,11,8000,Diesel,98.04,225335.0
5726,V005727,Van,6,1000,Petrol,72.55,117131.0
5727,V005728,Heavy Truck,11,20000,Diesel,82.23,231372.0
5728,V005729,Heavy Truck,9,20000,Diesel,99.14,208011.0
5729,V005730,Medium Truck,13,8000,Diesel,79.29,340655.0
5730,V005731,Light Truck,10,3500,Diesel,79.29,79704.0
5731,V005732,Medium Truck,5,8000,Diesel,69.14,314184.0
5732,V005733,Medium Truck,2,8000,Diesel,77.43,290866.0
5733,V005734,Medium Truck,8,8000,Diesel,83.69,253433.0
5734,V005735,Light Truck,13,3500,Diesel,100.0,261495.0
5735,V005736,Motorbike,11,50,Petrol,85.4,303479.0
5736,V005737,Light Truck,11,3500,Diesel,82.28,62190.0
5737,V005738,Heavy Truck,5,20000,Diesel,64.2,75253.0
5738,V005739,Van,14,1000,Petrol,70.59,159314.0
5739,V005740,Motorbike,2,50,Petrol,80.15,260448.0
5740,V005741,Van,9,1000,Petrol,79.68,150634.0
5741,V005742,Van,10,1000,Petrol,93.51,131980.0
5742,V005743,Medium Truck,2,8000,Diesel,100.0,141425.0
5743,V005744,Light Truck,5,3500,Diesel,67.87,280230.0
5744,V005745,Medium Truck,8,8000,Diesel,86.06,132366.0
5745,V005746,Light Truck,10,3500,Diesel,70.97,134228.0
5746,V005747,Van,0,1000,Petrol,69.57,276122.0
5747,V005748,Medium Truck,3,8000,Diesel,76.77,127222.0
5748,V005749,Van,8,1000,Petrol,87.77,148777.0
5749,V005750,Light Truck,11,3500,Diesel,65.5,1000.0
5750,V005751,Medium Truck,5,8000,Diesel,86.66,138381.0
5751,V005752,Light Truck,10,3500,Diesel,86.56,234445.0
5752,V005753,Light Truck,10,3500,Diesel,89.92,332139.0
5753,V005754,Light Truck,9,3500,Diesel,67.44,234515.0
5754,V005755,Light Truck,8,3500,Diesel,76.14,287462.0
5755,V005756,Light Truck,5,3500,Diesel,92.63,45173.0
5756,V005757,Light Truck,1,3500,Diesel,96.36,308729.0
5757,V005758,Light Truck,8,3500,Diesel,93.47,223636.0
5758,V005759,Medium Truck,7,8000,Diesel,96.66,254005.0
5759,V005760,Heavy Truck,11,20000,Diesel,85.79,300212.0
5760,V005761,Van,3,1000,Petrol,83.77,272838.0
5761,V005762,Motorbike,4,50,Petrol,83.41,267575.0
5762,V005763,Heavy Truck,0,20000,Diesel,92.21,1000.0
5763,V005764,Motorbike,11,50,Petrol,88.46,177488.0
5764,V005765,Medium Truck,10,8000,Diesel,87.9,292605.0
5765,V005766,Medium Truck,12,8000,Diesel,76.58,100928.0
5766,V005767,Van,8,1000,Petrol,82.25,390939.0
5767,V005768,Light Truck,0,3500,Diesel,93.6,248227.0
5768,V005769,Van,9,1000,Petrol,74.4,336518.0
5769,V005770,Light Truck,1,3500,Diesel,85.6,139142.0
5770,V005771,Light Truck,8,3500,Diesel,89.79,120009.0
5771,V005772,Light Truck,11,3500,Diesel,78.91,38366.0
5772,V005773,Light Truck,12,3500,Diesel,71.67,310887.0
5773,V005774,Light Truck,10,3500,Diesel,52.11,188745.0
5774,V005775,Medium Truck,10,8000,Diesel,60.81,1000.0
5775,V005776,Medium Truck,9,8000,Diesel,74.21,259174.0
5776,V005777,Medium Truck,14,8000,Diesel,86.38,128263.0
5777,V005778,Van,14,1000,Petrol,73.7,257620.0
5778,V005779,Light Truck,7,3500,Diesel,67.26,118472.0
5779,V005780,Van,2,1000,Petrol,98.28,115592.0
5780,V005781,Medium Truck,5,8000,Diesel,92.86,198120.0
5781,V005782,Motorbike,12,50,Petrol,87.27,248986.0
5782,V005783,Heavy Truck,12,20000,Diesel,79.3,156371.0
5783,V005784,Heavy Truck,1,20000,Diesel,81.33,131353.0
5784,V005785,Medium Truck,10,8000,Diesel,81.85,264505.0
5785,V005786,Van,6,1000,Petrol,82.21,118421.0
5786,V005787,Medium Truck,5,8000,Diesel,72.99,178700.0
5787,V005788,Heavy Truck,14,20000,Diesel,73.02,144450.0
5788,V005789,Medium Truck,14,8000,Diesel,72.25,239646.0
5789,V005790,Light Truck,0,3500,Diesel,91.26,154844.0
5790,V005791,Light Truck,0,3500,Diesel,73.12,235072.0
5791,V005792,Light Truck,10,3500,Diesel,80.75,241338.0
5792,V005793,Heavy Truck,4,20000,Diesel,80.5,179814.0
5793,V005794,Motorbike,1,50,Petrol,75.47,309683.0
5794,V005795,Van,3,1000,Petrol,73.52,256992.0
5795,V005796,Van,9,1000,Petrol,72.7,274343.0
5796,V005797,Medium Truck,4,8000,Diesel,84.66,164301.0
5797,V005798,Light Truck,1,3500,Diesel,66.43,27694.0
5798,V005799,Motorbike,13,50,Petrol,83.96,135147.0
5799,V005800,Medium Truck,5,8000,Diesel,74.51,136610.0
5800,V005801,Van,12,1000,Petrol,75.73,311703.0
5801,V005802,Van,12,1000,Petrol,63.65,41611.0
5802,V005803,Van,11,1000,Petrol,76.96,195068.0
5803,V005804,Light Truck,10,3500,Diesel,69.48,281871.0
5804,V005805,Medium Truck,1,8000,Diesel,93.05,180330.0
5805,V005806,Light Truck,4,3500,Diesel,60.7,192072.0
5806,V005807,Medium Truck,7,8000,Diesel,68.14,253051.0
5807,V005808,Heavy Truck,12,20000,Diesel,77.7,363348.0
5808,V005809,Medium Truck,12,8000,Diesel,70.51,112773.0
5809,V005810,Van,2,1000,Petrol,50.6,122974.0
5810,V005811,Heavy Truck,7,20000,Diesel,67.09,210532.0
5811,V005812,Medium Truck,11,8000,Diesel,76.96,56381.0
5812,V005813,Light Truck,2,3500,Diesel,83.93,254598.0
5813,V005814,Medium Truck,11,8000,Diesel,46.8,142411.0
5814,V005815,Van,4,1000,Petrol,75.87,298733.0
5815,V005816,Medium Truck,2,8000,Diesel,84.16,39862.0
5816,V005817,Light Truck,4,3500,Diesel,84.75,174490.0
5817,V005818,Light Truck,11,3500,Diesel,85.99,186092.0
5818,V005819,Light Truck,11,3500,Diesel,66.46,295554.0
5819,V005820,Medium Truck,10,8000,Diesel,73.46,214524.0
5820,V005821,Van,12,1000,Petrol,57.81,73764.0
5821,V005822,Light Truck,8,3500,Diesel,70.55,222616.0
5822,V005823,Van,12,1000,Petrol,68.54,101613.0
5823,V005824,Van,3,1000,Petrol,94.85,160874.0
5824,V005825,Light Truck,6,3500,Diesel,81.61,207747.0
5825,V005826,Light Truck,11,3500,Diesel,81.52,230948.0
5826,V005827,Van,2,1000,Petrol,83.16,109665.0
5827,V005828,Van,6,1000,Petrol,93.99,117159.0
5828,V005829,Light Truck,11,3500,Diesel,85.16,189796.0
5829,V005830,Heavy Truck,4,20000,Diesel,81.14,57740.0
5830,V005831,Van,9,1000,Petrol,86.45,114872.0
5831,V005832,Medium Truck,6,8000,Diesel,66.37,248586.0
5832,V005833,Heavy Truck,9,20000,Diesel,69.55,152373.0
5833,V005834,Light Truck,6,3500,Diesel,64.59,72449.0
5834,V005835,Heavy Truck,11,20000,Diesel,94.84,111416.0
5835,V005836,Light Truck,4,3500,Diesel,79.29,220232.0
5836,V005837,Van,2,1000,Petrol,100.0,218702.0
5837,V005838,Van,6,1000,Petrol,95.78,360241.0
5838,V005839,Medium Truck,7,8000,Diesel,82.47,145858.0
5839,V005840,Light Truck,7,3500,Diesel,74.91,197795.0
5840,V005841,Van,5,1000,Petrol,96.27,18146.0
5841,V005842,Motorbike,3,50,Petrol,85.23,1000.0
5842,V005843,Heavy Truck,11,20000,Diesel,100.0,201595.0
5843,V005844,Medium Truck,12,8000,Diesel,87.13,115912.0
5844,V005845,Van,11,1000,Petrol,78.92,213852.0
5845,V005846,Van,13,1000,Petrol,76.49,209134.0
5846,V005847,Medium Truck,1,8000,Diesel,78.1,218401.0
5847,V005848,Van,13,1000,Petrol,91.12,191198.0
5848,V005849,Van,1,1000,Petrol,77.23,146504.0
5849,V005850,Heavy Truck,11,20000,Diesel,82.89,74913.0
5850,V005851,Medium Truck,9,8000,Diesel,88.47,62688.0
5851,V005852,Light Truck,13,3500,Diesel,91.36,267255.0
5852,V005853,Light Truck,2,3500,Diesel,76.45,122704.0
5853,V005854,Medium Truck,13,8000,Diesel,90.75,272607.0
5854,V005855,Medium Truck,13,8000,Diesel,75.07,78523.0
5855,V005856,Light Truck,7,3500,Diesel,82.33,406979.0
5856,V005857,Light Truck,6,3500,Diesel,69.94,220932.0
5857,V005858,Medium Truck,3,8000,Diesel,78.11,339649.0
5858,V005859,Light Truck,5,3500,Diesel,62.57,12075.0
5859,V005860,Heavy Truck,12,20000,Diesel,91.79,141617.0
5860,V005861,Light Truck,14,3500,Diesel,87.3,230448.0
5861,V005862,Medium Truck,11,8000,Diesel,75.48,225273.0
5862,V005863,Van,8,1000,Petrol,91.96,216539.0
5863,V005864,Medium Truck,1,8000,Diesel,57.27,135762.0
5864,V005865,Medium Truck,11,8000,Diesel,61.91,222045.0
5865,V005866,Heavy Truck,5,20000,Diesel,62.14,243838.0
5866,V005867,Light Truck,0,3500,Diesel,84.97,94101.0
5867,V005868,Medium Truck,12,8000,Diesel,90.04,135708.0
5868,V005869,Medium Truck,7,8000,Diesel,100.0,288607.0
5869,V005870,Van,12,1000,Petrol,90.97,275850.0
5870,V005871,Medium Truck,2,8000,Diesel,93.72,52551.0
5871,V005872,Light Truck,6,3500,Diesel,97.51,108142.0
5872,V005873,Motorbike,3,50,Petrol,79.33,84244.0
5873,V005874,Medium Truck,2,8000,Diesel,97.77,1000.0
5874,V005875,Light Truck,13,3500,Diesel,94.57,285243.0
5875,V005876,Light Truck,10,3500,Diesel,94.97,245163.0
5876,V005877,Light Truck,1,3500,Diesel,100.0,263850.0
5877,V005878,Light Truck,13,3500,Diesel,100.0,127892.0
5878,V005879,Heavy Truck,3,20000,Diesel,86.59,234663.0
5879,V005880,Light Truck,5,3500,Diesel,77.24,190372.0
5880,V005881,Medium Truck,3,8000,Diesel,66.19,111245.0
5881,V005882,Van,13,1000,Petrol,100.0,134769.0
5882,V005883,Van,13,1000,Petrol,87.48,240838.0
5883,V005884,Light Truck,11,3500,Diesel,75.38,153134.0
5884,V005885,Light Truck,4,3500,Diesel,81.46,207238.0
5885,V005886,Van,4,1000,Petrol,83.3,297680.0
5886,V005887,Motorbike,7,50,Petrol,88.0,191102.0
5887,V005888,Van,1,1000,Petrol,95.94,60286.0
5888,V005889,Light Truck,9,3500,Diesel,63.07,205071.0
5889,V005890,Light Truck,6,3500,Diesel,92.29,120371.0
5890,V005891,Medium Truck,1,8000,Diesel,88.54,42904.0
5891,V005892,Medium Truck,1,8000,Diesel,75.45,225521.0
5892,V005893,Medium Truck,6,8000,Diesel,81.58,173767.0
5893,V005894,Medium Truck,14,8000,Diesel,85.57,85228.0
5894,V005895,Light Truck,2,3500,Diesel,90.52,238601.0
5895,V005896,Van,9,1000,Petrol,77.44,42439.0
5896,V005897,Light Truck,7,3500,Diesel,80.68,156325.0
5897,V005898,Light Truck,1,3500,Diesel,84.36,55931.0
5898,V005899,Heavy Truck,14,20000,Diesel,93.93,251222.0
5899,V005900,Van,1,1000,Petrol,71.13,187971.0
5900,V005901,Van,14,1000,Petrol,83.53,187935.0
5901,V005902,Van,10,1000,Petrol,79.26,207696.0
5902,V005903,Light Truck,9,3500,Diesel,94.65,198220.0
5903,V005904,Van,9,1000,Petrol,77.46,123450.0
5904,V005905,Heavy Truck,7,20000,Diesel,67.99,57209.0
5905,V005906,Light Truck,9,3500,Diesel,91.46,318939.0
5906,V005907,Heavy Truck,5,20000,Diesel,69.9,272541.0
5907,V005908,Light Truck,1,3500,Diesel,82.55,335954.0
5908,V005909,Light Truck,12,3500,Diesel,84.04,94082.0
5909,V005910,Motorbike,11,50,Petrol,100.0,195921.0
5910,V005911,Medium Truck,2,8000,Diesel,97.91,266237.0
5911,V005912,Van,12,1000,Petrol,78.82,63473.0
5912,V005913,Van,12,1000,Petrol,95.7,59688.0
5913,V005914,Medium Truck,3,8000,Diesel,99.49,147567.0
5914,V005915,Medium Truck,12,8000,Diesel,93.44,210586.0
5915,V005916,Van,12,1000,Petrol,86.88,277336.0
5916,V005917,Van,11,1000,Petrol,84.24,197655.0
5917,V005918,Light Truck,5,3500,Diesel,49.65,222946.0
5918,V005919,Medium Truck,13,8000,Diesel,100.0,139884.0
5919,V005920,Heavy Truck,5,20000,Diesel,100.0,248167.0
5920,V005921,Van,12,1000,Petrol,69.27,161205.0
5921,V005922,Medium Truck,7,8000,Diesel,71.02,236916.0
5922,V005923,Van,12,1000,Petrol,95.16,292717.0
5923,V005924,Light Truck,0,3500,Diesel,70.62,271197.0
5924,V005925,Light Truck,5,3500,Diesel,78.92,197428.0
5925,V005926,Light Truck,9,3500,Diesel,94.48,231421.0
5926,V005927,Light Truck,1,3500,Diesel,92.22,383807.0
5927,V005928,Medium Truck,10,8000,Diesel,79.25,205287.0
5928,V005929,Medium Truck,4,8000,Diesel,81.1,59911.0
5929,V005930,Light Truck,11,3500,Diesel,81.55,131115.0
5930,V005931,Medium Truck,8,8000,Diesel,67.77,156847.0
5931,V005932,Light Truck,0,3500,Diesel,72.37,229826.0
5932,V005933,Light Truck,3,3500,Diesel,72.85,48332.0
5933,V005934,Medium Truck,0,8000,Diesel,100.0,238159.0
5934,V005935,Light Truck,13,3500,Diesel,100.0,16767.0
5935,V005936,Medium Truck,10,8000,Diesel,82.2,238155.0
5936,V005937,Van,2,1000,Petrol,72.98,188713.0
5937,V005938,Light Truck,5,3500,Diesel,88.22,115103.0
5938,V005939,Light Truck,8,3500,Diesel,84.75,219671.0
5939,V005940,Van,7,1000,Petrol,93.44,194614.0
5940,V005941,Van,7,1000,Petrol,83.18,318059.0
5941,V005942,Van,5,1000,Petrol,82.41,233793.0
5942,V005943,Van,7,1000,Petrol,82.07,294859.0
5943,V005944,Medium Truck,8,8000,Diesel,76.65,208037.0
5944,V005945,Light Truck,4,3500,Diesel,79.22,151967.0
5945,V005946,Heavy Truck,13,20000,Diesel,100.0,228402.0
5946,V005947,Light Truck,8,3500,Diesel,84.95,259556.0
5947,V005948,Heavy Truck,6,20000,Diesel,77.89,206631.0
5948,V005949,Van,14,1000,Petrol,74.34,39083.0
5949,V005950,Medium Truck,6,8000,Diesel,86.46,208233.0
5950,V005951,Light Truck,10,3500,Diesel,87.4,139388.0
5951,V005952,Medium Truck,7,8000,Diesel,84.64,275230.0
5952,V005953,Light Truck,0,3500,Diesel,98.18,248475.0
5953,V005954,Light Truck,6,3500,Diesel,72.18,175680.0
5954,V005955,Medium Truck,8,8000,Diesel,96.69,364665.0
5955,V005956,Light Truck,9,3500,Diesel,95.49,164650.0
5956,V005957,Medium Truck,4,8000,Diesel,84.92,67112.0
5957,V005958,Medium Truck,3,8000,Diesel,80.03,200218.0
5958,V005959,Medium Truck,5,8000,Diesel,85.47,2133.0
5959,V005960,Medium Truck,9,8000,Diesel,71.57,271768.0
5960,V005961,Light Truck,6,3500,Diesel,85.05,145401.0
5961,V005962,Medium Truck,0,8000,Diesel,99.16,269072.0
5962,V005963,Light Truck,10,3500,Diesel,100.0,183153.0
5963,V005964,Light Truck,2,3500,Diesel,46.99,227940.0
5964,V005965,Light Truck,4,3500,Diesel,96.98,187174.0
5965,V005966,Light Truck,2,3500,Diesel,62.38,295948.0
5966,V005967,Light Truck,3,3500,Diesel,72.47,89218.0
5967,V005968,Medium Truck,2,8000,Diesel,100.0,78312.0
5968,V005969,Heavy Truck,8,20000,Diesel,70.31,322023.0
5969,V005970,Medium Truck,1,8000,Diesel,79.75,99233.0
5970,V005971,Van,8,1000,Petrol,75.71,58125.0
5971,V005972,Light Truck,0,3500,Diesel,88.33,106902.0
5972,V005973,Medium Truck,1,8000,Diesel,61.43,217311.0
5973,V005974,Van,9,1000,Petrol,64.73,216088.0
5974,V005975,Medium Truck,10,8000,Diesel,79.73,247850.0
5975,V005976,Van,5,1000,Petrol,99.73,159343.0
5976,V005977,Light Truck,1,3500,Diesel,85.25,299717.0
5977,V005978,Van,13,1000,Petrol,76.03,159112.0
5978,V005979,Van,3,1000,Petrol,75.77,166635.0
5979,V005980,Heavy Truck,4,20000,Diesel,80.43,226089.0
5980,V005981,Medium Truck,6,8000,Diesel,84.47,184006.0
5981,V005982,Light Truck,6,3500,Diesel,100.0,215220.0
5982,V005983,Medium Truck,6,8000,Diesel,86.37,191885.0
5983,V005984,Van,12,1000,Petrol,100.0,116676.0
5984,V005985,Van,6,1000,Petrol,90.2,121889.0
5985,V005986,Light Truck,1,3500,Diesel,65.83,241126.0
5986,V005987,Heavy Truck,6,20000,Diesel,70.58,325270.0
5987,V005988,Heavy Truck,7,20000,Diesel,82.21,70839.0
5988,V005989,Medium Truck,2,8000,Diesel,93.76,135820.0
5989,V005990,Van,6,1000,Petrol,66.61,277856.0
5990,V005991,Heavy Truck,7,20000,Diesel,86.59,91073.0
5991,V005992,Medium Truck,7,8000,Diesel,77.8,63017.0
5992,V005993,Light Truck,3,3500,Diesel,81.03,235928.0
5993,V005994,Heavy Truck,11,20000,Diesel,85.37,300780.0
5994,V005995,Heavy Truck,6,20000,Diesel,100.0,1000.0
5995,V005996,Light Truck,11,3500,Diesel,75.67,1000.0
5996,V005997,Light Truck,5,3500,Diesel,93.17,156187.0
5997,V005998,Van,3,1000,Petrol,74.6,224014.0
5998,V005999,Medium Truck,0,8000,Diesel,95.54,148554.0
5999,V006000,Motorbike,9,50,Petrol,82.69,208988.0
6000,V006001,Medium Truck,2,8000,Diesel,84.41,237517.0
6001,V006002,Light Truck,7,3500,Diesel,91.11,192446.0
6002,V006003,Heavy Truck,13,20000,Diesel,71.94,167307.0
6003,V006004,Van,11,1000,Petrol,67.22,272683.0
6004,V006005,Medium Truck,10,8000,Diesel,99.48,108909.0
6005,V006006,Motorbike,2,50,Petrol,90.08,100619.0
6006,V006007,Van,12,1000,Petrol,89.19,203177.0
6007,V006008,Light Truck,2,3500,Diesel,97.84,201595.0
6008,V006009,Light Truck,5,3500,Diesel,89.3,265354.0
6009,V006010,Van,13,1000,Petrol,97.37,213812.0
6010,V006011,Motorbike,11,50,Petrol,88.85,126374.0
6011,V006012,Van,12,1000,Petrol,93.18,232460.0
6012,V006013,Light Truck,12,3500,Diesel,68.91,53389.0
6013,V006014,Light Truck,5,3500,Diesel,81.89,262429.0
6014,V006015,Medium Truck,12,8000,Diesel,83.25,228803.0
6015,V006016,Medium Truck,10,8000,Diesel,96.26,254272.0
6016,V006017,Light Truck,12,3500,Diesel,92.38,130623.0
6017,V006018,Medium Truck,2,8000,Diesel,61.04,214353.0
6018,V006019,Van,0,1000,Petrol,69.08,246906.0
6019,V006020,Medium Truck,4,8000,Diesel,87.39,10622.0
6020,V006021,Medium Truck,6,8000,Diesel,90.81,203227.0
6021,V006022,Light Truck,2,3500,Diesel,100.0,159288.0
6022,V006023,Medium Truck,5,8000,Diesel,79.81,122396.0
6023,V006024,Van,6,1000,Petrol,82.88,31005.0
6024,V006025,Light Truck,3,3500,Diesel,86.99,1000.0
6025,V006026,Light Truck,2,3500,Diesel,91.36,305175.0
6026,V006027,Light Truck,13,3500,Diesel,86.73,228510.0
6027,V006028,Van,9,1000,Petrol,76.98,331871.0
6028,V006029,Light Truck,8,3500,Diesel,99.11,180483.0
6029,V006030,Medium Truck,13,8000,Diesel,95.15,137287.0
6030,V006031,Light Truck,12,3500,Diesel,78.84,256696.0
6031,V006032,Medium Truck,8,8000,Diesel,69.24,119029.0
6032,V006033,Light Truck,6,3500,Diesel,75.0,326651.0
6033,V006034,Van,1,1000,Petrol,100.0,119370.0
6034,V006035,Motorbike,3,50,Petrol,85.38,179248.0
6035,V006036,Van,4,1000,Petrol,82.65,155064.0
6036,V006037,Light Truck,9,3500,Diesel,83.52,161541.0
6037,V006038,Heavy Truck,1,20000,Diesel,91.98,123908.0
6038,V006039,Medium Truck,10,8000,Diesel,100.0,350872.0
6039,V006040,Light Truck,9,3500,Diesel,74.63,102882.0
6040,V006041,Medium Truck,14,8000,Diesel,83.04,301259.0
6041,V006042,Light Truck,8,3500,Diesel,64.52,280577.0
6042,V006043,Van,2,1000,Petrol,88.27,183456.0
6043,V006044,Light Truck,6,3500,Diesel,78.12,215232.0
6044,V006045,Van,5,1000,Petrol,94.18,42918.0
6045,V006046,Van,8,1000,Petrol,74.73,80760.0
6046,V006047,Van,10,1000,Petrol,81.71,247158.0
6047,V006048,Light Truck,4,3500,Diesel,56.39,288400.0
6048,V006049,Light Truck,6,3500,Diesel,85.83,164555.0
6049,V006050,Medium Truck,6,8000,Diesel,81.43,251101.0
6050,V006051,Medium Truck,10,8000,Diesel,88.65,196669.0
6051,V006052,Light Truck,5,3500,Diesel,76.55,114207.0
6052,V006053,Light Truck,0,3500,Diesel,84.74,139073.0
6053,V006054,Medium Truck,14,8000,Diesel,79.79,1000.0
6054,V006055,Light Truck,2,3500,Diesel,76.56,178070.0
6055,V006056,Medium Truck,1,8000,Diesel,62.66,131009.0
6056,V006057,Heavy Truck,4,20000,Diesel,80.7,1000.0
6057,V006058,Van,10,1000,Petrol,74.38,113179.0
6058,V006059,Light Truck,11,3500,Diesel,77.03,248626.0
6059,V006060,Light Truck,8,3500,Diesel,58.04,243813.0
6060,V006061,Medium Truck,3,8000,Diesel,78.58,83526.0
6061,V006062,Light Truck,8,3500,Diesel,94.13,26994.0
6062,V006063,Heavy Truck,5,20000,Diesel,76.33,90307.0
6063,V006064,Van,7,1000,Petrol,86.22,182902.0
6064,V006065,Medium Truck,14,8000,Diesel,99.23,166319.0
6065,V006066,Van,14,1000,Petrol,83.02,162527.0
6066,V006067,Heavy Truck,13,20000,Diesel,81.15,338714.0
6067,V006068,Motorbike,10,50,Petrol,70.25,293330.0
6068,V006069,Medium Truck,11,8000,Diesel,88.73,198836.0
6069,V006070,Van,9,1000,Petrol,67.68,320945.0
6070,V006071,Van,0,1000,Petrol,87.29,161391.0
6071,V006072,Light Truck,3,3500,Diesel,67.35,18240.0
6072,V006073,Van,2,1000,Petrol,65.09,132690.0
6073,V006074,Light Truck,10,3500,Diesel,79.51,214400.0
6074,V006075,Light Truck,11,3500,Diesel,91.76,204318.0
6075,V006076,Van,7,1000,Petrol,70.26,253347.0
6076,V006077,Van,13,1000,Petrol,100.0,191986.0
6077,V006078,Medium Truck,5,8000,Diesel,85.97,146291.0
6078,V006079,Heavy Truck,14,20000,Diesel,66.33,253976.0
6079,V006080,Motorbike,8,50,Petrol,89.47,148187.0
6080,V006081,Medium Truck,6,8000,Diesel,71.99,1000.0
6081,V006082,Van,7,1000,Petrol,76.31,317776.0
6082,V006083,Van,13,1000,Petrol,93.81,298562.0
6083,V006084,Light Truck,6,3500,Diesel,81.29,175358.0
6084,V006085,Van,1,1000,Petrol,93.28,176525.0
6085,V006086,Light Truck,9,3500,Diesel,72.43,231187.0
6086,V006087,Light Truck,1,3500,Diesel,83.01,135221.0
6087,V006088,Medium Truck,2,8000,Diesel,79.4,149277.0
6088,V006089,Van,2,1000,Petrol,69.67,85964.0
6089,V006090,Van,10,1000,Petrol,98.44,321982.0
6090,V006091,Van,6,1000,Petrol,88.0,52984.0
6091,V006092,Medium Truck,2,8000,Diesel,93.51,205353.0
6092,V006093,Light Truck,9,3500,Diesel,65.19,141354.0
6093,V006094,Medium Truck,4,8000,Diesel,77.55,228222.0
6094,V006095,Medium Truck,4,8000,Diesel,62.33,26793.0
6095,V006096,Motorbike,4,50,Petrol,83.76,168671.0
6096,V006097,Van,5,1000,Petrol,80.07,273232.0
6097,V006098,Light Truck,9,3500,Diesel,80.08,222444.0
6098,V006099,Motorbike,9,50,Petrol,80.65,378131.0
6099,V006100,Medium Truck,9,8000,Diesel,100.0,36315.0
6100,V006101,Light Truck,4,3500,Diesel,82.75,272947.0
6101,V006102,Van,10,1000,Petrol,51.12,232989.0
6102,V006103,Medium Truck,6,8000,Diesel,72.05,349030.0
6103,V006104,Light Truck,11,3500,Diesel,79.64,60396.0
6104,V006105,Heavy Truck,8,20000,Diesel,77.31,329386.0
6105,V006106,Medium Truck,8,8000,Diesel,55.58,112194.0
6106,V006107,Heavy Truck,12,20000,Diesel,76.27,175337.0
6107,V006108,Heavy Truck,2,20000,Diesel,76.57,159138.0
6108,V006109,Van,12,1000,Petrol,56.17,260261.0
6109,V006110,Heavy Truck,13,20000,Diesel,91.76,103974.0
6110,V006111,Medium Truck,0,8000,Diesel,88.29,202784.0
6111,V006112,Van,3,1000,Petrol,74.81,88787.0
6112,V006113,Light Truck,0,3500,Diesel,90.93,335167.0
6113,V006114,Light Truck,5,3500,Diesel,92.97,229036.0
6114,V006115,Light Truck,14,3500,Diesel,76.29,80680.0
6115,V006116,Van,8,1000,Petrol,96.2,204650.0
6116,V006117,Medium Truck,1,8000,Diesel,61.79,149973.0
6117,V006118,Light Truck,0,3500,Diesel,100.0,131201.0
6118,V006119,Light Truck,3,3500,Diesel,93.44,83871.0
6119,V006120,Motorbike,12,50,Petrol,77.26,265262.0
6120,V006121,Van,8,1000,Petrol,66.59,67164.0
6121,V006122,Medium Truck,9,8000,Diesel,100.0,76648.0
6122,V006123,Medium Truck,11,8000,Diesel,88.96,197410.0
6123,V006124,Light Truck,8,3500,Diesel,85.9,33941.0
6124,V006125,Light Truck,9,3500,Diesel,80.09,320716.0
6125,V006126,Van,5,1000,Petrol,80.72,209230.0
6126,V006127,Light Truck,11,3500,Diesel,66.22,310080.0
6127,V006128,Medium Truck,12,8000,Diesel,74.99,153805.0
6128,V006129,Light Truck,5,3500,Diesel,71.19,13338.0
6129,V006130,Light Truck,2,3500,Diesel,84.66,186439.0
6130,V006131,Motorbike,13,50,Petrol,60.21,143345.0
6131,V006132,Light Truck,3,3500,Diesel,86.15,226375.0
6132,V006133,Medium Truck,1,8000,Diesel,78.84,269889.0
6133,V006134,Medium Truck,3,8000,Diesel,93.65,171802.0
6134,V006135,Medium Truck,11,8000,Diesel,79.37,190999.0
6135,V006136,Medium Truck,6,8000,Diesel,55.17,141816.0
6136,V006137,Motorbike,2,50,Petrol,65.63,255203.0
6137,V006138,Van,8,1000,Petrol,88.32,191762.0
6138,V006139,Medium Truck,6,8000,Diesel,81.54,199770.0
6139,V006140,Van,1,1000,Petrol,72.79,214117.0
6140,V006141,Heavy Truck,12,20000,Diesel,67.63,1000.0
6141,V006142,Light Truck,7,3500,Diesel,72.84,191555.0
6142,V006143,Van,12,1000,Petrol,71.23,235419.0
6143,V006144,Medium Truck,12,8000,Diesel,99.09,96046.0
6144,V006145,Heavy Truck,14,20000,Diesel,84.73,98251.0
6145,V006146,Motorbike,8,50,Petrol,83.59,90812.0
6146,V006147,Light Truck,0,3500,Diesel,48.14,1000.0
6147,V006148,Van,2,1000,Petrol,72.01,212906.0
6148,V006149,Light Truck,14,3500,Diesel,86.59,172226.0
6149,V006150,Heavy Truck,3,20000,Diesel,81.36,125978.0
6150,V006151,Van,1,1000,Petrol,81.02,299540.0
6151,V006152,Van,11,1000,Petrol,69.7,1000.0
6152,V006153,Light Truck,10,3500,Diesel,91.05,194920.0
6153,V006154,Light Truck,8,3500,Diesel,62.19,234860.0
6154,V006155,Motorbike,4,50,Petrol,77.65,27948.0
6155,V006156,Van,10,1000,Petrol,96.01,109519.0
6156,V006157,Medium Truck,7,8000,Diesel,81.56,43200.0
6157,V006158,Motorbike,6,50,Petrol,93.17,276290.0
6158,V006159,Light Truck,11,3500,Diesel,80.4,278253.0
6159,V006160,Heavy Truck,3,20000,Diesel,78.25,194834.0
6160,V006161,Light Truck,14,3500,Diesel,96.43,178891.0
6161,V006162,Light Truck,7,3500,Diesel,80.5,41535.0
6162,V006163,Van,13,1000,Petrol,76.29,174922.0
6163,V006164,Van,14,1000,Petrol,86.44,68427.0
6164,V006165,Light Truck,1,3500,Diesel,87.47,151032.0
6165,V006166,Light Truck,12,3500,Diesel,89.17,320725.0
6166,V006167,Heavy Truck,4,20000,Diesel,63.85,167973.0
6167,V006168,Medium Truck,12,8000,Diesel,89.38,43095.0
6168,V006169,Light Truck,11,3500,Diesel,74.12,124930.0
6169,V006170,Heavy Truck,2,20000,Diesel,68.58,230260.0
6170,V006171,Heavy Truck,1,20000,Diesel,86.89,264015.0
6171,V006172,Light Truck,2,3500,Diesel,72.22,232040.0
6172,V006173,Light Truck,7,3500,Diesel,78.46,207861.0
6173,V006174,Light Truck,4,3500,Diesel,71.22,92698.0
6174,V006175,Light Truck,13,3500,Diesel,70.16,100341.0
6175,V006176,Van,11,1000,Petrol,75.98,213900.0
6176,V006177,Medium Truck,5,8000,Diesel,92.01,209440.0
6177,V006178,Medium Truck,4,8000,Diesel,77.91,315325.0
6178,V006179,Medium Truck,2,8000,Diesel,82.25,170400.0
6179,V006180,Van,14,1000,Petrol,68.39,77377.0
6180,V006181,Van,13,1000,Petrol,97.63,130623.0
6181,V006182,Light Truck,8,3500,Diesel,86.56,268841.0
6182,V006183,Light Truck,4,3500,Diesel,98.33,189498.0
6183,V006184,Medium Truck,6,8000,Diesel,76.62,355945.0
6184,V006185,Medium Truck,12,8000,Diesel,72.97,236736.0
6185,V006186,Van,5,1000,Petrol,60.44,1000.0
6186,V006187,Medium Truck,6,8000,Diesel,95.93,135819.0
6187,V006188,Van,7,1000,Petrol,89.74,200743.0
6188,V006189,Light Truck,2,3500,Diesel,79.19,280511.0
6189,V006190,Van,7,1000,Petrol,70.16,49548.0
6190,V006191,Light Truck,10,3500,Diesel,83.59,302374.0
6191,V006192,Light Truck,5,3500,Diesel,73.57,230742.0
6192,V006193,Van,2,1000,Petrol,95.93,160596.0
6193,V006194,Van,1,1000,Petrol,82.63,94340.0
6194,V006195,Motorbike,5,50,Petrol,91.81,142506.0
6195,V006196,Van,4,1000,Petrol,81.67,243415.0
6196,V006197,Van,4,1000,Petrol,75.44,1000.0
6197,V006198,Van,3,1000,Petrol,78.74,204789.0
6198,V006199,Medium Truck,11,8000,Diesel,100.0,394128.0
6199,V006200,Light Truck,0,3500,Diesel,83.84,89810.0
6200,V006201,Light Truck,9,3500,Diesel,86.05,77274.0
6201,V006202,Van,2,1000,Petrol,81.89,154391.0
6202,V006203,Light Truck,14,3500,Diesel,67.1,43554.0
6203,V006204,Medium Truck,4,8000,Diesel,80.89,67118.0
6204,V006205,Light Truck,9,3500,Diesel,72.15,135359.0
6205,V006206,Van,9,1000,Petrol,73.25,132981.0
6206,V006207,Heavy Truck,13,20000,Diesel,96.98,101518.0
6207,V006208,Medium Truck,7,8000,Diesel,70.53,112208.0
6208,V006209,Medium Truck,2,8000,Diesel,52.41,260349.0
6209,V006210,Van,9,1000,Petrol,100.0,145771.0
6210,V006211,Medium Truck,2,8000,Diesel,85.22,189164.0
6211,V006212,Light Truck,9,3500,Diesel,82.67,277113.0
6212,V006213,Van,7,1000,Petrol,83.67,277341.0
6213,V006214,Light Truck,14,3500,Diesel,87.9,212722.0
6214,V006215,Light Truck,3,3500,Diesel,73.19,164559.0
6215,V006216,Light Truck,11,3500,Diesel,77.06,196608.0
6216,V006217,Light Truck,4,3500,Diesel,91.94,156571.0
6217,V006218,Van,8,1000,Petrol,69.15,211179.0
6218,V006219,Van,11,1000,Petrol,100.0,304138.0
6219,V006220,Van,3,1000,Petrol,85.04,185262.0
6220,V006221,Van,13,1000,Petrol,78.31,159419.0
6221,V006222,Van,4,1000,Petrol,92.49,257907.0
6222,V006223,Medium Truck,7,8000,Diesel,81.74,220528.0
6223,V006224,Medium Truck,6,8000,Diesel,84.95,297549.0
6224,V006225,Van,3,1000,Petrol,95.92,79353.0
6225,V006226,Medium Truck,3,8000,Diesel,68.62,17214.0
6226,V006227,Medium Truck,6,8000,Diesel,70.43,178508.0
6227,V006228,Light Truck,4,3500,Diesel,65.3,166142.0
6228,V006229,Van,10,1000,Petrol,100.0,276383.0
6229,V006230,Light Truck,5,3500,Diesel,91.56,191869.0
6230,V006231,Motorbike,14,50,Petrol,93.51,224504.0
6231,V006232,Light Truck,2,3500,Diesel,67.66,248655.0
6232,V006233,Medium Truck,9,8000,Diesel,90.4,158474.0
6233,V006234,Medium Truck,2,8000,Diesel,85.32,294972.0
6234,V006235,Medium Truck,13,8000,Diesel,99.03,115779.0
6235,V006236,Heavy Truck,14,20000,Diesel,73.54,169989.0
6236,V006237,Light Truck,10,3500,Diesel,98.41,319026.0
6237,V006238,Heavy Truck,7,20000,Diesel,92.36,257703.0
6238,V006239,Van,0,1000,Petrol,82.27,316950.0
6239,V006240,Light Truck,13,3500,Diesel,68.37,241714.0
6240,V006241,Van,12,1000,Petrol,67.38,296290.0
6241,V006242,Van,3,1000,Petrol,91.3,144084.0
6242,V006243,Light Truck,1,3500,Diesel,36.77,55341.0
6243,V006244,Medium Truck,3,8000,Diesel,81.78,113296.0
6244,V006245,Light Truck,12,3500,Diesel,61.67,212668.0
6245,V006246,Light Truck,8,3500,Diesel,81.26,211057.0
6246,V006247,Light Truck,0,3500,Diesel,82.68,208189.0
6247,V006248,Medium Truck,4,8000,Diesel,74.36,204156.0
6248,V006249,Heavy Truck,2,20000,Diesel,88.44,279385.0
6249,V006250,Motorbike,10,50,Petrol,100.0,179458.0
6250,V006251,Medium Truck,1,8000,Diesel,77.37,144646.0
6251,V006252,Van,10,1000,Petrol,95.9,265770.0
6252,V006253,Motorbike,0,50,Petrol,63.61,256156.0
6253,V006254,Van,1,1000,Petrol,73.85,159720.0
6254,V006255,Van,10,1000,Petrol,73.26,49233.0
6255,V006256,Light Truck,2,3500,Diesel,89.16,203597.0
6256,V006257,Light Truck,14,3500,Diesel,100.0,129287.0
6257,V006258,Van,0,1000,Petrol,67.82,311324.0
6258,V006259,Van,10,1000,Petrol,100.0,137985.0
6259,V006260,Van,8,1000,Petrol,92.6,93868.0
6260,V006261,Van,12,1000,Petrol,81.65,178831.0
6261,V006262,Medium Truck,3,8000,Diesel,78.59,267917.0
6262,V006263,Light Truck,6,3500,Diesel,87.52,71746.0
6263,V006264,Light Truck,5,3500,Diesel,79.96,214792.0
6264,V006265,Light Truck,11,3500,Diesel,82.31,220782.0
6265,V006266,Van,6,1000,Petrol,87.08,71070.0
6266,V006267,Medium Truck,13,8000,Diesel,59.52,200346.0
6267,V006268,Medium Truck,3,8000,Diesel,78.14,96705.0
6268,V006269,Van,7,1000,Petrol,67.82,130021.0
6269,V006270,Medium Truck,9,8000,Diesel,80.36,70150.0
6270,V006271,Medium Truck,0,8000,Diesel,78.91,237835.0
6271,V006272,Van,13,1000,Petrol,80.27,79096.0
6272,V006273,Medium Truck,8,8000,Diesel,89.93,258566.0
6273,V006274,Van,6,1000,Petrol,65.25,237448.0
6274,V006275,Van,10,1000,Petrol,70.92,354295.0
6275,V006276,Heavy Truck,0,20000,Diesel,88.65,292195.0
6276,V006277,Light Truck,2,3500,Diesel,71.98,145225.0
6277,V006278,Medium Truck,13,8000,Diesel,82.98,1000.0
6278,V006279,Light Truck,3,3500,Diesel,66.45,169942.0
6279,V006280,Medium Truck,1,8000,Diesel,93.59,259690.0
6280,V006281,Van,2,1000,Petrol,84.61,128266.0
6281,V006282,Heavy Truck,8,20000,Diesel,87.77,132130.0
6282,V006283,Light Truck,12,3500,Diesel,78.94,332842.0
6283,V006284,Heavy Truck,9,20000,Diesel,100.0,191178.0
6284,V006285,Light Truck,8,3500,Diesel,67.89,169874.0
6285,V006286,Light Truck,1,3500,Diesel,66.24,117379.0
6286,V006287,Heavy Truck,2,20000,Diesel,87.79,10243.0
6287,V006288,Light Truck,13,3500,Diesel,89.93,39189.0
6288,V006289,Medium Truck,10,8000,Diesel,100.0,257354.0
6289,V006290,Light Truck,5,3500,Diesel,86.19,207375.0
6290,V006291,Van,7,1000,Petrol,91.98,196064.0
6291,V006292,Van,12,1000,Petrol,94.96,1000.0
6292,V006293,Medium Truck,12,8000,Diesel,86.68,95084.0
6293,V006294,Van,6,1000,Petrol,89.82,243673.0
6294,V006295,Light Truck,1,3500,Diesel,100.0,177393.0
6295,V006296,Light Truck,14,3500,Diesel,60.21,425672.0
6296,V006297,Medium Truck,12,8000,Diesel,95.57,80710.0
6297,V006298,Light Truck,4,3500,Diesel,82.88,349691.0
6298,V006299,Heavy Truck,14,20000,Diesel,59.82,226945.0
6299,V006300,Medium Truck,4,8000,Diesel,61.32,74155.0
6300,V006301,Light Truck,9,3500,Diesel,86.48,192875.0
6301,V006302,Medium Truck,13,8000,Diesel,98.13,216538.0
6302,V006303,Medium Truck,11,8000,Diesel,79.21,114167.0
6303,V006304,Medium Truck,0,8000,Diesel,86.83,267783.0
6304,V006305,Van,9,1000,Petrol,68.07,266708.0
6305,V006306,Van,4,1000,Petrol,100.0,241826.0
6306,V006307,Medium Truck,9,8000,Diesel,81.54,72235.0
6307,V006308,Light Truck,13,3500,Diesel,98.72,186518.0
6308,V006309,Heavy Truck,2,20000,Diesel,92.6,356640.0
6309,V006310,Light Truck,14,3500,Diesel,90.72,216612.0
6310,V006311,Van,5,1000,Petrol,78.15,72693.0
6311,V006312,Light Truck,11,3500,Diesel,89.4,306877.0
6312,V006313,Medium Truck,1,8000,Diesel,88.93,267510.0
6313,V006314,Light Truck,8,3500,Diesel,100.0,207480.0
6314,V006315,Light Truck,10,3500,Diesel,100.0,361416.0
6315,V006316,Light Truck,9,3500,Diesel,52.74,4312.0
6316,V006317,Van,12,1000,Petrol,63.04,270289.0
6317,V006318,Light Truck,2,3500,Diesel,74.3,1000.0
6318,V006319,Light Truck,0,3500,Diesel,81.49,172010.0
6319,V006320,Light Truck,10,3500,Diesel,76.68,344615.0
6320,V006321,Light Truck,6,3500,Diesel,92.63,124905.0
6321,V006322,Van,12,1000,Petrol,67.29,217331.0
6322,V006323,Light Truck,1,3500,Diesel,68.06,189902.0
6323,V006324,Van,1,1000,Petrol,77.19,200347.0
6324,V006325,Light Truck,6,3500,Diesel,73.45,118177.0
6325,V006326,Light Truck,7,3500,Diesel,100.0,262002.0
6326,V006327,Van,4,1000,Petrol,80.13,137278.0
6327,V006328,Medium Truck,10,8000,Diesel,67.38,299660.0
6328,V006329,Medium Truck,10,8000,Diesel,93.63,176727.0
6329,V006330,Light Truck,10,3500,Diesel,77.05,276802.0
6330,V006331,Van,10,1000,Petrol,78.47,98023.0
6331,V006332,Medium Truck,4,8000,Diesel,85.38,318038.0
6332,V006333,Light Truck,13,3500,Diesel,70.43,128874.0
6333,V006334,Motorbike,14,50,Petrol,78.63,100136.0
6334,V006335,Van,12,1000,Petrol,68.51,86940.0
6335,V006336,Medium Truck,11,8000,Diesel,87.99,185176.0
6336,V006337,Light Truck,4,3500,Diesel,88.38,86086.0
6337,V006338,Heavy Truck,7,20000,Diesel,89.83,26508.0
6338,V006339,Van,3,1000,Petrol,94.09,152097.0
6339,V006340,Medium Truck,13,8000,Diesel,72.78,257547.0
6340,V006341,Medium Truck,5,8000,Diesel,70.83,200958.0
6341,V006342,Medium Truck,11,8000,Diesel,89.54,122504.0
6342,V006343,Van,5,1000,Petrol,74.77,282960.0
6343,V006344,Light Truck,1,3500,Diesel,88.35,296497.0
6344,V006345,Light Truck,4,3500,Diesel,84.76,221770.0
6345,V006346,Van,9,1000,Petrol,89.14,138024.0
6346,V006347,Motorbike,10,50,Petrol,73.44,263015.0
6347,V006348,Medium Truck,4,8000,Diesel,91.4,264022.0
6348,V006349,Medium Truck,1,8000,Diesel,68.31,254209.0
6349,V006350,Van,10,1000,Petrol,83.78,286946.0
6350,V006351,Medium Truck,13,8000,Diesel,75.87,170129.0
6351,V006352,Light Truck,6,3500,Diesel,56.45,135929.0
6352,V006353,Light Truck,1,3500,Diesel,90.36,188923.0
6353,V006354,Medium Truck,4,8000,Diesel,96.59,186695.0
6354,V006355,Van,0,1000,Petrol,91.2,175450.0
6355,V006356,Light Truck,12,3500,Diesel,79.53,149809.0
6356,V006357,Light Truck,9,3500,Diesel,75.41,104236.0
6357,V006358,Medium Truck,0,8000,Diesel,98.86,400367.0
6358,V006359,Van,6,1000,Petrol,74.19,198450.0
6359,V006360,Motorbike,13,50,Petrol,86.61,223350.0
6360,V006361,Van,10,1000,Petrol,68.48,206923.0
6361,V006362,Light Truck,10,3500,Diesel,100.0,166834.0
6362,V006363,Van,13,1000,Petrol,70.86,329709.0
6363,V006364,Medium Truck,4,8000,Diesel,95.38,79612.0
6364,V006365,Van,3,1000,Petrol,99.22,207694.0
6365,V006366,Medium Truck,1,8000,Diesel,70.04,124604.0
6366,V006367,Heavy Truck,7,20000,Diesel,77.97,151279.0
6367,V006368,Medium Truck,6,8000,Diesel,77.31,239524.0
6368,V006369,Heavy Truck,1,20000,Diesel,92.92,232406.0
6369,V006370,Van,9,1000,Petrol,71.73,338541.0
6370,V006371,Motorbike,6,50,Petrol,63.57,180041.0
6371,V006372,Van,10,1000,Petrol,75.01,33049.0
6372,V006373,Medium Truck,9,8000,Diesel,92.32,198557.0
6373,V006374,Medium Truck,8,8000,Diesel,69.75,329987.0
6374,V006375,Van,6,1000,Petrol,100.0,87818.0
6375,V006376,Van,10,1000,Petrol,95.06,120540.0
6376,V006377,Light Truck,1,3500,Diesel,86.22,328939.0
6377,V006378,Van,0,1000,Petrol,84.76,288291.0
6378,V006379,Light Truck,1,3500,Diesel,74.82,1000.0
6379,V006380,Motorbike,2,50,Petrol,86.38,141939.0
6380,V006381,Van,14,1000,Petrol,70.85,180789.0
6381,V006382,Van,8,1000,Petrol,78.32,197908.0
6382,V006383,Light Truck,7,3500,Diesel,92.99,164606.0
6383,V006384,Van,4,1000,Petrol,100.0,158882.0
6384,V006385,Light Truck,14,3500,Diesel,100.0,240628.0
6385,V006386,Van,11,1000,Petrol,61.43,112146.0
6386,V006387,Light Truck,12,3500,Diesel,100.0,29394.0
6387,V006388,Heavy Truck,6,20000,Diesel,91.97,151070.0
6388,V006389,Van,2,1000,Petrol,78.69,1000.0
6389,V006390,Van,12,1000,Petrol,93.69,430807.0
6390,V006391,Light Truck,0,3500,Diesel,95.89,64375.0
6391,V006392,Van,9,1000,Petrol,53.61,150632.0
6392,V006393,Van,14,1000,Petrol,78.65,355037.0
6393,V006394,Heavy Truck,10,20000,Diesel,54.47,143867.0
6394,V006395,Heavy Truck,13,20000,Diesel,90.52,279261.0
6395,V006396,Medium Truck,10,8000,Diesel,71.74,259668.0
6396,V006397,Heavy Truck,1,20000,Diesel,93.47,30707.0
6397,V006398,Light Truck,3,3500,Diesel,74.95,281378.0
6398,V006399,Van,4,1000,Petrol,80.76,189620.0
6399,V006400,Van,6,1000,Petrol,78.05,202084.0
6400,V006401,Van,1,1000,Petrol,72.32,139768.0
6401,V006402,Motorbike,3,50,Petrol,84.48,140071.0
6402,V006403,Medium Truck,4,8000,Diesel,85.31,292058.0
6403,V006404,Light Truck,3,3500,Diesel,84.4,176285.0
6404,V006405,Light Truck,4,3500,Diesel,53.79,201563.0
6405,V006406,Light Truck,10,3500,Diesel,81.48,185614.0
6406,V006407,Light Truck,8,3500,Diesel,83.45,218475.0
6407,V006408,Light Truck,1,3500,Diesel,69.86,312423.0
6408,V006409,Van,7,1000,Petrol,57.6,181760.0
6409,V006410,Van,9,1000,Petrol,65.47,196357.0
6410,V006411,Motorbike,10,50,Petrol,71.44,199597.0
6411,V006412,Light Truck,8,3500,Diesel,83.89,123917.0
6412,V006413,Van,12,1000,Petrol,81.73,213923.0
6413,V006414,Light Truck,2,3500,Diesel,76.84,211746.0
6414,V006415,Light Truck,3,3500,Diesel,84.62,177277.0
6415,V006416,Light Truck,7,3500,Diesel,76.14,259280.0
6416,V006417,Heavy Truck,6,20000,Diesel,71.23,248964.0
6417,V006418,Van,0,1000,Petrol,80.37,106623.0
6418,V006419,Medium Truck,5,8000,Diesel,100.0,203983.0
6419,V006420,Heavy Truck,5,20000,Diesel,65.58,194851.0
6420,V006421,Motorbike,8,50,Petrol,82.39,195245.0
6421,V006422,Heavy Truck,7,20000,Diesel,86.75,224243.0
6422,V006423,Van,7,1000,Petrol,71.71,142816.0
6423,V006424,Motorbike,13,50,Petrol,75.54,177566.0
6424,V006425,Light Truck,3,3500,Diesel,76.6,1000.0
6425,V006426,Medium Truck,12,8000,Diesel,65.75,97681.0
6426,V006427,Van,4,1000,Petrol,100.0,167259.0
6427,V006428,Light Truck,8,3500,Diesel,66.91,225516.0
6428,V006429,Light Truck,5,3500,Diesel,77.33,75652.0
6429,V006430,Medium Truck,5,8000,Diesel,90.47,300463.0
6430,V006431,Medium Truck,0,8000,Diesel,79.41,253664.0
6431,V006432,Van,3,1000,Petrol,95.01,1000.0
6432,V006433,Van,0,1000,Petrol,91.17,223607.0
6433,V006434,Medium Truck,14,8000,Diesel,67.97,204998.0
6434,V006435,Van,12,1000,Petrol,75.87,213301.0
6435,V006436,Medium Truck,9,8000,Diesel,76.1,306659.0
6436,V006437,Light Truck,11,3500,Diesel,85.7,140612.0
6437,V006438,Van,8,1000,Petrol,84.58,58038.0
6438,V006439,Medium Truck,14,8000,Diesel,76.3,67835.0
6439,V006440,Light Truck,3,3500,Diesel,77.82,194937.0
6440,V006441,Medium Truck,10,8000,Diesel,84.78,111786.0
6441,V006442,Van,12,1000,Petrol,79.09,96374.0
6442,V006443,Van,2,1000,Petrol,85.14,85253.0
6443,V006444,Light Truck,9,3500,Diesel,69.65,311210.0
6444,V006445,Light Truck,7,3500,Diesel,94.87,191758.0
6445,V006446,Medium Truck,2,8000,Diesel,89.54,240537.0
6446,V006447,Van,4,1000,Petrol,74.63,160579.0
6447,V006448,Light Truck,7,3500,Diesel,77.92,300441.0
6448,V006449,Light Truck,9,3500,Diesel,88.94,293688.0
6449,V006450,Light Truck,0,3500,Diesel,96.01,177518.0
6450,V006451,Light Truck,12,3500,Diesel,93.63,190888.0
6451,V006452,Van,13,1000,Petrol,91.2,13033.0
6452,V006453,Medium Truck,4,8000,Diesel,79.58,91507.0
6453,V006454,Van,12,1000,Petrol,90.35,111687.0
6454,V006455,Van,9,1000,Petrol,78.07,63546.0
6455,V006456,Van,3,1000,Petrol,84.02,70119.0
6456,V006457,Van,7,1000,Petrol,88.12,274312.0
6457,V006458,Van,5,1000,Petrol,85.82,145592.0
6458,V006459,Light Truck,1,3500,Diesel,68.37,233414.0
6459,V006460,Heavy Truck,8,20000,Diesel,75.57,193724.0
6460,V006461,Medium Truck,10,8000,Diesel,91.89,172595.0
6461,V006462,Heavy Truck,7,20000,Diesel,93.9,180950.0
6462,V006463,Heavy Truck,3,20000,Diesel,73.23,279265.0
6463,V006464,Van,11,1000,Petrol,85.95,60357.0
6464,V006465,Medium Truck,13,8000,Diesel,82.83,85470.0
6465,V006466,Light Truck,3,3500,Diesel,64.08,175100.0
6466,V006467,Medium Truck,6,8000,Diesel,61.08,220760.0
6467,V006468,Medium Truck,6,8000,Diesel,68.86,215592.0
6468,V006469,Medium Truck,1,8000,Diesel,75.37,218530.0
6469,V006470,Motorbike,7,50,Petrol,81.36,169503.0
6470,V006471,Van,4,1000,Petrol,58.27,99294.0
6471,V006472,Heavy Truck,12,20000,Diesel,69.12,96974.0
6472,V006473,Van,5,1000,Petrol,90.91,214203.0
6473,V006474,Heavy Truck,5,20000,Diesel,77.45,101590.0
6474,V006475,Van,0,1000,Petrol,84.88,236849.0
6475,V006476,Van,4,1000,Petrol,60.51,194883.0
6476,V006477,Heavy Truck,2,20000,Diesel,78.06,160220.0
6477,V006478,Light Truck,0,3500,Diesel,100.0,259953.0
6478,V006479,Medium Truck,10,8000,Diesel,70.13,147507.0
6479,V006480,Van,8,1000,Petrol,85.31,71498.0
6480,V006481,Light Truck,1,3500,Diesel,74.04,146848.0
6481,V006482,Van,8,1000,Petrol,56.89,449886.0
6482,V006483,Light Truck,10,3500,Diesel,77.53,336099.0
6483,V006484,Light Truck,14,3500,Diesel,80.36,156204.0
6484,V006485,Van,13,1000,Petrol,88.02,366577.0
6485,V006486,Van,3,1000,Petrol,81.68,193614.0
6486,V006487,Heavy Truck,14,20000,Diesel,56.91,1000.0
6487,V006488,Van,1,1000,Petrol,76.91,137945.0
6488,V006489,Van,7,1000,Petrol,88.69,97086.0
6489,V006490,Light Truck,11,3500,Diesel,69.35,192159.0
6490,V006491,Light Truck,4,3500,Diesel,84.44,338313.0
6491,V006492,Medium Truck,9,8000,Diesel,62.94,105028.0
6492,V006493,Van,13,1000,Petrol,81.47,231445.0
6493,V006494,Van,8,1000,Petrol,75.12,105433.0
6494,V006495,Medium Truck,5,8000,Diesel,69.71,84183.0
6495,V006496,Medium Truck,9,8000,Diesel,76.79,185750.0
6496,V006497,Van,5,1000,Petrol,88.3,1000.0
6497,V006498,Light Truck,8,3500,Diesel,83.31,70546.0
6498,V006499,Medium Truck,4,8000,Diesel,79.21,90640.0
6499,V006500,Medium Truck,7,8000,Diesel,76.42,100672.0
6500,V006501,Heavy Truck,6,20000,Diesel,94.91,177992.0
6501,V006502,Van,3,1000,Petrol,71.61,323797.0
6502,V006503,Van,11,1000,Petrol,91.2,179037.0
6503,V006504,Light Truck,1,3500,Diesel,93.46,22217.0
6504,V006505,Light Truck,7,3500,Diesel,93.52,193530.0
6505,V006506,Light Truck,14,3500,Diesel,85.74,264190.0
6506,V006507,Light Truck,7,3500,Diesel,61.26,190720.0
6507,V006508,Light Truck,1,3500,Diesel,80.76,146403.0
6508,V006509,Medium Truck,0,8000,Diesel,90.44,71567.0
6509,V006510,Medium Truck,3,8000,Diesel,100.0,222575.0
6510,V006511,Medium Truck,3,8000,Diesel,52.89,380224.0
6511,V006512,Van,5,1000,Petrol,100.0,231230.0
6512,V006513,Motorbike,1,50,Petrol,93.99,132566.0
6513,V006514,Light Truck,10,3500,Diesel,95.74,220312.0
6514,V006515,Van,8,1000,Petrol,100.0,167365.0
6515,V006516,Heavy Truck,1,20000,Diesel,67.27,80164.0
6516,V006517,Light Truck,4,3500,Diesel,70.69,102353.0
6517,V006518,Light Truck,6,3500,Diesel,62.14,252094.0
6518,V006519,Light Truck,6,3500,Diesel,78.89,135408.0
6519,V006520,Van,3,1000,Petrol,94.3,153880.0
6520,V006521,Motorbike,12,50,Petrol,83.13,243446.0
6521,V006522,Medium Truck,13,8000,Diesel,93.12,91716.0
6522,V006523,Van,12,1000,Petrol,72.52,155000.0
6523,V006524,Medium Truck,1,8000,Diesel,76.99,244304.0
6524,V006525,Medium Truck,5,8000,Diesel,94.85,176428.0
6525,V006526,Van,8,1000,Petrol,68.67,160629.0
6526,V006527,Van,14,1000,Petrol,85.84,202164.0
6527,V006528,Light Truck,5,3500,Diesel,93.83,210697.0
6528,V006529,Medium Truck,14,8000,Diesel,82.52,143510.0
6529,V006530,Van,11,1000,Petrol,96.09,109693.0
6530,V006531,Light Truck,0,3500,Diesel,92.51,184068.0
6531,V006532,Light Truck,2,3500,Diesel,98.13,182830.0
6532,V006533,Medium Truck,6,8000,Diesel,92.32,65129.0
6533,V006534,Van,0,1000,Petrol,100.0,274790.0
6534,V006535,Van,14,1000,Petrol,60.94,89176.0
6535,V006536,Van,0,1000,Petrol,85.63,111621.0
6536,V006537,Van,0,1000,Petrol,75.57,101712.0
6537,V006538,Light Truck,4,3500,Diesel,64.18,107150.0
6538,V006539,Van,13,1000,Petrol,78.7,48935.0
6539,V006540,Van,13,1000,Petrol,69.07,233814.0
6540,V006541,Van,10,1000,Petrol,76.64,339827.0
6541,V006542,Light Truck,10,3500,Diesel,75.24,278654.0
6542,V006543,Van,6,1000,Petrol,65.59,310257.0
6543,V006544,Van,0,1000,Petrol,85.43,150754.0
6544,V006545,Heavy Truck,13,20000,Diesel,100.0,123330.0
6545,V006546,Light Truck,2,3500,Diesel,79.97,21157.0
6546,V006547,Medium Truck,10,8000,Diesel,91.87,1000.0
6547,V006548,Heavy Truck,7,20000,Diesel,94.86,136714.0
6548,V006549,Light Truck,1,3500,Diesel,66.52,269173.0
6549,V006550,Light Truck,1,3500,Diesel,76.0,309246.0
6550,V006551,Van,2,1000,Petrol,92.06,351731.0
6551,V006552,Light Truck,9,3500,Diesel,89.73,254770.0
6552,V006553,Motorbike,10,50,Petrol,75.61,287908.0
6553,V006554,Van,4,1000,Petrol,80.4,343046.0
6554,V006555,Heavy Truck,6,20000,Diesel,80.7,73785.0
6555,V006556,Light Truck,9,3500,Diesel,84.74,192791.0
6556,V006557,Van,7,1000,Petrol,96.25,170794.0
6557,V006558,Light Truck,10,3500,Diesel,88.91,224349.0
6558,V006559,Light Truck,9,3500,Diesel,91.08,171582.0
6559,V006560,Medium Truck,8,8000,Diesel,89.75,172347.0
6560,V006561,Van,3,1000,Petrol,85.12,129024.0
6561,V006562,Light Truck,11,3500,Diesel,93.09,234793.0
6562,V006563,Light Truck,2,3500,Diesel,74.58,117447.0
6563,V006564,Heavy Truck,14,20000,Diesel,81.05,430933.0
6564,V006565,Light Truck,10,3500,Diesel,95.51,149114.0
6565,V006566,Heavy Truck,6,20000,Diesel,75.68,301502.0
6566,V006567,Medium Truck,13,8000,Diesel,75.72,86344.0
6567,V006568,Medium Truck,1,8000,Diesel,100.0,332776.0
6568,V006569,Medium Truck,7,8000,Diesel,83.23,273953.0
6569,V006570,Light Truck,8,3500,Diesel,89.16,346216.0
6570,V006571,Heavy Truck,6,20000,Diesel,72.17,1000.0
6571,V006572,Medium Truck,13,8000,Diesel,79.85,1000.0
6572,V006573,Light Truck,13,3500,Diesel,92.74,168850.0
6573,V006574,Motorbike,0,50,Petrol,83.4,238884.0
6574,V006575,Motorbike,8,50,Petrol,65.8,243394.0
6575,V006576,Medium Truck,12,8000,Diesel,93.33,1000.0
6576,V006577,Medium Truck,4,8000,Diesel,74.84,189744.0
6577,V006578,Van,11,1000,Petrol,70.84,65565.0
6578,V006579,Van,3,1000,Petrol,100.0,310179.0
6579,V006580,Medium Truck,4,8000,Diesel,89.71,254585.0
6580,V006581,Medium Truck,8,8000,Diesel,82.5,1000.0
6581,V006582,Heavy Truck,4,20000,Diesel,78.8,183213.0
6582,V006583,Medium Truck,6,8000,Diesel,81.41,154980.0
6583,V006584,Light Truck,3,3500,Diesel,64.76,233957.0
6584,V006585,Heavy Truck,13,20000,Diesel,76.3,224057.0
6585,V006586,Heavy Truck,12,20000,Diesel,55.6,191304.0
6586,V006587,Van,9,1000,Petrol,89.41,193828.0
6587,V006588,Medium Truck,13,8000,Diesel,86.65,202604.0
6588,V006589,Medium Truck,1,8000,Diesel,94.56,190657.0
6589,V006590,Van,12,1000,Petrol,77.25,197369.0
6590,V006591,Light Truck,2,3500,Diesel,86.59,259958.0
6591,V006592,Light Truck,10,3500,Diesel,60.48,200664.0
6592,V006593,Motorbike,9,50,Petrol,84.75,248196.0
6593,V006594,Heavy Truck,12,20000,Diesel,79.81,176684.0
6594,V006595,Heavy Truck,11,20000,Diesel,88.8,223666.0
6595,V006596,Medium Truck,12,8000,Diesel,78.13,195911.0
6596,V006597,Motorbike,1,50,Petrol,78.2,289429.0
6597,V006598,Light Truck,5,3500,Diesel,77.61,226275.0
6598,V006599,Medium Truck,3,8000,Diesel,71.25,209466.0
6599,V006600,Van,14,1000,Petrol,88.87,273300.0
6600,V006601,Light Truck,8,3500,Diesel,94.51,148518.0
6601,V006602,Van,3,1000,Petrol,66.03,178392.0
6602,V006603,Light Truck,14,3500,Diesel,84.8,146535.0
6603,V006604,Light Truck,9,3500,Diesel,91.57,253561.0
6604,V006605,Light Truck,13,3500,Diesel,98.1,308698.0
6605,V006606,Van,12,1000,Petrol,69.27,241003.0
6606,V006607,Light Truck,6,3500,Diesel,68.76,138086.0
6607,V006608,Light Truck,3,3500,Diesel,86.23,166086.0
6608,V006609,Medium Truck,9,8000,Diesel,85.82,78617.0
6609,V006610,Medium Truck,10,8000,Diesel,96.48,176888.0
6610,V006611,Van,4,1000,Petrol,85.15,303371.0
6611,V006612,Medium Truck,7,8000,Diesel,88.47,368762.0
6612,V006613,Van,8,1000,Petrol,70.12,132134.0
6613,V006614,Van,12,1000,Petrol,92.79,284325.0
6614,V006615,Medium Truck,8,8000,Diesel,69.58,184680.0
6615,V006616,Van,12,1000,Petrol,70.64,245189.0
6616,V006617,Van,14,1000,Petrol,78.0,302660.0
6617,V006618,Van,11,1000,Petrol,99.71,279794.0
6618,V006619,Van,11,1000,Petrol,68.13,210584.0
6619,V006620,Heavy Truck,8,20000,Diesel,75.7,138553.0
6620,V006621,Van,10,1000,Petrol,88.9,321168.0
6621,V006622,Medium Truck,10,8000,Diesel,65.98,359204.0
6622,V006623,Van,5,1000,Petrol,82.27,28405.0
6623,V006624,Light Truck,1,3500,Diesel,84.38,271920.0
6624,V006625,Van,4,1000,Petrol,100.0,273290.0
6625,V006626,Van,7,1000,Petrol,95.07,240026.0
6626,V006627,Medium Truck,4,8000,Diesel,79.6,212164.0
6627,V006628,Motorbike,3,50,Petrol,79.92,178570.0
6628,V006629,Light Truck,11,3500,Diesel,76.49,173058.0
6629,V006630,Motorbike,0,50,Petrol,80.16,6296.0
6630,V006631,Medium Truck,5,8000,Diesel,84.82,130101.0
6631,V006632,Medium Truck,14,8000,Diesel,88.31,209106.0
6632,V006633,Heavy Truck,3,20000,Diesel,81.05,89086.0
6633,V006634,Light Truck,4,3500,Diesel,74.4,196727.0
6634,V006635,Medium Truck,4,8000,Diesel,65.21,334283.0
6635,V006636,Light Truck,7,3500,Diesel,87.11,176305.0
6636,V006637,Light Truck,10,3500,Diesel,75.44,317888.0
6637,V006638,Van,8,1000,Petrol,72.54,181517.0
6638,V006639,Motorbike,5,50,Petrol,73.71,259653.0
6639,V006640,Light Truck,14,3500,Diesel,76.96,188526.0
6640,V006641,Light Truck,4,3500,Diesel,81.85,156077.0
6641,V006642,Van,0,1000,Petrol,93.91,103380.0
6642,V006643,Van,14,1000,Petrol,100.0,170932.0
6643,V006644,Heavy Truck,6,20000,Diesel,97.7,105130.0
6644,V006645,Van,14,1000,Petrol,61.35,194200.0
6645,V006646,Medium Truck,11,8000,Diesel,84.49,225643.0
6646,V006647,Medium Truck,8,8000,Diesel,85.93,143891.0
6647,V006648,Motorbike,7,50,Petrol,69.41,109178.0
6648,V006649,Light Truck,11,3500,Diesel,92.28,179651.0
6649,V006650,Light Truck,13,3500,Diesel,99.36,27442.0
6650,V006651,Medium Truck,4,8000,Diesel,85.43,189011.0
6651,V006652,Light Truck,3,3500,Diesel,79.74,93945.0
6652,V006653,Light Truck,10,3500,Diesel,68.09,229194.0
6653,V006654,Van,11,1000,Petrol,80.86,311200.0
6654,V006655,Motorbike,6,50,Petrol,98.04,185591.0
6655,V006656,Van,2,1000,Petrol,57.24,113705.0
6656,V006657,Van,1,1000,Petrol,77.51,93856.0
6657,V006658,Motorbike,13,50,Petrol,80.5,278181.0
6658,V006659,Motorbike,4,50,Petrol,100.0,279811.0
6659,V006660,Van,2,1000,Petrol,88.25,77102.0
6660,V006661,Medium Truck,12,8000,Diesel,96.17,90167.0
6661,V006662,Light Truck,4,3500,Diesel,83.98,49045.0
6662,V006663,Medium Truck,6,8000,Diesel,87.32,184313.0
6663,V006664,Light Truck,13,3500,Diesel,87.17,220787.0
6664,V006665,Medium Truck,10,8000,Diesel,77.18,297418.0
6665,V006666,Medium Truck,4,8000,Diesel,53.83,264274.0
6666,V006667,Light Truck,0,3500,Diesel,77.82,20323.0
6667,V006668,Van,11,1000,Petrol,72.93,238628.0
6668,V006669,Medium Truck,2,8000,Diesel,83.25,52606.0
6669,V006670,Light Truck,11,3500,Diesel,82.77,192659.0
6670,V006671,Light Truck,8,3500,Diesel,84.2,218923.0
6671,V006672,Medium Truck,3,8000,Diesel,88.8,218704.0
6672,V006673,Van,12,1000,Petrol,87.31,99859.0
6673,V006674,Light Truck,11,3500,Diesel,100.0,204232.0
6674,V006675,Heavy Truck,2,20000,Diesel,83.16,246288.0
6675,V006676,Motorbike,10,50,Petrol,100.0,93650.0
6676,V006677,Heavy Truck,14,20000,Diesel,79.24,259510.0
6677,V006678,Medium Truck,5,8000,Diesel,65.04,33787.0
6678,V006679,Light Truck,8,3500,Diesel,100.0,216186.0
6679,V006680,Medium Truck,12,8000,Diesel,62.09,196215.0
6680,V006681,Van,13,1000,Petrol,85.25,57947.0
6681,V006682,Van,6,1000,Petrol,73.73,33601.0
6682,V006683,Light Truck,6,3500,Diesel,71.76,199808.0
6683,V006684,Heavy Truck,11,20000,Diesel,90.14,319758.0
6684,V006685,Medium Truck,12,8000,Diesel,80.34,196214.0
6685,V006686,Medium Truck,5,8000,Diesel,90.49,239380.0
6686,V006687,Van,3,1000,Petrol,100.0,149147.0
6687,V006688,Medium Truck,11,8000,Diesel,90.1,245574.0
6688,V006689,Van,4,1000,Petrol,82.29,145483.0
6689,V006690,Heavy Truck,0,20000,Diesel,71.95,136060.0
6690,V006691,Van,7,1000,Petrol,76.03,108990.0
6691,V006692,Van,6,1000,Petrol,70.04,158015.0
6692,V006693,Light Truck,4,3500,Diesel,70.7,73795.0
6693,V006694,Light Truck,5,3500,Diesel,69.03,162218.0
6694,V006695,Medium Truck,11,8000,Diesel,50.03,22793.0
6695,V006696,Medium Truck,14,8000,Diesel,84.31,344961.0
6696,V006697,Motorbike,9,50,Petrol,99.96,254087.0
6697,V006698,Medium Truck,0,8000,Diesel,94.63,260364.0
6698,V006699,Medium Truck,11,8000,Diesel,82.26,98817.0
6699,V006700,Light Truck,1,3500,Diesel,85.04,216773.0
6700,V006701,Heavy Truck,2,20000,Diesel,79.38,48050.0
6701,V006702,Light Truck,13,3500,Diesel,77.82,227660.0
6702,V006703,Van,10,1000,Petrol,69.77,146772.0
6703,V006704,Light Truck,12,3500,Diesel,98.42,16237.0
6704,V006705,Van,11,1000,Petrol,77.41,277719.0
6705,V006706,Van,9,1000,Petrol,94.27,284885.0
6706,V006707,Van,0,1000,Petrol,55.99,311386.0
6707,V006708,Light Truck,11,3500,Diesel,76.96,353376.0
6708,V006709,Van,3,1000,Petrol,92.44,140958.0
6709,V006710,Medium Truck,8,8000,Diesel,71.91,335764.0
6710,V006711,Medium Truck,7,8000,Diesel,68.33,155085.0
6711,V006712,Medium Truck,13,8000,Diesel,77.9,151106.0
6712,V006713,Heavy Truck,5,20000,Diesel,66.74,176724.0
6713,V006714,Van,14,1000,Petrol,91.65,227881.0
6714,V006715,Medium Truck,10,8000,Diesel,100.0,127759.0
6715,V006716,Medium Truck,8,8000,Diesel,78.51,216311.0
6716,V006717,Motorbike,11,50,Petrol,78.32,226094.0
6717,V006718,Light Truck,14,3500,Diesel,73.87,1000.0
6718,V006719,Van,13,1000,Petrol,100.0,171905.0
6719,V006720,Light Truck,1,3500,Diesel,94.32,255082.0
6720,V006721,Heavy Truck,10,20000,Diesel,77.69,192415.0
6721,V006722,Medium Truck,1,8000,Diesel,80.37,230665.0
6722,V006723,Medium Truck,6,8000,Diesel,93.6,201388.0
6723,V006724,Van,14,1000,Petrol,100.0,339716.0
6724,V006725,Van,0,1000,Petrol,100.0,328877.0
6725,V006726,Medium Truck,0,8000,Diesel,82.05,116151.0
6726,V006727,Van,7,1000,Petrol,61.48,115096.0
6727,V006728,Van,4,1000,Petrol,80.12,126291.0
6728,V006729,Medium Truck,9,8000,Diesel,89.8,133632.0
6729,V006730,Light Truck,2,3500,Diesel,98.11,149938.0
6730,V006731,Heavy Truck,12,20000,Diesel,68.59,352039.0
6731,V006732,Medium Truck,9,8000,Diesel,73.7,199449.0
6732,V006733,Medium Truck,8,8000,Diesel,71.29,344681.0
6733,V006734,Motorbike,3,50,Petrol,97.14,217631.0
6734,V006735,Van,13,1000,Petrol,71.56,224708.0
6735,V006736,Light Truck,11,3500,Diesel,85.48,202121.0
6736,V006737,Light Truck,0,3500,Diesel,80.15,261763.0
6737,V006738,Medium Truck,12,8000,Diesel,87.89,198777.0
6738,V006739,Medium Truck,10,8000,Diesel,91.46,314963.0
6739,V006740,Heavy Truck,4,20000,Diesel,80.58,1000.0
6740,V006741,Heavy Truck,14,20000,Diesel,86.25,149617.0
6741,V006742,Light Truck,8,3500,Diesel,100.0,79598.0
6742,V006743,Heavy Truck,7,20000,Diesel,85.32,174677.0
6743,V006744,Van,13,1000,Petrol,76.05,128125.0
6744,V006745,Light Truck,0,3500,Diesel,87.88,88996.0
6745,V006746,Light Truck,14,3500,Diesel,78.61,15542.0
6746,V006747,Heavy Truck,14,20000,Diesel,78.61,161144.0
6747,V006748,Van,4,1000,Petrol,68.41,118866.0
6748,V006749,Medium Truck,2,8000,Diesel,75.57,115425.0
6749,V006750,Medium Truck,11,8000,Diesel,84.8,84200.0
6750,V006751,Light Truck,8,3500,Diesel,70.12,73871.0
6751,V006752,Light Truck,5,3500,Diesel,77.63,247559.0
6752,V006753,Light Truck,7,3500,Diesel,100.0,10846.0
6753,V006754,Medium Truck,11,8000,Diesel,90.49,93832.0
6754,V006755,Van,10,1000,Petrol,84.52,234579.0
6755,V006756,Light Truck,13,3500,Diesel,68.05,346801.0
6756,V006757,Van,2,1000,Petrol,77.26,154191.0
6757,V006758,Light Truck,0,3500,Diesel,78.94,202085.0
6758,V006759,Motorbike,7,50,Petrol,76.54,180806.0
6759,V006760,Medium Truck,2,8000,Diesel,88.94,159518.0
6760,V006761,Motorbike,10,50,Petrol,63.76,32627.0
6761,V006762,Light Truck,3,3500,Diesel,85.36,111154.0
6762,V006763,Van,4,1000,Petrol,89.69,271334.0
6763,V006764,Heavy Truck,4,20000,Diesel,73.67,264509.0
6764,V006765,Medium Truck,13,8000,Diesel,72.81,135512.0
6765,V006766,Light Truck,14,3500,Diesel,80.94,43770.0
6766,V006767,Light Truck,10,3500,Diesel,88.38,229571.0
6767,V006768,Van,6,1000,Petrol,99.37,187617.0
6768,V006769,Heavy Truck,7,20000,Diesel,94.27,108247.0
6769,V006770,Medium Truck,11,8000,Diesel,92.66,254031.0
6770,V006771,Light Truck,5,3500,Diesel,90.66,135121.0
6771,V006772,Medium Truck,0,8000,Diesel,78.17,122285.0
6772,V006773,Van,3,1000,Petrol,68.64,178179.0
6773,V006774,Medium Truck,11,8000,Diesel,71.27,71432.0
6774,V006775,Van,7,1000,Petrol,80.73,7689.0
6775,V006776,Van,11,1000,Petrol,72.45,299417.0
6776,V006777,Van,6,1000,Petrol,99.27,120115.0
6777,V006778,Light Truck,14,3500,Diesel,87.99,208161.0
6778,V006779,Van,2,1000,Petrol,86.85,334792.0
6779,V006780,Heavy Truck,7,20000,Diesel,100.0,201851.0
6780,V006781,Medium Truck,12,8000,Diesel,81.36,169150.0
6781,V006782,Heavy Truck,7,20000,Diesel,96.43,92911.0
6782,V006783,Van,6,1000,Petrol,65.83,304858.0
6783,V006784,Light Truck,4,3500,Diesel,79.98,182682.0
6784,V006785,Light Truck,12,3500,Diesel,69.77,181408.0
6785,V006786,Light Truck,4,3500,Diesel,68.0,259276.0
6786,V006787,Medium Truck,5,8000,Diesel,60.35,220669.0
6787,V006788,Medium Truck,11,8000,Diesel,92.81,210541.0
6788,V006789,Heavy Truck,5,20000,Diesel,73.4,211504.0
6789,V006790,Van,2,1000,Petrol,90.13,275946.0
6790,V006791,Van,5,1000,Petrol,86.39,141378.0
6791,V006792,Light Truck,1,3500,Diesel,80.74,142820.0
6792,V006793,Light Truck,12,3500,Diesel,86.88,115006.0
6793,V006794,Medium Truck,14,8000,Diesel,71.59,162597.0
6794,V006795,Van,10,1000,Petrol,78.71,233766.0
6795,V006796,Light Truck,3,3500,Diesel,79.81,265158.0
6796,V006797,Light Truck,2,3500,Diesel,82.6,358708.0
6797,V006798,Van,10,1000,Petrol,65.89,133340.0
6798,V006799,Light Truck,1,3500,Diesel,79.21,88260.0
6799,V006800,Medium Truck,7,8000,Diesel,91.59,124080.0
6800,V006801,Van,0,1000,Petrol,78.79,126506.0
6801,V006802,Van,10,1000,Petrol,86.49,121432.0
6802,V006803,Medium Truck,13,8000,Diesel,73.08,98609.0
6803,V006804,Light Truck,3,3500,Diesel,100.0,1000.0
6804,V006805,Light Truck,6,3500,Diesel,84.35,143875.0
6805,V006806,Light Truck,12,3500,Diesel,75.95,123579.0
6806,V006807,Van,9,1000,Petrol,77.19,200500.0
6807,V006808,Van,9,1000,Petrol,81.33,107688.0
6808,V006809,Medium Truck,6,8000,Diesel,90.08,118535.0
6809,V006810,Light Truck,2,3500,Diesel,90.14,15930.0
6810,V006811,Light Truck,10,3500,Diesel,83.73,198405.0
6811,V006812,Medium Truck,11,8000,Diesel,100.0,201152.0
6812,V006813,Light Truck,6,3500,Diesel,68.75,123498.0
6813,V006814,Medium Truck,11,8000,Diesel,85.49,179481.0
6814,V006815,Heavy Truck,0,20000,Diesel,89.69,286653.0
6815,V006816,Light Truck,14,3500,Diesel,70.81,321586.0
6816,V006817,Van,13,1000,Petrol,70.18,299720.0
6817,V006818,Light Truck,13,3500,Diesel,81.29,236355.0
6818,V006819,Light Truck,4,3500,Diesel,86.05,135974.0
6819,V006820,Medium Truck,2,8000,Diesel,100.0,175892.0
6820,V006821,Van,7,1000,Petrol,79.98,219645.0
6821,V006822,Van,9,1000,Petrol,82.5,14361.0
6822,V006823,Light Truck,0,3500,Diesel,96.57,82557.0
6823,V006824,Van,4,1000,Petrol,84.04,38477.0
6824,V006825,Light Truck,13,3500,Diesel,70.09,260612.0
6825,V006826,Light Truck,5,3500,Diesel,79.15,88676.0
6826,V006827,Medium Truck,2,8000,Diesel,90.14,216441.0
6827,V006828,Heavy Truck,2,20000,Diesel,86.96,177725.0
6828,V006829,Medium Truck,11,8000,Diesel,88.29,179321.0
6829,V006830,Van,7,1000,Petrol,83.96,144057.0
6830,V006831,Medium Truck,12,8000,Diesel,86.68,63261.0
6831,V006832,Van,2,1000,Petrol,67.9,217092.0
6832,V006833,Van,13,1000,Petrol,68.34,102577.0
6833,V006834,Light Truck,5,3500,Diesel,81.37,298495.0
6834,V006835,Light Truck,5,3500,Diesel,90.28,235221.0
6835,V006836,Heavy Truck,4,20000,Diesel,62.78,208191.0
6836,V006837,Medium Truck,12,8000,Diesel,70.29,283462.0
6837,V006838,Motorbike,1,50,Petrol,72.02,76460.0
6838,V006839,Heavy Truck,4,20000,Diesel,80.15,136230.0
6839,V006840,Heavy Truck,8,20000,Diesel,76.24,168820.0
6840,V006841,Light Truck,11,3500,Diesel,100.0,204096.0
6841,V006842,Heavy Truck,9,20000,Diesel,68.78,130457.0
6842,V006843,Heavy Truck,5,20000,Diesel,69.05,139704.0
6843,V006844,Heavy Truck,3,20000,Diesel,65.43,255216.0
6844,V006845,Medium Truck,7,8000,Diesel,81.5,327198.0
6845,V006846,Van,7,1000,Petrol,62.75,198615.0
6846,V006847,Van,6,1000,Petrol,83.49,230988.0
6847,V006848,Light Truck,14,3500,Diesel,93.88,100502.0
6848,V006849,Van,5,1000,Petrol,80.58,129946.0
6849,V006850,Heavy Truck,4,20000,Diesel,85.88,293148.0
6850,V006851,Van,10,1000,Petrol,55.48,122163.0
6851,V006852,Medium Truck,14,8000,Diesel,83.89,105339.0
6852,V006853,Van,11,1000,Petrol,80.23,207317.0
6853,V006854,Light Truck,9,3500,Diesel,64.11,291861.0
6854,V006855,Medium Truck,0,8000,Diesel,69.59,86254.0
6855,V006856,Light Truck,1,3500,Diesel,90.32,159848.0
6856,V006857,Van,10,1000,Petrol,80.06,179583.0
6857,V006858,Van,0,1000,Petrol,51.67,160947.0
6858,V006859,Van,3,1000,Petrol,95.31,108565.0
6859,V006860,Van,14,1000,Petrol,82.6,234802.0
6860,V006861,Motorbike,9,50,Petrol,82.77,183829.0
6861,V006862,Motorbike,3,50,Petrol,58.87,298834.0
6862,V006863,Heavy Truck,11,20000,Diesel,88.94,113979.0
6863,V006864,Van,6,1000,Petrol,71.33,179178.0
6864,V006865,Van,10,1000,Petrol,85.27,272552.0
6865,V006866,Van,1,1000,Petrol,63.64,295421.0
6866,V006867,Light Truck,13,3500,Diesel,72.86,237139.0
6867,V006868,Heavy Truck,14,20000,Diesel,85.56,301387.0
6868,V006869,Van,6,1000,Petrol,75.74,228203.0
6869,V006870,Light Truck,3,3500,Diesel,68.01,135305.0
6870,V006871,Van,3,1000,Petrol,72.81,184574.0
6871,V006872,Light Truck,11,3500,Diesel,76.82,211165.0
6872,V006873,Light Truck,5,3500,Diesel,94.19,135915.0
6873,V006874,Van,10,1000,Petrol,92.23,1000.0
6874,V006875,Van,2,1000,Petrol,68.13,249706.0
6875,V006876,Medium Truck,0,8000,Diesel,61.8,333673.0
6876,V006877,Van,6,1000,Petrol,81.97,125733.0
6877,V006878,Van,8,1000,Petrol,67.95,110383.0
6878,V006879,Van,1,1000,Petrol,92.68,101362.0
6879,V006880,Light Truck,8,3500,Diesel,92.75,164519.0
6880,V006881,Van,14,1000,Petrol,75.1,73441.0
6881,V006882,Medium Truck,2,8000,Diesel,79.36,149544.0
6882,V006883,Motorbike,3,50,Petrol,99.33,81767.0
6883,V006884,Light Truck,13,3500,Diesel,62.84,235501.0
6884,V006885,Van,13,1000,Petrol,58.5,243647.0
6885,V006886,Van,4,1000,Petrol,91.04,93343.0
6886,V006887,Medium Truck,4,8000,Diesel,100.0,115702.0
6887,V006888,Light Truck,11,3500,Diesel,85.58,201383.0
6888,V006889,Heavy Truck,11,20000,Diesel,93.5,129703.0
6889,V006890,Van,13,1000,Petrol,85.72,75748.0
6890,V006891,Van,4,1000,Petrol,91.87,175605.0
6891,V006892,Medium Truck,11,8000,Diesel,79.61,187902.0
6892,V006893,Van,6,1000,Petrol,84.51,167737.0
6893,V006894,Medium Truck,4,8000,Diesel,85.49,121766.0
6894,V006895,Van,14,1000,Petrol,81.97,83281.0
6895,V006896,Light Truck,1,3500,Diesel,62.26,50277.0
6896,V006897,Motorbike,14,50,Petrol,64.42,207643.0
6897,V006898,Van,0,1000,Petrol,79.64,162169.0
6898,V006899,Heavy Truck,9,20000,Diesel,75.49,233150.0
6899,V006900,Van,13,1000,Petrol,85.02,153266.0
6900,V006901,Van,13,1000,Petrol,83.87,165259.0
6901,V006902,Van,4,1000,Petrol,89.07,230127.0
6902,V006903,Heavy Truck,2,20000,Diesel,100.0,210721.0
6903,V006904,Van,8,1000,Petrol,83.47,224884.0
6904,V006905,Medium Truck,9,8000,Diesel,98.07,178923.0
6905,V006906,Light Truck,11,3500,Diesel,100.0,187946.0
6906,V006907,Heavy Truck,0,20000,Diesel,53.57,249848.0
6907,V006908,Light Truck,6,3500,Diesel,95.46,145084.0
6908,V006909,Motorbike,4,50,Petrol,70.92,171412.0
6909,V006910,Heavy Truck,11,20000,Diesel,78.89,296939.0
6910,V006911,Light Truck,4,3500,Diesel,100.0,89882.0
6911,V006912,Motorbike,13,50,Petrol,72.35,205892.0
6912,V006913,Medium Truck,4,8000,Diesel,91.98,94233.0
6913,V006914,Van,12,1000,Petrol,55.19,156936.0
6914,V006915,Heavy Truck,9,20000,Diesel,66.99,241376.0
6915,V006916,Light Truck,3,3500,Diesel,68.98,1000.0
6916,V006917,Van,13,1000,Petrol,62.16,403233.0
6917,V006918,Light Truck,10,3500,Diesel,92.19,164386.0
6918,V006919,Medium Truck,7,8000,Diesel,80.62,150983.0
6919,V006920,Medium Truck,5,8000,Diesel,66.8,318366.0
6920,V006921,Light Truck,13,3500,Diesel,57.15,319061.0
6921,V006922,Van,6,1000,Petrol,100.0,151309.0
6922,V006923,Medium Truck,12,8000,Diesel,86.18,286592.0
6923,V006924,Van,3,1000,Petrol,92.25,235985.0
6924,V006925,Van,8,1000,Petrol,81.78,231219.0
6925,V006926,Medium Truck,1,8000,Diesel,87.73,223678.0
6926,V006927,Light Truck,6,3500,Diesel,100.0,256673.0
6927,V006928,Van,9,1000,Petrol,88.12,99566.0
6928,V006929,Motorbike,2,50,Petrol,55.83,88789.0
6929,V006930,Van,13,1000,Petrol,70.31,121726.0
6930,V006931,Light Truck,10,3500,Diesel,73.44,219924.0
6931,V006932,Van,14,1000,Petrol,88.8,278739.0
6932,V006933,Light Truck,2,3500,Diesel,82.25,242995.0
6933,V006934,Light Truck,8,3500,Diesel,71.58,89356.0
6934,V006935,Medium Truck,0,8000,Diesel,82.68,244849.0
6935,V006936,Heavy Truck,5,20000,Diesel,100.0,133148.0
6936,V006937,Light Truck,6,3500,Diesel,86.11,90057.0
6937,V006938,Light Truck,12,3500,Diesel,91.89,268117.0
6938,V006939,Van,2,1000,Petrol,90.76,265525.0
6939,V006940,Medium Truck,1,8000,Diesel,77.25,236087.0
6940,V006941,Van,3,1000,Petrol,97.16,230938.0
6941,V006942,Medium Truck,4,8000,Diesel,87.22,269878.0
6942,V006943,Medium Truck,1,8000,Diesel,61.48,65518.0
6943,V006944,Van,1,1000,Petrol,65.71,71408.0
6944,V006945,Medium Truck,12,8000,Diesel,98.68,198275.0
6945,V006946,Medium Truck,0,8000,Diesel,87.95,316491.0
6946,V006947,Van,2,1000,Petrol,74.81,136155.0
6947,V006948,Medium Truck,0,8000,Diesel,68.84,261024.0
6948,V006949,Light Truck,10,3500,Diesel,75.4,196973.0
6949,V006950,Van,0,1000,Petrol,86.65,12098.0
6950,V006951,Medium Truck,9,8000,Diesel,81.49,175681.0
6951,V006952,Heavy Truck,3,20000,Diesel,94.67,209824.0
6952,V006953,Van,0,1000,Petrol,88.16,139702.0
6953,V006954,Van,11,1000,Petrol,80.06,202221.0
6954,V006955,Motorbike,3,50,Petrol,77.66,142170.0
6955,V006956,Heavy Truck,10,20000,Diesel,75.52,39915.0
6956,V006957,Light Truck,7,3500,Diesel,91.9,158060.0
6957,V006958,Van,12,1000,Petrol,79.8,92585.0
6958,V006959,Van,7,1000,Petrol,75.47,253399.0
6959,V006960,Heavy Truck,12,20000,Diesel,78.81,127988.0
6960,V006961,Van,6,1000,Petrol,81.5,1000.0
6961,V006962,Van,11,1000,Petrol,91.07,103049.0
6962,V006963,Van,5,1000,Petrol,86.96,264635.0
6963,V006964,Light Truck,14,3500,Diesel,85.98,171852.0
6964,V006965,Van,11,1000,Petrol,72.18,14191.0
6965,V006966,Motorbike,14,50,Petrol,96.32,160334.0
6966,V006967,Light Truck,14,3500,Diesel,74.86,165306.0
6967,V006968,Heavy Truck,11,20000,Diesel,67.59,67192.0
6968,V006969,Motorbike,13,50,Petrol,93.77,150657.0
6969,V006970,Motorbike,5,50,Petrol,90.1,133304.0
6970,V006971,Medium Truck,7,8000,Diesel,80.26,224139.0
6971,V006972,Motorbike,8,50,Petrol,98.01,193986.0
6972,V006973,Medium Truck,5,8000,Diesel,74.9,63961.0
6973,V006974,Medium Truck,8,8000,Diesel,61.04,226440.0
6974,V006975,Heavy Truck,5,20000,Diesel,77.05,245674.0
6975,V006976,Medium Truck,8,8000,Diesel,65.61,193680.0
6976,V006977,Light Truck,2,3500,Diesel,87.26,191442.0
6977,V006978,Van,10,1000,Petrol,85.14,239228.0
6978,V006979,Medium Truck,13,8000,Diesel,100.0,171749.0
6979,V006980,Medium Truck,12,8000,Diesel,80.07,241278.0
6980,V006981,Medium Truck,5,8000,Diesel,61.19,297657.0
6981,V006982,Van,14,1000,Petrol,100.0,94505.0
6982,V006983,Van,1,1000,Petrol,87.44,166463.0
6983,V006984,Light Truck,11,3500,Diesel,94.75,199580.0
6984,V006985,Light Truck,14,3500,Diesel,71.25,171209.0
6985,V006986,Van,2,1000,Petrol,100.0,133447.0
6986,V006987,Van,0,1000,Petrol,73.87,245564.0
6987,V006988,Heavy Truck,14,20000,Diesel,67.51,199492.0
6988,V006989,Medium Truck,1,8000,Diesel,73.21,352502.0
6989,V006990,Van,1,1000,Petrol,96.19,347097.0
6990,V006991,Medium Truck,11,8000,Diesel,84.59,124302.0
6991,V006992,Van,12,1000,Petrol,88.15,1000.0
6992,V006993,Motorbike,10,50,Petrol,94.06,279700.0
6993,V006994,Van,14,1000,Petrol,65.15,28863.0
6994,V006995,Light Truck,1,3500,Diesel,97.39,178266.0
6995,V006996,Light Truck,7,3500,Diesel,80.92,282296.0
6996,V006997,Medium Truck,14,8000,Diesel,57.24,293644.0
6997,V006998,Van,2,1000,Petrol,81.45,151349.0
6998,V006999,Light Truck,13,3500,Diesel,73.26,231827.0
6999,V007000,Van,11,1000,Petrol,86.2,56540.0
7000,V007001,Van,10,1000,Petrol,85.97,259390.0
7001,V007002,Light Truck,13,3500,Diesel,92.04,166179.0
7002,V007003,Medium Truck,10,8000,Diesel,73.12,102218.0
7003,V007004,Medium Truck,4,8000,Diesel,73.63,247290.0
7004,V007005,Van,13,1000,Petrol,95.22,161161.0
7005,V007006,Medium Truck,13,8000,Diesel,85.36,143443.0
7006,V007007,Light Truck,1,3500,Diesel,73.36,94884.0
7007,V007008,Motorbike,7,50,Petrol,76.17,2100.0
7008,V007009,Medium Truck,8,8000,Diesel,74.64,64760.0
7009,V007010,Medium Truck,3,8000,Diesel,70.81,130519.0
7010,V007011,Van,7,1000,Petrol,62.3,151005.0
7011,V007012,Light Truck,10,3500,Diesel,92.23,295482.0
7012,V007013,Motorbike,4,50,Petrol,85.18,77096.0
7013,V007014,Medium Truck,5,8000,Diesel,98.27,173861.0
7014,V007015,Van,3,1000,Petrol,75.04,182386.0
7015,V007016,Medium Truck,12,8000,Diesel,82.48,46348.0
7016,V007017,Light Truck,2,3500,Diesel,81.51,224427.0
7017,V007018,Van,5,1000,Petrol,81.82,1000.0
7018,V007019,Medium Truck,11,8000,Diesel,83.18,273383.0
7019,V007020,Medium Truck,11,8000,Diesel,72.9,339415.0
7020,V007021,Van,1,1000,Petrol,97.49,260698.0
7021,V007022,Van,9,1000,Petrol,80.88,241623.0
7022,V007023,Medium Truck,8,8000,Diesel,92.0,220074.0
7023,V007024,Light Truck,0,3500,Diesel,82.67,73839.0
7024,V007025,Light Truck,7,3500,Diesel,91.18,12913.0
7025,V007026,Motorbike,5,50,Petrol,70.81,156387.0
7026,V007027,Van,2,1000,Petrol,83.76,204823.0
7027,V007028,Van,11,1000,Petrol,80.14,116550.0
7028,V007029,Light Truck,8,3500,Diesel,71.15,95441.0
7029,V007030,Van,0,1000,Petrol,88.48,246092.0
7030,V007031,Heavy Truck,6,20000,Diesel,70.33,221196.0
7031,V007032,Medium Truck,14,8000,Diesel,72.99,43935.0
7032,V007033,Heavy Truck,5,20000,Diesel,93.77,109598.0
7033,V007034,Van,4,1000,Petrol,84.87,238235.0
7034,V007035,Van,3,1000,Petrol,83.18,169198.0
7035,V007036,Light Truck,13,3500,Diesel,87.43,148268.0
7036,V007037,Light Truck,12,3500,Diesel,86.06,76282.0
7037,V007038,Van,7,1000,Petrol,100.0,176841.0
7038,V007039,Medium Truck,1,8000,Diesel,95.71,380713.0
7039,V007040,Heavy Truck,0,20000,Diesel,86.8,111239.0
7040,V007041,Van,11,1000,Petrol,78.73,136425.0
7041,V007042,Van,13,1000,Petrol,96.31,147808.0
7042,V007043,Light Truck,12,3500,Diesel,69.42,26351.0
7043,V007044,Van,13,1000,Petrol,100.0,44763.0
7044,V007045,Light Truck,1,3500,Diesel,70.59,192465.0
7045,V007046,Van,4,1000,Petrol,80.52,222167.0
7046,V007047,Light Truck,4,3500,Diesel,49.49,235140.0
7047,V007048,Light Truck,8,3500,Diesel,91.85,225920.0
7048,V007049,Light Truck,11,3500,Diesel,64.22,96185.0
7049,V007050,Heavy Truck,6,20000,Diesel,82.02,376416.0
7050,V007051,Light Truck,8,3500,Diesel,85.89,160942.0
7051,V007052,Medium Truck,4,8000,Diesel,87.5,102402.0
7052,V007053,Van,9,1000,Petrol,88.39,19835.0
7053,V007054,Van,2,1000,Petrol,49.68,149222.0
7054,V007055,Medium Truck,12,8000,Diesel,94.34,254176.0
7055,V007056,Van,7,1000,Petrol,100.0,189710.0
7056,V007057,Heavy Truck,7,20000,Diesel,92.17,54007.0
7057,V007058,Van,2,1000,Petrol,78.22,233016.0
7058,V007059,Van,1,1000,Petrol,81.06,129630.0
7059,V007060,Van,7,1000,Petrol,91.4,322772.0
7060,V007061,Light Truck,10,3500,Diesel,80.56,276397.0
7061,V007062,Van,1,1000,Petrol,87.94,141984.0
7062,V007063,Medium Truck,13,8000,Diesel,86.03,362094.0
7063,V007064,Medium Truck,13,8000,Diesel,64.11,132033.0
7064,V007065,Light Truck,2,3500,Diesel,93.17,243657.0
7065,V007066,Light Truck,11,3500,Diesel,62.44,181479.0
7066,V007067,Light Truck,6,3500,Diesel,91.15,236788.0
7067,V007068,Van,11,1000,Petrol,84.39,322371.0
7068,V007069,Medium Truck,9,8000,Diesel,97.45,53205.0
7069,V007070,Motorbike,13,50,Petrol,60.44,1000.0
7070,V007071,Light Truck,11,3500,Diesel,81.64,192061.0
7071,V007072,Van,10,1000,Petrol,67.18,1000.0
7072,V007073,Light Truck,10,3500,Diesel,88.57,262111.0
7073,V007074,Medium Truck,14,8000,Diesel,80.41,43994.0
7074,V007075,Medium Truck,13,8000,Diesel,76.97,104000.0
7075,V007076,Light Truck,4,3500,Diesel,47.61,162001.0
7076,V007077,Van,4,1000,Petrol,89.01,133824.0
7077,V007078,Medium Truck,13,8000,Diesel,86.96,289677.0
7078,V007079,Medium Truck,11,8000,Diesel,82.82,215705.0
7079,V007080,Medium Truck,5,8000,Diesel,89.62,184408.0
7080,V007081,Light Truck,3,3500,Diesel,71.56,241394.0
7081,V007082,Motorbike,9,50,Petrol,90.29,175804.0
7082,V007083,Medium Truck,7,8000,Diesel,72.93,164097.0
7083,V007084,Van,13,1000,Petrol,97.08,444429.0
7084,V007085,Heavy Truck,7,20000,Diesel,83.44,265956.0
7085,V007086,Light Truck,9,3500,Diesel,73.09,248487.0
7086,V007087,Van,7,1000,Petrol,53.3,186653.0
7087,V007088,Van,10,1000,Petrol,76.36,181028.0
7088,V007089,Medium Truck,14,8000,Diesel,96.73,153847.0
7089,V007090,Medium Truck,13,8000,Diesel,88.52,270021.0
7090,V007091,Van,11,1000,Petrol,90.04,262872.0
7091,V007092,Heavy Truck,9,20000,Diesel,79.7,151498.0
7092,V007093,Van,3,1000,Petrol,63.22,329435.0
7093,V007094,Medium Truck,9,8000,Diesel,76.39,198932.0
7094,V007095,Medium Truck,4,8000,Diesel,75.65,172907.0
7095,V007096,Heavy Truck,3,20000,Diesel,62.06,338055.0
7096,V007097,Medium Truck,6,8000,Diesel,84.54,175100.0
7097,V007098,Heavy Truck,4,20000,Diesel,61.61,340536.0
7098,V007099,Medium Truck,9,8000,Diesel,78.31,434964.0
7099,V007100,Medium Truck,14,8000,Diesel,60.94,269398.0
7100,V007101,Van,4,1000,Petrol,63.98,86094.0
7101,V007102,Van,0,1000,Petrol,60.92,309890.0
7102,V007103,Medium Truck,2,8000,Diesel,75.94,131091.0
7103,V007104,Van,11,1000,Petrol,99.33,86515.0
7104,V007105,Van,2,1000,Petrol,88.67,207245.0
7105,V007106,Medium Truck,12,8000,Diesel,89.51,445887.0
7106,V007107,Medium Truck,11,8000,Diesel,78.16,274116.0
7107,V007108,Light Truck,8,3500,Diesel,80.61,123003.0
7108,V007109,Medium Truck,10,8000,Diesel,96.95,360348.0
7109,V007110,Van,9,1000,Petrol,56.68,79099.0
7110,V007111,Light Truck,6,3500,Diesel,83.97,196407.0
7111,V007112,Van,14,1000,Petrol,56.39,68796.0
7112,V007113,Light Truck,13,3500,Diesel,73.29,153802.0
7113,V007114,Motorbike,9,50,Petrol,73.57,303484.0
7114,V007115,Van,5,1000,Petrol,89.46,29483.0
7115,V007116,Light Truck,6,3500,Diesel,82.07,114993.0
7116,V007117,Light Truck,12,3500,Diesel,68.12,197832.0
7117,V007118,Van,11,1000,Petrol,98.19,292958.0
7118,V007119,Van,8,1000,Petrol,89.12,1000.0
7119,V007120,Light Truck,14,3500,Diesel,77.83,178642.0
7120,V007121,Medium Truck,2,8000,Diesel,79.18,294339.0
7121,V007122,Medium Truck,2,8000,Diesel,91.45,74187.0
7122,V007123,Medium Truck,11,8000,Diesel,76.84,152726.0
7123,V007124,Heavy Truck,10,20000,Diesel,83.08,110132.0
7124,V007125,Light Truck,3,3500,Diesel,64.92,194673.0
7125,V007126,Medium Truck,4,8000,Diesel,80.21,299846.0
7126,V007127,Light Truck,0,3500,Diesel,83.06,286369.0
7127,V007128,Medium Truck,1,8000,Diesel,90.4,37521.0
7128,V007129,Medium Truck,1,8000,Diesel,58.92,122009.0
7129,V007130,Van,9,1000,Petrol,91.58,342589.0
7130,V007131,Medium Truck,10,8000,Diesel,100.0,167696.0
7131,V007132,Van,4,1000,Petrol,73.19,278758.0
7132,V007133,Heavy Truck,8,20000,Diesel,84.36,247914.0
7133,V007134,Van,9,1000,Petrol,80.31,345659.0
7134,V007135,Van,4,1000,Petrol,82.88,268187.0
7135,V007136,Light Truck,8,3500,Diesel,78.61,240663.0
7136,V007137,Light Truck,1,3500,Diesel,90.64,162621.0
7137,V007138,Van,13,1000,Petrol,84.03,58893.0
7138,V007139,Van,7,1000,Petrol,91.85,157622.0
7139,V007140,Light Truck,5,3500,Diesel,93.48,253478.0
7140,V007141,Light Truck,7,3500,Diesel,61.37,231922.0
7141,V007142,Medium Truck,1,8000,Diesel,61.03,97441.0
7142,V007143,Medium Truck,0,8000,Diesel,85.0,208106.0
7143,V007144,Van,5,1000,Petrol,84.01,252629.0
7144,V007145,Heavy Truck,14,20000,Diesel,84.74,152890.0
7145,V007146,Van,11,1000,Petrol,82.47,209650.0
7146,V007147,Light Truck,1,3500,Diesel,93.89,335675.0
7147,V007148,Medium Truck,2,8000,Diesel,71.03,254476.0
7148,V007149,Medium Truck,7,8000,Diesel,92.48,123988.0
7149,V007150,Heavy Truck,6,20000,Diesel,66.95,186090.0
7150,V007151,Van,2,1000,Petrol,71.15,248279.0
7151,V007152,Medium Truck,13,8000,Diesel,98.48,256379.0
7152,V007153,Van,4,1000,Petrol,45.62,449444.0
7153,V007154,Medium Truck,11,8000,Diesel,74.1,340957.0
7154,V007155,Motorbike,9,50,Petrol,69.7,148504.0
7155,V007156,Light Truck,14,3500,Diesel,83.06,213959.0
7156,V007157,Van,3,1000,Petrol,81.26,290310.0
7157,V007158,Van,1,1000,Petrol,93.73,328862.0
7158,V007159,Medium Truck,9,8000,Diesel,77.13,38496.0
7159,V007160,Medium Truck,14,8000,Diesel,89.33,122653.0
7160,V007161,Medium Truck,9,8000,Diesel,69.57,185982.0
7161,V007162,Light Truck,0,3500,Diesel,64.85,283334.0
7162,V007163,Light Truck,6,3500,Diesel,86.76,201330.0
7163,V007164,Van,13,1000,Petrol,81.0,262994.0
7164,V007165,Van,1,1000,Petrol,85.25,174474.0
7165,V007166,Heavy Truck,2,20000,Diesel,78.46,107516.0
7166,V007167,Van,0,1000,Petrol,73.75,317062.0
7167,V007168,Light Truck,7,3500,Diesel,72.2,82219.0
7168,V007169,Light Truck,13,3500,Diesel,88.64,43349.0
7169,V007170,Light Truck,11,3500,Diesel,94.14,1000.0
7170,V007171,Light Truck,13,3500,Diesel,76.83,211717.0
7171,V007172,Light Truck,11,3500,Diesel,88.22,202436.0
7172,V007173,Medium Truck,3,8000,Diesel,68.93,300295.0
7173,V007174,Medium Truck,7,8000,Diesel,81.14,121525.0
7174,V007175,Light Truck,2,3500,Diesel,82.52,214628.0
7175,V007176,Van,3,1000,Petrol,87.26,115393.0
7176,V007177,Light Truck,13,3500,Diesel,75.18,150039.0
7177,V007178,Light Truck,11,3500,Diesel,71.22,50861.0
7178,V007179,Heavy Truck,10,20000,Diesel,62.93,173760.0
7179,V007180,Heavy Truck,4,20000,Diesel,51.42,87822.0
7180,V007181,Medium Truck,12,8000,Diesel,82.46,146803.0
7181,V007182,Light Truck,12,3500,Diesel,100.0,209303.0
7182,V007183,Light Truck,3,3500,Diesel,83.34,112612.0
7183,V007184,Motorbike,12,50,Petrol,82.23,171899.0
7184,V007185,Van,4,1000,Petrol,65.67,107683.0
7185,V007186,Medium Truck,4,8000,Diesel,67.28,142578.0
7186,V007187,Van,11,1000,Petrol,79.74,192816.0
7187,V007188,Medium Truck,12,8000,Diesel,85.54,239756.0
7188,V007189,Light Truck,2,3500,Diesel,90.51,208329.0
7189,V007190,Light Truck,4,3500,Diesel,68.2,204117.0
7190,V007191,Van,4,1000,Petrol,50.22,77117.0
7191,V007192,Light Truck,13,3500,Diesel,97.73,230787.0
7192,V007193,Medium Truck,6,8000,Diesel,68.87,247478.0
7193,V007194,Motorbike,4,50,Petrol,86.72,227618.0
7194,V007195,Light Truck,0,3500,Diesel,85.6,169272.0
7195,V007196,Light Truck,11,3500,Diesel,73.72,148059.0
7196,V007197,Light Truck,7,3500,Diesel,82.97,19561.0
7197,V007198,Van,11,1000,Petrol,76.75,138751.0
7198,V007199,Medium Truck,10,8000,Diesel,82.76,68212.0
7199,V007200,Light Truck,2,3500,Diesel,59.14,1704.0
7200,V007201,Medium Truck,11,8000,Diesel,89.33,137421.0
7201,V007202,Medium Truck,5,8000,Diesel,94.07,224033.0
7202,V007203,Motorbike,2,50,Petrol,72.89,241330.0
7203,V007204,Medium Truck,7,8000,Diesel,73.21,145674.0
7204,V007205,Medium Truck,2,8000,Diesel,61.37,86330.0
7205,V007206,Light Truck,4,3500,Diesel,86.39,289835.0
7206,V007207,Light Truck,14,3500,Diesel,86.56,128825.0
7207,V007208,Medium Truck,10,8000,Diesel,69.0,24473.0
7208,V007209,Van,1,1000,Petrol,100.0,147983.0
7209,V007210,Van,5,1000,Petrol,81.39,284631.0
7210,V007211,Medium Truck,7,8000,Diesel,93.59,164790.0
7211,V007212,Medium Truck,7,8000,Diesel,81.3,127906.0
7212,V007213,Medium Truck,14,8000,Diesel,84.36,1000.0
7213,V007214,Van,1,1000,Petrol,78.6,53870.0
7214,V007215,Medium Truck,14,8000,Diesel,99.17,103073.0
7215,V007216,Van,13,1000,Petrol,71.59,312887.0
7216,V007217,Light Truck,6,3500,Diesel,94.38,132449.0
7217,V007218,Van,14,1000,Petrol,90.17,4477.0
7218,V007219,Heavy Truck,1,20000,Diesel,92.76,92294.0
7219,V007220,Van,12,1000,Petrol,66.21,127277.0
7220,V007221,Heavy Truck,11,20000,Diesel,62.95,205166.0
7221,V007222,Medium Truck,5,8000,Diesel,100.0,167880.0
7222,V007223,Van,14,1000,Petrol,92.13,199896.0
7223,V007224,Medium Truck,5,8000,Diesel,68.16,294512.0
7224,V007225,Light Truck,12,3500,Diesel,81.51,72276.0
7225,V007226,Van,12,1000,Petrol,95.08,68672.0
7226,V007227,Van,4,1000,Petrol,75.29,213621.0
7227,V007228,Heavy Truck,7,20000,Diesel,84.83,271389.0
7228,V007229,Van,1,1000,Petrol,86.78,171777.0
7229,V007230,Light Truck,14,3500,Diesel,70.58,310052.0
7230,V007231,Light Truck,3,3500,Diesel,78.33,296135.0
7231,V007232,Van,10,1000,Petrol,75.17,181864.0
7232,V007233,Van,12,1000,Petrol,97.96,38396.0
7233,V007234,Light Truck,0,3500,Diesel,71.7,243625.0
7234,V007235,Light Truck,12,3500,Diesel,88.39,212686.0
7235,V007236,Medium Truck,12,8000,Diesel,90.89,76417.0
7236,V007237,Light Truck,13,3500,Diesel,67.13,172376.0
7237,V007238,Medium Truck,4,8000,Diesel,80.14,176865.0
7238,V007239,Medium Truck,2,8000,Diesel,86.26,177281.0
7239,V007240,Light Truck,4,3500,Diesel,71.53,99774.0
7240,V007241,Motorbike,0,50,Petrol,84.54,74594.0
7241,V007242,Medium Truck,9,8000,Diesel,69.22,166683.0
7242,V007243,Medium Truck,4,8000,Diesel,61.96,216263.0
7243,V007244,Van,12,1000,Petrol,75.28,225933.0
7244,V007245,Medium Truck,7,8000,Diesel,84.86,343291.0
7245,V007246,Medium Truck,6,8000,Diesel,71.44,80785.0
7246,V007247,Heavy Truck,6,20000,Diesel,96.08,90378.0
7247,V007248,Light Truck,4,3500,Diesel,100.0,94929.0
7248,V007249,Medium Truck,11,8000,Diesel,75.28,143790.0
7249,V007250,Van,0,1000,Petrol,86.9,285353.0
7250,V007251,Van,12,1000,Petrol,79.51,287596.0
7251,V007252,Van,4,1000,Petrol,83.45,177341.0
7252,V007253,Van,14,1000,Petrol,90.14,124703.0
7253,V007254,Light Truck,10,3500,Diesel,74.8,114577.0
7254,V007255,Medium Truck,6,8000,Diesel,87.14,196509.0
7255,V007256,Light Truck,0,3500,Diesel,72.85,69112.0
7256,V007257,Light Truck,7,3500,Diesel,90.0,98173.0
7257,V007258,Medium Truck,9,8000,Diesel,100.0,243663.0
7258,V007259,Light Truck,11,3500,Diesel,93.61,281968.0
7259,V007260,Van,7,1000,Petrol,86.9,311738.0
7260,V007261,Motorbike,11,50,Petrol,76.63,404260.0
7261,V007262,Van,11,1000,Petrol,79.82,194163.0
7262,V007263,Van,6,1000,Petrol,69.55,272802.0
7263,V007264,Motorbike,11,50,Petrol,78.62,182646.0
7264,V007265,Van,7,1000,Petrol,78.61,127009.0
7265,V007266,Heavy Truck,1,20000,Diesel,82.78,135910.0
7266,V007267,Medium Truck,10,8000,Diesel,77.96,261434.0
7267,V007268,Medium Truck,9,8000,Diesel,100.0,220801.0
7268,V007269,Heavy Truck,1,20000,Diesel,67.74,162103.0
7269,V007270,Van,3,1000,Petrol,77.68,134921.0
7270,V007271,Van,11,1000,Petrol,75.24,293337.0
7271,V007272,Van,12,1000,Petrol,87.71,29293.0
7272,V007273,Van,3,1000,Petrol,78.75,321189.0
7273,V007274,Motorbike,1,50,Petrol,91.21,24677.0
7274,V007275,Van,6,1000,Petrol,75.36,249189.0
7275,V007276,Medium Truck,9,8000,Diesel,93.14,136496.0
7276,V007277,Light Truck,6,3500,Diesel,88.46,85296.0
7277,V007278,Medium Truck,4,8000,Diesel,96.06,156534.0
7278,V007279,Heavy Truck,6,20000,Diesel,78.51,221836.0
7279,V007280,Van,8,1000,Petrol,71.2,176237.0
7280,V007281,Medium Truck,8,8000,Diesel,82.94,234470.0
7281,V007282,Medium Truck,7,8000,Diesel,93.0,145011.0
7282,V007283,Van,1,1000,Petrol,83.25,143658.0
7283,V007284,Heavy Truck,14,20000,Diesel,97.51,153363.0
7284,V007285,Van,13,1000,Petrol,100.0,105371.0
7285,V007286,Light Truck,3,3500,Diesel,83.71,172853.0
7286,V007287,Van,5,1000,Petrol,69.79,243626.0
7287,V007288,Medium Truck,11,8000,Diesel,90.91,107649.0
7288,V007289,Heavy Truck,2,20000,Diesel,75.65,79850.0
7289,V007290,Heavy Truck,1,20000,Diesel,91.12,108486.0
7290,V007291,Light Truck,2,3500,Diesel,57.15,260416.0
7291,V007292,Light Truck,2,3500,Diesel,88.84,60616.0
7292,V007293,Medium Truck,4,8000,Diesel,72.81,313885.0
7293,V007294,Medium Truck,1,8000,Diesel,64.06,173176.0
7294,V007295,Motorbike,13,50,Petrol,55.86,162142.0
7295,V007296,Light Truck,11,3500,Diesel,100.0,207226.0
7296,V007297,Medium Truck,9,8000,Diesel,84.24,316123.0
7297,V007298,Van,2,1000,Petrol,77.17,180538.0
7298,V007299,Van,7,1000,Petrol,82.88,237846.0
7299,V007300,Van,5,1000,Petrol,84.0,1000.0
7300,V007301,Medium Truck,11,8000,Diesel,82.83,232739.0
7301,V007302,Heavy Truck,1,20000,Diesel,50.94,208431.0
7302,V007303,Van,4,1000,Petrol,96.49,264181.0
7303,V007304,Van,11,1000,Petrol,71.94,36434.0
7304,V007305,Light Truck,10,3500,Diesel,74.92,41929.0
7305,V007306,Light Truck,6,3500,Diesel,72.24,348319.0
7306,V007307,Van,11,1000,Petrol,91.84,231291.0
7307,V007308,Light Truck,7,3500,Diesel,99.75,209773.0
7308,V007309,Light Truck,6,3500,Diesel,79.91,188906.0
7309,V007310,Light Truck,4,3500,Diesel,69.58,224020.0
7310,V007311,Medium Truck,8,8000,Diesel,88.39,300312.0
7311,V007312,Heavy Truck,12,20000,Diesel,75.88,14803.0
7312,V007313,Heavy Truck,7,20000,Diesel,84.35,282144.0
7313,V007314,Medium Truck,2,8000,Diesel,84.63,185781.0
7314,V007315,Light Truck,9,3500,Diesel,65.29,340161.0
7315,V007316,Van,1,1000,Petrol,68.52,170604.0
7316,V007317,Light Truck,14,3500,Diesel,100.0,225262.0
7317,V007318,Light Truck,2,3500,Diesel,100.0,79363.0
7318,V007319,Medium Truck,2,8000,Diesel,93.65,219594.0
7319,V007320,Light Truck,8,3500,Diesel,77.8,74133.0
7320,V007321,Van,8,1000,Petrol,76.47,271300.0
7321,V007322,Medium Truck,6,8000,Diesel,81.23,46717.0
7322,V007323,Light Truck,5,3500,Diesel,87.29,2244.0
7323,V007324,Medium Truck,6,8000,Diesel,60.36,225412.0
7324,V007325,Medium Truck,8,8000,Diesel,91.13,95049.0
7325,V007326,Light Truck,3,3500,Diesel,73.37,163581.0
7326,V007327,Light Truck,11,3500,Diesel,67.77,1000.0
7327,V007328,Heavy Truck,8,20000,Diesel,73.7,71083.0
7328,V007329,Light Truck,8,3500,Diesel,90.5,165284.0
7329,V007330,Light Truck,0,3500,Diesel,81.75,71476.0
7330,V007331,Van,4,1000,Petrol,90.47,232869.0
7331,V007332,Medium Truck,9,8000,Diesel,67.61,311311.0
7332,V007333,Light Truck,10,3500,Diesel,58.85,267195.0
7333,V007334,Van,9,1000,Petrol,97.78,143545.0
7334,V007335,Light Truck,9,3500,Diesel,81.47,35238.0
7335,V007336,Van,14,1000,Petrol,77.51,64355.0
7336,V007337,Van,12,1000,Petrol,79.87,105956.0
7337,V007338,Light Truck,6,3500,Diesel,84.21,364672.0
7338,V007339,Van,1,1000,Petrol,67.26,233944.0
7339,V007340,Light Truck,4,3500,Diesel,73.55,131090.0
7340,V007341,Heavy Truck,9,20000,Diesel,72.31,185655.0
7341,V007342,Light Truck,10,3500,Diesel,100.0,263527.0
7342,V007343,Light Truck,6,3500,Diesel,69.25,151473.0
7343,V007344,Van,13,1000,Petrol,100.0,197867.0
7344,V007345,Van,4,1000,Petrol,95.28,163406.0
7345,V007346,Medium Truck,1,8000,Diesel,89.51,132009.0
7346,V007347,Van,7,1000,Petrol,61.98,128393.0
7347,V007348,Heavy Truck,3,20000,Diesel,83.71,284101.0
7348,V007349,Heavy Truck,3,20000,Diesel,75.0,283902.0
7349,V007350,Heavy Truck,9,20000,Diesel,98.47,30724.0
7350,V007351,Light Truck,4,3500,Diesel,100.0,98596.0
7351,V007352,Light Truck,11,3500,Diesel,77.62,138270.0
7352,V007353,Van,0,1000,Petrol,74.61,253867.0
7353,V007354,Heavy Truck,2,20000,Diesel,93.05,206056.0
7354,V007355,Medium Truck,14,8000,Diesel,86.16,183165.0
7355,V007356,Van,0,1000,Petrol,86.91,231415.0
7356,V007357,Medium Truck,3,8000,Diesel,74.84,169316.0
7357,V007358,Van,13,1000,Petrol,86.18,125841.0
7358,V007359,Van,6,1000,Petrol,81.64,29547.0
7359,V007360,Heavy Truck,4,20000,Diesel,86.19,215891.0
7360,V007361,Heavy Truck,3,20000,Diesel,87.07,147059.0
7361,V007362,Medium Truck,7,8000,Diesel,88.03,63187.0
7362,V007363,Van,10,1000,Petrol,75.23,255365.0
7363,V007364,Light Truck,5,3500,Diesel,76.35,148038.0
7364,V007365,Light Truck,5,3500,Diesel,100.0,240090.0
7365,V007366,Motorbike,0,50,Petrol,76.87,75356.0
7366,V007367,Light Truck,12,3500,Diesel,64.96,237697.0
7367,V007368,Van,5,1000,Petrol,89.95,96609.0
7368,V007369,Medium Truck,1,8000,Diesel,88.27,123395.0
7369,V007370,Light Truck,9,3500,Diesel,77.95,57507.0
7370,V007371,Heavy Truck,13,20000,Diesel,69.94,328919.0
7371,V007372,Medium Truck,6,8000,Diesel,80.04,262373.0
7372,V007373,Van,11,1000,Petrol,94.21,380215.0
7373,V007374,Van,8,1000,Petrol,90.58,201213.0
7374,V007375,Light Truck,8,3500,Diesel,78.92,241404.0
7375,V007376,Light Truck,14,3500,Diesel,76.97,107393.0
7376,V007377,Van,2,1000,Petrol,80.05,53241.0
7377,V007378,Heavy Truck,13,20000,Diesel,61.61,85847.0
7378,V007379,Motorbike,5,50,Petrol,71.16,108590.0
7379,V007380,Heavy Truck,9,20000,Diesel,85.84,46287.0
7380,V007381,Van,11,1000,Petrol,88.14,181356.0
7381,V007382,Van,7,1000,Petrol,95.34,244737.0
7382,V007383,Medium Truck,2,8000,Diesel,90.71,215666.0
7383,V007384,Motorbike,9,50,Petrol,74.67,73015.0
7384,V007385,Van,14,1000,Petrol,69.91,72267.0
7385,V007386,Light Truck,6,3500,Diesel,96.2,323077.0
7386,V007387,Motorbike,6,50,Petrol,91.99,254269.0
7387,V007388,Van,14,1000,Petrol,83.17,145621.0
7388,V007389,Medium Truck,14,8000,Diesel,74.88,221532.0
7389,V007390,Medium Truck,11,8000,Diesel,80.45,119295.0
7390,V007391,Medium Truck,13,8000,Diesel,88.2,85802.0
7391,V007392,Light Truck,12,3500,Diesel,96.15,329788.0
7392,V007393,Light Truck,6,3500,Diesel,64.68,199712.0
7393,V007394,Van,5,1000,Petrol,100.0,294763.0
7394,V007395,Light Truck,10,3500,Diesel,87.69,26906.0
7395,V007396,Van,9,1000,Petrol,65.47,201259.0
7396,V007397,Light Truck,9,3500,Diesel,77.09,151756.0
7397,V007398,Van,14,1000,Petrol,99.23,273348.0
7398,V007399,Medium Truck,5,8000,Diesel,50.58,232023.0
7399,V007400,Medium Truck,8,8000,Diesel,71.13,84466.0
7400,V007401,Van,1,1000,Petrol,85.83,247872.0
7401,V007402,Light Truck,8,3500,Diesel,71.79,240277.0
7402,V007403,Van,12,1000,Petrol,87.21,189711.0
7403,V007404,Van,2,1000,Petrol,67.16,165742.0
7404,V007405,Van,0,1000,Petrol,73.26,66226.0
7405,V007406,Heavy Truck,5,20000,Diesel,94.95,159351.0
7406,V007407,Medium Truck,2,8000,Diesel,83.72,182076.0
7407,V007408,Medium Truck,10,8000,Diesel,83.64,149006.0
7408,V007409,Van,13,1000,Petrol,96.23,270196.0
7409,V007410,Van,8,1000,Petrol,73.17,340912.0
7410,V007411,Light Truck,2,3500,Diesel,89.55,142681.0
7411,V007412,Van,0,1000,Petrol,82.71,155566.0
7412,V007413,Light Truck,13,3500,Diesel,97.32,346422.0
7413,V007414,Light Truck,14,3500,Diesel,49.64,268888.0
7414,V007415,Van,13,1000,Petrol,78.14,203772.0
7415,V007416,Light Truck,8,3500,Diesel,72.79,156486.0
7416,V007417,Van,2,1000,Petrol,100.0,173428.0
7417,V007418,Light Truck,14,3500,Diesel,86.66,68280.0
7418,V007419,Van,10,1000,Petrol,65.44,270326.0
7419,V007420,Van,7,1000,Petrol,99.59,263023.0
7420,V007421,Light Truck,12,3500,Diesel,88.35,43622.0
7421,V007422,Van,12,1000,Petrol,68.42,366582.0
7422,V007423,Medium Truck,4,8000,Diesel,50.76,119000.0
7423,V007424,Van,12,1000,Petrol,75.84,239127.0
7424,V007425,Light Truck,4,3500,Diesel,92.44,272355.0
7425,V007426,Heavy Truck,0,20000,Diesel,88.09,113612.0
7426,V007427,Light Truck,9,3500,Diesel,92.43,342998.0
7427,V007428,Heavy Truck,12,20000,Diesel,65.81,148369.0
7428,V007429,Light Truck,1,3500,Diesel,92.56,198401.0
7429,V007430,Light Truck,2,3500,Diesel,67.44,186380.0
7430,V007431,Van,6,1000,Petrol,100.0,34558.0
7431,V007432,Heavy Truck,12,20000,Diesel,76.23,236553.0
7432,V007433,Light Truck,0,3500,Diesel,70.44,241473.0
7433,V007434,Van,3,1000,Petrol,99.89,362519.0
7434,V007435,Medium Truck,14,8000,Diesel,87.25,116833.0
7435,V007436,Light Truck,7,3500,Diesel,76.03,109714.0
7436,V007437,Light Truck,0,3500,Diesel,76.64,228927.0
7437,V007438,Medium Truck,7,8000,Diesel,80.24,188158.0
7438,V007439,Heavy Truck,4,20000,Diesel,84.94,204016.0
7439,V007440,Light Truck,6,3500,Diesel,93.41,79279.0
7440,V007441,Light Truck,12,3500,Diesel,100.0,233984.0
7441,V007442,Van,13,1000,Petrol,100.0,324226.0
7442,V007443,Van,8,1000,Petrol,75.77,304310.0
7443,V007444,Light Truck,1,3500,Diesel,63.42,239550.0
7444,V007445,Medium Truck,0,8000,Diesel,72.77,213946.0
7445,V007446,Van,10,1000,Petrol,72.25,132167.0
7446,V007447,Van,12,1000,Petrol,91.86,138615.0
7447,V007448,Van,6,1000,Petrol,88.75,54031.0
7448,V007449,Light Truck,6,3500,Diesel,62.18,293513.0
7449,V007450,Light Truck,5,3500,Diesel,78.23,142440.0
7450,V007451,Motorbike,3,50,Petrol,72.81,198259.0
7451,V007452,Medium Truck,10,8000,Diesel,100.0,112502.0
7452,V007453,Medium Truck,0,8000,Diesel,66.64,164851.0
7453,V007454,Heavy Truck,9,20000,Diesel,79.51,72883.0
7454,V007455,Heavy Truck,10,20000,Diesel,87.34,219987.0
7455,V007456,Light Truck,11,3500,Diesel,93.77,320147.0
7456,V007457,Heavy Truck,11,20000,Diesel,91.05,294295.0
7457,V007458,Heavy Truck,12,20000,Diesel,95.14,33679.0
7458,V007459,Heavy Truck,8,20000,Diesel,70.68,243358.0
7459,V007460,Light Truck,0,3500,Diesel,87.07,108842.0
7460,V007461,Van,10,1000,Petrol,62.07,309223.0
7461,V007462,Van,5,1000,Petrol,94.59,147690.0
7462,V007463,Heavy Truck,5,20000,Diesel,67.48,297258.0
7463,V007464,Van,12,1000,Petrol,77.75,305355.0
7464,V007465,Medium Truck,1,8000,Diesel,92.69,263859.0
7465,V007466,Medium Truck,5,8000,Diesel,70.73,182360.0
7466,V007467,Medium Truck,1,8000,Diesel,73.41,113345.0
7467,V007468,Medium Truck,7,8000,Diesel,82.01,112680.0
7468,V007469,Medium Truck,14,8000,Diesel,97.28,164688.0
7469,V007470,Van,9,1000,Petrol,84.49,159107.0
7470,V007471,Motorbike,13,50,Petrol,70.41,196874.0
7471,V007472,Medium Truck,13,8000,Diesel,81.03,115579.0
7472,V007473,Medium Truck,14,8000,Diesel,75.09,253324.0
7473,V007474,Light Truck,7,3500,Diesel,73.36,132645.0
7474,V007475,Van,12,1000,Petrol,65.34,79026.0
7475,V007476,Light Truck,12,3500,Diesel,100.0,150957.0
7476,V007477,Light Truck,7,3500,Diesel,82.47,181807.0
7477,V007478,Light Truck,6,3500,Diesel,83.94,213379.0
7478,V007479,Van,8,1000,Petrol,71.37,281293.0
7479,V007480,Van,8,1000,Petrol,92.73,274643.0
7480,V007481,Light Truck,9,3500,Diesel,78.19,252520.0
7481,V007482,Van,6,1000,Petrol,100.0,296786.0
7482,V007483,Motorbike,8,50,Petrol,86.64,12465.0
7483,V007484,Light Truck,13,3500,Diesel,83.32,1000.0
7484,V007485,Medium Truck,8,8000,Diesel,76.57,175164.0
7485,V007486,Van,10,1000,Petrol,80.47,360889.0
7486,V007487,Light Truck,14,3500,Diesel,83.68,1000.0
7487,V007488,Medium Truck,3,8000,Diesel,100.0,126075.0
7488,V007489,Van,13,1000,Petrol,63.18,279199.0
7489,V007490,Heavy Truck,10,20000,Diesel,86.49,299259.0
7490,V007491,Van,4,1000,Petrol,88.12,218659.0
7491,V007492,Light Truck,3,3500,Diesel,78.69,238420.0
7492,V007493,Heavy Truck,14,20000,Diesel,78.01,216718.0
7493,V007494,Medium Truck,12,8000,Diesel,68.53,268492.0
7494,V007495,Van,4,1000,Petrol,80.92,170338.0
7495,V007496,Van,14,1000,Petrol,81.66,307511.0
7496,V007497,Heavy Truck,0,20000,Diesel,88.31,86676.0
7497,V007498,Light Truck,8,3500,Diesel,62.97,1000.0
7498,V007499,Light Truck,7,3500,Diesel,96.27,1000.0
7499,V007500,Van,11,1000,Petrol,88.55,85310.0
7500,V007501,Medium Truck,11,8000,Diesel,97.2,161737.0
7501,V007502,Light Truck,5,3500,Diesel,87.21,138729.0
7502,V007503,Heavy Truck,0,20000,Diesel,86.8,168773.0
7503,V007504,Light Truck,9,3500,Diesel,100.0,30272.0
7504,V007505,Van,5,1000,Petrol,97.65,92364.0
7505,V007506,Van,4,1000,Petrol,70.31,194716.0
7506,V007507,Medium Truck,6,8000,Diesel,86.21,213722.0
7507,V007508,Light Truck,5,3500,Diesel,81.76,128803.0
7508,V007509,Van,11,1000,Petrol,85.92,195004.0
7509,V007510,Van,4,1000,Petrol,91.26,148558.0
7510,V007511,Van,12,1000,Petrol,77.8,93457.0
7511,V007512,Van,4,1000,Petrol,72.96,109540.0
7512,V007513,Light Truck,5,3500,Diesel,58.71,138278.0
7513,V007514,Medium Truck,1,8000,Diesel,75.93,189167.0
7514,V007515,Heavy Truck,12,20000,Diesel,100.0,236684.0
7515,V007516,Light Truck,1,3500,Diesel,83.88,76902.0
7516,V007517,Van,10,1000,Petrol,85.55,198431.0
7517,V007518,Van,7,1000,Petrol,69.53,160263.0
7518,V007519,Light Truck,1,3500,Diesel,69.06,131143.0
7519,V007520,Medium Truck,3,8000,Diesel,96.71,197024.0
7520,V007521,Medium Truck,4,8000,Diesel,87.47,7295.0
7521,V007522,Light Truck,13,3500,Diesel,97.31,275456.0
7522,V007523,Light Truck,2,3500,Diesel,79.99,123690.0
7523,V007524,Light Truck,3,3500,Diesel,70.66,230643.0
7524,V007525,Medium Truck,12,8000,Diesel,93.42,1000.0
7525,V007526,Medium Truck,2,8000,Diesel,73.14,185086.0
7526,V007527,Medium Truck,11,8000,Diesel,75.16,118346.0
7527,V007528,Medium Truck,0,8000,Diesel,75.3,322570.0
7528,V007529,Medium Truck,5,8000,Diesel,92.02,211314.0
7529,V007530,Heavy Truck,13,20000,Diesel,84.06,133955.0
7530,V007531,Medium Truck,13,8000,Diesel,55.5,204439.0
7531,V007532,Medium Truck,0,8000,Diesel,78.96,212166.0
7532,V007533,Heavy Truck,9,20000,Diesel,77.1,177161.0
7533,V007534,Medium Truck,1,8000,Diesel,84.16,190110.0
7534,V007535,Medium Truck,0,8000,Diesel,69.72,38009.0
7535,V007536,Heavy Truck,8,20000,Diesel,78.23,370842.0
7536,V007537,Light Truck,12,3500,Diesel,81.99,229237.0
7537,V007538,Light Truck,0,3500,Diesel,65.42,225090.0
7538,V007539,Light Truck,7,3500,Diesel,87.49,137571.0
7539,V007540,Van,0,1000,Petrol,66.81,221488.0
7540,V007541,Medium Truck,7,8000,Diesel,94.39,272336.0
7541,V007542,Heavy Truck,3,20000,Diesel,78.66,318872.0
7542,V007543,Medium Truck,14,8000,Diesel,95.73,293305.0
7543,V007544,Light Truck,1,3500,Diesel,75.54,183537.0
7544,V007545,Van,0,1000,Petrol,68.57,189671.0
7545,V007546,Medium Truck,4,8000,Diesel,93.49,238684.0
7546,V007547,Light Truck,13,3500,Diesel,99.66,195075.0
7547,V007548,Medium Truck,8,8000,Diesel,88.5,227878.0
7548,V007549,Van,13,1000,Petrol,93.39,293167.0
7549,V007550,Van,13,1000,Petrol,95.0,10346.0
7550,V007551,Light Truck,10,3500,Diesel,85.69,180978.0
7551,V007552,Medium Truck,3,8000,Diesel,73.07,235271.0
7552,V007553,Heavy Truck,1,20000,Diesel,57.29,170108.0
7553,V007554,Van,2,1000,Petrol,65.56,156979.0
7554,V007555,Light Truck,10,3500,Diesel,78.16,142685.0
7555,V007556,Van,11,1000,Petrol,83.56,86680.0
7556,V007557,Light Truck,11,3500,Diesel,72.36,50877.0
7557,V007558,Light Truck,0,3500,Diesel,68.6,126513.0
7558,V007559,Van,2,1000,Petrol,100.0,158944.0
7559,V007560,Light Truck,1,3500,Diesel,95.08,204460.0
7560,V007561,Medium Truck,6,8000,Diesel,68.7,133857.0
7561,V007562,Light Truck,7,3500,Diesel,92.98,70902.0
7562,V007563,Van,13,1000,Petrol,98.13,283209.0
7563,V007564,Motorbike,14,50,Petrol,96.34,42167.0
7564,V007565,Van,5,1000,Petrol,96.57,266386.0
7565,V007566,Van,12,1000,Petrol,82.32,128755.0
7566,V007567,Van,12,1000,Petrol,99.65,262513.0
7567,V007568,Heavy Truck,11,20000,Diesel,63.27,238618.0
7568,V007569,Heavy Truck,14,20000,Diesel,93.91,257785.0
7569,V007570,Light Truck,1,3500,Diesel,84.87,29488.0
7570,V007571,Light Truck,6,3500,Diesel,96.33,120766.0
7571,V007572,Motorbike,4,50,Petrol,71.02,36291.0
7572,V007573,Medium Truck,4,8000,Diesel,61.29,233658.0
7573,V007574,Motorbike,8,50,Petrol,100.0,85804.0
7574,V007575,Light Truck,11,3500,Diesel,90.69,61167.0
7575,V007576,Medium Truck,5,8000,Diesel,100.0,80954.0
7576,V007577,Medium Truck,4,8000,Diesel,74.08,51643.0
7577,V007578,Van,3,1000,Petrol,91.27,189033.0
7578,V007579,Van,14,1000,Petrol,77.97,195832.0
7579,V007580,Heavy Truck,5,20000,Diesel,97.45,227905.0
7580,V007581,Van,3,1000,Petrol,100.0,225624.0
7581,V007582,Motorbike,8,50,Petrol,92.68,193381.0
7582,V007583,Light Truck,2,3500,Diesel,85.15,200419.0
7583,V007584,Light Truck,10,3500,Diesel,78.32,244751.0
7584,V007585,Van,3,1000,Petrol,75.32,297165.0
7585,V007586,Light Truck,9,3500,Diesel,89.11,315118.0
7586,V007587,Van,5,1000,Petrol,79.8,1000.0
7587,V007588,Medium Truck,5,8000,Diesel,83.94,105709.0
7588,V007589,Van,5,1000,Petrol,90.86,215551.0
7589,V007590,Light Truck,3,3500,Diesel,93.91,79837.0
7590,V007591,Light Truck,7,3500,Diesel,97.87,140650.0
7591,V007592,Light Truck,4,3500,Diesel,94.86,114924.0
7592,V007593,Light Truck,12,3500,Diesel,95.05,199363.0
7593,V007594,Medium Truck,9,8000,Diesel,95.39,186245.0
7594,V007595,Van,2,1000,Petrol,96.28,191715.0
7595,V007596,Heavy Truck,11,20000,Diesel,75.11,211380.0
7596,V007597,Light Truck,1,3500,Diesel,76.8,1000.0
7597,V007598,Light Truck,4,3500,Diesel,80.76,167282.0
7598,V007599,Van,10,1000,Petrol,70.86,129089.0
7599,V007600,Light Truck,12,3500,Diesel,64.93,202544.0
7600,V007601,Heavy Truck,10,20000,Diesel,91.29,1000.0
7601,V007602,Medium Truck,11,8000,Diesel,76.56,121504.0
7602,V007603,Medium Truck,4,8000,Diesel,80.84,170290.0
7603,V007604,Light Truck,13,3500,Diesel,67.7,218718.0
7604,V007605,Van,8,1000,Petrol,83.78,203770.0
7605,V007606,Van,10,1000,Petrol,61.74,271805.0
7606,V007607,Light Truck,8,3500,Diesel,83.16,193396.0
7607,V007608,Light Truck,12,3500,Diesel,68.14,177368.0
7608,V007609,Van,0,1000,Petrol,80.19,236145.0
7609,V007610,Van,0,1000,Petrol,91.06,307082.0
7610,V007611,Van,7,1000,Petrol,82.98,209567.0
7611,V007612,Light Truck,3,3500,Diesel,64.78,167808.0
7612,V007613,Van,6,1000,Petrol,86.82,239569.0
7613,V007614,Van,11,1000,Petrol,85.9,104525.0
7614,V007615,Medium Truck,5,8000,Diesel,63.88,234995.0
7615,V007616,Heavy Truck,12,20000,Diesel,78.78,149352.0
7616,V007617,Light Truck,6,3500,Diesel,94.21,214765.0
7617,V007618,Light Truck,12,3500,Diesel,89.35,288911.0
7618,V007619,Medium Truck,2,8000,Diesel,84.0,206894.0
7619,V007620,Light Truck,4,3500,Diesel,74.21,198746.0
7620,V007621,Medium Truck,11,8000,Diesel,62.44,97038.0
7621,V007622,Light Truck,3,3500,Diesel,94.43,210158.0
7622,V007623,Van,13,1000,Petrol,88.21,236626.0
7623,V007624,Van,6,1000,Petrol,100.0,264840.0
7624,V007625,Light Truck,1,3500,Diesel,75.35,285606.0
7625,V007626,Light Truck,14,3500,Diesel,92.34,273664.0
7626,V007627,Medium Truck,0,8000,Diesel,74.3,103441.0
7627,V007628,Van,8,1000,Petrol,81.0,241044.0
7628,V007629,Motorbike,11,50,Petrol,76.21,115503.0
7629,V007630,Light Truck,6,3500,Diesel,80.45,155174.0
7630,V007631,Medium Truck,13,8000,Diesel,100.0,120712.0
7631,V007632,Medium Truck,0,8000,Diesel,80.17,244430.0
7632,V007633,Medium Truck,9,8000,Diesel,78.45,148272.0
7633,V007634,Van,12,1000,Petrol,68.2,293631.0
7634,V007635,Van,12,1000,Petrol,79.15,86241.0
7635,V007636,Light Truck,12,3500,Diesel,81.84,293749.0
7636,V007637,Van,6,1000,Petrol,67.06,216066.0
7637,V007638,Light Truck,1,3500,Diesel,77.45,278327.0
7638,V007639,Medium Truck,4,8000,Diesel,78.52,43802.0
7639,V007640,Van,3,1000,Petrol,67.97,141020.0
7640,V007641,Van,9,1000,Petrol,97.17,210544.0
7641,V007642,Heavy Truck,1,20000,Diesel,79.13,299655.0
7642,V007643,Medium Truck,11,8000,Diesel,74.08,176053.0
7643,V007644,Van,6,1000,Petrol,80.62,294148.0
7644,V007645,Heavy Truck,10,20000,Diesel,80.63,255085.0
7645,V007646,Van,9,1000,Petrol,83.57,86428.0
7646,V007647,Light Truck,6,3500,Diesel,58.62,1000.0
7647,V007648,Light Truck,11,3500,Diesel,78.68,313380.0
7648,V007649,Heavy Truck,10,20000,Diesel,81.05,106645.0
7649,V007650,Motorbike,3,50,Petrol,66.99,29587.0
7650,V007651,Van,4,1000,Petrol,73.32,161647.0
7651,V007652,Light Truck,2,3500,Diesel,90.01,278584.0
7652,V007653,Van,8,1000,Petrol,71.33,105941.0
7653,V007654,Medium Truck,2,8000,Diesel,81.32,274170.0
7654,V007655,Light Truck,7,3500,Diesel,82.07,118356.0
7655,V007656,Light Truck,5,3500,Diesel,94.98,188082.0
7656,V007657,Van,2,1000,Petrol,100.0,80226.0
7657,V007658,Light Truck,8,3500,Diesel,79.23,159495.0
7658,V007659,Van,3,1000,Petrol,57.58,44406.0
7659,V007660,Medium Truck,8,8000,Diesel,68.49,286916.0
7660,V007661,Van,6,1000,Petrol,95.3,108034.0
7661,V007662,Van,13,1000,Petrol,70.96,101431.0
7662,V007663,Van,9,1000,Petrol,89.11,21511.0
7663,V007664,Van,2,1000,Petrol,79.42,202153.0
7664,V007665,Van,5,1000,Petrol,86.93,199837.0
7665,V007666,Light Truck,13,3500,Diesel,67.16,69417.0
7666,V007667,Heavy Truck,3,20000,Diesel,71.51,322823.0
7667,V007668,Light Truck,0,3500,Diesel,69.93,176190.0
7668,V007669,Medium Truck,9,8000,Diesel,93.59,59252.0
7669,V007670,Medium Truck,13,8000,Diesel,83.49,124463.0
7670,V007671,Van,2,1000,Petrol,73.78,193179.0
7671,V007672,Motorbike,13,50,Petrol,93.62,120116.0
7672,V007673,Light Truck,4,3500,Diesel,86.63,127676.0
7673,V007674,Light Truck,14,3500,Diesel,80.54,349607.0
7674,V007675,Heavy Truck,2,20000,Diesel,96.14,135123.0
7675,V007676,Medium Truck,0,8000,Diesel,85.28,187856.0
7676,V007677,Van,4,1000,Petrol,76.48,209246.0
7677,V007678,Medium Truck,7,8000,Diesel,81.31,14969.0
7678,V007679,Medium Truck,6,8000,Diesel,70.18,178691.0
7679,V007680,Medium Truck,8,8000,Diesel,80.73,51369.0
7680,V007681,Medium Truck,4,8000,Diesel,76.87,182328.0
7681,V007682,Medium Truck,3,8000,Diesel,69.63,155712.0
7682,V007683,Light Truck,5,3500,Diesel,76.18,135866.0
7683,V007684,Light Truck,12,3500,Diesel,96.2,165854.0
7684,V007685,Medium Truck,5,8000,Diesel,71.17,131634.0
7685,V007686,Van,2,1000,Petrol,90.8,57743.0
7686,V007687,Van,6,1000,Petrol,96.56,140291.0
7687,V007688,Van,2,1000,Petrol,85.28,340794.0
7688,V007689,Heavy Truck,1,20000,Diesel,77.09,208518.0
7689,V007690,Light Truck,6,3500,Diesel,84.3,50785.0
7690,V007691,Light Truck,0,3500,Diesel,77.35,36040.0
7691,V007692,Van,6,1000,Petrol,82.29,483124.0
7692,V007693,Light Truck,5,3500,Diesel,100.0,212063.0
7693,V007694,Light Truck,3,3500,Diesel,76.67,309779.0
7694,V007695,Van,11,1000,Petrol,92.82,376554.0
7695,V007696,Medium Truck,5,8000,Diesel,90.7,150802.0
7696,V007697,Medium Truck,1,8000,Diesel,90.2,236659.0
7697,V007698,Van,13,1000,Petrol,69.23,117369.0
7698,V007699,Medium Truck,3,8000,Diesel,79.47,146808.0
7699,V007700,Light Truck,6,3500,Diesel,87.67,154355.0
7700,V007701,Heavy Truck,3,20000,Diesel,77.25,210958.0
7701,V007702,Van,2,1000,Petrol,88.33,261292.0
7702,V007703,Van,10,1000,Petrol,69.56,229072.0
7703,V007704,Heavy Truck,12,20000,Diesel,81.15,62053.0
7704,V007705,Medium Truck,8,8000,Diesel,100.0,265854.0
7705,V007706,Light Truck,12,3500,Diesel,81.66,135426.0
7706,V007707,Medium Truck,13,8000,Diesel,75.88,215805.0
7707,V007708,Van,8,1000,Petrol,100.0,119778.0
7708,V007709,Light Truck,14,3500,Diesel,91.74,280239.0
7709,V007710,Medium Truck,3,8000,Diesel,96.76,152693.0
7710,V007711,Van,1,1000,Petrol,90.29,249819.0
7711,V007712,Medium Truck,14,8000,Diesel,70.95,160377.0
7712,V007713,Motorbike,11,50,Petrol,94.76,368884.0
7713,V007714,Heavy Truck,11,20000,Diesel,83.16,82565.0
7714,V007715,Heavy Truck,2,20000,Diesel,87.03,273382.0
7715,V007716,Van,2,1000,Petrol,63.66,166986.0
7716,V007717,Medium Truck,3,8000,Diesel,82.43,318613.0
7717,V007718,Light Truck,13,3500,Diesel,71.23,211499.0
7718,V007719,Light Truck,12,3500,Diesel,64.85,269662.0
7719,V007720,Motorbike,10,50,Petrol,73.4,117033.0
7720,V007721,Heavy Truck,8,20000,Diesel,73.92,369598.0
7721,V007722,Medium Truck,13,8000,Diesel,69.67,158055.0
7722,V007723,Van,8,1000,Petrol,80.16,190079.0
7723,V007724,Heavy Truck,6,20000,Diesel,91.07,90128.0
7724,V007725,Light Truck,14,3500,Diesel,80.73,174759.0
7725,V007726,Light Truck,14,3500,Diesel,75.04,67429.0
7726,V007727,Motorbike,11,50,Petrol,68.28,331558.0
7727,V007728,Medium Truck,13,8000,Diesel,82.1,1000.0
7728,V007729,Heavy Truck,5,20000,Diesel,83.83,212020.0
7729,V007730,Light Truck,0,3500,Diesel,92.29,1000.0
7730,V007731,Medium Truck,9,8000,Diesel,76.94,172333.0
7731,V007732,Heavy Truck,6,20000,Diesel,74.19,30069.0
7732,V007733,Light Truck,0,3500,Diesel,70.85,210375.0
7733,V007734,Van,12,1000,Petrol,95.27,143080.0
7734,V007735,Light Truck,9,3500,Diesel,71.22,88987.0
7735,V007736,Medium Truck,2,8000,Diesel,85.5,110731.0
7736,V007737,Van,1,1000,Petrol,100.0,221984.0
7737,V007738,Medium Truck,6,8000,Diesel,75.52,185735.0
7738,V007739,Medium Truck,14,8000,Diesel,94.3,120559.0
7739,V007740,Light Truck,8,3500,Diesel,87.0,114035.0
7740,V007741,Van,9,1000,Petrol,84.65,224034.0
7741,V007742,Medium Truck,7,8000,Diesel,100.0,331060.0
7742,V007743,Van,1,1000,Petrol,90.7,88796.0
7743,V007744,Medium Truck,1,8000,Diesel,73.77,190660.0
7744,V007745,Medium Truck,2,8000,Diesel,94.63,210730.0
7745,V007746,Van,5,1000,Petrol,60.17,114129.0
7746,V007747,Medium Truck,3,8000,Diesel,73.62,183555.0
7747,V007748,Heavy Truck,1,20000,Diesel,89.46,244966.0
7748,V007749,Medium Truck,6,8000,Diesel,93.93,181948.0
7749,V007750,Motorbike,9,50,Petrol,93.48,177451.0
7750,V007751,Van,7,1000,Petrol,82.52,353236.0
7751,V007752,Light Truck,3,3500,Diesel,79.82,226762.0
7752,V007753,Medium Truck,10,8000,Diesel,80.68,232759.0
7753,V007754,Medium Truck,2,8000,Diesel,87.56,189599.0
7754,V007755,Medium Truck,8,8000,Diesel,69.65,210857.0
7755,V007756,Light Truck,13,3500,Diesel,62.98,343157.0
7756,V007757,Heavy Truck,4,20000,Diesel,62.94,158273.0
7757,V007758,Heavy Truck,8,20000,Diesel,81.52,200594.0
7758,V007759,Light Truck,13,3500,Diesel,83.96,265203.0
7759,V007760,Van,11,1000,Petrol,60.55,170290.0
7760,V007761,Light Truck,3,3500,Diesel,87.58,183926.0
7761,V007762,Van,3,1000,Petrol,89.97,190335.0
7762,V007763,Medium Truck,8,8000,Diesel,84.21,252763.0
7763,V007764,Light Truck,9,3500,Diesel,84.92,368609.0
7764,V007765,Van,1,1000,Petrol,77.62,114810.0
7765,V007766,Motorbike,2,50,Petrol,92.55,198034.0
7766,V007767,Motorbike,5,50,Petrol,71.21,87642.0
7767,V007768,Light Truck,3,3500,Diesel,94.75,254854.0
7768,V007769,Van,10,1000,Petrol,100.0,155958.0
7769,V007770,Van,5,1000,Petrol,64.98,284049.0
7770,V007771,Van,6,1000,Petrol,100.0,85216.0
7771,V007772,Medium Truck,13,8000,Diesel,70.31,99656.0
7772,V007773,Medium Truck,2,8000,Diesel,76.81,293603.0
7773,V007774,Light Truck,14,3500,Diesel,42.26,234277.0
7774,V007775,Van,14,1000,Petrol,74.89,162245.0
7775,V007776,Light Truck,4,3500,Diesel,72.29,146486.0
7776,V007777,Heavy Truck,5,20000,Diesel,84.18,299425.0
7777,V007778,Medium Truck,0,8000,Diesel,77.68,171064.0
7778,V007779,Van,3,1000,Petrol,66.25,320644.0
7779,V007780,Light Truck,4,3500,Diesel,71.6,118104.0
7780,V007781,Medium Truck,13,8000,Diesel,76.44,215320.0
7781,V007782,Van,14,1000,Petrol,100.0,277883.0
7782,V007783,Heavy Truck,11,20000,Diesel,69.32,324163.0
7783,V007784,Van,2,1000,Petrol,95.38,101213.0
7784,V007785,Van,14,1000,Petrol,61.07,254107.0
7785,V007786,Van,2,1000,Petrol,100.0,186176.0
7786,V007787,Light Truck,14,3500,Diesel,79.37,79410.0
7787,V007788,Van,12,1000,Petrol,100.0,371806.0
7788,V007789,Light Truck,11,3500,Diesel,100.0,125393.0
7789,V007790,Medium Truck,0,8000,Diesel,68.6,171772.0
7790,V007791,Medium Truck,14,8000,Diesel,84.12,418728.0
7791,V007792,Heavy Truck,11,20000,Diesel,64.82,1000.0
7792,V007793,Light Truck,8,3500,Diesel,74.55,213195.0
7793,V007794,Light Truck,10,3500,Diesel,93.9,156243.0
7794,V007795,Van,2,1000,Petrol,70.91,249407.0
7795,V007796,Heavy Truck,12,20000,Diesel,86.22,238438.0
7796,V007797,Medium Truck,4,8000,Diesel,84.54,154824.0
7797,V007798,Light Truck,6,3500,Diesel,64.35,216948.0
7798,V007799,Light Truck,2,3500,Diesel,73.37,219238.0
7799,V007800,Light Truck,2,3500,Diesel,87.0,246141.0
7800,V007801,Van,9,1000,Petrol,52.15,187563.0
7801,V007802,Van,4,1000,Petrol,79.68,238592.0
7802,V007803,Light Truck,5,3500,Diesel,86.68,173697.0
7803,V007804,Medium Truck,1,8000,Diesel,72.18,1000.0
7804,V007805,Medium Truck,7,8000,Diesel,78.83,259776.0
7805,V007806,Medium Truck,2,8000,Diesel,87.22,1000.0
7806,V007807,Van,0,1000,Petrol,100.0,150266.0
7807,V007808,Medium Truck,14,8000,Diesel,74.6,313645.0
7808,V007809,Light Truck,4,3500,Diesel,75.61,362446.0
7809,V007810,Medium Truck,13,8000,Diesel,84.89,110015.0
7810,V007811,Heavy Truck,14,20000,Diesel,62.62,86808.0
7811,V007812,Medium Truck,8,8000,Diesel,96.14,124598.0
7812,V007813,Light Truck,7,3500,Diesel,95.17,254716.0
7813,V007814,Van,2,1000,Petrol,89.49,243630.0
7814,V007815,Light Truck,3,3500,Diesel,81.35,73354.0
7815,V007816,Van,9,1000,Petrol,100.0,130458.0
7816,V007817,Van,5,1000,Petrol,73.2,68178.0
7817,V007818,Light Truck,4,3500,Diesel,96.27,129249.0
7818,V007819,Light Truck,12,3500,Diesel,91.98,232179.0
7819,V007820,Van,3,1000,Petrol,100.0,173684.0
7820,V007821,Van,10,1000,Petrol,66.25,44417.0
7821,V007822,Van,13,1000,Petrol,71.03,184825.0
7822,V007823,Heavy Truck,4,20000,Diesel,86.18,266171.0
7823,V007824,Light Truck,5,3500,Diesel,71.08,116535.0
7824,V007825,Medium Truck,2,8000,Diesel,88.8,172685.0
7825,V007826,Heavy Truck,1,20000,Diesel,83.36,220848.0
7826,V007827,Light Truck,13,3500,Diesel,90.04,1000.0
7827,V007828,Light Truck,3,3500,Diesel,94.44,189030.0
7828,V007829,Motorbike,6,50,Petrol,79.81,177779.0
7829,V007830,Light Truck,1,3500,Diesel,100.0,135152.0
7830,V007831,Van,3,1000,Petrol,75.92,181695.0
7831,V007832,Light Truck,11,3500,Diesel,100.0,262546.0
7832,V007833,Light Truck,4,3500,Diesel,100.0,197608.0
7833,V007834,Medium Truck,2,8000,Diesel,70.53,45416.0
7834,V007835,Van,14,1000,Petrol,85.84,15612.0
7835,V007836,Light Truck,2,3500,Diesel,61.25,89504.0
7836,V007837,Heavy Truck,2,20000,Diesel,79.24,250038.0
7837,V007838,Van,7,1000,Petrol,81.21,256084.0
7838,V007839,Light Truck,4,3500,Diesel,69.96,189893.0
7839,V007840,Medium Truck,11,8000,Diesel,73.81,263517.0
7840,V007841,Heavy Truck,6,20000,Diesel,65.99,200423.0
7841,V007842,Heavy Truck,0,20000,Diesel,73.72,86457.0
7842,V007843,Van,13,1000,Petrol,87.44,277186.0
7843,V007844,Heavy Truck,9,20000,Diesel,93.92,93637.0
7844,V007845,Light Truck,13,3500,Diesel,89.67,99007.0
7845,V007846,Van,14,1000,Petrol,74.53,199383.0
7846,V007847,Light Truck,13,3500,Diesel,82.77,82976.0
7847,V007848,Light Truck,6,3500,Diesel,96.62,287586.0
7848,V007849,Medium Truck,4,8000,Diesel,66.7,289404.0
7849,V007850,Van,10,1000,Petrol,99.54,159266.0
7850,V007851,Van,5,1000,Petrol,88.82,56302.0
7851,V007852,Van,12,1000,Petrol,85.06,246556.0
7852,V007853,Heavy Truck,9,20000,Diesel,87.75,94169.0
7853,V007854,Heavy Truck,4,20000,Diesel,100.0,316796.0
7854,V007855,Light Truck,5,3500,Diesel,83.25,46367.0
7855,V007856,Medium Truck,7,8000,Diesel,95.89,300413.0
7856,V007857,Light Truck,9,3500,Diesel,73.85,255183.0
7857,V007858,Medium Truck,13,8000,Diesel,76.51,210400.0
7858,V007859,Light Truck,8,3500,Diesel,70.17,257447.0
7859,V007860,Light Truck,7,3500,Diesel,76.56,164252.0
7860,V007861,Van,4,1000,Petrol,85.67,54050.0
7861,V007862,Light Truck,8,3500,Diesel,64.77,241328.0
7862,V007863,Medium Truck,3,8000,Diesel,81.78,78833.0
7863,V007864,Light Truck,12,3500,Diesel,73.0,169810.0
7864,V007865,Van,1,1000,Petrol,86.06,108513.0
7865,V007866,Heavy Truck,13,20000,Diesel,82.12,126245.0
7866,V007867,Medium Truck,3,8000,Diesel,68.28,251920.0
7867,V007868,Medium Truck,8,8000,Diesel,89.97,31771.0
7868,V007869,Heavy Truck,3,20000,Diesel,85.91,161557.0
7869,V007870,Light Truck,14,3500,Diesel,72.22,332687.0
7870,V007871,Light Truck,1,3500,Diesel,73.66,273510.0
7871,V007872,Heavy Truck,3,20000,Diesel,89.9,119126.0
7872,V007873,Heavy Truck,2,20000,Diesel,91.99,96222.0
7873,V007874,Light Truck,12,3500,Diesel,75.59,116305.0
7874,V007875,Light Truck,4,3500,Diesel,95.09,160372.0
7875,V007876,Light Truck,12,3500,Diesel,81.88,171385.0
7876,V007877,Van,2,1000,Petrol,83.5,223171.0
7877,V007878,Van,12,1000,Petrol,84.22,276669.0
7878,V007879,Light Truck,13,3500,Diesel,77.4,205083.0
7879,V007880,Light Truck,6,3500,Diesel,86.38,269826.0
7880,V007881,Medium Truck,5,8000,Diesel,90.02,236374.0
7881,V007882,Heavy Truck,5,20000,Diesel,69.7,252394.0
7882,V007883,Van,3,1000,Petrol,86.97,231147.0
7883,V007884,Light Truck,1,3500,Diesel,97.73,138165.0
7884,V007885,Light Truck,3,3500,Diesel,76.9,173150.0
7885,V007886,Motorbike,13,50,Petrol,81.32,186068.0
7886,V007887,Van,0,1000,Petrol,77.56,342057.0
7887,V007888,Light Truck,4,3500,Diesel,84.45,191511.0
7888,V007889,Medium Truck,1,8000,Diesel,69.87,113809.0
7889,V007890,Medium Truck,6,8000,Diesel,70.33,210975.0
7890,V007891,Light Truck,14,3500,Diesel,82.43,196038.0
7891,V007892,Medium Truck,11,8000,Diesel,63.74,146599.0
7892,V007893,Van,3,1000,Petrol,72.95,132188.0
7893,V007894,Medium Truck,12,8000,Diesel,81.64,167085.0
7894,V007895,Light Truck,2,3500,Diesel,78.37,195044.0
7895,V007896,Van,5,1000,Petrol,93.69,201148.0
7896,V007897,Light Truck,6,3500,Diesel,91.29,137000.0
7897,V007898,Light Truck,14,3500,Diesel,71.24,244564.0
7898,V007899,Van,4,1000,Petrol,100.0,57063.0
7899,V007900,Light Truck,0,3500,Diesel,94.88,302077.0
7900,V007901,Van,8,1000,Petrol,79.97,42024.0
7901,V007902,Heavy Truck,2,20000,Diesel,93.11,181062.0
7902,V007903,Van,11,1000,Petrol,94.13,169024.0
7903,V007904,Light Truck,5,3500,Diesel,62.8,298826.0
7904,V007905,Van,2,1000,Petrol,75.21,197151.0
7905,V007906,Van,9,1000,Petrol,81.68,273284.0
7906,V007907,Medium Truck,6,8000,Diesel,62.65,155756.0
7907,V007908,Medium Truck,5,8000,Diesel,91.69,246174.0
7908,V007909,Medium Truck,1,8000,Diesel,85.11,210112.0
7909,V007910,Light Truck,5,3500,Diesel,88.99,102778.0
7910,V007911,Van,13,1000,Petrol,67.26,335050.0
7911,V007912,Van,1,1000,Petrol,94.72,263145.0
7912,V007913,Van,12,1000,Petrol,78.7,1000.0
7913,V007914,Medium Truck,1,8000,Diesel,67.64,121937.0
7914,V007915,Van,11,1000,Petrol,72.95,76012.0
7915,V007916,Light Truck,7,3500,Diesel,97.34,492694.0
7916,V007917,Van,11,1000,Petrol,83.61,255400.0
7917,V007918,Medium Truck,6,8000,Diesel,88.12,167933.0
7918,V007919,Medium Truck,1,8000,Diesel,92.7,103715.0
7919,V007920,Light Truck,4,3500,Diesel,78.4,98648.0
7920,V007921,Light Truck,3,3500,Diesel,100.0,1000.0
7921,V007922,Medium Truck,5,8000,Diesel,98.16,93642.0
7922,V007923,Medium Truck,3,8000,Diesel,85.16,242609.0
7923,V007924,Medium Truck,14,8000,Diesel,63.27,211692.0
7924,V007925,Van,9,1000,Petrol,88.9,96087.0
7925,V007926,Light Truck,3,3500,Diesel,57.7,187631.0
7926,V007927,Van,2,1000,Petrol,82.7,146501.0
7927,V007928,Light Truck,5,3500,Diesel,73.49,195940.0
7928,V007929,Light Truck,13,3500,Diesel,54.46,327548.0
7929,V007930,Light Truck,13,3500,Diesel,89.99,177103.0
7930,V007931,Medium Truck,10,8000,Diesel,94.22,281256.0
7931,V007932,Heavy Truck,9,20000,Diesel,92.52,276012.0
7932,V007933,Heavy Truck,10,20000,Diesel,69.56,169696.0
7933,V007934,Medium Truck,5,8000,Diesel,73.21,146076.0
7934,V007935,Motorbike,2,50,Petrol,73.2,101629.0
7935,V007936,Van,0,1000,Petrol,93.36,276971.0
7936,V007937,Van,10,1000,Petrol,63.3,136361.0
7937,V007938,Light Truck,0,3500,Diesel,70.09,1000.0
7938,V007939,Van,13,1000,Petrol,99.0,1000.0
7939,V007940,Van,10,1000,Petrol,61.45,199645.0
7940,V007941,Light Truck,3,3500,Diesel,96.91,260733.0
7941,V007942,Medium Truck,10,8000,Diesel,77.08,222391.0
7942,V007943,Light Truck,2,3500,Diesel,90.37,59186.0
7943,V007944,Van,14,1000,Petrol,71.02,1000.0
7944,V007945,Van,13,1000,Petrol,92.3,50280.0
7945,V007946,Van,2,1000,Petrol,84.21,233019.0
7946,V007947,Medium Truck,1,8000,Diesel,71.39,211282.0
7947,V007948,Medium Truck,13,8000,Diesel,79.58,100544.0
7948,V007949,Light Truck,0,3500,Diesel,84.58,180937.0
7949,V007950,Heavy Truck,1,20000,Diesel,84.66,176482.0
7950,V007951,Van,10,1000,Petrol,57.79,26018.0
7951,V007952,Medium Truck,10,8000,Diesel,85.3,197651.0
7952,V007953,Medium Truck,4,8000,Diesel,88.18,130774.0
7953,V007954,Van,8,1000,Petrol,83.36,38020.0
7954,V007955,Light Truck,0,3500,Diesel,81.19,141125.0
7955,V007956,Light Truck,14,3500,Diesel,96.72,213120.0
7956,V007957,Motorbike,14,50,Petrol,100.0,207703.0
7957,V007958,Light Truck,1,3500,Diesel,55.22,70030.0
7958,V007959,Van,10,1000,Petrol,88.79,209815.0
7959,V007960,Van,5,1000,Petrol,68.43,133542.0
7960,V007961,Heavy Truck,1,20000,Diesel,67.58,220957.0
7961,V007962,Light Truck,12,3500,Diesel,80.96,171482.0
7962,V007963,Heavy Truck,7,20000,Diesel,94.46,327536.0
7963,V007964,Medium Truck,10,8000,Diesel,73.27,264335.0
7964,V007965,Light Truck,3,3500,Diesel,88.57,51639.0
7965,V007966,Light Truck,4,3500,Diesel,93.73,105863.0
7966,V007967,Light Truck,0,3500,Diesel,77.95,144348.0
7967,V007968,Light Truck,1,3500,Diesel,67.23,125865.0
7968,V007969,Light Truck,3,3500,Diesel,85.98,142879.0
7969,V007970,Van,11,1000,Petrol,73.23,80618.0
7970,V007971,Van,7,1000,Petrol,71.31,251762.0
7971,V007972,Van,7,1000,Petrol,67.39,100889.0
7972,V007973,Heavy Truck,10,20000,Diesel,66.69,1000.0
7973,V007974,Light Truck,6,3500,Diesel,84.48,197687.0
7974,V007975,Light Truck,5,3500,Diesel,93.62,113479.0
7975,V007976,Light Truck,11,3500,Diesel,69.1,110264.0
7976,V007977,Van,6,1000,Petrol,85.08,120294.0
7977,V007978,Light Truck,12,3500,Diesel,56.66,152292.0
7978,V007979,Van,7,1000,Petrol,67.86,173327.0
7979,V007980,Light Truck,12,3500,Diesel,68.23,112797.0
7980,V007981,Light Truck,2,3500,Diesel,71.57,236790.0
7981,V007982,Van,6,1000,Petrol,76.25,200183.0
7982,V007983,Light Truck,3,3500,Diesel,86.72,116020.0
7983,V007984,Light Truck,1,3500,Diesel,70.36,220282.0
7984,V007985,Medium Truck,13,8000,Diesel,93.92,218087.0
7985,V007986,Medium Truck,13,8000,Diesel,81.33,57854.0
7986,V007987,Light Truck,12,3500,Diesel,66.16,85401.0
7987,V007988,Light Truck,14,3500,Diesel,92.31,213555.0
7988,V007989,Van,6,1000,Petrol,65.25,75904.0
7989,V007990,Motorbike,10,50,Petrol,75.1,137705.0
7990,V007991,Light Truck,2,3500,Diesel,80.84,231435.0
7991,V007992,Heavy Truck,9,20000,Diesel,80.61,221573.0
7992,V007993,Medium Truck,11,8000,Diesel,76.64,229821.0
7993,V007994,Medium Truck,12,8000,Diesel,80.09,222537.0
7994,V007995,Van,13,1000,Petrol,72.96,1000.0
7995,V007996,Light Truck,11,3500,Diesel,78.56,113904.0
7996,V007997,Medium Truck,5,8000,Diesel,93.19,288891.0
7997,V007998,Motorbike,11,50,Petrol,84.22,152782.0
7998,V007999,Van,8,1000,Petrol,89.17,167316.0
7999,V008000,Light Truck,13,3500,Diesel,91.39,164964.0
8000,V008001,Light Truck,3,3500,Diesel,95.9,219806.0
8001,V008002,Light Truck,9,3500,Diesel,82.46,97590.0
8002,V008003,Light Truck,7,3500,Diesel,71.14,135561.0
8003,V008004,Light Truck,7,3500,Diesel,81.2,35599.0
8004,V008005,Van,11,1000,Petrol,57.39,271187.0
8005,V008006,Light Truck,11,3500,Diesel,90.39,291693.0
8006,V008007,Heavy Truck,2,20000,Diesel,77.0,360742.0
8007,V008008,Light Truck,13,3500,Diesel,90.87,295278.0
8008,V008009,Van,0,1000,Petrol,66.79,381258.0
8009,V008010,Van,4,1000,Petrol,90.76,165052.0
8010,V008011,Light Truck,7,3500,Diesel,86.12,125466.0
8011,V008012,Heavy Truck,10,20000,Diesel,91.36,62621.0
8012,V008013,Motorbike,10,50,Petrol,96.31,8889.0
8013,V008014,Van,0,1000,Petrol,77.02,1000.0
8014,V008015,Medium Truck,5,8000,Diesel,85.46,246219.0
8015,V008016,Medium Truck,4,8000,Diesel,75.12,170604.0
8016,V008017,Medium Truck,10,8000,Diesel,84.59,280989.0
8017,V008018,Heavy Truck,1,20000,Diesel,75.35,222342.0
8018,V008019,Light Truck,4,3500,Diesel,64.34,330031.0
8019,V008020,Medium Truck,8,8000,Diesel,91.1,108429.0
8020,V008021,Van,4,1000,Petrol,70.09,175729.0
8021,V008022,Medium Truck,7,8000,Diesel,91.98,162524.0
8022,V008023,Medium Truck,6,8000,Diesel,64.37,239146.0
8023,V008024,Light Truck,0,3500,Diesel,76.24,66446.0
8024,V008025,Heavy Truck,4,20000,Diesel,98.27,235110.0
8025,V008026,Van,12,1000,Petrol,64.79,194943.0
8026,V008027,Light Truck,5,3500,Diesel,93.05,96997.0
8027,V008028,Medium Truck,13,8000,Diesel,93.86,112489.0
8028,V008029,Light Truck,14,3500,Diesel,84.56,182746.0
8029,V008030,Medium Truck,6,8000,Diesel,87.84,156677.0
8030,V008031,Motorbike,12,50,Petrol,73.25,99913.0
8031,V008032,Van,8,1000,Petrol,70.63,107822.0
8032,V008033,Heavy Truck,14,20000,Diesel,96.53,270007.0
8033,V008034,Light Truck,14,3500,Diesel,78.78,184297.0
8034,V008035,Light Truck,5,3500,Diesel,82.93,287017.0
8035,V008036,Heavy Truck,7,20000,Diesel,84.72,309244.0
8036,V008037,Heavy Truck,3,20000,Diesel,65.09,79618.0
8037,V008038,Medium Truck,8,8000,Diesel,80.35,23003.0
8038,V008039,Van,2,1000,Petrol,67.93,304004.0
8039,V008040,Motorbike,6,50,Petrol,70.41,223448.0
8040,V008041,Medium Truck,14,8000,Diesel,94.73,308846.0
8041,V008042,Van,13,1000,Petrol,70.06,395602.0
8042,V008043,Heavy Truck,7,20000,Diesel,95.22,96775.0
8043,V008044,Medium Truck,14,8000,Diesel,70.31,250651.0
8044,V008045,Medium Truck,4,8000,Diesel,82.41,1000.0
8045,V008046,Light Truck,3,3500,Diesel,93.75,186427.0
8046,V008047,Van,12,1000,Petrol,66.68,152517.0
8047,V008048,Van,0,1000,Petrol,88.93,273016.0
8048,V008049,Van,1,1000,Petrol,92.93,192846.0
8049,V008050,Light Truck,7,3500,Diesel,77.7,171743.0
8050,V008051,Van,14,1000,Petrol,84.45,186878.0
8051,V008052,Motorbike,7,50,Petrol,85.88,310709.0
8052,V008053,Van,7,1000,Petrol,84.42,250407.0
8053,V008054,Van,9,1000,Petrol,73.34,1000.0
8054,V008055,Van,10,1000,Petrol,87.29,135222.0
8055,V008056,Van,9,1000,Petrol,99.11,157288.0
8056,V008057,Light Truck,3,3500,Diesel,73.66,223353.0
8057,V008058,Light Truck,13,3500,Diesel,90.06,325580.0
8058,V008059,Heavy Truck,5,20000,Diesel,90.62,128390.0
8059,V008060,Medium Truck,4,8000,Diesel,88.6,224087.0
8060,V008061,Light Truck,8,3500,Diesel,84.41,246679.0
8061,V008062,Van,11,1000,Petrol,85.55,1000.0
8062,V008063,Light Truck,5,3500,Diesel,100.0,261624.0
8063,V008064,Light Truck,9,3500,Diesel,70.98,83431.0
8064,V008065,Van,5,1000,Petrol,91.68,58073.0
8065,V008066,Heavy Truck,4,20000,Diesel,84.35,203291.0
8066,V008067,Motorbike,5,50,Petrol,67.01,383797.0
8067,V008068,Van,5,1000,Petrol,97.01,28915.0
8068,V008069,Medium Truck,14,8000,Diesel,87.11,132383.0
8069,V008070,Light Truck,14,3500,Diesel,65.6,150820.0
8070,V008071,Medium Truck,3,8000,Diesel,60.06,199115.0
8071,V008072,Light Truck,1,3500,Diesel,81.64,1000.0
8072,V008073,Van,0,1000,Petrol,64.22,183077.0
8073,V008074,Light Truck,13,3500,Diesel,70.96,171229.0
8074,V008075,Medium Truck,14,8000,Diesel,71.69,173078.0
8075,V008076,Heavy Truck,0,20000,Diesel,100.0,292469.0
8076,V008077,Motorbike,2,50,Petrol,69.33,122780.0
8077,V008078,Medium Truck,14,8000,Diesel,83.79,125511.0
8078,V008079,Light Truck,11,3500,Diesel,72.51,188860.0
8079,V008080,Light Truck,10,3500,Diesel,97.79,187229.0
8080,V008081,Medium Truck,4,8000,Diesel,87.44,247210.0
8081,V008082,Medium Truck,6,8000,Diesel,93.81,215565.0
8082,V008083,Light Truck,10,3500,Diesel,87.67,160644.0
8083,V008084,Van,4,1000,Petrol,88.84,138720.0
8084,V008085,Van,8,1000,Petrol,76.32,113414.0
8085,V008086,Motorbike,13,50,Petrol,100.0,130297.0
8086,V008087,Light Truck,10,3500,Diesel,84.28,98231.0
8087,V008088,Light Truck,14,3500,Diesel,79.76,343591.0
8088,V008089,Van,0,1000,Petrol,70.82,245387.0
8089,V008090,Medium Truck,1,8000,Diesel,66.14,72396.0
8090,V008091,Medium Truck,2,8000,Diesel,91.7,277613.0
8091,V008092,Van,2,1000,Petrol,72.75,89417.0
8092,V008093,Van,1,1000,Petrol,84.8,143020.0
8093,V008094,Medium Truck,4,8000,Diesel,100.0,21534.0
8094,V008095,Van,6,1000,Petrol,67.37,290862.0
8095,V008096,Light Truck,3,3500,Diesel,86.99,306440.0
8096,V008097,Medium Truck,0,8000,Diesel,78.03,242111.0
8097,V008098,Heavy Truck,3,20000,Diesel,83.46,15898.0
8098,V008099,Light Truck,14,3500,Diesel,93.99,45007.0
8099,V008100,Medium Truck,11,8000,Diesel,67.08,192185.0
8100,V008101,Medium Truck,9,8000,Diesel,81.88,161934.0
8101,V008102,Van,2,1000,Petrol,70.78,161767.0
8102,V008103,Medium Truck,11,8000,Diesel,70.68,109241.0
8103,V008104,Light Truck,6,3500,Diesel,73.83,125192.0
8104,V008105,Medium Truck,3,8000,Diesel,72.92,235803.0
8105,V008106,Medium Truck,3,8000,Diesel,90.94,142803.0
8106,V008107,Van,0,1000,Petrol,89.26,49437.0
8107,V008108,Light Truck,12,3500,Diesel,81.86,203386.0
8108,V008109,Medium Truck,6,8000,Diesel,89.55,230642.0
8109,V008110,Van,8,1000,Petrol,99.47,1000.0
8110,V008111,Van,12,1000,Petrol,66.87,248307.0
8111,V008112,Van,1,1000,Petrol,100.0,48877.0
8112,V008113,Medium Truck,5,8000,Diesel,75.23,168431.0
8113,V008114,Heavy Truck,10,20000,Diesel,78.98,205246.0
8114,V008115,Van,8,1000,Petrol,59.85,182975.0
8115,V008116,Van,9,1000,Petrol,89.23,121582.0
8116,V008117,Van,13,1000,Petrol,96.55,222648.0
8117,V008118,Light Truck,4,3500,Diesel,100.0,313064.0
8118,V008119,Van,9,1000,Petrol,100.0,1000.0
8119,V008120,Van,12,1000,Petrol,74.14,87369.0
8120,V008121,Van,3,1000,Petrol,63.33,267653.0
8121,V008122,Light Truck,13,3500,Diesel,99.47,114605.0
8122,V008123,Van,11,1000,Petrol,96.43,173856.0
8123,V008124,Light Truck,9,3500,Diesel,74.6,169838.0
8124,V008125,Heavy Truck,1,20000,Diesel,76.55,363579.0
8125,V008126,Medium Truck,4,8000,Diesel,90.37,183079.0
8126,V008127,Medium Truck,4,8000,Diesel,100.0,191362.0
8127,V008128,Van,2,1000,Petrol,69.02,314728.0
8128,V008129,Medium Truck,11,8000,Diesel,90.88,75993.0
8129,V008130,Motorbike,5,50,Petrol,83.13,289716.0
8130,V008131,Van,2,1000,Petrol,74.15,197071.0
8131,V008132,Light Truck,11,3500,Diesel,89.82,199926.0
8132,V008133,Medium Truck,10,8000,Diesel,86.53,79782.0
8133,V008134,Light Truck,7,3500,Diesel,86.08,250586.0
8134,V008135,Medium Truck,13,8000,Diesel,100.0,77237.0
8135,V008136,Light Truck,12,3500,Diesel,71.78,119393.0
8136,V008137,Heavy Truck,9,20000,Diesel,67.82,4074.0
8137,V008138,Light Truck,4,3500,Diesel,68.12,102562.0
8138,V008139,Medium Truck,14,8000,Diesel,79.91,263347.0
8139,V008140,Medium Truck,3,8000,Diesel,76.04,151260.0
8140,V008141,Heavy Truck,13,20000,Diesel,63.8,59557.0
8141,V008142,Light Truck,10,3500,Diesel,93.6,169401.0
8142,V008143,Heavy Truck,5,20000,Diesel,78.37,190542.0
8143,V008144,Van,5,1000,Petrol,86.27,5295.0
8144,V008145,Medium Truck,8,8000,Diesel,58.39,198021.0
8145,V008146,Medium Truck,7,8000,Diesel,52.64,156755.0
8146,V008147,Light Truck,14,3500,Diesel,96.0,337162.0
8147,V008148,Van,2,1000,Petrol,76.15,300693.0
8148,V008149,Van,4,1000,Petrol,78.19,1000.0
8149,V008150,Light Truck,5,3500,Diesel,77.73,101948.0
8150,V008151,Van,12,1000,Petrol,64.61,133267.0
8151,V008152,Heavy Truck,5,20000,Diesel,95.31,303222.0
8152,V008153,Light Truck,0,3500,Diesel,90.54,137875.0
8153,V008154,Van,5,1000,Petrol,75.07,176972.0
8154,V008155,Medium Truck,0,8000,Diesel,82.94,246243.0
8155,V008156,Van,5,1000,Petrol,60.58,282208.0
8156,V008157,Medium Truck,8,8000,Diesel,79.2,306022.0
8157,V008158,Medium Truck,4,8000,Diesel,62.64,314518.0
8158,V008159,Motorbike,2,50,Petrol,85.69,217416.0
8159,V008160,Medium Truck,10,8000,Diesel,95.01,144408.0
8160,V008161,Motorbike,6,50,Petrol,93.65,161105.0
8161,V008162,Medium Truck,10,8000,Diesel,69.23,42571.0
8162,V008163,Van,8,1000,Petrol,90.13,130237.0
8163,V008164,Light Truck,11,3500,Diesel,58.9,93826.0
8164,V008165,Medium Truck,1,8000,Diesel,78.15,317709.0
8165,V008166,Motorbike,6,50,Petrol,91.21,304206.0
8166,V008167,Van,3,1000,Petrol,78.74,296421.0
8167,V008168,Light Truck,7,3500,Diesel,100.0,147043.0
8168,V008169,Van,5,1000,Petrol,68.55,149210.0
8169,V008170,Light Truck,3,3500,Diesel,90.28,193248.0
8170,V008171,Light Truck,8,3500,Diesel,75.78,283963.0
8171,V008172,Heavy Truck,0,20000,Diesel,81.27,219335.0
8172,V008173,Heavy Truck,8,20000,Diesel,77.58,237020.0
8173,V008174,Van,9,1000,Petrol,83.11,329557.0
8174,V008175,Light Truck,4,3500,Diesel,72.84,246219.0
8175,V008176,Light Truck,13,3500,Diesel,79.81,69426.0
8176,V008177,Light Truck,6,3500,Diesel,65.72,163976.0
8177,V008178,Heavy Truck,12,20000,Diesel,88.26,164060.0
8178,V008179,Van,11,1000,Petrol,94.55,231328.0
8179,V008180,Light Truck,7,3500,Diesel,80.8,229357.0
8180,V008181,Van,7,1000,Petrol,86.61,128084.0
8181,V008182,Van,11,1000,Petrol,83.75,206966.0
8182,V008183,Light Truck,12,3500,Diesel,70.91,235618.0
8183,V008184,Van,8,1000,Petrol,73.64,93590.0
8184,V008185,Motorbike,9,50,Petrol,100.0,196899.0
8185,V008186,Medium Truck,3,8000,Diesel,91.29,200182.0
8186,V008187,Van,12,1000,Petrol,82.58,123246.0
8187,V008188,Van,2,1000,Petrol,72.22,300526.0
8188,V008189,Motorbike,8,50,Petrol,69.41,130996.0
8189,V008190,Light Truck,2,3500,Diesel,64.24,114680.0
8190,V008191,Light Truck,10,3500,Diesel,68.64,89514.0
8191,V008192,Motorbike,2,50,Petrol,97.7,213043.0
8192,V008193,Light Truck,8,3500,Diesel,80.43,162637.0
8193,V008194,Medium Truck,2,8000,Diesel,100.0,288130.0
8194,V008195,Motorbike,7,50,Petrol,56.15,224255.0
8195,V008196,Medium Truck,13,8000,Diesel,81.93,150278.0
8196,V008197,Light Truck,12,3500,Diesel,93.82,35866.0
8197,V008198,Van,13,1000,Petrol,84.91,343114.0
8198,V008199,Light Truck,4,3500,Diesel,77.46,47873.0
8199,V008200,Van,13,1000,Petrol,95.41,151747.0
8200,V008201,Heavy Truck,9,20000,Diesel,97.26,193133.0
8201,V008202,Medium Truck,0,8000,Diesel,90.58,143938.0
8202,V008203,Van,11,1000,Petrol,68.8,301851.0
8203,V008204,Medium Truck,0,8000,Diesel,91.83,290892.0
8204,V008205,Heavy Truck,1,20000,Diesel,78.13,165803.0
8205,V008206,Heavy Truck,14,20000,Diesel,96.1,306482.0
8206,V008207,Medium Truck,4,8000,Diesel,97.74,117170.0
8207,V008208,Van,12,1000,Petrol,65.89,99561.0
8208,V008209,Light Truck,8,3500,Diesel,62.13,181928.0
8209,V008210,Light Truck,11,3500,Diesel,100.0,61214.0
8210,V008211,Van,7,1000,Petrol,56.7,205845.0
8211,V008212,Van,9,1000,Petrol,92.34,299319.0
8212,V008213,Van,2,1000,Petrol,50.0,89645.0
8213,V008214,Medium Truck,11,8000,Diesel,91.08,48824.0
8214,V008215,Van,14,1000,Petrol,86.63,51415.0
8215,V008216,Van,3,1000,Petrol,78.03,168640.0
8216,V008217,Medium Truck,3,8000,Diesel,70.51,339150.0
8217,V008218,Medium Truck,0,8000,Diesel,83.25,145725.0
8218,V008219,Light Truck,14,3500,Diesel,73.36,176382.0
8219,V008220,Van,3,1000,Petrol,73.3,179580.0
8220,V008221,Van,14,1000,Petrol,65.91,164339.0
8221,V008222,Heavy Truck,4,20000,Diesel,71.02,10590.0
8222,V008223,Light Truck,14,3500,Diesel,100.0,131157.0
8223,V008224,Medium Truck,7,8000,Diesel,80.36,272743.0
8224,V008225,Light Truck,13,3500,Diesel,100.0,239073.0
8225,V008226,Light Truck,13,3500,Diesel,100.0,173910.0
8226,V008227,Light Truck,5,3500,Diesel,98.62,195502.0
8227,V008228,Van,6,1000,Petrol,71.64,162157.0
8228,V008229,Medium Truck,12,8000,Diesel,75.97,4229.0
8229,V008230,Light Truck,6,3500,Diesel,99.61,70890.0
8230,V008231,Light Truck,1,3500,Diesel,90.79,107884.0
8231,V008232,Van,10,1000,Petrol,100.0,220683.0
8232,V008233,Medium Truck,3,8000,Diesel,90.61,171904.0
8233,V008234,Motorbike,4,50,Petrol,52.91,135039.0
8234,V008235,Light Truck,11,3500,Diesel,88.45,29276.0
8235,V008236,Heavy Truck,5,20000,Diesel,72.46,1000.0
8236,V008237,Van,11,1000,Petrol,64.55,1000.0
8237,V008238,Van,2,1000,Petrol,73.3,133383.0
8238,V008239,Light Truck,7,3500,Diesel,96.94,211814.0
8239,V008240,Van,13,1000,Petrol,72.58,165623.0
8240,V008241,Medium Truck,13,8000,Diesel,74.12,104561.0
8241,V008242,Van,8,1000,Petrol,89.61,45321.0
8242,V008243,Motorbike,12,50,Petrol,100.0,288235.0
8243,V008244,Medium Truck,3,8000,Diesel,68.34,336684.0
8244,V008245,Van,5,1000,Petrol,92.79,154281.0
8245,V008246,Medium Truck,2,8000,Diesel,100.0,206780.0
8246,V008247,Medium Truck,6,8000,Diesel,69.84,193335.0
8247,V008248,Medium Truck,10,8000,Diesel,76.47,124822.0
8248,V008249,Van,12,1000,Petrol,76.69,298393.0
8249,V008250,Light Truck,4,3500,Diesel,82.34,215743.0
8250,V008251,Medium Truck,13,8000,Diesel,69.92,353426.0
8251,V008252,Van,12,1000,Petrol,80.17,34484.0
8252,V008253,Light Truck,8,3500,Diesel,78.5,213228.0
8253,V008254,Medium Truck,13,8000,Diesel,74.1,202878.0
8254,V008255,Heavy Truck,3,20000,Diesel,60.71,200824.0
8255,V008256,Light Truck,7,3500,Diesel,82.55,185767.0
8256,V008257,Light Truck,6,3500,Diesel,91.53,152183.0
8257,V008258,Medium Truck,6,8000,Diesel,66.61,372573.0
8258,V008259,Heavy Truck,7,20000,Diesel,87.19,142845.0
8259,V008260,Light Truck,12,3500,Diesel,80.33,126630.0
8260,V008261,Motorbike,3,50,Petrol,94.25,165575.0
8261,V008262,Light Truck,8,3500,Diesel,97.88,100359.0
8262,V008263,Medium Truck,9,8000,Diesel,86.91,193956.0
8263,V008264,Heavy Truck,10,20000,Diesel,84.64,29303.0
8264,V008265,Van,4,1000,Petrol,75.05,124742.0
8265,V008266,Van,5,1000,Petrol,85.93,327707.0
8266,V008267,Heavy Truck,9,20000,Diesel,78.65,136032.0
8267,V008268,Light Truck,3,3500,Diesel,98.24,194020.0
8268,V008269,Medium Truck,9,8000,Diesel,78.21,189403.0
8269,V008270,Van,1,1000,Petrol,60.61,178666.0
8270,V008271,Light Truck,4,3500,Diesel,87.54,106880.0
8271,V008272,Medium Truck,0,8000,Diesel,80.37,156137.0
8272,V008273,Van,4,1000,Petrol,91.2,109006.0
8273,V008274,Medium Truck,14,8000,Diesel,74.36,171411.0
8274,V008275,Van,6,1000,Petrol,98.13,219957.0
8275,V008276,Van,1,1000,Petrol,81.81,119806.0
8276,V008277,Medium Truck,1,8000,Diesel,94.67,156909.0
8277,V008278,Medium Truck,13,8000,Diesel,89.37,261797.0
8278,V008279,Light Truck,11,3500,Diesel,94.22,226216.0
8279,V008280,Medium Truck,11,8000,Diesel,72.25,92747.0
8280,V008281,Medium Truck,2,8000,Diesel,94.26,138180.0
8281,V008282,Heavy Truck,14,20000,Diesel,94.93,62593.0
8282,V008283,Light Truck,9,3500,Diesel,89.0,101436.0
8283,V008284,Van,6,1000,Petrol,88.87,155161.0
8284,V008285,Medium Truck,6,8000,Diesel,75.38,95750.0
8285,V008286,Motorbike,11,50,Petrol,78.81,176827.0
8286,V008287,Light Truck,4,3500,Diesel,71.88,25260.0
8287,V008288,Van,8,1000,Petrol,80.26,280376.0
8288,V008289,Medium Truck,2,8000,Diesel,88.05,234038.0
8289,V008290,Medium Truck,2,8000,Diesel,88.03,270090.0
8290,V008291,Light Truck,5,3500,Diesel,72.08,323943.0
8291,V008292,Van,3,1000,Petrol,78.69,308110.0
8292,V008293,Light Truck,11,3500,Diesel,69.15,213159.0
8293,V008294,Light Truck,12,3500,Diesel,100.0,56541.0
8294,V008295,Heavy Truck,9,20000,Diesel,94.19,220309.0
8295,V008296,Light Truck,14,3500,Diesel,70.68,107858.0
8296,V008297,Van,14,1000,Petrol,100.0,262973.0
8297,V008298,Van,0,1000,Petrol,66.99,127888.0
8298,V008299,Light Truck,11,3500,Diesel,73.88,189908.0
8299,V008300,Van,10,1000,Petrol,69.94,184689.0
8300,V008301,Van,4,1000,Petrol,80.96,167902.0
8301,V008302,Motorbike,5,50,Petrol,85.22,60475.0
8302,V008303,Van,1,1000,Petrol,65.49,372856.0
8303,V008304,Light Truck,10,3500,Diesel,85.13,103771.0
8304,V008305,Medium Truck,8,8000,Diesel,88.11,184691.0
8305,V008306,Medium Truck,5,8000,Diesel,67.36,291559.0
8306,V008307,Medium Truck,3,8000,Diesel,73.17,212767.0
8307,V008308,Van,12,1000,Petrol,82.82,70368.0
8308,V008309,Van,1,1000,Petrol,100.0,357880.0
8309,V008310,Medium Truck,5,8000,Diesel,99.84,208909.0
8310,V008311,Medium Truck,6,8000,Diesel,83.07,260788.0
8311,V008312,Medium Truck,3,8000,Diesel,96.4,313567.0
8312,V008313,Light Truck,8,3500,Diesel,82.87,27097.0
8313,V008314,Van,12,1000,Petrol,90.27,199672.0
8314,V008315,Medium Truck,7,8000,Diesel,64.27,177400.0
8315,V008316,Medium Truck,4,8000,Diesel,88.64,228867.0
8316,V008317,Van,13,1000,Petrol,98.09,108456.0
8317,V008318,Heavy Truck,9,20000,Diesel,99.3,176278.0
8318,V008319,Light Truck,10,3500,Diesel,86.74,47653.0
8319,V008320,Heavy Truck,13,20000,Diesel,93.91,130792.0
8320,V008321,Van,8,1000,Petrol,76.66,185220.0
8321,V008322,Medium Truck,13,8000,Diesel,96.36,148476.0
8322,V008323,Medium Truck,14,8000,Diesel,67.18,270573.0
8323,V008324,Van,7,1000,Petrol,87.8,151900.0
8324,V008325,Van,1,1000,Petrol,89.63,75823.0
8325,V008326,Van,1,1000,Petrol,71.33,283308.0
8326,V008327,Van,7,1000,Petrol,72.68,183421.0
8327,V008328,Light Truck,3,3500,Diesel,69.94,294972.0
8328,V008329,Van,11,1000,Petrol,72.51,129782.0
8329,V008330,Van,14,1000,Petrol,72.29,21424.0
8330,V008331,Van,10,1000,Petrol,100.0,154542.0
8331,V008332,Heavy Truck,8,20000,Diesel,97.16,135339.0
8332,V008333,Light Truck,5,3500,Diesel,93.72,19395.0
8333,V008334,Medium Truck,0,8000,Diesel,60.54,161495.0
8334,V008335,Light Truck,8,3500,Diesel,73.8,203227.0
8335,V008336,Light Truck,1,3500,Diesel,75.48,299724.0
8336,V008337,Medium Truck,2,8000,Diesel,91.61,114399.0
8337,V008338,Medium Truck,12,8000,Diesel,80.03,101348.0
8338,V008339,Van,11,1000,Petrol,76.75,213499.0
8339,V008340,Van,13,1000,Petrol,60.12,135304.0
8340,V008341,Light Truck,6,3500,Diesel,100.0,166396.0
8341,V008342,Light Truck,7,3500,Diesel,71.41,209604.0
8342,V008343,Motorbike,11,50,Petrol,85.6,74812.0
8343,V008344,Light Truck,3,3500,Diesel,81.09,221780.0
8344,V008345,Van,5,1000,Petrol,89.71,359452.0
8345,V008346,Medium Truck,1,8000,Diesel,76.41,48528.0
8346,V008347,Van,11,1000,Petrol,94.6,114130.0
8347,V008348,Medium Truck,9,8000,Diesel,65.12,150946.0
8348,V008349,Light Truck,7,3500,Diesel,86.76,304668.0
8349,V008350,Medium Truck,7,8000,Diesel,80.75,326530.0
8350,V008351,Light Truck,14,3500,Diesel,77.48,168167.0
8351,V008352,Van,4,1000,Petrol,72.99,153078.0
8352,V008353,Van,13,1000,Petrol,59.06,286478.0
8353,V008354,Medium Truck,7,8000,Diesel,84.4,242490.0
8354,V008355,Van,8,1000,Petrol,96.59,248007.0
8355,V008356,Van,10,1000,Petrol,68.14,232645.0
8356,V008357,Medium Truck,14,8000,Diesel,67.11,87359.0
8357,V008358,Medium Truck,8,8000,Diesel,75.72,277910.0
8358,V008359,Light Truck,11,3500,Diesel,100.0,92941.0
8359,V008360,Medium Truck,4,8000,Diesel,99.25,100873.0
8360,V008361,Medium Truck,13,8000,Diesel,89.47,275314.0
8361,V008362,Heavy Truck,6,20000,Diesel,98.16,25555.0
8362,V008363,Light Truck,0,3500,Diesel,100.0,314918.0
8363,V008364,Van,7,1000,Petrol,74.41,197530.0
8364,V008365,Light Truck,6,3500,Diesel,74.11,173542.0
8365,V008366,Light Truck,7,3500,Diesel,94.48,148819.0
8366,V008367,Van,0,1000,Petrol,88.21,227475.0
8367,V008368,Medium Truck,12,8000,Diesel,67.55,124876.0
8368,V008369,Van,9,1000,Petrol,80.22,206826.0
8369,V008370,Medium Truck,4,8000,Diesel,87.45,379159.0
8370,V008371,Light Truck,7,3500,Diesel,88.56,217457.0
8371,V008372,Motorbike,2,50,Petrol,73.14,112898.0
8372,V008373,Medium Truck,14,8000,Diesel,98.09,166702.0
8373,V008374,Van,10,1000,Petrol,71.42,304514.0
8374,V008375,Light Truck,0,3500,Diesel,91.86,191290.0
8375,V008376,Medium Truck,10,8000,Diesel,89.18,69694.0
8376,V008377,Van,0,1000,Petrol,93.36,239100.0
8377,V008378,Heavy Truck,11,20000,Diesel,69.72,258293.0
8378,V008379,Light Truck,11,3500,Diesel,73.25,246095.0
8379,V008380,Heavy Truck,0,20000,Diesel,81.28,60671.0
8380,V008381,Light Truck,2,3500,Diesel,84.42,117138.0
8381,V008382,Medium Truck,3,8000,Diesel,75.88,355193.0
8382,V008383,Motorbike,9,50,Petrol,52.33,217936.0
8383,V008384,Van,7,1000,Petrol,73.58,110357.0
8384,V008385,Light Truck,10,3500,Diesel,70.53,310550.0
8385,V008386,Light Truck,4,3500,Diesel,82.6,1000.0
8386,V008387,Van,12,1000,Petrol,82.97,248373.0
8387,V008388,Van,9,1000,Petrol,98.68,154290.0
8388,V008389,Van,3,1000,Petrol,75.26,85297.0
8389,V008390,Heavy Truck,12,20000,Diesel,79.29,180043.0
8390,V008391,Van,14,1000,Petrol,88.64,280662.0
8391,V008392,Light Truck,11,3500,Diesel,80.42,31418.0
8392,V008393,Medium Truck,12,8000,Diesel,90.59,179665.0
8393,V008394,Van,13,1000,Petrol,84.51,198265.0
8394,V008395,Light Truck,14,3500,Diesel,83.73,102281.0
8395,V008396,Light Truck,1,3500,Diesel,85.87,105707.0
8396,V008397,Heavy Truck,14,20000,Diesel,70.48,107152.0
8397,V008398,Medium Truck,11,8000,Diesel,71.51,151179.0
8398,V008399,Medium Truck,9,8000,Diesel,69.4,239316.0
8399,V008400,Heavy Truck,14,20000,Diesel,92.27,256842.0
8400,V008401,Van,5,1000,Petrol,88.46,179212.0
8401,V008402,Motorbike,8,50,Petrol,74.19,149799.0
8402,V008403,Medium Truck,14,8000,Diesel,94.73,220438.0
8403,V008404,Van,10,1000,Petrol,74.29,97174.0
8404,V008405,Van,7,1000,Petrol,85.69,93529.0
8405,V008406,Heavy Truck,13,20000,Diesel,80.52,58850.0
8406,V008407,Van,1,1000,Petrol,74.31,262404.0
8407,V008408,Light Truck,3,3500,Diesel,78.14,308095.0
8408,V008409,Medium Truck,8,8000,Diesel,65.38,323638.0
8409,V008410,Medium Truck,0,8000,Diesel,95.01,394587.0
8410,V008411,Medium Truck,3,8000,Diesel,93.76,137810.0
8411,V008412,Van,6,1000,Petrol,88.07,68133.0
8412,V008413,Medium Truck,10,8000,Diesel,84.62,109365.0
8413,V008414,Light Truck,12,3500,Diesel,75.5,91178.0
8414,V008415,Medium Truck,0,8000,Diesel,80.29,265474.0
8415,V008416,Light Truck,8,3500,Diesel,76.19,345067.0
8416,V008417,Medium Truck,1,8000,Diesel,69.44,227342.0
8417,V008418,Van,13,1000,Petrol,100.0,169427.0
8418,V008419,Medium Truck,6,8000,Diesel,72.9,156793.0
8419,V008420,Light Truck,6,3500,Diesel,78.41,55417.0
8420,V008421,Light Truck,14,3500,Diesel,94.34,36047.0
8421,V008422,Medium Truck,13,8000,Diesel,87.55,185920.0
8422,V008423,Medium Truck,8,8000,Diesel,89.81,225237.0
8423,V008424,Light Truck,1,3500,Diesel,60.35,264524.0
8424,V008425,Light Truck,0,3500,Diesel,71.98,204025.0
8425,V008426,Medium Truck,3,8000,Diesel,70.44,332567.0
8426,V008427,Van,9,1000,Petrol,99.19,25182.0
8427,V008428,Light Truck,14,3500,Diesel,80.53,1000.0
8428,V008429,Motorbike,14,50,Petrol,83.25,50023.0
8429,V008430,Light Truck,4,3500,Diesel,86.62,14271.0
8430,V008431,Light Truck,2,3500,Diesel,73.74,33763.0
8431,V008432,Light Truck,0,3500,Diesel,68.66,278374.0
8432,V008433,Light Truck,10,3500,Diesel,74.53,62644.0
8433,V008434,Van,3,1000,Petrol,75.12,65306.0
8434,V008435,Medium Truck,11,8000,Diesel,66.92,304284.0
8435,V008436,Van,4,1000,Petrol,92.4,159915.0
8436,V008437,Van,5,1000,Petrol,77.11,62373.0
8437,V008438,Medium Truck,4,8000,Diesel,62.05,226494.0
8438,V008439,Light Truck,3,3500,Diesel,89.82,178869.0
8439,V008440,Van,5,1000,Petrol,66.95,42992.0
8440,V008441,Van,7,1000,Petrol,73.63,183622.0
8441,V008442,Van,5,1000,Petrol,99.99,47797.0
8442,V008443,Van,3,1000,Petrol,92.38,213264.0
8443,V008444,Van,5,1000,Petrol,83.98,176602.0
8444,V008445,Van,14,1000,Petrol,100.0,3887.0
8445,V008446,Van,9,1000,Petrol,74.24,206035.0
8446,V008447,Light Truck,8,3500,Diesel,69.56,132871.0
8447,V008448,Light Truck,9,3500,Diesel,71.06,43173.0
8448,V008449,Van,5,1000,Petrol,99.09,57210.0
8449,V008450,Van,11,1000,Petrol,87.83,213096.0
8450,V008451,Van,3,1000,Petrol,97.18,241077.0
8451,V008452,Medium Truck,11,8000,Diesel,61.7,184982.0
8452,V008453,Medium Truck,6,8000,Diesel,78.19,178534.0
8453,V008454,Van,14,1000,Petrol,61.4,204809.0
8454,V008455,Medium Truck,0,8000,Diesel,89.39,66240.0
8455,V008456,Medium Truck,10,8000,Diesel,73.91,257561.0
8456,V008457,Light Truck,0,3500,Diesel,70.16,145976.0
8457,V008458,Motorbike,4,50,Petrol,100.0,190573.0
8458,V008459,Medium Truck,0,8000,Diesel,85.85,36677.0
8459,V008460,Light Truck,9,3500,Diesel,93.32,167316.0
8460,V008461,Heavy Truck,1,20000,Diesel,90.18,82390.0
8461,V008462,Medium Truck,4,8000,Diesel,98.64,325101.0
8462,V008463,Light Truck,11,3500,Diesel,73.12,1000.0
8463,V008464,Heavy Truck,0,20000,Diesel,60.54,153101.0
8464,V008465,Light Truck,4,3500,Diesel,80.13,231553.0
8465,V008466,Light Truck,7,3500,Diesel,100.0,327052.0
8466,V008467,Light Truck,8,3500,Diesel,82.73,307624.0
8467,V008468,Medium Truck,1,8000,Diesel,66.81,140441.0
8468,V008469,Van,11,1000,Petrol,66.89,1000.0
8469,V008470,Medium Truck,13,8000,Diesel,61.86,231480.0
8470,V008471,Van,3,1000,Petrol,84.3,106130.0
8471,V008472,Light Truck,4,3500,Diesel,72.08,1000.0
8472,V008473,Medium Truck,7,8000,Diesel,94.15,266858.0
8473,V008474,Van,12,1000,Petrol,100.0,38700.0
8474,V008475,Medium Truck,12,8000,Diesel,77.25,106790.0
8475,V008476,Van,8,1000,Petrol,86.37,244376.0
8476,V008477,Light Truck,2,3500,Diesel,93.17,154790.0
8477,V008478,Medium Truck,2,8000,Diesel,71.74,193959.0
8478,V008479,Van,3,1000,Petrol,85.63,174679.0
8479,V008480,Medium Truck,6,8000,Diesel,100.0,203244.0
8480,V008481,Van,0,1000,Petrol,77.45,191828.0
8481,V008482,Van,11,1000,Petrol,74.92,290585.0
8482,V008483,Medium Truck,7,8000,Diesel,86.26,213791.0
8483,V008484,Medium Truck,11,8000,Diesel,98.69,238830.0
8484,V008485,Van,2,1000,Petrol,85.03,191147.0
8485,V008486,Van,0,1000,Petrol,97.77,220465.0
8486,V008487,Medium Truck,4,8000,Diesel,79.88,132822.0
8487,V008488,Light Truck,4,3500,Diesel,90.81,263814.0
8488,V008489,Light Truck,13,3500,Diesel,55.43,303904.0
8489,V008490,Van,3,1000,Petrol,72.63,347185.0
8490,V008491,Light Truck,8,3500,Diesel,64.43,194055.0
8491,V008492,Medium Truck,0,8000,Diesel,100.0,226698.0
8492,V008493,Van,8,1000,Petrol,61.97,248772.0
8493,V008494,Van,5,1000,Petrol,90.73,97881.0
8494,V008495,Van,5,1000,Petrol,62.32,239282.0
8495,V008496,Motorbike,6,50,Petrol,92.27,265585.0
8496,V008497,Heavy Truck,6,20000,Diesel,56.35,162500.0
8497,V008498,Medium Truck,12,8000,Diesel,91.53,102224.0
8498,V008499,Light Truck,14,3500,Diesel,83.75,186878.0
8499,V008500,Motorbike,9,50,Petrol,100.0,312709.0
8500,V008501,Medium Truck,10,8000,Diesel,70.32,22955.0
8501,V008502,Medium Truck,4,8000,Diesel,72.46,181988.0
8502,V008503,Light Truck,14,3500,Diesel,68.57,265021.0
8503,V008504,Light Truck,13,3500,Diesel,85.29,95332.0
8504,V008505,Light Truck,3,3500,Diesel,85.04,181534.0
8505,V008506,Medium Truck,11,8000,Diesel,93.93,18176.0
8506,V008507,Light Truck,2,3500,Diesel,91.69,52717.0
8507,V008508,Light Truck,6,3500,Diesel,73.66,40430.0
8508,V008509,Van,6,1000,Petrol,82.81,249625.0
8509,V008510,Light Truck,7,3500,Diesel,80.69,299005.0
8510,V008511,Light Truck,2,3500,Diesel,78.63,387694.0
8511,V008512,Light Truck,11,3500,Diesel,72.51,99546.0
8512,V008513,Heavy Truck,2,20000,Diesel,91.25,162204.0
8513,V008514,Van,0,1000,Petrol,94.28,216670.0
8514,V008515,Medium Truck,8,8000,Diesel,83.38,274050.0
8515,V008516,Medium Truck,5,8000,Diesel,71.53,57165.0
8516,V008517,Light Truck,4,3500,Diesel,95.88,124641.0
8517,V008518,Medium Truck,2,8000,Diesel,71.62,292419.0
8518,V008519,Van,6,1000,Petrol,67.05,281710.0
8519,V008520,Heavy Truck,6,20000,Diesel,68.37,91218.0
8520,V008521,Light Truck,13,3500,Diesel,80.11,95396.0
8521,V008522,Heavy Truck,4,20000,Diesel,78.16,207152.0
8522,V008523,Light Truck,0,3500,Diesel,100.0,282914.0
8523,V008524,Van,3,1000,Petrol,71.72,73046.0
8524,V008525,Van,3,1000,Petrol,81.61,176474.0
8525,V008526,Light Truck,14,3500,Diesel,78.52,139366.0
8526,V008527,Light Truck,8,3500,Diesel,76.05,190598.0
8527,V008528,Medium Truck,12,8000,Diesel,75.78,289143.0
8528,V008529,Van,11,1000,Petrol,57.8,88678.0
8529,V008530,Light Truck,11,3500,Diesel,91.01,153320.0
8530,V008531,Light Truck,12,3500,Diesel,85.61,186580.0
8531,V008532,Light Truck,3,3500,Diesel,87.37,1000.0
8532,V008533,Van,12,1000,Petrol,79.27,226556.0
8533,V008534,Medium Truck,4,8000,Diesel,80.51,257360.0
8534,V008535,Van,6,1000,Petrol,59.26,71426.0
8535,V008536,Light Truck,12,3500,Diesel,68.65,92968.0
8536,V008537,Heavy Truck,14,20000,Diesel,82.61,18272.0
8537,V008538,Van,11,1000,Petrol,87.61,130182.0
8538,V008539,Van,7,1000,Petrol,69.95,210499.0
8539,V008540,Heavy Truck,13,20000,Diesel,84.98,161317.0
8540,V008541,Heavy Truck,14,20000,Diesel,65.84,155909.0
8541,V008542,Van,13,1000,Petrol,73.25,243216.0
8542,V008543,Van,6,1000,Petrol,64.05,89225.0
8543,V008544,Light Truck,12,3500,Diesel,100.0,153034.0
8544,V008545,Van,6,1000,Petrol,81.99,286663.0
8545,V008546,Heavy Truck,2,20000,Diesel,84.5,1000.0
8546,V008547,Light Truck,11,3500,Diesel,87.53,85199.0
8547,V008548,Van,10,1000,Petrol,61.33,49252.0
8548,V008549,Van,11,1000,Petrol,89.28,236794.0
8549,V008550,Van,4,1000,Petrol,99.52,142539.0
8550,V008551,Light Truck,6,3500,Diesel,97.71,237953.0
8551,V008552,Light Truck,13,3500,Diesel,100.0,266600.0
8552,V008553,Van,5,1000,Petrol,77.69,209923.0
8553,V008554,Van,4,1000,Petrol,80.99,257631.0
8554,V008555,Light Truck,7,3500,Diesel,78.1,272002.0
8555,V008556,Medium Truck,11,8000,Diesel,63.51,291345.0
8556,V008557,Van,4,1000,Petrol,70.21,119016.0
8557,V008558,Heavy Truck,9,20000,Diesel,93.23,274009.0
8558,V008559,Van,4,1000,Petrol,95.19,110447.0
8559,V008560,Light Truck,7,3500,Diesel,90.45,334587.0
8560,V008561,Van,0,1000,Petrol,81.49,146214.0
8561,V008562,Heavy Truck,1,20000,Diesel,63.33,275580.0
8562,V008563,Light Truck,13,3500,Diesel,75.14,206029.0
8563,V008564,Light Truck,4,3500,Diesel,66.21,109865.0
8564,V008565,Medium Truck,9,8000,Diesel,85.82,102723.0
8565,V008566,Light Truck,8,3500,Diesel,81.53,374329.0
8566,V008567,Medium Truck,10,8000,Diesel,89.29,154078.0
8567,V008568,Light Truck,11,3500,Diesel,97.64,251549.0
8568,V008569,Medium Truck,5,8000,Diesel,100.0,377903.0
8569,V008570,Van,3,1000,Petrol,87.76,251206.0
8570,V008571,Heavy Truck,5,20000,Diesel,80.32,131158.0
8571,V008572,Medium Truck,0,8000,Diesel,77.45,109339.0
8572,V008573,Medium Truck,1,8000,Diesel,85.02,40594.0
8573,V008574,Van,13,1000,Petrol,86.02,373395.0
8574,V008575,Medium Truck,4,8000,Diesel,82.65,97041.0
8575,V008576,Medium Truck,11,8000,Diesel,84.47,202058.0
8576,V008577,Light Truck,1,3500,Diesel,84.11,283286.0
8577,V008578,Motorbike,11,50,Petrol,69.09,295818.0
8578,V008579,Medium Truck,7,8000,Diesel,65.16,232502.0
8579,V008580,Van,10,1000,Petrol,100.0,177712.0
8580,V008581,Van,14,1000,Petrol,87.32,184011.0
8581,V008582,Medium Truck,3,8000,Diesel,58.0,187508.0
8582,V008583,Light Truck,8,3500,Diesel,75.32,255971.0
8583,V008584,Light Truck,6,3500,Diesel,82.66,160172.0
8584,V008585,Van,5,1000,Petrol,82.25,79538.0
8585,V008586,Heavy Truck,14,20000,Diesel,86.08,16984.0
8586,V008587,Van,0,1000,Petrol,95.83,74206.0
8587,V008588,Light Truck,8,3500,Diesel,85.6,272986.0
8588,V008589,Van,8,1000,Petrol,83.4,328723.0
8589,V008590,Light Truck,9,3500,Diesel,72.42,142940.0
8590,V008591,Van,1,1000,Petrol,88.83,221063.0
8591,V008592,Medium Truck,5,8000,Diesel,75.21,224166.0
8592,V008593,Van,8,1000,Petrol,89.9,116363.0
8593,V008594,Van,0,1000,Petrol,76.22,249628.0
8594,V008595,Light Truck,1,3500,Diesel,76.26,70196.0
8595,V008596,Medium Truck,7,8000,Diesel,91.58,192934.0
8596,V008597,Light Truck,11,3500,Diesel,100.0,322354.0
8597,V008598,Motorbike,1,50,Petrol,85.07,279928.0
8598,V008599,Medium Truck,7,8000,Diesel,77.38,252379.0
8599,V008600,Medium Truck,5,8000,Diesel,87.59,88366.0
8600,V008601,Van,5,1000,Petrol,72.89,263070.0
8601,V008602,Heavy Truck,2,20000,Diesel,73.52,93997.0
8602,V008603,Light Truck,11,3500,Diesel,93.4,74323.0
8603,V008604,Medium Truck,5,8000,Diesel,100.0,186500.0
8604,V008605,Light Truck,11,3500,Diesel,58.24,162392.0
8605,V008606,Light Truck,8,3500,Diesel,91.05,46486.0
8606,V008607,Light Truck,12,3500,Diesel,88.67,185946.0
8607,V008608,Medium Truck,8,8000,Diesel,69.23,43265.0
8608,V008609,Light Truck,11,3500,Diesel,88.37,59971.0
8609,V008610,Van,10,1000,Petrol,78.34,133209.0
8610,V008611,Van,2,1000,Petrol,88.62,44846.0
8611,V008612,Light Truck,11,3500,Diesel,95.05,247043.0
8612,V008613,Medium Truck,10,8000,Diesel,90.97,310379.0
8613,V008614,Van,14,1000,Petrol,96.53,128589.0
8614,V008615,Light Truck,0,3500,Diesel,90.46,77159.0
8615,V008616,Medium Truck,9,8000,Diesel,67.54,335672.0
8616,V008617,Motorbike,11,50,Petrol,87.76,299368.0
8617,V008618,Van,12,1000,Petrol,58.15,1000.0
8618,V008619,Heavy Truck,9,20000,Diesel,79.37,269017.0
8619,V008620,Light Truck,8,3500,Diesel,57.34,1000.0
8620,V008621,Medium Truck,10,8000,Diesel,77.67,134349.0
8621,V008622,Light Truck,7,3500,Diesel,75.91,58757.0
8622,V008623,Van,13,1000,Petrol,92.12,143325.0
8623,V008624,Van,12,1000,Petrol,78.09,184944.0
8624,V008625,Light Truck,12,3500,Diesel,100.0,276273.0
8625,V008626,Light Truck,2,3500,Diesel,83.49,190391.0
8626,V008627,Medium Truck,6,8000,Diesel,100.0,286296.0
8627,V008628,Light Truck,5,3500,Diesel,87.76,175745.0
8628,V008629,Van,1,1000,Petrol,86.62,161483.0
8629,V008630,Light Truck,7,3500,Diesel,87.48,80929.0
8630,V008631,Light Truck,3,3500,Diesel,84.21,1000.0
8631,V008632,Van,12,1000,Petrol,91.53,10849.0
8632,V008633,Van,6,1000,Petrol,89.16,240805.0
8633,V008634,Van,9,1000,Petrol,79.88,228404.0
8634,V008635,Medium Truck,1,8000,Diesel,91.57,260145.0
8635,V008636,Medium Truck,1,8000,Diesel,68.68,121393.0
8636,V008637,Van,7,1000,Petrol,100.0,231695.0
8637,V008638,Heavy Truck,3,20000,Diesel,73.42,190561.0
8638,V008639,Medium Truck,3,8000,Diesel,90.6,233492.0
8639,V008640,Light Truck,12,3500,Diesel,71.44,115097.0
8640,V008641,Light Truck,1,3500,Diesel,93.19,303746.0
8641,V008642,Medium Truck,13,8000,Diesel,78.02,359459.0
8642,V008643,Light Truck,8,3500,Diesel,83.34,307123.0
8643,V008644,Medium Truck,12,8000,Diesel,67.92,400301.0
8644,V008645,Heavy Truck,12,20000,Diesel,79.92,141341.0
8645,V008646,Medium Truck,2,8000,Diesel,78.8,256997.0
8646,V008647,Van,4,1000,Petrol,91.84,172036.0
8647,V008648,Medium Truck,12,8000,Diesel,87.79,188251.0
8648,V008649,Medium Truck,1,8000,Diesel,82.88,208849.0
8649,V008650,Medium Truck,14,8000,Diesel,86.1,1000.0
8650,V008651,Heavy Truck,8,20000,Diesel,73.14,190022.0
8651,V008652,Medium Truck,12,8000,Diesel,76.67,400909.0
8652,V008653,Light Truck,2,3500,Diesel,81.5,10187.0
8653,V008654,Medium Truck,13,8000,Diesel,89.49,106762.0
8654,V008655,Van,10,1000,Petrol,83.11,141908.0
8655,V008656,Van,11,1000,Petrol,77.45,253751.0
8656,V008657,Van,11,1000,Petrol,100.0,217933.0
8657,V008658,Van,4,1000,Petrol,74.3,233108.0
8658,V008659,Medium Truck,7,8000,Diesel,95.75,151775.0
8659,V008660,Medium Truck,5,8000,Diesel,82.87,205151.0
8660,V008661,Heavy Truck,6,20000,Diesel,75.26,255141.0
8661,V008662,Light Truck,14,3500,Diesel,93.61,14243.0
8662,V008663,Light Truck,9,3500,Diesel,76.23,239783.0
8663,V008664,Van,13,1000,Petrol,93.18,186493.0
8664,V008665,Medium Truck,7,8000,Diesel,85.99,210610.0
8665,V008666,Light Truck,14,3500,Diesel,89.23,88570.0
8666,V008667,Medium Truck,10,8000,Diesel,68.01,236236.0
8667,V008668,Light Truck,14,3500,Diesel,73.07,233598.0
8668,V008669,Light Truck,2,3500,Diesel,79.84,344633.0
8669,V008670,Light Truck,10,3500,Diesel,87.62,105446.0
8670,V008671,Heavy Truck,13,20000,Diesel,65.62,9506.0
8671,V008672,Light Truck,2,3500,Diesel,61.84,122747.0
8672,V008673,Van,2,1000,Petrol,54.38,112040.0
8673,V008674,Medium Truck,12,8000,Diesel,86.04,120565.0
8674,V008675,Light Truck,3,3500,Diesel,100.0,306269.0
8675,V008676,Light Truck,14,3500,Diesel,81.31,258014.0
8676,V008677,Light Truck,8,3500,Diesel,73.96,107698.0
8677,V008678,Van,5,1000,Petrol,86.12,137175.0
8678,V008679,Medium Truck,2,8000,Diesel,70.68,189243.0
8679,V008680,Light Truck,4,3500,Diesel,82.96,207510.0
8680,V008681,Medium Truck,11,8000,Diesel,82.15,110901.0
8681,V008682,Light Truck,6,3500,Diesel,82.44,163792.0
8682,V008683,Van,14,1000,Petrol,83.28,1000.0
8683,V008684,Van,1,1000,Petrol,87.74,131964.0
8684,V008685,Light Truck,12,3500,Diesel,94.18,310691.0
8685,V008686,Light Truck,13,3500,Diesel,86.29,161569.0
8686,V008687,Van,14,1000,Petrol,78.77,231884.0
8687,V008688,Heavy Truck,0,20000,Diesel,71.31,157676.0
8688,V008689,Medium Truck,11,8000,Diesel,81.46,159407.0
8689,V008690,Light Truck,1,3500,Diesel,61.66,210711.0
8690,V008691,Van,12,1000,Petrol,83.88,250852.0
8691,V008692,Van,10,1000,Petrol,94.36,185309.0
8692,V008693,Van,6,1000,Petrol,93.09,284882.0
8693,V008694,Light Truck,12,3500,Diesel,75.66,210413.0
8694,V008695,Light Truck,5,3500,Diesel,74.0,275591.0
8695,V008696,Medium Truck,9,8000,Diesel,79.4,257870.0
8696,V008697,Van,2,1000,Petrol,75.07,357578.0
8697,V008698,Heavy Truck,14,20000,Diesel,90.01,168520.0
8698,V008699,Light Truck,6,3500,Diesel,79.6,115870.0
8699,V008700,Light Truck,2,3500,Diesel,51.13,153915.0
8700,V008701,Van,2,1000,Petrol,90.47,214207.0
8701,V008702,Light Truck,2,3500,Diesel,86.74,220420.0
8702,V008703,Van,14,1000,Petrol,81.4,272957.0
8703,V008704,Medium Truck,13,8000,Diesel,73.41,155311.0
8704,V008705,Heavy Truck,12,20000,Diesel,79.72,257065.0
8705,V008706,Medium Truck,6,8000,Diesel,69.42,104429.0
8706,V008707,Van,10,1000,Petrol,83.69,109495.0
8707,V008708,Motorbike,1,50,Petrol,91.23,84850.0
8708,V008709,Light Truck,0,3500,Diesel,81.22,86991.0
8709,V008710,Medium Truck,13,8000,Diesel,87.44,198794.0
8710,V008711,Medium Truck,7,8000,Diesel,75.93,146035.0
8711,V008712,Medium Truck,5,8000,Diesel,82.37,249850.0
8712,V008713,Van,6,1000,Petrol,83.18,156615.0
8713,V008714,Light Truck,6,3500,Diesel,84.65,137614.0
8714,V008715,Medium Truck,6,8000,Diesel,75.2,313374.0
8715,V008716,Van,12,1000,Petrol,63.93,129812.0
8716,V008717,Van,6,1000,Petrol,67.22,17782.0
8717,V008718,Heavy Truck,13,20000,Diesel,79.3,215682.0
8718,V008719,Light Truck,13,3500,Diesel,76.3,182507.0
8719,V008720,Light Truck,12,3500,Diesel,84.63,319973.0
8720,V008721,Medium Truck,13,8000,Diesel,70.27,151426.0
8721,V008722,Medium Truck,11,8000,Diesel,47.5,131831.0
8722,V008723,Light Truck,6,3500,Diesel,52.31,111138.0
8723,V008724,Medium Truck,9,8000,Diesel,83.96,151704.0
8724,V008725,Light Truck,1,3500,Diesel,80.25,45575.0
8725,V008726,Light Truck,7,3500,Diesel,87.32,233102.0
8726,V008727,Van,5,1000,Petrol,78.36,104152.0
8727,V008728,Medium Truck,6,8000,Diesel,75.97,206316.0
8728,V008729,Medium Truck,12,8000,Diesel,77.3,154363.0
8729,V008730,Van,11,1000,Petrol,100.0,268976.0
8730,V008731,Light Truck,1,3500,Diesel,91.22,1000.0
8731,V008732,Light Truck,12,3500,Diesel,73.47,1000.0
8732,V008733,Heavy Truck,9,20000,Diesel,78.14,157512.0
8733,V008734,Medium Truck,12,8000,Diesel,85.44,248670.0
8734,V008735,Van,8,1000,Petrol,93.76,143301.0
8735,V008736,Van,4,1000,Petrol,84.3,190422.0
8736,V008737,Van,3,1000,Petrol,71.23,142595.0
8737,V008738,Van,2,1000,Petrol,66.77,165284.0
8738,V008739,Medium Truck,4,8000,Diesel,100.0,363311.0
8739,V008740,Light Truck,13,3500,Diesel,91.57,188633.0
8740,V008741,Light Truck,11,3500,Diesel,92.06,21124.0
8741,V008742,Light Truck,6,3500,Diesel,85.54,187032.0
8742,V008743,Light Truck,11,3500,Diesel,66.94,179859.0
8743,V008744,Medium Truck,2,8000,Diesel,94.3,177638.0
8744,V008745,Van,5,1000,Petrol,65.03,20234.0
8745,V008746,Light Truck,13,3500,Diesel,65.59,89038.0
8746,V008747,Medium Truck,4,8000,Diesel,85.02,253800.0
8747,V008748,Medium Truck,4,8000,Diesel,72.72,1000.0
8748,V008749,Van,7,1000,Petrol,87.54,185448.0
8749,V008750,Medium Truck,4,8000,Diesel,76.94,163532.0
8750,V008751,Heavy Truck,3,20000,Diesel,91.05,224893.0
8751,V008752,Van,3,1000,Petrol,62.16,240971.0
8752,V008753,Heavy Truck,0,20000,Diesel,60.21,164067.0
8753,V008754,Medium Truck,6,8000,Diesel,82.06,149268.0
8754,V008755,Motorbike,0,50,Petrol,100.0,20379.0
8755,V008756,Van,5,1000,Petrol,88.07,269213.0
8756,V008757,Van,0,1000,Petrol,81.33,316014.0
8757,V008758,Heavy Truck,1,20000,Diesel,92.37,244479.0
8758,V008759,Van,2,1000,Petrol,83.66,156583.0
8759,V008760,Medium Truck,2,8000,Diesel,80.86,202924.0
8760,V008761,Light Truck,3,3500,Diesel,87.11,3410.0
8761,V008762,Light Truck,5,3500,Diesel,75.78,113455.0
8762,V008763,Light Truck,11,3500,Diesel,74.26,276951.0
8763,V008764,Van,11,1000,Petrol,75.77,240834.0
8764,V008765,Light Truck,6,3500,Diesel,88.6,200072.0
8765,V008766,Light Truck,11,3500,Diesel,100.0,253847.0
8766,V008767,Light Truck,2,3500,Diesel,92.78,118798.0
8767,V008768,Medium Truck,9,8000,Diesel,71.2,362976.0
8768,V008769,Motorbike,5,50,Petrol,87.42,185486.0
8769,V008770,Medium Truck,9,8000,Diesel,84.77,220556.0
8770,V008771,Medium Truck,7,8000,Diesel,72.65,181554.0
8771,V008772,Medium Truck,7,8000,Diesel,69.65,218579.0
8772,V008773,Van,7,1000,Petrol,89.8,140205.0
8773,V008774,Van,14,1000,Petrol,71.06,234553.0
8774,V008775,Van,12,1000,Petrol,98.24,185281.0
8775,V008776,Medium Truck,12,8000,Diesel,77.37,261861.0
8776,V008777,Light Truck,5,3500,Diesel,77.98,339284.0
8777,V008778,Heavy Truck,11,20000,Diesel,100.0,184970.0
8778,V008779,Van,0,1000,Petrol,83.3,77358.0
8779,V008780,Van,4,1000,Petrol,84.96,196667.0
8780,V008781,Van,12,1000,Petrol,76.41,278593.0
8781,V008782,Heavy Truck,9,20000,Diesel,76.57,224507.0
8782,V008783,Medium Truck,7,8000,Diesel,90.03,248163.0
8783,V008784,Light Truck,6,3500,Diesel,100.0,242084.0
8784,V008785,Motorbike,4,50,Petrol,63.88,161562.0
8785,V008786,Medium Truck,14,8000,Diesel,100.0,200569.0
8786,V008787,Heavy Truck,0,20000,Diesel,97.25,65044.0
8787,V008788,Medium Truck,4,8000,Diesel,89.99,6891.0
8788,V008789,Medium Truck,4,8000,Diesel,69.78,222172.0
8789,V008790,Van,12,1000,Petrol,93.13,68791.0
8790,V008791,Heavy Truck,12,20000,Diesel,79.12,83038.0
8791,V008792,Van,3,1000,Petrol,83.47,321207.0
8792,V008793,Light Truck,14,3500,Diesel,84.14,263193.0
8793,V008794,Light Truck,3,3500,Diesel,68.98,137000.0
8794,V008795,Motorbike,14,50,Petrol,70.51,178783.0
8795,V008796,Medium Truck,3,8000,Diesel,92.94,241491.0
8796,V008797,Medium Truck,0,8000,Diesel,84.17,199941.0
8797,V008798,Light Truck,9,3500,Diesel,66.8,97522.0
8798,V008799,Medium Truck,0,8000,Diesel,62.91,139455.0
8799,V008800,Van,4,1000,Petrol,87.58,125179.0
8800,V008801,Van,10,1000,Petrol,79.03,234483.0
8801,V008802,Light Truck,2,3500,Diesel,77.82,48794.0
8802,V008803,Light Truck,12,3500,Diesel,68.19,114028.0
8803,V008804,Van,3,1000,Petrol,69.57,302104.0
8804,V008805,Light Truck,6,3500,Diesel,75.17,209894.0
8805,V008806,Light Truck,14,3500,Diesel,84.14,121244.0
8806,V008807,Van,12,1000,Petrol,100.0,309520.0
8807,V008808,Van,8,1000,Petrol,83.22,1000.0
8808,V008809,Light Truck,2,3500,Diesel,80.06,90850.0
8809,V008810,Medium Truck,1,8000,Diesel,65.83,170030.0
8810,V008811,Medium Truck,1,8000,Diesel,88.17,139094.0
8811,V008812,Medium Truck,4,8000,Diesel,90.24,242133.0
8812,V008813,Light Truck,3,3500,Diesel,91.85,238090.0
8813,V008814,Medium Truck,4,8000,Diesel,88.03,168731.0
8814,V008815,Van,3,1000,Petrol,83.34,141554.0
8815,V008816,Van,14,1000,Petrol,88.18,159011.0
8816,V008817,Van,9,1000,Petrol,68.22,146918.0
8817,V008818,Van,0,1000,Petrol,92.14,90921.0
8818,V008819,Light Truck,0,3500,Diesel,88.57,184365.0
8819,V008820,Light Truck,5,3500,Diesel,84.81,273856.0
8820,V008821,Van,14,1000,Petrol,75.66,328949.0
8821,V008822,Light Truck,2,3500,Diesel,68.07,107589.0
8822,V008823,Light Truck,4,3500,Diesel,72.57,230588.0
8823,V008824,Medium Truck,13,8000,Diesel,79.55,109704.0
8824,V008825,Van,13,1000,Petrol,80.83,218201.0
8825,V008826,Heavy Truck,1,20000,Diesel,89.51,218722.0
8826,V008827,Medium Truck,8,8000,Diesel,69.84,238113.0
8827,V008828,Light Truck,11,3500,Diesel,96.32,61265.0
8828,V008829,Motorbike,3,50,Petrol,83.54,182671.0
8829,V008830,Van,12,1000,Petrol,97.04,99173.0
8830,V008831,Light Truck,1,3500,Diesel,89.09,162092.0
8831,V008832,Medium Truck,7,8000,Diesel,77.89,59565.0
8832,V008833,Medium Truck,3,8000,Diesel,84.96,160315.0
8833,V008834,Medium Truck,5,8000,Diesel,67.67,251554.0
8834,V008835,Van,0,1000,Petrol,83.62,116602.0
8835,V008836,Medium Truck,10,8000,Diesel,59.35,113539.0
8836,V008837,Heavy Truck,4,20000,Diesel,83.37,1000.0
8837,V008838,Van,8,1000,Petrol,88.37,177648.0
8838,V008839,Van,10,1000,Petrol,89.03,92862.0
8839,V008840,Van,0,1000,Petrol,82.51,342711.0
8840,V008841,Medium Truck,6,8000,Diesel,73.8,177186.0
8841,V008842,Medium Truck,3,8000,Diesel,82.72,193881.0
8842,V008843,Light Truck,7,3500,Diesel,77.47,200543.0
8843,V008844,Light Truck,5,3500,Diesel,100.0,102433.0
8844,V008845,Van,2,1000,Petrol,90.21,197918.0
8845,V008846,Light Truck,7,3500,Diesel,84.94,173477.0
8846,V008847,Light Truck,5,3500,Diesel,93.77,351791.0
8847,V008848,Van,5,1000,Petrol,81.43,194517.0
8848,V008849,Light Truck,9,3500,Diesel,83.46,235689.0
8849,V008850,Heavy Truck,11,20000,Diesel,89.17,177980.0
8850,V008851,Light Truck,9,3500,Diesel,78.49,294011.0
8851,V008852,Van,14,1000,Petrol,84.32,105917.0
8852,V008853,Medium Truck,7,8000,Diesel,68.56,189799.0
8853,V008854,Light Truck,7,3500,Diesel,70.71,231085.0
8854,V008855,Motorbike,5,50,Petrol,91.86,115818.0
8855,V008856,Light Truck,2,3500,Diesel,72.1,63376.0
8856,V008857,Van,13,1000,Petrol,77.91,176759.0
8857,V008858,Light Truck,5,3500,Diesel,90.13,11307.0
8858,V008859,Light Truck,8,3500,Diesel,89.78,181862.0
8859,V008860,Light Truck,4,3500,Diesel,75.33,112378.0
8860,V008861,Van,7,1000,Petrol,68.92,1000.0
8861,V008862,Heavy Truck,0,20000,Diesel,76.57,167536.0
8862,V008863,Medium Truck,9,8000,Diesel,95.02,252185.0
8863,V008864,Light Truck,0,3500,Diesel,78.56,186811.0
8864,V008865,Light Truck,4,3500,Diesel,80.01,56381.0
8865,V008866,Medium Truck,1,8000,Diesel,81.42,228835.0
8866,V008867,Light Truck,5,3500,Diesel,90.07,311389.0
8867,V008868,Light Truck,2,3500,Diesel,63.68,189091.0
8868,V008869,Light Truck,5,3500,Diesel,77.79,194683.0
8869,V008870,Light Truck,6,3500,Diesel,83.99,122656.0
8870,V008871,Van,8,1000,Petrol,78.38,187838.0
8871,V008872,Light Truck,1,3500,Diesel,76.63,157936.0
8872,V008873,Light Truck,3,3500,Diesel,83.69,184758.0
8873,V008874,Van,1,1000,Petrol,71.26,181359.0
8874,V008875,Van,0,1000,Petrol,74.83,197396.0
8875,V008876,Heavy Truck,10,20000,Diesel,68.43,194795.0
8876,V008877,Heavy Truck,13,20000,Diesel,90.83,157567.0
8877,V008878,Heavy Truck,0,20000,Diesel,58.5,1000.0
8878,V008879,Light Truck,12,3500,Diesel,81.06,157678.0
8879,V008880,Medium Truck,10,8000,Diesel,60.26,135416.0
8880,V008881,Van,13,1000,Petrol,100.0,266344.0
8881,V008882,Van,6,1000,Petrol,69.11,108313.0
8882,V008883,Heavy Truck,7,20000,Diesel,93.2,190786.0
8883,V008884,Medium Truck,2,8000,Diesel,86.43,124653.0
8884,V008885,Motorbike,4,50,Petrol,90.52,190214.0
8885,V008886,Van,12,1000,Petrol,91.32,11718.0
8886,V008887,Light Truck,1,3500,Diesel,97.16,1000.0
8887,V008888,Van,2,1000,Petrol,88.72,361298.0
8888,V008889,Motorbike,12,50,Petrol,93.34,99643.0
8889,V008890,Motorbike,13,50,Petrol,81.73,76993.0
8890,V008891,Heavy Truck,8,20000,Diesel,67.4,1000.0
8891,V008892,Light Truck,7,3500,Diesel,76.76,168604.0
8892,V008893,Van,0,1000,Petrol,80.0,242310.0
8893,V008894,Van,12,1000,Petrol,100.0,10274.0
8894,V008895,Van,10,1000,Petrol,64.29,144934.0
8895,V008896,Van,13,1000,Petrol,70.17,130550.0
8896,V008897,Heavy Truck,6,20000,Diesel,77.98,410999.0
8897,V008898,Van,1,1000,Petrol,84.0,286464.0
8898,V008899,Van,1,1000,Petrol,93.7,174635.0
8899,V008900,Medium Truck,12,8000,Diesel,60.86,61003.0
8900,V008901,Medium Truck,12,8000,Diesel,77.72,259603.0
8901,V008902,Van,10,1000,Petrol,81.47,285087.0
8902,V008903,Medium Truck,8,8000,Diesel,88.69,208631.0
8903,V008904,Light Truck,2,3500,Diesel,85.18,47436.0
8904,V008905,Light Truck,13,3500,Diesel,65.95,170463.0
8905,V008906,Motorbike,8,50,Petrol,80.0,177102.0
8906,V008907,Van,7,1000,Petrol,83.91,107650.0
8907,V008908,Light Truck,1,3500,Diesel,93.78,128488.0
8908,V008909,Van,8,1000,Petrol,77.49,135698.0
8909,V008910,Heavy Truck,14,20000,Diesel,75.38,114349.0
8910,V008911,Light Truck,3,3500,Diesel,80.08,15071.0
8911,V008912,Medium Truck,4,8000,Diesel,87.62,229195.0
8912,V008913,Van,8,1000,Petrol,69.74,154619.0
8913,V008914,Light Truck,9,3500,Diesel,99.57,246038.0
8914,V008915,Medium Truck,4,8000,Diesel,86.25,146458.0
8915,V008916,Medium Truck,2,8000,Diesel,83.79,83159.0
8916,V008917,Van,11,1000,Petrol,86.0,115538.0
8917,V008918,Medium Truck,4,8000,Diesel,81.48,55461.0
8918,V008919,Light Truck,1,3500,Diesel,72.39,122591.0
8919,V008920,Light Truck,14,3500,Diesel,80.78,226060.0
8920,V008921,Heavy Truck,0,20000,Diesel,80.15,154727.0
8921,V008922,Light Truck,10,3500,Diesel,100.0,121100.0
8922,V008923,Light Truck,9,3500,Diesel,91.16,172650.0
8923,V008924,Light Truck,2,3500,Diesel,76.03,115005.0
8924,V008925,Van,4,1000,Petrol,69.41,336949.0
8925,V008926,Medium Truck,7,8000,Diesel,69.37,256440.0
8926,V008927,Medium Truck,4,8000,Diesel,98.28,129959.0
8927,V008928,Light Truck,9,3500,Diesel,86.84,10354.0
8928,V008929,Medium Truck,7,8000,Diesel,99.51,203678.0
8929,V008930,Medium Truck,4,8000,Diesel,84.87,171007.0
8930,V008931,Medium Truck,8,8000,Diesel,57.85,219718.0
8931,V008932,Medium Truck,8,8000,Diesel,75.75,278726.0
8932,V008933,Light Truck,5,3500,Diesel,77.86,223642.0
8933,V008934,Light Truck,14,3500,Diesel,88.85,273727.0
8934,V008935,Heavy Truck,1,20000,Diesel,100.0,63453.0
8935,V008936,Van,7,1000,Petrol,90.64,203409.0
8936,V008937,Heavy Truck,2,20000,Diesel,79.5,199364.0
8937,V008938,Van,6,1000,Petrol,83.73,77028.0
8938,V008939,Medium Truck,14,8000,Diesel,97.52,335810.0
8939,V008940,Heavy Truck,1,20000,Diesel,76.06,260132.0
8940,V008941,Heavy Truck,1,20000,Diesel,89.01,115407.0
8941,V008942,Van,8,1000,Petrol,90.31,72294.0
8942,V008943,Heavy Truck,10,20000,Diesel,95.93,74021.0
8943,V008944,Light Truck,10,3500,Diesel,95.62,219524.0
8944,V008945,Light Truck,4,3500,Diesel,60.83,157926.0
8945,V008946,Light Truck,12,3500,Diesel,81.1,224216.0
8946,V008947,Light Truck,0,3500,Diesel,84.66,169370.0
8947,V008948,Van,3,1000,Petrol,78.28,164523.0
8948,V008949,Van,12,1000,Petrol,77.69,101355.0
8949,V008950,Van,11,1000,Petrol,97.25,162646.0
8950,V008951,Van,13,1000,Petrol,73.13,253443.0
8951,V008952,Medium Truck,8,8000,Diesel,97.06,290302.0
8952,V008953,Heavy Truck,1,20000,Diesel,76.99,43762.0
8953,V008954,Light Truck,12,3500,Diesel,80.47,141679.0
8954,V008955,Medium Truck,3,8000,Diesel,88.17,290863.0
8955,V008956,Van,14,1000,Petrol,75.77,196862.0
8956,V008957,Medium Truck,5,8000,Diesel,76.28,156485.0
8957,V008958,Medium Truck,0,8000,Diesel,98.42,64656.0
8958,V008959,Heavy Truck,9,20000,Diesel,82.19,133820.0
8959,V008960,Motorbike,8,50,Petrol,92.78,169936.0
8960,V008961,Van,3,1000,Petrol,68.75,198753.0
8961,V008962,Heavy Truck,6,20000,Diesel,76.31,183208.0
8962,V008963,Medium Truck,0,8000,Diesel,69.31,154505.0
8963,V008964,Heavy Truck,11,20000,Diesel,75.8,261870.0
8964,V008965,Van,14,1000,Petrol,86.53,1000.0
8965,V008966,Van,5,1000,Petrol,84.34,279687.0
8966,V008967,Van,10,1000,Petrol,75.05,218664.0
8967,V008968,Medium Truck,14,8000,Diesel,78.68,169048.0
8968,V008969,Light Truck,12,3500,Diesel,90.91,277750.0
8969,V008970,Van,12,1000,Petrol,75.44,246075.0
8970,V008971,Light Truck,9,3500,Diesel,92.52,157850.0
8971,V008972,Light Truck,6,3500,Diesel,90.0,155468.0
8972,V008973,Light Truck,14,3500,Diesel,81.37,1000.0
8973,V008974,Medium Truck,0,8000,Diesel,87.56,321531.0
8974,V008975,Van,4,1000,Petrol,85.68,172685.0
8975,V008976,Van,13,1000,Petrol,79.06,239220.0
8976,V008977,Medium Truck,2,8000,Diesel,80.99,62992.0
8977,V008978,Heavy Truck,8,20000,Diesel,68.72,138110.0
8978,V008979,Van,0,1000,Petrol,74.58,156549.0
8979,V008980,Van,13,1000,Petrol,95.77,98926.0
8980,V008981,Heavy Truck,11,20000,Diesel,63.6,342642.0
8981,V008982,Light Truck,2,3500,Diesel,75.74,120311.0
8982,V008983,Van,2,1000,Petrol,77.79,174428.0
8983,V008984,Light Truck,3,3500,Diesel,77.32,159637.0
8984,V008985,Van,12,1000,Petrol,76.55,195632.0
8985,V008986,Light Truck,6,3500,Diesel,77.84,234446.0
8986,V008987,Light Truck,4,3500,Diesel,100.0,200570.0
8987,V008988,Light Truck,5,3500,Diesel,85.92,101977.0
8988,V008989,Van,1,1000,Petrol,67.29,190870.0
8989,V008990,Light Truck,9,3500,Diesel,81.22,243254.0
8990,V008991,Van,1,1000,Petrol,72.69,176985.0
8991,V008992,Van,1,1000,Petrol,84.24,100707.0
8992,V008993,Van,9,1000,Petrol,71.04,279768.0
8993,V008994,Van,4,1000,Petrol,78.44,362141.0
8994,V008995,Van,5,1000,Petrol,100.0,249763.0
8995,V008996,Medium Truck,4,8000,Diesel,67.14,129414.0
8996,V008997,Van,2,1000,Petrol,74.07,193846.0
8997,V008998,Light Truck,4,3500,Diesel,82.85,219081.0
8998,V008999,Van,13,1000,Petrol,88.14,181327.0
8999,V009000,Van,2,1000,Petrol,82.38,118351.0
9000,V009001,Van,6,1000,Petrol,36.72,161652.0
9001,V009002,Van,6,1000,Petrol,71.76,127283.0
9002,V009003,Motorbike,3,50,Petrol,91.38,300591.0
9003,V009004,Van,0,1000,Petrol,71.91,212405.0
9004,V009005,Motorbike,0,50,Petrol,63.2,197899.0
9005,V009006,Van,14,1000,Petrol,77.43,117202.0
9006,V009007,Van,11,1000,Petrol,73.63,184399.0
9007,V009008,Van,10,1000,Petrol,61.99,215954.0
9008,V009009,Heavy Truck,9,20000,Diesel,73.1,1000.0
9009,V009010,Light Truck,2,3500,Diesel,80.12,152055.0
9010,V009011,Medium Truck,6,8000,Diesel,78.81,295693.0
9011,V009012,Light Truck,9,3500,Diesel,82.68,196707.0
9012,V009013,Medium Truck,12,8000,Diesel,68.91,102034.0
9013,V009014,Van,0,1000,Petrol,100.0,244216.0
9014,V009015,Medium Truck,10,8000,Diesel,87.66,219790.0
9015,V009016,Medium Truck,9,8000,Diesel,92.39,276931.0
9016,V009017,Van,4,1000,Petrol,100.0,197649.0
9017,V009018,Light Truck,3,3500,Diesel,81.73,1000.0
9018,V009019,Heavy Truck,11,20000,Diesel,97.26,198754.0
9019,V009020,Van,10,1000,Petrol,86.11,206996.0
9020,V009021,Van,7,1000,Petrol,69.73,241614.0
9021,V009022,Light Truck,7,3500,Diesel,67.78,152111.0
9022,V009023,Van,12,1000,Petrol,94.04,137411.0
9023,V009024,Motorbike,9,50,Petrol,75.43,122133.0
9024,V009025,Light Truck,1,3500,Diesel,70.63,195429.0
9025,V009026,Van,11,1000,Petrol,78.05,169400.0
9026,V009027,Heavy Truck,11,20000,Diesel,73.03,119512.0
9027,V009028,Light Truck,10,3500,Diesel,95.2,231177.0
9028,V009029,Heavy Truck,0,20000,Diesel,64.74,214728.0
9029,V009030,Light Truck,1,3500,Diesel,58.67,189253.0
9030,V009031,Light Truck,2,3500,Diesel,73.75,322635.0
9031,V009032,Light Truck,5,3500,Diesel,83.39,181658.0
9032,V009033,Van,11,1000,Petrol,87.14,183195.0
9033,V009034,Light Truck,4,3500,Diesel,89.46,94200.0
9034,V009035,Van,1,1000,Petrol,78.45,306480.0
9035,V009036,Heavy Truck,12,20000,Diesel,83.39,153403.0
9036,V009037,Medium Truck,1,8000,Diesel,78.19,129393.0
9037,V009038,Van,9,1000,Petrol,81.35,274897.0
9038,V009039,Light Truck,11,3500,Diesel,68.19,151691.0
9039,V009040,Medium Truck,4,8000,Diesel,82.08,262084.0
9040,V009041,Heavy Truck,9,20000,Diesel,76.48,144380.0
9041,V009042,Light Truck,1,3500,Diesel,85.65,183572.0
9042,V009043,Light Truck,13,3500,Diesel,92.75,110824.0
9043,V009044,Van,7,1000,Petrol,85.04,128502.0
9044,V009045,Van,0,1000,Petrol,96.38,200023.0
9045,V009046,Heavy Truck,4,20000,Diesel,92.55,136559.0
9046,V009047,Medium Truck,5,8000,Diesel,76.36,313667.0
9047,V009048,Medium Truck,9,8000,Diesel,87.99,153018.0
9048,V009049,Van,1,1000,Petrol,93.09,187362.0
9049,V009050,Van,2,1000,Petrol,69.59,350899.0
9050,V009051,Medium Truck,11,8000,Diesel,50.94,200536.0
9051,V009052,Medium Truck,8,8000,Diesel,61.81,202940.0
9052,V009053,Van,1,1000,Petrol,87.74,169208.0
9053,V009054,Light Truck,13,3500,Diesel,78.71,187443.0
9054,V009055,Light Truck,13,3500,Diesel,79.3,225452.0
9055,V009056,Light Truck,6,3500,Diesel,100.0,186353.0
9056,V009057,Van,8,1000,Petrol,72.46,1000.0
9057,V009058,Van,3,1000,Petrol,92.39,291477.0
9058,V009059,Medium Truck,10,8000,Diesel,45.19,28780.0
9059,V009060,Van,12,1000,Petrol,91.72,294144.0
9060,V009061,Van,1,1000,Petrol,83.65,166659.0
9061,V009062,Motorbike,1,50,Petrol,100.0,145270.0
9062,V009063,Light Truck,6,3500,Diesel,73.48,223479.0
9063,V009064,Van,5,1000,Petrol,73.1,162741.0
9064,V009065,Van,7,1000,Petrol,61.45,154681.0
9065,V009066,Van,2,1000,Petrol,80.58,1000.0
9066,V009067,Motorbike,11,50,Petrol,94.47,217266.0
9067,V009068,Light Truck,13,3500,Diesel,83.87,150129.0
9068,V009069,Medium Truck,11,8000,Diesel,100.0,273828.0
9069,V009070,Heavy Truck,10,20000,Diesel,78.61,220551.0
9070,V009071,Van,7,1000,Petrol,85.01,339455.0
9071,V009072,Heavy Truck,0,20000,Diesel,78.58,86016.0
9072,V009073,Van,11,1000,Petrol,100.0,112954.0
9073,V009074,Medium Truck,1,8000,Diesel,59.65,140149.0
9074,V009075,Light Truck,12,3500,Diesel,97.38,134758.0
9075,V009076,Light Truck,7,3500,Diesel,77.52,179610.0
9076,V009077,Heavy Truck,4,20000,Diesel,100.0,9183.0
9077,V009078,Heavy Truck,6,20000,Diesel,78.52,202264.0
9078,V009079,Heavy Truck,9,20000,Diesel,100.0,282759.0
9079,V009080,Light Truck,10,3500,Diesel,88.77,89944.0
9080,V009081,Light Truck,10,3500,Diesel,96.96,97804.0
9081,V009082,Medium Truck,2,8000,Diesel,75.44,41500.0
9082,V009083,Van,3,1000,Petrol,65.94,234085.0
9083,V009084,Light Truck,3,3500,Diesel,84.39,51040.0
9084,V009085,Medium Truck,9,8000,Diesel,79.56,91921.0
9085,V009086,Motorbike,5,50,Petrol,68.68,76964.0
9086,V009087,Medium Truck,14,8000,Diesel,100.0,1000.0
9087,V009088,Heavy Truck,11,20000,Diesel,79.2,86710.0
9088,V009089,Van,8,1000,Petrol,84.65,296061.0
9089,V009090,Light Truck,1,3500,Diesel,87.63,209161.0
9090,V009091,Van,7,1000,Petrol,80.38,218647.0
9091,V009092,Van,8,1000,Petrol,77.11,238735.0
9092,V009093,Van,4,1000,Petrol,57.9,149220.0
9093,V009094,Van,7,1000,Petrol,84.36,219619.0
9094,V009095,Light Truck,6,3500,Diesel,100.0,146716.0
9095,V009096,Heavy Truck,6,20000,Diesel,83.76,245646.0
9096,V009097,Van,3,1000,Petrol,85.51,163098.0
9097,V009098,Light Truck,9,3500,Diesel,78.62,212143.0
9098,V009099,Van,1,1000,Petrol,75.34,317055.0
9099,V009100,Van,0,1000,Petrol,73.91,245450.0
9100,V009101,Light Truck,13,3500,Diesel,91.45,75723.0
9101,V009102,Light Truck,5,3500,Diesel,100.0,174423.0
9102,V009103,Heavy Truck,7,20000,Diesel,95.54,53027.0
9103,V009104,Heavy Truck,10,20000,Diesel,93.11,177962.0
9104,V009105,Heavy Truck,8,20000,Diesel,92.4,244325.0
9105,V009106,Medium Truck,10,8000,Diesel,86.77,201117.0
9106,V009107,Van,9,1000,Petrol,68.62,161800.0
9107,V009108,Light Truck,2,3500,Diesel,86.31,59259.0
9108,V009109,Light Truck,11,3500,Diesel,99.95,296874.0
9109,V009110,Light Truck,1,3500,Diesel,74.64,160803.0
9110,V009111,Light Truck,2,3500,Diesel,72.3,86842.0
9111,V009112,Medium Truck,10,8000,Diesel,71.06,202048.0
9112,V009113,Medium Truck,8,8000,Diesel,82.9,191745.0
9113,V009114,Light Truck,2,3500,Diesel,95.19,181866.0
9114,V009115,Van,2,1000,Petrol,99.63,200016.0
9115,V009116,Heavy Truck,11,20000,Diesel,100.0,180160.0
9116,V009117,Light Truck,8,3500,Diesel,62.11,50370.0
9117,V009118,Light Truck,14,3500,Diesel,100.0,108001.0
9118,V009119,Van,9,1000,Petrol,98.15,224963.0
9119,V009120,Light Truck,2,3500,Diesel,81.47,163904.0
9120,V009121,Medium Truck,0,8000,Diesel,81.01,154299.0
9121,V009122,Heavy Truck,9,20000,Diesel,73.35,231136.0
9122,V009123,Medium Truck,11,8000,Diesel,86.54,214159.0
9123,V009124,Light Truck,6,3500,Diesel,81.0,229708.0
9124,V009125,Van,13,1000,Petrol,66.56,212491.0
9125,V009126,Light Truck,5,3500,Diesel,88.08,154387.0
9126,V009127,Van,8,1000,Petrol,86.33,305033.0
9127,V009128,Heavy Truck,11,20000,Diesel,83.1,43068.0
9128,V009129,Motorbike,11,50,Petrol,74.12,149215.0
9129,V009130,Medium Truck,9,8000,Diesel,77.32,66314.0
9130,V009131,Heavy Truck,8,20000,Diesel,87.79,212078.0
9131,V009132,Medium Truck,14,8000,Diesel,61.68,54320.0
9132,V009133,Light Truck,9,3500,Diesel,82.57,75377.0
9133,V009134,Van,14,1000,Petrol,72.32,1000.0
9134,V009135,Van,10,1000,Petrol,95.18,267209.0
9135,V009136,Medium Truck,11,8000,Diesel,97.68,223180.0
9136,V009137,Van,8,1000,Petrol,89.54,256867.0
9137,V009138,Light Truck,8,3500,Diesel,77.66,437398.0
9138,V009139,Light Truck,0,3500,Diesel,70.01,253352.0
9139,V009140,Medium Truck,12,8000,Diesel,91.6,132058.0
9140,V009141,Medium Truck,8,8000,Diesel,74.76,221333.0
9141,V009142,Medium Truck,14,8000,Diesel,63.96,190507.0
9142,V009143,Medium Truck,3,8000,Diesel,96.62,114906.0
9143,V009144,Medium Truck,10,8000,Diesel,83.06,166090.0
9144,V009145,Light Truck,2,3500,Diesel,92.87,178226.0
9145,V009146,Motorbike,5,50,Petrol,100.0,21004.0
9146,V009147,Medium Truck,10,8000,Diesel,75.84,134312.0
9147,V009148,Light Truck,14,3500,Diesel,86.65,1000.0
9148,V009149,Van,1,1000,Petrol,76.78,165123.0
9149,V009150,Medium Truck,7,8000,Diesel,60.52,120672.0
9150,V009151,Medium Truck,12,8000,Diesel,70.72,338737.0
9151,V009152,Van,9,1000,Petrol,88.04,366594.0
9152,V009153,Light Truck,9,3500,Diesel,73.8,214100.0
9153,V009154,Van,13,1000,Petrol,57.86,61499.0
9154,V009155,Light Truck,10,3500,Diesel,80.91,122172.0
9155,V009156,Van,8,1000,Petrol,100.0,199979.0
9156,V009157,Light Truck,9,3500,Diesel,82.16,160955.0
9157,V009158,Light Truck,8,3500,Diesel,81.43,130123.0
9158,V009159,Light Truck,11,3500,Diesel,73.24,118256.0
9159,V009160,Van,10,1000,Petrol,71.69,254417.0
9160,V009161,Van,14,1000,Petrol,98.95,175614.0
9161,V009162,Medium Truck,1,8000,Diesel,84.77,53962.0
9162,V009163,Heavy Truck,10,20000,Diesel,81.39,302052.0
9163,V009164,Motorbike,4,50,Petrol,94.05,322016.0
9164,V009165,Light Truck,13,3500,Diesel,78.21,1000.0
9165,V009166,Light Truck,4,3500,Diesel,73.72,122181.0
9166,V009167,Heavy Truck,8,20000,Diesel,93.3,239115.0
9167,V009168,Light Truck,5,3500,Diesel,86.56,92667.0
9168,V009169,Heavy Truck,11,20000,Diesel,84.66,177425.0
9169,V009170,Light Truck,2,3500,Diesel,52.48,9071.0
9170,V009171,Van,6,1000,Petrol,64.63,158353.0
9171,V009172,Van,13,1000,Petrol,78.04,96092.0
9172,V009173,Medium Truck,14,8000,Diesel,80.48,194063.0
9173,V009174,Van,2,1000,Petrol,67.23,18123.0
9174,V009175,Heavy Truck,10,20000,Diesel,80.26,213120.0
9175,V009176,Light Truck,10,3500,Diesel,65.97,462259.0
9176,V009177,Heavy Truck,7,20000,Diesel,93.65,168750.0
9177,V009178,Medium Truck,12,8000,Diesel,79.5,205303.0
9178,V009179,Light Truck,10,3500,Diesel,73.11,187195.0
9179,V009180,Motorbike,8,50,Petrol,67.02,304740.0
9180,V009181,Light Truck,0,3500,Diesel,84.07,228149.0
9181,V009182,Van,11,1000,Petrol,85.66,235397.0
9182,V009183,Heavy Truck,8,20000,Diesel,85.22,105537.0
9183,V009184,Motorbike,7,50,Petrol,98.95,52776.0
9184,V009185,Van,1,1000,Petrol,84.5,326616.0
9185,V009186,Heavy Truck,13,20000,Diesel,89.46,290142.0
9186,V009187,Medium Truck,3,8000,Diesel,77.06,90171.0
9187,V009188,Light Truck,6,3500,Diesel,81.3,11828.0
9188,V009189,Light Truck,11,3500,Diesel,66.16,105055.0
9189,V009190,Van,5,1000,Petrol,68.47,114548.0
9190,V009191,Light Truck,12,3500,Diesel,82.83,318461.0
9191,V009192,Light Truck,4,3500,Diesel,71.2,246335.0
9192,V009193,Motorbike,7,50,Petrol,80.52,275242.0
9193,V009194,Van,10,1000,Petrol,80.11,338347.0
9194,V009195,Medium Truck,2,8000,Diesel,64.91,357621.0
9195,V009196,Medium Truck,12,8000,Diesel,71.19,314869.0
9196,V009197,Van,5,1000,Petrol,94.01,1000.0
9197,V009198,Medium Truck,13,8000,Diesel,72.45,83220.0
9198,V009199,Medium Truck,9,8000,Diesel,100.0,185031.0
9199,V009200,Light Truck,4,3500,Diesel,88.18,192629.0
9200,V009201,Light Truck,9,3500,Diesel,88.14,365587.0
9201,V009202,Van,12,1000,Petrol,99.14,197117.0
9202,V009203,Light Truck,1,3500,Diesel,93.15,154816.0
9203,V009204,Medium Truck,0,8000,Diesel,64.32,99451.0
9204,V009205,Van,5,1000,Petrol,75.99,242266.0
9205,V009206,Van,5,1000,Petrol,99.16,4425.0
9206,V009207,Light Truck,13,3500,Diesel,87.7,24640.0
9207,V009208,Medium Truck,2,8000,Diesel,100.0,45254.0
9208,V009209,Medium Truck,4,8000,Diesel,81.73,255986.0
9209,V009210,Light Truck,4,3500,Diesel,79.78,301443.0
9210,V009211,Medium Truck,14,8000,Diesel,100.0,139066.0
9211,V009212,Van,8,1000,Petrol,81.88,83186.0
9212,V009213,Light Truck,11,3500,Diesel,98.86,135899.0
9213,V009214,Van,1,1000,Petrol,79.64,321097.0
9214,V009215,Van,7,1000,Petrol,82.33,281510.0
9215,V009216,Medium Truck,11,8000,Diesel,87.41,239946.0
9216,V009217,Van,5,1000,Petrol,85.18,158430.0
9217,V009218,Heavy Truck,0,20000,Diesel,68.86,206383.0
9218,V009219,Medium Truck,6,8000,Diesel,92.07,154167.0
9219,V009220,Medium Truck,5,8000,Diesel,90.73,251207.0
9220,V009221,Medium Truck,5,8000,Diesel,67.18,202951.0
9221,V009222,Motorbike,5,50,Petrol,81.03,194619.0
9222,V009223,Van,12,1000,Petrol,88.02,88941.0
9223,V009224,Heavy Truck,13,20000,Diesel,74.53,68832.0
9224,V009225,Light Truck,12,3500,Diesel,70.11,126524.0
9225,V009226,Medium Truck,9,8000,Diesel,84.57,293866.0
9226,V009227,Light Truck,7,3500,Diesel,80.49,83563.0
9227,V009228,Light Truck,8,3500,Diesel,85.66,28708.0
9228,V009229,Light Truck,0,3500,Diesel,81.8,86578.0
9229,V009230,Van,6,1000,Petrol,79.06,388128.0
9230,V009231,Motorbike,12,50,Petrol,98.02,79551.0
9231,V009232,Heavy Truck,4,20000,Diesel,100.0,163048.0
9232,V009233,Light Truck,11,3500,Diesel,95.85,174847.0
9233,V009234,Heavy Truck,12,20000,Diesel,86.29,22758.0
9234,V009235,Van,6,1000,Petrol,78.84,83474.0
9235,V009236,Van,2,1000,Petrol,100.0,209787.0
9236,V009237,Medium Truck,6,8000,Diesel,100.0,358858.0
9237,V009238,Medium Truck,5,8000,Diesel,100.0,151962.0
9238,V009239,Light Truck,12,3500,Diesel,67.8,83764.0
9239,V009240,Medium Truck,11,8000,Diesel,69.04,79560.0
9240,V009241,Van,5,1000,Petrol,64.47,226846.0
9241,V009242,Heavy Truck,5,20000,Diesel,77.04,113561.0
9242,V009243,Van,0,1000,Petrol,95.42,311868.0
9243,V009244,Heavy Truck,1,20000,Diesel,82.94,1000.0
9244,V009245,Medium Truck,14,8000,Diesel,84.67,175684.0
9245,V009246,Medium Truck,10,8000,Diesel,83.49,166416.0
9246,V009247,Van,1,1000,Petrol,99.73,253628.0
9247,V009248,Van,7,1000,Petrol,45.35,230282.0
9248,V009249,Medium Truck,8,8000,Diesel,79.01,143789.0
9249,V009250,Light Truck,3,3500,Diesel,63.81,265147.0
9250,V009251,Medium Truck,2,8000,Diesel,92.11,88313.0
9251,V009252,Medium Truck,5,8000,Diesel,97.09,85063.0
9252,V009253,Van,0,1000,Petrol,77.25,374598.0
9253,V009254,Light Truck,9,3500,Diesel,86.3,180795.0
9254,V009255,Heavy Truck,4,20000,Diesel,80.91,153946.0
9255,V009256,Light Truck,11,3500,Diesel,76.4,95433.0
9256,V009257,Motorbike,12,50,Petrol,78.96,144631.0
9257,V009258,Van,5,1000,Petrol,79.68,349869.0
9258,V009259,Van,3,1000,Petrol,85.85,153783.0
9259,V009260,Van,11,1000,Petrol,88.05,52522.0
9260,V009261,Van,2,1000,Petrol,88.43,311698.0
9261,V009262,Light Truck,6,3500,Diesel,87.34,288400.0
9262,V009263,Light Truck,12,3500,Diesel,95.46,298171.0
9263,V009264,Van,12,1000,Petrol,100.0,33090.0
9264,V009265,Light Truck,3,3500,Diesel,71.6,97433.0
9265,V009266,Van,13,1000,Petrol,75.48,114822.0
9266,V009267,Van,1,1000,Petrol,95.08,140489.0
9267,V009268,Heavy Truck,4,20000,Diesel,54.19,142483.0
9268,V009269,Medium Truck,7,8000,Diesel,68.73,132432.0
9269,V009270,Heavy Truck,13,20000,Diesel,93.8,208218.0
9270,V009271,Van,0,1000,Petrol,83.26,167637.0
9271,V009272,Van,13,1000,Petrol,84.39,7456.0
9272,V009273,Medium Truck,0,8000,Diesel,76.04,209184.0
9273,V009274,Van,9,1000,Petrol,69.19,264777.0
9274,V009275,Medium Truck,5,8000,Diesel,77.8,206673.0
9275,V009276,Medium Truck,10,8000,Diesel,64.25,111383.0
9276,V009277,Light Truck,3,3500,Diesel,78.54,340584.0
9277,V009278,Van,11,1000,Petrol,83.59,202111.0
9278,V009279,Van,9,1000,Petrol,75.99,78882.0
9279,V009280,Medium Truck,14,8000,Diesel,86.13,91404.0
9280,V009281,Medium Truck,12,8000,Diesel,84.8,235315.0
9281,V009282,Heavy Truck,14,20000,Diesel,71.96,340524.0
9282,V009283,Heavy Truck,8,20000,Diesel,75.98,224834.0
9283,V009284,Motorbike,11,50,Petrol,75.75,138855.0
9284,V009285,Van,5,1000,Petrol,85.8,77242.0
9285,V009286,Heavy Truck,0,20000,Diesel,94.82,196782.0
9286,V009287,Van,13,1000,Petrol,83.69,138414.0
9287,V009288,Light Truck,10,3500,Diesel,59.31,404970.0
9288,V009289,Heavy Truck,1,20000,Diesel,76.78,363211.0
9289,V009290,Light Truck,5,3500,Diesel,61.14,242450.0
9290,V009291,Van,3,1000,Petrol,67.79,112646.0
9291,V009292,Van,6,1000,Petrol,87.8,81557.0
9292,V009293,Van,9,1000,Petrol,81.44,247373.0
9293,V009294,Medium Truck,6,8000,Diesel,76.45,228797.0
9294,V009295,Medium Truck,10,8000,Diesel,82.33,115363.0
9295,V009296,Van,3,1000,Petrol,92.13,187411.0
9296,V009297,Light Truck,13,3500,Diesel,93.69,191343.0
9297,V009298,Heavy Truck,8,20000,Diesel,69.95,144637.0
9298,V009299,Light Truck,10,3500,Diesel,75.64,199992.0
9299,V009300,Light Truck,14,3500,Diesel,76.32,160843.0
9300,V009301,Light Truck,14,3500,Diesel,71.18,1000.0
9301,V009302,Motorbike,13,50,Petrol,62.42,70761.0
9302,V009303,Medium Truck,6,8000,Diesel,89.37,251914.0
9303,V009304,Motorbike,9,50,Petrol,95.06,164810.0
9304,V009305,Medium Truck,9,8000,Diesel,100.0,344205.0
9305,V009306,Heavy Truck,11,20000,Diesel,78.99,38020.0
9306,V009307,Van,5,1000,Petrol,87.63,193231.0
9307,V009308,Van,10,1000,Petrol,85.62,115049.0
9308,V009309,Light Truck,9,3500,Diesel,93.0,148812.0
9309,V009310,Light Truck,5,3500,Diesel,75.69,196277.0
9310,V009311,Van,12,1000,Petrol,79.86,121865.0
9311,V009312,Heavy Truck,0,20000,Diesel,97.76,182820.0
9312,V009313,Light Truck,5,3500,Diesel,78.12,58078.0
9313,V009314,Medium Truck,1,8000,Diesel,82.03,128936.0
9314,V009315,Van,14,1000,Petrol,100.0,146123.0
9315,V009316,Heavy Truck,12,20000,Diesel,81.69,221816.0
9316,V009317,Motorbike,11,50,Petrol,87.63,80609.0
9317,V009318,Light Truck,6,3500,Diesel,68.42,263138.0
9318,V009319,Heavy Truck,9,20000,Diesel,68.69,207139.0
9319,V009320,Light Truck,1,3500,Diesel,86.5,117292.0
9320,V009321,Medium Truck,10,8000,Diesel,72.51,217940.0
9321,V009322,Van,9,1000,Petrol,69.3,178284.0
9322,V009323,Light Truck,6,3500,Diesel,84.16,134125.0
9323,V009324,Light Truck,4,3500,Diesel,78.57,153627.0
9324,V009325,Heavy Truck,11,20000,Diesel,91.25,39323.0
9325,V009326,Heavy Truck,1,20000,Diesel,88.34,173286.0
9326,V009327,Medium Truck,6,8000,Diesel,81.07,189670.0
9327,V009328,Van,8,1000,Petrol,88.91,184138.0
9328,V009329,Van,2,1000,Petrol,54.71,123247.0
9329,V009330,Van,10,1000,Petrol,100.0,290205.0
9330,V009331,Van,3,1000,Petrol,100.0,136575.0
9331,V009332,Medium Truck,5,8000,Diesel,73.66,47062.0
9332,V009333,Heavy Truck,2,20000,Diesel,93.28,233594.0
9333,V009334,Medium Truck,11,8000,Diesel,73.57,277882.0
9334,V009335,Van,3,1000,Petrol,80.8,192250.0
9335,V009336,Medium Truck,9,8000,Diesel,68.71,302857.0
9336,V009337,Medium Truck,7,8000,Diesel,77.64,114577.0
9337,V009338,Medium Truck,5,8000,Diesel,67.0,204142.0
9338,V009339,Van,0,1000,Petrol,81.73,131267.0
9339,V009340,Medium Truck,7,8000,Diesel,76.9,171941.0
9340,V009341,Light Truck,2,3500,Diesel,80.77,65756.0
9341,V009342,Light Truck,8,3500,Diesel,72.68,215706.0
9342,V009343,Van,12,1000,Petrol,91.18,39572.0
9343,V009344,Light Truck,14,3500,Diesel,93.06,144447.0
9344,V009345,Van,9,1000,Petrol,81.37,161814.0
9345,V009346,Light Truck,6,3500,Diesel,86.95,215666.0
9346,V009347,Van,12,1000,Petrol,80.63,171613.0
9347,V009348,Heavy Truck,6,20000,Diesel,70.68,85879.0
9348,V009349,Medium Truck,12,8000,Diesel,85.81,123368.0
9349,V009350,Heavy Truck,10,20000,Diesel,83.72,147868.0
9350,V009351,Light Truck,11,3500,Diesel,85.1,131162.0
9351,V009352,Light Truck,2,3500,Diesel,84.17,97073.0
9352,V009353,Motorbike,8,50,Petrol,70.33,208772.0
9353,V009354,Medium Truck,11,8000,Diesel,92.65,257370.0
9354,V009355,Van,7,1000,Petrol,86.92,357057.0
9355,V009356,Van,1,1000,Petrol,74.67,307948.0
9356,V009357,Medium Truck,13,8000,Diesel,62.16,131346.0
9357,V009358,Motorbike,2,50,Petrol,66.98,214350.0
9358,V009359,Heavy Truck,13,20000,Diesel,72.11,267079.0
9359,V009360,Motorbike,11,50,Petrol,85.16,284224.0
9360,V009361,Heavy Truck,3,20000,Diesel,85.93,286531.0
9361,V009362,Medium Truck,6,8000,Diesel,73.04,119215.0
9362,V009363,Van,4,1000,Petrol,93.0,250700.0
9363,V009364,Van,0,1000,Petrol,72.42,259948.0
9364,V009365,Heavy Truck,11,20000,Diesel,75.64,226137.0
9365,V009366,Heavy Truck,7,20000,Diesel,99.89,158873.0
9366,V009367,Light Truck,5,3500,Diesel,67.47,282189.0
9367,V009368,Light Truck,7,3500,Diesel,73.28,182599.0
9368,V009369,Van,10,1000,Petrol,81.19,71061.0
9369,V009370,Medium Truck,3,8000,Diesel,87.22,151595.0
9370,V009371,Van,1,1000,Petrol,71.27,142815.0
9371,V009372,Van,7,1000,Petrol,97.81,261824.0
9372,V009373,Light Truck,11,3500,Diesel,80.08,160820.0
9373,V009374,Light Truck,1,3500,Diesel,76.3,62158.0
9374,V009375,Van,13,1000,Petrol,80.12,48926.0
9375,V009376,Light Truck,7,3500,Diesel,86.53,126053.0
9376,V009377,Van,6,1000,Petrol,76.45,154861.0
9377,V009378,Light Truck,6,3500,Diesel,63.8,210525.0
9378,V009379,Medium Truck,5,8000,Diesel,84.35,257492.0
9379,V009380,Medium Truck,12,8000,Diesel,81.1,67137.0
9380,V009381,Heavy Truck,7,20000,Diesel,89.74,212581.0
9381,V009382,Van,4,1000,Petrol,79.89,47986.0
9382,V009383,Van,3,1000,Petrol,80.16,9560.0
9383,V009384,Light Truck,14,3500,Diesel,84.09,336682.0
9384,V009385,Heavy Truck,2,20000,Diesel,81.38,269628.0
9385,V009386,Heavy Truck,7,20000,Diesel,100.0,187714.0
9386,V009387,Heavy Truck,6,20000,Diesel,87.59,132616.0
9387,V009388,Medium Truck,12,8000,Diesel,32.11,178700.0
9388,V009389,Light Truck,0,3500,Diesel,61.84,121427.0
9389,V009390,Van,0,1000,Petrol,94.04,361133.0
9390,V009391,Medium Truck,13,8000,Diesel,61.48,193588.0
9391,V009392,Van,5,1000,Petrol,87.43,387203.0
9392,V009393,Light Truck,13,3500,Diesel,60.14,73855.0
9393,V009394,Medium Truck,6,8000,Diesel,84.71,186566.0
9394,V009395,Van,7,1000,Petrol,69.18,290047.0
9395,V009396,Medium Truck,12,8000,Diesel,83.39,252462.0
9396,V009397,Medium Truck,9,8000,Diesel,89.54,245265.0
9397,V009398,Medium Truck,7,8000,Diesel,80.94,217137.0
9398,V009399,Light Truck,6,3500,Diesel,75.26,159635.0
9399,V009400,Van,5,1000,Petrol,87.16,25790.0
9400,V009401,Medium Truck,14,8000,Diesel,76.48,147485.0
9401,V009402,Van,2,1000,Petrol,87.18,207713.0
9402,V009403,Light Truck,9,3500,Diesel,63.41,293855.0
9403,V009404,Medium Truck,3,8000,Diesel,79.79,159941.0
9404,V009405,Light Truck,3,3500,Diesel,94.25,174154.0
9405,V009406,Van,10,1000,Petrol,95.27,392083.0
9406,V009407,Heavy Truck,6,20000,Diesel,75.52,213868.0
9407,V009408,Light Truck,6,3500,Diesel,89.18,266884.0
9408,V009409,Medium Truck,4,8000,Diesel,75.75,327398.0
9409,V009410,Van,1,1000,Petrol,84.66,98530.0
9410,V009411,Medium Truck,12,8000,Diesel,75.18,164688.0
9411,V009412,Light Truck,7,3500,Diesel,81.66,107130.0
9412,V009413,Motorbike,14,50,Petrol,59.66,207119.0
9413,V009414,Van,9,1000,Petrol,75.92,218499.0
9414,V009415,Light Truck,11,3500,Diesel,89.01,182044.0
9415,V009416,Light Truck,4,3500,Diesel,51.36,232063.0
9416,V009417,Van,5,1000,Petrol,82.1,172891.0
9417,V009418,Van,5,1000,Petrol,82.24,246312.0
9418,V009419,Light Truck,13,3500,Diesel,96.9,162235.0
9419,V009420,Van,8,1000,Petrol,68.28,86141.0
9420,V009421,Medium Truck,3,8000,Diesel,76.28,147652.0
9421,V009422,Light Truck,4,3500,Diesel,100.0,187928.0
9422,V009423,Van,10,1000,Petrol,63.3,97747.0
9423,V009424,Medium Truck,11,8000,Diesel,72.21,337320.0
9424,V009425,Van,14,1000,Petrol,69.44,113632.0
9425,V009426,Light Truck,0,3500,Diesel,83.59,222223.0
9426,V009427,Light Truck,4,3500,Diesel,74.57,234047.0
9427,V009428,Heavy Truck,12,20000,Diesel,82.71,171019.0
9428,V009429,Van,5,1000,Petrol,83.97,138806.0
9429,V009430,Motorbike,7,50,Petrol,90.49,95711.0
9430,V009431,Light Truck,2,3500,Diesel,75.56,141448.0
9431,V009432,Heavy Truck,11,20000,Diesel,84.64,324894.0
9432,V009433,Medium Truck,13,8000,Diesel,100.0,287953.0
9433,V009434,Van,6,1000,Petrol,83.54,111458.0
9434,V009435,Medium Truck,9,8000,Diesel,83.12,229272.0
9435,V009436,Medium Truck,1,8000,Diesel,99.55,100689.0
9436,V009437,Medium Truck,12,8000,Diesel,61.43,57912.0
9437,V009438,Van,0,1000,Petrol,63.56,340801.0
9438,V009439,Light Truck,7,3500,Diesel,94.89,322446.0
9439,V009440,Van,2,1000,Petrol,82.68,107617.0
9440,V009441,Van,6,1000,Petrol,75.29,266850.0
9441,V009442,Heavy Truck,7,20000,Diesel,76.68,164959.0
9442,V009443,Medium Truck,4,8000,Diesel,81.17,284941.0
9443,V009444,Van,4,1000,Petrol,97.88,220698.0
9444,V009445,Light Truck,8,3500,Diesel,89.53,120634.0
9445,V009446,Medium Truck,7,8000,Diesel,69.34,33041.0
9446,V009447,Van,13,1000,Petrol,100.0,119761.0
9447,V009448,Light Truck,1,3500,Diesel,62.5,274188.0
9448,V009449,Light Truck,5,3500,Diesel,74.75,209464.0
9449,V009450,Motorbike,3,50,Petrol,90.26,146952.0
9450,V009451,Light Truck,0,3500,Diesel,80.11,36934.0
9451,V009452,Medium Truck,6,8000,Diesel,93.54,137465.0
9452,V009453,Light Truck,12,3500,Diesel,53.7,153040.0
9453,V009454,Van,7,1000,Petrol,88.27,147231.0
9454,V009455,Heavy Truck,14,20000,Diesel,83.8,293281.0
9455,V009456,Van,12,1000,Petrol,88.71,163468.0
9456,V009457,Van,5,1000,Petrol,94.31,119125.0
9457,V009458,Motorbike,12,50,Petrol,87.0,223882.0
9458,V009459,Van,5,1000,Petrol,73.1,6152.0
9459,V009460,Van,8,1000,Petrol,85.74,53270.0
9460,V009461,Van,9,1000,Petrol,83.75,193176.0
9461,V009462,Motorbike,13,50,Petrol,71.88,167865.0
9462,V009463,Light Truck,2,3500,Diesel,77.39,1000.0
9463,V009464,Motorbike,5,50,Petrol,100.0,79882.0
9464,V009465,Van,3,1000,Petrol,100.0,237039.0
9465,V009466,Medium Truck,5,8000,Diesel,82.69,138101.0
9466,V009467,Light Truck,14,3500,Diesel,83.42,209689.0
9467,V009468,Light Truck,3,3500,Diesel,69.26,231755.0
9468,V009469,Van,5,1000,Petrol,72.24,130404.0
9469,V009470,Van,11,1000,Petrol,95.77,126916.0
9470,V009471,Medium Truck,6,8000,Diesel,100.0,156337.0
9471,V009472,Light Truck,4,3500,Diesel,59.47,269104.0
9472,V009473,Light Truck,6,3500,Diesel,48.95,72786.0
9473,V009474,Light Truck,3,3500,Diesel,66.73,128729.0
9474,V009475,Medium Truck,9,8000,Diesel,95.75,280421.0
9475,V009476,Light Truck,12,3500,Diesel,59.58,102136.0
9476,V009477,Light Truck,0,3500,Diesel,100.0,284172.0
9477,V009478,Van,0,1000,Petrol,100.0,204558.0
9478,V009479,Van,9,1000,Petrol,71.34,497672.0
9479,V009480,Light Truck,7,3500,Diesel,62.51,339320.0
9480,V009481,Medium Truck,1,8000,Diesel,85.49,336117.0
9481,V009482,Medium Truck,5,8000,Diesel,80.99,217743.0
9482,V009483,Heavy Truck,14,20000,Diesel,65.42,127078.0
9483,V009484,Van,13,1000,Petrol,81.57,109160.0
9484,V009485,Light Truck,4,3500,Diesel,81.33,290535.0
9485,V009486,Medium Truck,4,8000,Diesel,62.36,71295.0
9486,V009487,Van,3,1000,Petrol,100.0,29044.0
9487,V009488,Van,5,1000,Petrol,91.79,276697.0
9488,V009489,Medium Truck,11,8000,Diesel,93.58,175583.0
9489,V009490,Light Truck,7,3500,Diesel,90.07,237547.0
9490,V009491,Medium Truck,6,8000,Diesel,97.87,206547.0
9491,V009492,Light Truck,14,3500,Diesel,66.34,246045.0
9492,V009493,Light Truck,4,3500,Diesel,94.01,198836.0
9493,V009494,Van,2,1000,Petrol,57.77,242316.0
9494,V009495,Light Truck,8,3500,Diesel,65.11,69388.0
9495,V009496,Medium Truck,4,8000,Diesel,71.61,193311.0
9496,V009497,Heavy Truck,6,20000,Diesel,73.87,127661.0
9497,V009498,Heavy Truck,1,20000,Diesel,69.87,71720.0
9498,V009499,Van,10,1000,Petrol,87.72,165046.0
9499,V009500,Heavy Truck,5,20000,Diesel,85.82,222331.0
9500,V009501,Motorbike,0,50,Petrol,60.16,224491.0
9501,V009502,Medium Truck,4,8000,Diesel,100.0,203375.0
9502,V009503,Medium Truck,1,8000,Diesel,79.29,142192.0
9503,V009504,Light Truck,14,3500,Diesel,78.46,137481.0
9504,V009505,Light Truck,8,3500,Diesel,61.26,207137.0
9505,V009506,Motorbike,14,50,Petrol,74.03,252292.0
9506,V009507,Heavy Truck,7,20000,Diesel,72.86,129332.0
9507,V009508,Light Truck,11,3500,Diesel,82.97,284724.0
9508,V009509,Van,13,1000,Petrol,86.8,165504.0
9509,V009510,Van,2,1000,Petrol,100.0,128271.0
9510,V009511,Medium Truck,8,8000,Diesel,74.79,71713.0
9511,V009512,Light Truck,13,3500,Diesel,78.01,1003.0
9512,V009513,Van,10,1000,Petrol,85.49,156509.0
9513,V009514,Van,6,1000,Petrol,99.06,194641.0
9514,V009515,Van,8,1000,Petrol,92.66,70229.0
9515,V009516,Light Truck,2,3500,Diesel,64.06,185120.0
9516,V009517,Van,10,1000,Petrol,81.59,284876.0
9517,V009518,Heavy Truck,10,20000,Diesel,86.18,120920.0
9518,V009519,Light Truck,13,3500,Diesel,87.09,162514.0
9519,V009520,Medium Truck,11,8000,Diesel,100.0,235674.0
9520,V009521,Light Truck,4,3500,Diesel,93.49,1000.0
9521,V009522,Light Truck,3,3500,Diesel,81.61,63627.0
9522,V009523,Medium Truck,5,8000,Diesel,90.25,208262.0
9523,V009524,Heavy Truck,14,20000,Diesel,83.35,62545.0
9524,V009525,Medium Truck,10,8000,Diesel,81.12,155886.0
9525,V009526,Van,1,1000,Petrol,88.81,170485.0
9526,V009527,Van,13,1000,Petrol,83.51,354961.0
9527,V009528,Heavy Truck,2,20000,Diesel,91.44,198109.0
9528,V009529,Medium Truck,2,8000,Diesel,86.76,111492.0
9529,V009530,Motorbike,1,50,Petrol,63.18,219940.0
9530,V009531,Van,7,1000,Petrol,78.41,34254.0
9531,V009532,Medium Truck,3,8000,Diesel,77.07,238161.0
9532,V009533,Light Truck,10,3500,Diesel,100.0,199715.0
9533,V009534,Motorbike,0,50,Petrol,100.0,1000.0
9534,V009535,Light Truck,9,3500,Diesel,82.38,287301.0
9535,V009536,Medium Truck,9,8000,Diesel,100.0,238178.0
9536,V009537,Light Truck,12,3500,Diesel,78.18,146147.0
9537,V009538,Medium Truck,3,8000,Diesel,78.93,127404.0
9538,V009539,Van,14,1000,Petrol,89.68,187191.0
9539,V009540,Medium Truck,1,8000,Diesel,94.48,207928.0
9540,V009541,Van,6,1000,Petrol,76.12,140314.0
9541,V009542,Medium Truck,5,8000,Diesel,83.29,214299.0
9542,V009543,Van,1,1000,Petrol,77.02,122894.0
9543,V009544,Van,3,1000,Petrol,76.76,109175.0
9544,V009545,Light Truck,2,3500,Diesel,99.8,152133.0
9545,V009546,Light Truck,10,3500,Diesel,94.46,222558.0
9546,V009547,Van,14,1000,Petrol,97.17,121393.0
9547,V009548,Light Truck,1,3500,Diesel,82.16,257351.0
9548,V009549,Medium Truck,4,8000,Diesel,67.26,214878.0
9549,V009550,Medium Truck,10,8000,Diesel,89.04,200946.0
9550,V009551,Motorbike,3,50,Petrol,52.92,51071.0
9551,V009552,Light Truck,2,3500,Diesel,90.04,147930.0
9552,V009553,Medium Truck,6,8000,Diesel,88.02,183253.0
9553,V009554,Light Truck,5,3500,Diesel,73.62,34747.0
9554,V009555,Light Truck,8,3500,Diesel,83.42,74212.0
9555,V009556,Medium Truck,12,8000,Diesel,71.14,46047.0
9556,V009557,Van,6,1000,Petrol,79.98,1000.0
9557,V009558,Light Truck,1,3500,Diesel,88.35,209636.0
9558,V009559,Medium Truck,13,8000,Diesel,82.02,61559.0
9559,V009560,Light Truck,6,3500,Diesel,69.19,79559.0
9560,V009561,Van,4,1000,Petrol,91.58,202679.0
9561,V009562,Medium Truck,10,8000,Diesel,87.23,224218.0
9562,V009563,Light Truck,9,3500,Diesel,71.57,61439.0
9563,V009564,Van,10,1000,Petrol,92.49,98406.0
9564,V009565,Van,0,1000,Petrol,76.56,259450.0
9565,V009566,Medium Truck,3,8000,Diesel,85.85,157865.0
9566,V009567,Medium Truck,1,8000,Diesel,90.4,323722.0
9567,V009568,Van,11,1000,Petrol,87.19,214108.0
9568,V009569,Light Truck,13,3500,Diesel,98.82,126132.0
9569,V009570,Medium Truck,9,8000,Diesel,100.0,270764.0
9570,V009571,Van,9,1000,Petrol,66.98,126860.0
9571,V009572,Heavy Truck,8,20000,Diesel,87.65,142162.0
9572,V009573,Medium Truck,3,8000,Diesel,91.96,141991.0
9573,V009574,Van,7,1000,Petrol,80.32,80824.0
9574,V009575,Van,7,1000,Petrol,85.55,49130.0
9575,V009576,Van,14,1000,Petrol,73.38,143730.0
9576,V009577,Van,4,1000,Petrol,74.56,220980.0
9577,V009578,Light Truck,4,3500,Diesel,100.0,247535.0
9578,V009579,Medium Truck,2,8000,Diesel,89.13,156695.0
9579,V009580,Medium Truck,2,8000,Diesel,89.25,182582.0
9580,V009581,Van,4,1000,Petrol,69.89,190854.0
9581,V009582,Light Truck,12,3500,Diesel,81.28,217493.0
9582,V009583,Van,10,1000,Petrol,66.14,95477.0
9583,V009584,Medium Truck,4,8000,Diesel,83.85,133629.0
9584,V009585,Medium Truck,3,8000,Diesel,60.22,224330.0
9585,V009586,Van,13,1000,Petrol,78.31,329131.0
9586,V009587,Van,7,1000,Petrol,68.6,283154.0
9587,V009588,Heavy Truck,12,20000,Diesel,84.89,222990.0
9588,V009589,Light Truck,6,3500,Diesel,70.93,47649.0
9589,V009590,Light Truck,9,3500,Diesel,91.59,283438.0
9590,V009591,Van,0,1000,Petrol,56.95,287064.0
9591,V009592,Light Truck,8,3500,Diesel,80.66,232012.0
9592,V009593,Van,3,1000,Petrol,58.19,302523.0
9593,V009594,Light Truck,8,3500,Diesel,100.0,197766.0
9594,V009595,Light Truck,12,3500,Diesel,60.28,257767.0
9595,V009596,Medium Truck,1,8000,Diesel,70.96,148288.0
9596,V009597,Light Truck,8,3500,Diesel,80.4,272620.0
9597,V009598,Van,12,1000,Petrol,84.74,252358.0
9598,V009599,Van,0,1000,Petrol,91.59,192137.0
9599,V009600,Medium Truck,9,8000,Diesel,96.31,108944.0
9600,V009601,Light Truck,4,3500,Diesel,87.19,44282.0
9601,V009602,Motorbike,5,50,Petrol,87.29,16331.0
9602,V009603,Heavy Truck,8,20000,Diesel,77.48,201693.0
9603,V009604,Motorbike,10,50,Petrol,90.84,134441.0
9604,V009605,Medium Truck,7,8000,Diesel,73.32,82389.0
9605,V009606,Light Truck,5,3500,Diesel,49.23,253262.0
9606,V009607,Van,5,1000,Petrol,80.92,250903.0
9607,V009608,Medium Truck,2,8000,Diesel,67.34,197269.0
9608,V009609,Light Truck,2,3500,Diesel,94.74,206010.0
9609,V009610,Medium Truck,6,8000,Diesel,88.52,300677.0
9610,V009611,Van,5,1000,Petrol,65.17,1000.0
9611,V009612,Heavy Truck,2,20000,Diesel,64.71,228256.0
9612,V009613,Medium Truck,8,8000,Diesel,68.98,273567.0
9613,V009614,Medium Truck,3,8000,Diesel,67.29,88299.0
9614,V009615,Medium Truck,10,8000,Diesel,74.6,167207.0
9615,V009616,Light Truck,8,3500,Diesel,68.55,335818.0
9616,V009617,Van,0,1000,Petrol,94.65,1000.0
9617,V009618,Light Truck,11,3500,Diesel,87.98,245449.0
9618,V009619,Medium Truck,11,8000,Diesel,83.84,226549.0
9619,V009620,Van,7,1000,Petrol,88.79,115221.0
9620,V009621,Van,8,1000,Petrol,64.55,274426.0
9621,V009622,Light Truck,2,3500,Diesel,82.93,80896.0
9622,V009623,Light Truck,8,3500,Diesel,85.33,198393.0
9623,V009624,Light Truck,1,3500,Diesel,86.64,352463.0
9624,V009625,Light Truck,9,3500,Diesel,74.29,178343.0
9625,V009626,Van,4,1000,Petrol,78.57,151875.0
9626,V009627,Medium Truck,12,8000,Diesel,63.9,135704.0
9627,V009628,Light Truck,13,3500,Diesel,72.41,200531.0
9628,V009629,Medium Truck,14,8000,Diesel,78.95,179847.0
9629,V009630,Van,11,1000,Petrol,86.48,345097.0
9630,V009631,Heavy Truck,3,20000,Diesel,97.57,243212.0
9631,V009632,Medium Truck,2,8000,Diesel,95.36,300931.0
9632,V009633,Light Truck,9,3500,Diesel,83.67,197067.0
9633,V009634,Van,11,1000,Petrol,74.16,173711.0
9634,V009635,Medium Truck,12,8000,Diesel,93.74,64308.0
9635,V009636,Light Truck,3,3500,Diesel,90.15,85330.0
9636,V009637,Motorbike,8,50,Petrol,73.63,187093.0
9637,V009638,Van,10,1000,Petrol,72.12,332060.0
9638,V009639,Van,1,1000,Petrol,100.0,214106.0
9639,V009640,Heavy Truck,12,20000,Diesel,84.85,144879.0
9640,V009641,Van,10,1000,Petrol,91.09,35429.0
9641,V009642,Heavy Truck,0,20000,Diesel,96.39,139412.0
9642,V009643,Van,11,1000,Petrol,90.75,259541.0
9643,V009644,Light Truck,0,3500,Diesel,64.85,222797.0
9644,V009645,Medium Truck,5,8000,Diesel,63.21,180228.0
9645,V009646,Light Truck,0,3500,Diesel,84.27,177579.0
9646,V009647,Van,1,1000,Petrol,88.76,269122.0
9647,V009648,Medium Truck,10,8000,Diesel,79.05,252646.0
9648,V009649,Light Truck,12,3500,Diesel,70.05,331677.0
9649,V009650,Heavy Truck,10,20000,Diesel,100.0,176716.0
9650,V009651,Medium Truck,8,8000,Diesel,84.5,223604.0
9651,V009652,Light Truck,2,3500,Diesel,97.13,105223.0
9652,V009653,Light Truck,1,3500,Diesel,96.44,94217.0
9653,V009654,Light Truck,14,3500,Diesel,92.95,242296.0
9654,V009655,Heavy Truck,6,20000,Diesel,81.72,120757.0
9655,V009656,Light Truck,11,3500,Diesel,100.0,308811.0
9656,V009657,Heavy Truck,2,20000,Diesel,68.77,139765.0
9657,V009658,Van,10,1000,Petrol,84.84,283880.0
9658,V009659,Heavy Truck,10,20000,Diesel,98.32,201587.0
9659,V009660,Van,2,1000,Petrol,79.64,170288.0
9660,V009661,Light Truck,14,3500,Diesel,95.83,98999.0
9661,V009662,Light Truck,5,3500,Diesel,79.42,192217.0
9662,V009663,Light Truck,1,3500,Diesel,82.89,142055.0
9663,V009664,Light Truck,1,3500,Diesel,100.0,206546.0
9664,V009665,Medium Truck,3,8000,Diesel,80.65,289875.0
9665,V009666,Medium Truck,13,8000,Diesel,100.0,159365.0
9666,V009667,Van,12,1000,Petrol,83.55,208780.0
9667,V009668,Heavy Truck,8,20000,Diesel,81.83,220355.0
9668,V009669,Heavy Truck,3,20000,Diesel,85.91,353518.0
9669,V009670,Medium Truck,9,8000,Diesel,100.0,60608.0
9670,V009671,Light Truck,6,3500,Diesel,68.93,114032.0
9671,V009672,Heavy Truck,5,20000,Diesel,91.91,232261.0
9672,V009673,Medium Truck,5,8000,Diesel,100.0,58846.0
9673,V009674,Heavy Truck,1,20000,Diesel,85.86,34081.0
9674,V009675,Medium Truck,4,8000,Diesel,100.0,159354.0
9675,V009676,Van,11,1000,Petrol,78.68,156289.0
9676,V009677,Heavy Truck,13,20000,Diesel,86.01,166109.0
9677,V009678,Medium Truck,1,8000,Diesel,88.19,325256.0
9678,V009679,Medium Truck,8,8000,Diesel,70.12,291840.0
9679,V009680,Light Truck,1,3500,Diesel,74.01,107122.0
9680,V009681,Van,4,1000,Petrol,80.09,347793.0
9681,V009682,Light Truck,3,3500,Diesel,71.87,283099.0
9682,V009683,Light Truck,6,3500,Diesel,95.17,190595.0
9683,V009684,Van,4,1000,Petrol,77.93,28543.0
9684,V009685,Van,11,1000,Petrol,80.34,112281.0
9685,V009686,Van,11,1000,Petrol,69.45,166288.0
9686,V009687,Medium Truck,12,8000,Diesel,80.53,158033.0
9687,V009688,Van,4,1000,Petrol,95.75,147229.0
9688,V009689,Van,2,1000,Petrol,69.19,105010.0
9689,V009690,Van,2,1000,Petrol,81.52,322039.0
9690,V009691,Medium Truck,8,8000,Diesel,83.94,123481.0
9691,V009692,Motorbike,1,50,Petrol,68.73,72680.0
9692,V009693,Medium Truck,2,8000,Diesel,76.08,207755.0
9693,V009694,Van,10,1000,Petrol,100.0,220399.0
9694,V009695,Medium Truck,5,8000,Diesel,84.85,117861.0
9695,V009696,Motorbike,6,50,Petrol,68.27,109103.0
9696,V009697,Medium Truck,1,8000,Diesel,91.04,96437.0
9697,V009698,Heavy Truck,6,20000,Diesel,95.01,251767.0
9698,V009699,Light Truck,13,3500,Diesel,82.74,129682.0
9699,V009700,Motorbike,5,50,Petrol,65.49,190258.0
9700,V009701,Light Truck,12,3500,Diesel,84.63,124369.0
9701,V009702,Heavy Truck,2,20000,Diesel,71.37,195811.0
9702,V009703,Van,2,1000,Petrol,93.02,329533.0
9703,V009704,Heavy Truck,4,20000,Diesel,74.33,247667.0
9704,V009705,Medium Truck,14,8000,Diesel,97.21,81049.0
9705,V009706,Light Truck,9,3500,Diesel,91.42,160768.0
9706,V009707,Light Truck,4,3500,Diesel,74.39,211667.0
9707,V009708,Light Truck,9,3500,Diesel,97.9,126799.0
9708,V009709,Light Truck,10,3500,Diesel,94.59,218888.0
9709,V009710,Heavy Truck,14,20000,Diesel,71.35,225407.0
9710,V009711,Light Truck,1,3500,Diesel,91.44,144209.0
9711,V009712,Van,10,1000,Petrol,91.24,173173.0
9712,V009713,Van,8,1000,Petrol,98.8,288374.0
9713,V009714,Medium Truck,2,8000,Diesel,84.74,228444.0
9714,V009715,Medium Truck,11,8000,Diesel,71.62,198733.0
9715,V009716,Light Truck,5,3500,Diesel,78.71,55787.0
9716,V009717,Medium Truck,4,8000,Diesel,100.0,123620.0
9717,V009718,Van,6,1000,Petrol,98.04,182360.0
9718,V009719,Van,0,1000,Petrol,77.94,154162.0
9719,V009720,Van,12,1000,Petrol,72.48,124191.0
9720,V009721,Light Truck,5,3500,Diesel,87.53,116510.0
9721,V009722,Light Truck,5,3500,Diesel,75.53,187302.0
9722,V009723,Light Truck,14,3500,Diesel,76.01,285149.0
9723,V009724,Light Truck,1,3500,Diesel,79.81,82365.0
9724,V009725,Light Truck,6,3500,Diesel,82.65,126470.0
9725,V009726,Medium Truck,14,8000,Diesel,56.38,1000.0
9726,V009727,Heavy Truck,10,20000,Diesel,86.11,174418.0
9727,V009728,Van,2,1000,Petrol,86.08,182732.0
9728,V009729,Medium Truck,9,8000,Diesel,72.95,183548.0
9729,V009730,Medium Truck,8,8000,Diesel,69.22,91609.0
9730,V009731,Medium Truck,6,8000,Diesel,91.14,261491.0
9731,V009732,Heavy Truck,13,20000,Diesel,83.39,194867.0
9732,V009733,Medium Truck,3,8000,Diesel,100.0,125139.0
9733,V009734,Medium Truck,3,8000,Diesel,100.0,1000.0
9734,V009735,Medium Truck,8,8000,Diesel,98.17,22220.0
9735,V009736,Medium Truck,2,8000,Diesel,84.59,266565.0
9736,V009737,Heavy Truck,10,20000,Diesel,93.25,103246.0
9737,V009738,Medium Truck,8,8000,Diesel,100.0,264488.0
9738,V009739,Van,14,1000,Petrol,63.69,353879.0
9739,V009740,Van,13,1000,Petrol,72.78,33120.0
9740,V009741,Heavy Truck,9,20000,Diesel,80.19,149617.0
9741,V009742,Medium Truck,12,8000,Diesel,74.27,280006.0
9742,V009743,Van,13,1000,Petrol,84.01,316800.0
9743,V009744,Van,6,1000,Petrol,100.0,137210.0
9744,V009745,Van,10,1000,Petrol,73.41,109297.0
9745,V009746,Van,3,1000,Petrol,85.62,127914.0
9746,V009747,Van,0,1000,Petrol,79.3,205540.0
9747,V009748,Heavy Truck,6,20000,Diesel,91.63,176430.0
9748,V009749,Light Truck,11,3500,Diesel,82.4,308601.0
9749,V009750,Heavy Truck,1,20000,Diesel,67.96,375046.0
9750,V009751,Medium Truck,14,8000,Diesel,86.82,188186.0
9751,V009752,Medium Truck,12,8000,Diesel,59.63,103157.0
9752,V009753,Light Truck,6,3500,Diesel,77.26,161489.0
9753,V009754,Van,12,1000,Petrol,75.51,227186.0
9754,V009755,Van,5,1000,Petrol,60.46,198039.0
9755,V009756,Medium Truck,14,8000,Diesel,90.98,185898.0
9756,V009757,Light Truck,14,3500,Diesel,98.72,223133.0
9757,V009758,Van,5,1000,Petrol,100.0,318506.0
9758,V009759,Light Truck,14,3500,Diesel,83.35,57538.0
9759,V009760,Motorbike,10,50,Petrol,60.21,87753.0
9760,V009761,Light Truck,8,3500,Diesel,85.29,125716.0
9761,V009762,Medium Truck,4,8000,Diesel,71.15,158355.0
9762,V009763,Motorbike,6,50,Petrol,52.23,213790.0
9763,V009764,Medium Truck,1,8000,Diesel,93.75,272991.0
9764,V009765,Medium Truck,14,8000,Diesel,83.65,319538.0
9765,V009766,Medium Truck,3,8000,Diesel,71.74,176747.0
9766,V009767,Medium Truck,14,8000,Diesel,100.0,191472.0
9767,V009768,Medium Truck,0,8000,Diesel,93.99,16782.0
9768,V009769,Medium Truck,5,8000,Diesel,83.06,82871.0
9769,V009770,Motorbike,6,50,Petrol,58.63,286624.0
9770,V009771,Medium Truck,3,8000,Diesel,80.2,168048.0
9771,V009772,Van,13,1000,Petrol,92.77,232663.0
9772,V009773,Medium Truck,1,8000,Diesel,100.0,314109.0
9773,V009774,Medium Truck,5,8000,Diesel,87.85,209872.0
9774,V009775,Van,14,1000,Petrol,74.4,225101.0
9775,V009776,Light Truck,13,3500,Diesel,97.64,234450.0
9776,V009777,Heavy Truck,14,20000,Diesel,64.68,1000.0
9777,V009778,Heavy Truck,4,20000,Diesel,71.69,184197.0
9778,V009779,Medium Truck,10,8000,Diesel,59.39,210126.0
9779,V009780,Heavy Truck,11,20000,Diesel,82.28,180856.0
9780,V009781,Light Truck,1,3500,Diesel,99.29,197877.0
9781,V009782,Light Truck,4,3500,Diesel,82.71,272530.0
9782,V009783,Light Truck,2,3500,Diesel,70.44,102050.0
9783,V009784,Van,14,1000,Petrol,98.32,70358.0
9784,V009785,Medium Truck,13,8000,Diesel,87.64,237594.0
9785,V009786,Light Truck,14,3500,Diesel,85.88,224800.0
9786,V009787,Van,2,1000,Petrol,71.6,87744.0
9787,V009788,Medium Truck,1,8000,Diesel,65.49,248815.0
9788,V009789,Light Truck,1,3500,Diesel,87.59,84942.0
9789,V009790,Van,6,1000,Petrol,92.23,329644.0
9790,V009791,Van,9,1000,Petrol,72.37,274072.0
9791,V009792,Light Truck,4,3500,Diesel,85.92,155841.0
9792,V009793,Van,7,1000,Petrol,91.75,74820.0
9793,V009794,Medium Truck,3,8000,Diesel,90.66,31595.0
9794,V009795,Light Truck,7,3500,Diesel,80.61,46766.0
9795,V009796,Light Truck,5,3500,Diesel,100.0,78607.0
9796,V009797,Van,3,1000,Petrol,76.7,241072.0
9797,V009798,Light Truck,2,3500,Diesel,91.55,138053.0
9798,V009799,Medium Truck,8,8000,Diesel,95.5,258092.0
9799,V009800,Light Truck,0,3500,Diesel,97.33,195300.0
9800,V009801,Light Truck,2,3500,Diesel,77.77,223289.0
9801,V009802,Heavy Truck,13,20000,Diesel,73.58,40384.0
9802,V009803,Medium Truck,10,8000,Diesel,91.63,125373.0
9803,V009804,Light Truck,4,3500,Diesel,77.85,128344.0
9804,V009805,Heavy Truck,0,20000,Diesel,61.82,170669.0
9805,V009806,Van,2,1000,Petrol,69.5,195421.0
9806,V009807,Motorbike,7,50,Petrol,91.65,181144.0
9807,V009808,Light Truck,9,3500,Diesel,84.34,189194.0
9808,V009809,Van,8,1000,Petrol,75.0,379841.0
9809,V009810,Light Truck,5,3500,Diesel,64.17,165159.0
9810,V009811,Van,5,1000,Petrol,89.68,141887.0
9811,V009812,Van,11,1000,Petrol,76.92,157446.0
9812,V009813,Light Truck,12,3500,Diesel,93.94,186510.0
9813,V009814,Light Truck,13,3500,Diesel,59.77,224493.0
9814,V009815,Light Truck,11,3500,Diesel,75.26,134427.0
9815,V009816,Light Truck,9,3500,Diesel,63.36,294585.0
9816,V009817,Van,10,1000,Petrol,85.56,98261.0
9817,V009818,Medium Truck,2,8000,Diesel,84.48,147594.0
9818,V009819,Light Truck,0,3500,Diesel,100.0,333017.0
9819,V009820,Van,12,1000,Petrol,100.0,135761.0
9820,V009821,Motorbike,6,50,Petrol,75.71,157091.0
9821,V009822,Medium Truck,8,8000,Diesel,91.76,166589.0
9822,V009823,Light Truck,8,3500,Diesel,82.31,217390.0
9823,V009824,Light Truck,0,3500,Diesel,88.82,177009.0
9824,V009825,Medium Truck,11,8000,Diesel,86.59,219546.0
9825,V009826,Heavy Truck,2,20000,Diesel,60.89,186562.0
9826,V009827,Light Truck,2,3500,Diesel,87.31,68170.0
9827,V009828,Heavy Truck,4,20000,Diesel,82.8,406320.0
9828,V009829,Van,0,1000,Petrol,73.25,457816.0
9829,V009830,Light Truck,8,3500,Diesel,71.47,159540.0
9830,V009831,Heavy Truck,2,20000,Diesel,90.92,83443.0
9831,V009832,Motorbike,1,50,Petrol,86.54,115858.0
9832,V009833,Heavy Truck,2,20000,Diesel,100.0,267514.0
9833,V009834,Medium Truck,12,8000,Diesel,100.0,146723.0
9834,V009835,Light Truck,13,3500,Diesel,87.27,99497.0
9835,V009836,Van,14,1000,Petrol,78.89,222104.0
9836,V009837,Light Truck,7,3500,Diesel,86.5,176484.0
9837,V009838,Light Truck,11,3500,Diesel,98.04,43014.0
9838,V009839,Heavy Truck,5,20000,Diesel,86.71,154953.0
9839,V009840,Van,11,1000,Petrol,63.6,281884.0
9840,V009841,Van,12,1000,Petrol,70.57,205488.0
9841,V009842,Light Truck,1,3500,Diesel,84.25,47134.0
9842,V009843,Light Truck,12,3500,Diesel,60.31,207000.0
9843,V009844,Van,8,1000,Petrol,91.65,246919.0
9844,V009845,Motorbike,3,50,Petrol,74.48,96724.0
9845,V009846,Medium Truck,7,8000,Diesel,77.46,271735.0
9846,V009847,Van,13,1000,Petrol,100.0,288031.0
9847,V009848,Motorbike,3,50,Petrol,74.86,180248.0
9848,V009849,Van,12,1000,Petrol,46.22,365608.0
9849,V009850,Medium Truck,4,8000,Diesel,68.43,141463.0
9850,V009851,Heavy Truck,8,20000,Diesel,73.41,141834.0
9851,V009852,Light Truck,5,3500,Diesel,81.67,218196.0
9852,V009853,Van,10,1000,Petrol,94.43,220714.0
9853,V009854,Light Truck,10,3500,Diesel,79.71,321803.0
9854,V009855,Van,6,1000,Petrol,100.0,38311.0
9855,V009856,Van,7,1000,Petrol,78.74,134459.0
9856,V009857,Heavy Truck,4,20000,Diesel,73.98,321402.0
9857,V009858,Van,2,1000,Petrol,100.0,150404.0
9858,V009859,Light Truck,11,3500,Diesel,70.44,191190.0
9859,V009860,Medium Truck,3,8000,Diesel,100.0,259990.0
9860,V009861,Medium Truck,8,8000,Diesel,89.4,189899.0
9861,V009862,Heavy Truck,11,20000,Diesel,84.68,36727.0
9862,V009863,Light Truck,4,3500,Diesel,60.57,155208.0
9863,V009864,Heavy Truck,9,20000,Diesel,72.83,296975.0
9864,V009865,Light Truck,4,3500,Diesel,69.78,310663.0
9865,V009866,Light Truck,10,3500,Diesel,65.94,17812.0
9866,V009867,Van,11,1000,Petrol,82.07,203920.0
9867,V009868,Van,6,1000,Petrol,74.76,176672.0
9868,V009869,Van,6,1000,Petrol,84.68,111879.0
9869,V009870,Medium Truck,10,8000,Diesel,82.41,263331.0
9870,V009871,Light Truck,9,3500,Diesel,98.9,85239.0
9871,V009872,Medium Truck,3,8000,Diesel,88.71,143407.0
9872,V009873,Medium Truck,8,8000,Diesel,81.5,291459.0
9873,V009874,Motorbike,0,50,Petrol,75.57,173754.0
9874,V009875,Van,4,1000,Petrol,88.12,125601.0
9875,V009876,Medium Truck,4,8000,Diesel,74.83,148031.0
9876,V009877,Medium Truck,7,8000,Diesel,73.88,71244.0
9877,V009878,Medium Truck,1,8000,Diesel,76.65,184191.0
9878,V009879,Light Truck,4,3500,Diesel,58.14,91492.0
9879,V009880,Motorbike,2,50,Petrol,52.34,158772.0
9880,V009881,Heavy Truck,11,20000,Diesel,85.46,91411.0
9881,V009882,Heavy Truck,5,20000,Diesel,82.2,160289.0
9882,V009883,Van,10,1000,Petrol,100.0,109294.0
9883,V009884,Van,2,1000,Petrol,100.0,228686.0
9884,V009885,Van,13,1000,Petrol,92.01,196985.0
9885,V009886,Van,6,1000,Petrol,100.0,304290.0
9886,V009887,Medium Truck,2,8000,Diesel,73.86,198433.0
9887,V009888,Van,7,1000,Petrol,84.52,1000.0
9888,V009889,Light Truck,3,3500,Diesel,81.87,341949.0
9889,V009890,Light Truck,2,3500,Diesel,80.44,319223.0
9890,V009891,Light Truck,3,3500,Diesel,97.17,46572.0
9891,V009892,Light Truck,7,3500,Diesel,78.84,269307.0
9892,V009893,Medium Truck,12,8000,Diesel,100.0,153635.0
9893,V009894,Medium Truck,1,8000,Diesel,87.34,129367.0
9894,V009895,Van,8,1000,Petrol,82.75,180516.0
9895,V009896,Van,1,1000,Petrol,95.67,142325.0
9896,V009897,Light Truck,5,3500,Diesel,66.09,296748.0
9897,V009898,Medium Truck,14,8000,Diesel,76.78,71601.0
9898,V009899,Light Truck,0,3500,Diesel,84.78,275415.0
9899,V009900,Van,9,1000,Petrol,87.85,62402.0
9900,V009901,Van,9,1000,Petrol,72.52,289673.0
9901,V009902,Van,3,1000,Petrol,72.88,349772.0
9902,V009903,Van,1,1000,Petrol,76.67,426707.0
9903,V009904,Van,5,1000,Petrol,84.57,63103.0
9904,V009905,Van,13,1000,Petrol,78.16,1000.0
9905,V009906,Van,6,1000,Petrol,75.77,223215.0
9906,V009907,Van,1,1000,Petrol,80.32,241845.0
9907,V009908,Light Truck,1,3500,Diesel,72.02,299223.0
9908,V009909,Light Truck,13,3500,Diesel,93.46,48868.0
9909,V009910,Van,11,1000,Petrol,73.75,88106.0
9910,V009911,Medium Truck,2,8000,Diesel,41.74,200713.0
9911,V009912,Light Truck,1,3500,Diesel,94.59,110909.0
9912,V009913,Medium Truck,3,8000,Diesel,85.33,201203.0
9913,V009914,Van,12,1000,Petrol,64.06,154380.0
9914,V009915,Light Truck,1,3500,Diesel,74.23,256784.0
9915,V009916,Van,6,1000,Petrol,88.83,246423.0
9916,V009917,Medium Truck,10,8000,Diesel,83.74,133582.0
9917,V009918,Light Truck,14,3500,Diesel,100.0,152051.0
9918,V009919,Light Truck,4,3500,Diesel,77.43,155687.0
9919,V009920,Heavy Truck,9,20000,Diesel,85.71,182386.0
9920,V009921,Van,1,1000,Petrol,82.32,93475.0
9921,V009922,Van,3,1000,Petrol,96.19,420167.0
9922,V009923,Light Truck,13,3500,Diesel,94.51,199499.0
9923,V009924,Van,10,1000,Petrol,64.93,128320.0
9924,V009925,Heavy Truck,9,20000,Diesel,73.41,116046.0
9925,V009926,Light Truck,4,3500,Diesel,89.65,290462.0
9926,V009927,Van,3,1000,Petrol,81.29,298811.0
9927,V009928,Van,2,1000,Petrol,80.95,69253.0
9928,V009929,Motorbike,10,50,Petrol,95.0,313457.0
9929,V009930,Medium Truck,8,8000,Diesel,99.2,458189.0
9930,V009931,Van,7,1000,Petrol,99.19,135053.0
9931,V009932,Medium Truck,3,8000,Diesel,47.5,229653.0
9932,V009933,Medium Truck,7,8000,Diesel,71.23,140665.0
9933,V009934,Medium Truck,12,8000,Diesel,81.89,132301.0
9934,V009935,Van,3,1000,Petrol,92.82,212304.0
9935,V009936,Van,11,1000,Petrol,86.33,168144.0
9936,V009937,Medium Truck,1,8000,Diesel,75.75,229863.0
9937,V009938,Van,5,1000,Petrol,74.57,162805.0
9938,V009939,Heavy Truck,11,20000,Diesel,100.0,317011.0
9939,V009940,Light Truck,4,3500,Diesel,97.7,126110.0
9940,V009941,Light Truck,5,3500,Diesel,72.26,171927.0
9941,V009942,Van,3,1000,Petrol,93.12,69119.0
9942,V009943,Van,8,1000,Petrol,82.98,163287.0
9943,V009944,Light Truck,1,3500,Diesel,90.2,266441.0
9944,V009945,Heavy Truck,4,20000,Diesel,72.42,237481.0
9945,V009946,Light Truck,6,3500,Diesel,96.81,322178.0
9946,V009947,Medium Truck,6,8000,Diesel,88.97,228270.0
9947,V009948,Medium Truck,11,8000,Diesel,76.23,81455.0
9948,V009949,Van,8,1000,Petrol,74.87,163364.0
9949,V009950,Van,8,1000,Petrol,100.0,221813.0
9950,V009951,Medium Truck,8,8000,Diesel,94.1,186810.0
9951,V009952,Medium Truck,3,8000,Diesel,94.56,164179.0
9952,V009953,Heavy Truck,4,20000,Diesel,72.36,72061.0
9953,V009954,Medium Truck,0,8000,Diesel,81.28,319525.0
9954,V009955,Light Truck,5,3500,Diesel,89.63,113849.0
9955,V009956,Heavy Truck,3,20000,Diesel,71.29,193439.0
9956,V009957,Heavy Truck,5,20000,Diesel,72.34,142538.0
9957,V009958,Van,9,1000,Petrol,89.32,146127.0
9958,V009959,Van,12,1000,Petrol,100.0,129873.0
9959,V009960,Light Truck,11,3500,Diesel,93.34,133658.0
9960,V009961,Medium Truck,3,8000,Diesel,93.92,39548.0
9961,V009962,Medium Truck,11,8000,Diesel,73.86,328809.0
9962,V009963,Motorbike,9,50,Petrol,73.0,35197.0
9963,V009964,Motorbike,12,50,Petrol,77.08,277692.0
9964,V009965,Heavy Truck,1,20000,Diesel,90.33,82058.0
9965,V009966,Van,12,1000,Petrol,92.85,181337.0
9966,V009967,Motorbike,3,50,Petrol,81.38,230614.0
9967,V009968,Medium Truck,12,8000,Diesel,74.43,151434.0
9968,V009969,Van,12,1000,Petrol,91.08,247515.0
9969,V009970,Heavy Truck,3,20000,Diesel,80.41,307510.0
9970,V009971,Light Truck,8,3500,Diesel,91.02,1000.0
9971,V009972,Medium Truck,10,8000,Diesel,61.07,174908.0
9972,V009973,Light Truck,6,3500,Diesel,67.95,100038.0
9973,V009974,Light Truck,0,3500,Diesel,71.28,127411.0
9974,V009975,Medium Truck,1,8000,Diesel,81.83,185719.0
9975,V009976,Light Truck,10,3500,Diesel,78.9,194649.0
9976,V009977,Motorbike,5,50,Petrol,79.11,203663.0
9977,V009978,Van,6,1000,Petrol,86.58,159041.0
9978,V009979,Heavy Truck,3,20000,Diesel,98.84,188170.0
9979,V009980,Van,2,1000,Petrol,91.88,270893.0
9980,V009981,Van,7,1000,Petrol,67.24,168027.0
9981,V009982,Heavy Truck,11,20000,Diesel,70.75,241957.0
9982,V009983,Medium Truck,1,8000,Diesel,71.21,302221.0
9983,V009984,Van,3,1000,Petrol,77.68,205314.0
9984,V009985,Van,7,1000,Petrol,100.0,370270.0
9985,V009986,Motorbike,9,50,Petrol,100.0,91189.0
9986,V009987,Van,6,1000,Petrol,88.08,252830.0
9987,V009988,Van,1,1000,Petrol,96.42,229040.0
9988,V009989,Medium Truck,13,8000,Diesel,59.39,277053.0
9989,V009990,Van,3,1000,Petrol,80.14,98277.0
9990,V009991,Medium Truck,12,8000,Diesel,98.13,141541.0
9991,V009992,Van,3,1000,Petrol,69.25,178301.0
9992,V009993,Van,12,1000,Petrol,88.92,116756.0
9993,V009994,Light Truck,14,3500,Diesel,76.8,66886.0
9994,V009995,Heavy Truck,5,20000,Diesel,87.39,143480.0
9995,V009996,Medium Truck,13,8000,Diesel,87.43,237778.0
9996,V009997,Light Truck,8,3500,Diesel,94.25,168505.0
9997,V009998,Medium Truck,4,8000,Diesel,82.73,156126.0
9998,V009999,Van,12,1000,Petrol,73.63,37775.0
9999,V010000,Motorbike,6,50,Petrol,79.54,129951.0
10000,V010001,Light Truck,2,3500,Diesel,79.19,127126.0
10001,V010002,Heavy Truck,1,20000,Diesel,68.78,181957.0
10002,V010003,Heavy Truck,13,20000,Diesel,55.42,128312.0
10003,V010004,Medium Truck,5,8000,Diesel,93.35,210657.0
10004,V010005,Light Truck,8,3500,Diesel,82.31,22801.0
10005,V010006,Medium Truck,13,8000,Diesel,79.4,144104.0
10006,V010007,Light Truck,2,3500,Diesel,87.65,38344.0
10007,V010008,Light Truck,4,3500,Diesel,65.41,61921.0
10008,V010009,Heavy Truck,10,20000,Diesel,63.27,142402.0
10009,V010010,Light Truck,6,3500,Diesel,82.98,145820.0
10010,V010011,Van,10,1000,Petrol,92.0,271507.0
10011,V010012,Heavy Truck,12,20000,Diesel,71.1,273470.0
10012,V010013,Light Truck,5,3500,Diesel,75.65,245835.0
10013,V010014,Medium Truck,5,8000,Diesel,71.3,236208.0
10014,V010015,Van,6,1000,Petrol,78.85,188457.0
10015,V010016,Medium Truck,1,8000,Diesel,77.72,71142.0
10016,V010017,Light Truck,1,3500,Diesel,73.72,206515.0
10017,V010018,Medium Truck,2,8000,Diesel,92.93,195227.0
10018,V010019,Light Truck,6,3500,Diesel,73.33,230262.0
10019,V010020,Heavy Truck,8,20000,Diesel,100.0,346024.0
10020,V010021,Light Truck,12,3500,Diesel,90.81,81222.0
10021,V010022,Van,9,1000,Petrol,70.08,86807.0
10022,V010023,Motorbike,5,50,Petrol,81.94,218464.0
10023,V010024,Van,8,1000,Petrol,74.8,112577.0
10024,V010025,Medium Truck,12,8000,Diesel,100.0,128427.0
10025,V010026,Light Truck,9,3500,Diesel,70.66,214094.0
10026,V010027,Medium Truck,4,8000,Diesel,75.31,119793.0
10027,V010028,Light Truck,0,3500,Diesel,73.12,133073.0
10028,V010029,Medium Truck,12,8000,Diesel,91.32,148324.0
10029,V010030,Medium Truck,8,8000,Diesel,83.2,84933.0
10030,V010031,Medium Truck,9,8000,Diesel,100.0,265360.0
10031,V010032,Light Truck,11,3500,Diesel,90.42,190676.0
10032,V010033,Light Truck,6,3500,Diesel,100.0,214642.0
10033,V010034,Medium Truck,9,8000,Diesel,97.7,154356.0
10034,V010035,Van,14,1000,Petrol,65.83,20360.0
10035,V010036,Van,13,1000,Petrol,78.05,235820.0
10036,V010037,Van,14,1000,Petrol,100.0,193445.0
10037,V010038,Light Truck,13,3500,Diesel,84.75,203782.0
10038,V010039,Van,3,1000,Petrol,53.14,124952.0
10039,V010040,Medium Truck,6,8000,Diesel,70.14,174157.0
10040,V010041,Light Truck,4,3500,Diesel,67.4,157753.0
10041,V010042,Light Truck,3,3500,Diesel,82.73,223437.0
10042,V010043,Motorbike,8,50,Petrol,100.0,260835.0
10043,V010044,Medium Truck,8,8000,Diesel,86.71,227066.0
10044,V010045,Van,10,1000,Petrol,85.27,139326.0
10045,V010046,Van,4,1000,Petrol,85.27,216736.0
10046,V010047,Light Truck,8,3500,Diesel,71.63,313026.0
10047,V010048,Van,7,1000,Petrol,69.81,226225.0
10048,V010049,Motorbike,13,50,Petrol,83.74,262335.0
10049,V010050,Van,6,1000,Petrol,67.05,55298.0
10050,V010051,Medium Truck,11,8000,Diesel,74.07,202458.0
10051,V010052,Van,0,1000,Petrol,73.68,272123.0
10052,V010053,Motorbike,6,50,Petrol,93.89,143574.0
10053,V010054,Light Truck,11,3500,Diesel,64.74,185799.0
10054,V010055,Medium Truck,11,8000,Diesel,63.05,265419.0
10055,V010056,Van,14,1000,Petrol,99.86,179924.0
10056,V010057,Medium Truck,2,8000,Diesel,94.43,223489.0
10057,V010058,Medium Truck,2,8000,Diesel,76.4,34233.0
10058,V010059,Medium Truck,2,8000,Diesel,73.04,223873.0
10059,V010060,Light Truck,11,3500,Diesel,86.71,144649.0
10060,V010061,Light Truck,11,3500,Diesel,81.58,162741.0
10061,V010062,Light Truck,4,3500,Diesel,100.0,79706.0
10062,V010063,Van,14,1000,Petrol,82.22,222725.0
10063,V010064,Heavy Truck,0,20000,Diesel,80.83,186635.0
10064,V010065,Van,9,1000,Petrol,97.91,194065.0
10065,V010066,Van,6,1000,Petrol,97.34,217331.0
10066,V010067,Light Truck,1,3500,Diesel,100.0,42223.0
10067,V010068,Van,8,1000,Petrol,69.88,206405.0
10068,V010069,Van,6,1000,Petrol,98.36,187137.0
10069,V010070,Heavy Truck,14,20000,Diesel,67.39,245169.0
10070,V010071,Medium Truck,2,8000,Diesel,73.11,109785.0
10071,V010072,Light Truck,0,3500,Diesel,82.89,226581.0
10072,V010073,Light Truck,2,3500,Diesel,81.87,191905.0
10073,V010074,Medium Truck,12,8000,Diesel,97.59,163425.0
10074,V010075,Medium Truck,12,8000,Diesel,94.23,110995.0
10075,V010076,Van,14,1000,Petrol,79.29,165344.0
10076,V010077,Van,5,1000,Petrol,82.12,356343.0
10077,V010078,Van,14,1000,Petrol,82.44,135609.0
10078,V010079,Light Truck,2,3500,Diesel,68.61,57605.0
10079,V010080,Heavy Truck,7,20000,Diesel,86.15,302089.0
10080,V010081,Van,14,1000,Petrol,99.11,217960.0
10081,V010082,Light Truck,10,3500,Diesel,87.93,260520.0
10082,V010083,Van,6,1000,Petrol,63.99,172124.0
10083,V010084,Motorbike,9,50,Petrol,87.02,78415.0
10084,V010085,Heavy Truck,3,20000,Diesel,87.0,168036.0
10085,V010086,Light Truck,7,3500,Diesel,100.0,135826.0
10086,V010087,Van,10,1000,Petrol,79.09,120355.0
10087,V010088,Light Truck,11,3500,Diesel,93.97,465251.0
10088,V010089,Van,3,1000,Petrol,68.35,231588.0
10089,V010090,Motorbike,11,50,Petrol,69.0,85025.0
10090,V010091,Heavy Truck,5,20000,Diesel,78.1,115882.0
10091,V010092,Van,3,1000,Petrol,84.59,219113.0
10092,V010093,Van,3,1000,Petrol,61.46,122708.0
10093,V010094,Medium Truck,5,8000,Diesel,71.75,329230.0
10094,V010095,Motorbike,4,50,Petrol,83.33,244515.0
10095,V010096,Medium Truck,1,8000,Diesel,65.25,1000.0
10096,V010097,Light Truck,3,3500,Diesel,97.4,129372.0
10097,V010098,Motorbike,8,50,Petrol,89.04,193339.0
10098,V010099,Light Truck,14,3500,Diesel,87.12,122200.0
10099,V010100,Medium Truck,11,8000,Diesel,90.16,218651.0
10100,V010101,Heavy Truck,1,20000,Diesel,85.12,67757.0
10101,V010102,Light Truck,2,3500,Diesel,88.85,1000.0
10102,V010103,Medium Truck,7,8000,Diesel,93.84,167181.0
10103,V010104,Light Truck,2,3500,Diesel,96.03,180056.0
10104,V010105,Light Truck,1,3500,Diesel,71.92,123903.0
10105,V010106,Medium Truck,9,8000,Diesel,73.03,201564.0
10106,V010107,Van,4,1000,Petrol,62.44,332241.0
10107,V010108,Van,13,1000,Petrol,81.8,174699.0
10108,V010109,Heavy Truck,1,20000,Diesel,96.84,38518.0
10109,V010110,Light Truck,10,3500,Diesel,63.11,54630.0
10110,V010111,Light Truck,4,3500,Diesel,96.94,258419.0
10111,V010112,Medium Truck,10,8000,Diesel,79.77,208336.0
10112,V010113,Van,1,1000,Petrol,77.82,155444.0
10113,V010114,Medium Truck,4,8000,Diesel,70.88,150773.0
10114,V010115,Motorbike,12,50,Petrol,77.81,257257.0
10115,V010116,Van,1,1000,Petrol,76.04,166210.0
10116,V010117,Light Truck,10,3500,Diesel,67.1,240326.0
10117,V010118,Heavy Truck,3,20000,Diesel,78.81,252831.0
10118,V010119,Heavy Truck,11,20000,Diesel,56.75,1000.0
10119,V010120,Van,0,1000,Petrol,92.1,335291.0
10120,V010121,Medium Truck,13,8000,Diesel,63.17,264062.0
10121,V010122,Medium Truck,6,8000,Diesel,80.4,286776.0
10122,V010123,Motorbike,11,50,Petrol,82.36,145911.0
10123,V010124,Van,9,1000,Petrol,68.34,274077.0
10124,V010125,Van,14,1000,Petrol,79.63,246774.0
10125,V010126,Van,0,1000,Petrol,82.68,116371.0
10126,V010127,Van,1,1000,Petrol,100.0,176174.0
10127,V010128,Van,12,1000,Petrol,81.19,120958.0
10128,V010129,Motorbike,9,50,Petrol,53.77,7367.0
10129,V010130,Heavy Truck,6,20000,Diesel,77.97,303592.0
10130,V010131,Van,10,1000,Petrol,100.0,93878.0
10131,V010132,Van,13,1000,Petrol,77.29,194909.0
10132,V010133,Van,2,1000,Petrol,83.54,151886.0
10133,V010134,Van,9,1000,Petrol,82.04,243888.0
10134,V010135,Van,14,1000,Petrol,71.11,247253.0
10135,V010136,Light Truck,9,3500,Diesel,71.47,219900.0
10136,V010137,Light Truck,11,3500,Diesel,65.34,249441.0
10137,V010138,Van,7,1000,Petrol,96.0,283286.0
10138,V010139,Heavy Truck,2,20000,Diesel,77.14,80982.0
10139,V010140,Van,7,1000,Petrol,100.0,230772.0
10140,V010141,Motorbike,14,50,Petrol,83.42,282814.0
10141,V010142,Van,7,1000,Petrol,98.0,123983.0
10142,V010143,Van,0,1000,Petrol,99.41,131014.0
10143,V010144,Light Truck,13,3500,Diesel,80.54,364062.0
10144,V010145,Medium Truck,13,8000,Diesel,69.04,81568.0
10145,V010146,Medium Truck,7,8000,Diesel,100.0,119154.0
10146,V010147,Medium Truck,0,8000,Diesel,74.95,253197.0
10147,V010148,Van,9,1000,Petrol,90.79,244557.0
10148,V010149,Light Truck,0,3500,Diesel,92.32,226020.0
10149,V010150,Light Truck,8,3500,Diesel,72.89,1000.0
10150,V010151,Light Truck,1,3500,Diesel,70.61,225841.0
10151,V010152,Light Truck,11,3500,Diesel,92.02,117659.0
10152,V010153,Van,5,1000,Petrol,73.69,106820.0
10153,V010154,Light Truck,10,3500,Diesel,86.82,251910.0
10154,V010155,Van,1,1000,Petrol,84.41,175033.0
10155,V010156,Heavy Truck,11,20000,Diesel,75.76,172158.0
10156,V010157,Van,8,1000,Petrol,72.69,1000.0
10157,V010158,Heavy Truck,9,20000,Diesel,66.78,19856.0
10158,V010159,Light Truck,0,3500,Diesel,70.49,200708.0
10159,V010160,Heavy Truck,13,20000,Diesel,57.93,268429.0
10160,V010161,Light Truck,2,3500,Diesel,72.08,106681.0
10161,V010162,Light Truck,14,3500,Diesel,100.0,118705.0
10162,V010163,Light Truck,12,3500,Diesel,92.97,229785.0
10163,V010164,Light Truck,12,3500,Diesel,100.0,366551.0
10164,V010165,Heavy Truck,9,20000,Diesel,95.71,207067.0
10165,V010166,Van,14,1000,Petrol,84.0,261252.0
10166,V010167,Heavy Truck,11,20000,Diesel,79.69,251953.0
10167,V010168,Medium Truck,7,8000,Diesel,96.99,179322.0
10168,V010169,Medium Truck,1,8000,Diesel,83.15,118046.0
10169,V010170,Light Truck,13,3500,Diesel,79.25,150997.0
10170,V010171,Medium Truck,3,8000,Diesel,72.82,105295.0
10171,V010172,Light Truck,13,3500,Diesel,90.74,126916.0
10172,V010173,Medium Truck,11,8000,Diesel,74.81,107398.0
10173,V010174,Light Truck,9,3500,Diesel,84.13,159767.0
10174,V010175,Heavy Truck,1,20000,Diesel,81.22,75860.0
10175,V010176,Light Truck,2,3500,Diesel,71.86,1031.0
10176,V010177,Van,14,1000,Petrol,80.24,257806.0
10177,V010178,Van,4,1000,Petrol,86.29,127750.0
10178,V010179,Light Truck,3,3500,Diesel,84.79,138915.0
10179,V010180,Van,14,1000,Petrol,100.0,171383.0
10180,V010181,Heavy Truck,1,20000,Diesel,96.53,71053.0
10181,V010182,Medium Truck,10,8000,Diesel,100.0,235029.0
10182,V010183,Medium Truck,4,8000,Diesel,77.8,74901.0
10183,V010184,Van,14,1000,Petrol,80.12,103239.0
10184,V010185,Light Truck,4,3500,Diesel,100.0,152335.0
10185,V010186,Van,13,1000,Petrol,67.01,289354.0
10186,V010187,Van,2,1000,Petrol,77.92,52714.0
10187,V010188,Van,8,1000,Petrol,72.75,339809.0
10188,V010189,Light Truck,9,3500,Diesel,78.17,162275.0
10189,V010190,Light Truck,14,3500,Diesel,95.13,62136.0
10190,V010191,Van,8,1000,Petrol,89.61,66123.0
10191,V010192,Medium Truck,12,8000,Diesel,71.83,325472.0
10192,V010193,Light Truck,0,3500,Diesel,95.15,281381.0
10193,V010194,Van,14,1000,Petrol,73.29,306421.0
10194,V010195,Heavy Truck,8,20000,Diesel,97.39,136075.0
10195,V010196,Heavy Truck,9,20000,Diesel,90.28,127883.0
10196,V010197,Van,3,1000,Petrol,86.09,239326.0
10197,V010198,Medium Truck,12,8000,Diesel,78.85,286847.0
10198,V010199,Van,3,1000,Petrol,80.66,94726.0
10199,V010200,Medium Truck,0,8000,Diesel,94.46,378807.0
10200,V010201,Light Truck,10,3500,Diesel,100.0,249166.0
10201,V010202,Medium Truck,9,8000,Diesel,100.0,194316.0
10202,V010203,Light Truck,10,3500,Diesel,72.22,307896.0
10203,V010204,Van,14,1000,Petrol,75.13,227390.0
10204,V010205,Van,0,1000,Petrol,88.21,106014.0
10205,V010206,Van,9,1000,Petrol,100.0,60339.0
10206,V010207,Medium Truck,5,8000,Diesel,79.51,1000.0
10207,V010208,Light Truck,13,3500,Diesel,68.51,124911.0
10208,V010209,Light Truck,3,3500,Diesel,87.88,108967.0
10209,V010210,Medium Truck,3,8000,Diesel,87.09,201118.0
10210,V010211,Light Truck,6,3500,Diesel,78.9,1000.0
10211,V010212,Light Truck,3,3500,Diesel,87.82,1000.0
10212,V010213,Medium Truck,12,8000,Diesel,94.31,48005.0
10213,V010214,Medium Truck,3,8000,Diesel,90.92,135595.0
10214,V010215,Medium Truck,5,8000,Diesel,85.92,163269.0
10215,V010216,Motorbike,0,50,Petrol,100.0,110496.0
10216,V010217,Medium Truck,0,8000,Diesel,88.55,113276.0
10217,V010218,Van,10,1000,Petrol,76.42,234091.0
10218,V010219,Van,1,1000,Petrol,48.71,1000.0
10219,V010220,Van,4,1000,Petrol,93.33,191905.0
10220,V010221,Medium Truck,3,8000,Diesel,82.02,174756.0
10221,V010222,Van,13,1000,Petrol,94.5,213378.0
10222,V010223,Van,0,1000,Petrol,84.81,236240.0
10223,V010224,Medium Truck,7,8000,Diesel,87.37,272678.0
10224,V010225,Van,12,1000,Petrol,68.58,112039.0
10225,V010226,Light Truck,4,3500,Diesel,80.44,182946.0
10226,V010227,Motorbike,14,50,Petrol,62.79,146053.0
10227,V010228,Van,13,1000,Petrol,88.58,207114.0
10228,V010229,Medium Truck,7,8000,Diesel,74.14,357259.0
10229,V010230,Light Truck,12,3500,Diesel,97.18,250024.0
10230,V010231,Light Truck,13,3500,Diesel,100.0,62809.0
10231,V010232,Heavy Truck,0,20000,Diesel,77.65,302252.0
10232,V010233,Motorbike,3,50,Petrol,72.17,119573.0
10233,V010234,Light Truck,12,3500,Diesel,90.13,257346.0
10234,V010235,Heavy Truck,5,20000,Diesel,81.68,184244.0
10235,V010236,Light Truck,3,3500,Diesel,100.0,199856.0
10236,V010237,Van,14,1000,Petrol,77.96,101180.0
10237,V010238,Heavy Truck,13,20000,Diesel,85.73,285573.0
10238,V010239,Van,3,1000,Petrol,80.52,232448.0
10239,V010240,Van,5,1000,Petrol,88.11,91256.0
10240,V010241,Heavy Truck,10,20000,Diesel,93.62,223675.0
10241,V010242,Van,9,1000,Petrol,92.21,93843.0
10242,V010243,Heavy Truck,13,20000,Diesel,86.8,167707.0
10243,V010244,Light Truck,2,3500,Diesel,70.86,248656.0
10244,V010245,Light Truck,10,3500,Diesel,71.32,52998.0
10245,V010246,Light Truck,12,3500,Diesel,75.03,137179.0
10246,V010247,Medium Truck,6,8000,Diesel,82.54,111682.0
10247,V010248,Light Truck,12,3500,Diesel,74.78,172896.0
10248,V010249,Light Truck,2,3500,Diesel,76.48,397743.0
10249,V010250,Light Truck,9,3500,Diesel,82.02,144277.0
10250,V010251,Light Truck,2,3500,Diesel,81.07,231491.0
10251,V010252,Motorbike,12,50,Petrol,88.53,402363.0
10252,V010253,Van,7,1000,Petrol,92.55,252388.0
10253,V010254,Van,13,1000,Petrol,53.71,281481.0
10254,V010255,Van,1,1000,Petrol,88.43,150731.0
10255,V010256,Motorbike,5,50,Petrol,68.83,185626.0
10256,V010257,Light Truck,13,3500,Diesel,94.95,269539.0
10257,V010258,Van,5,1000,Petrol,99.66,356782.0
10258,V010259,Light Truck,8,3500,Diesel,89.83,320665.0
10259,V010260,Medium Truck,10,8000,Diesel,49.25,296627.0
10260,V010261,Van,6,1000,Petrol,96.5,205580.0
10261,V010262,Light Truck,2,3500,Diesel,73.14,162101.0
10262,V010263,Van,12,1000,Petrol,79.7,372496.0
10263,V010264,Van,2,1000,Petrol,82.71,66842.0
10264,V010265,Medium Truck,5,8000,Diesel,79.74,21680.0
10265,V010266,Van,6,1000,Petrol,89.36,253874.0
10266,V010267,Heavy Truck,5,20000,Diesel,66.74,144410.0
10267,V010268,Light Truck,4,3500,Diesel,59.91,228938.0
10268,V010269,Light Truck,12,3500,Diesel,70.57,270421.0
10269,V010270,Medium Truck,5,8000,Diesel,60.25,291300.0
10270,V010271,Light Truck,12,3500,Diesel,68.41,172705.0
10271,V010272,Van,7,1000,Petrol,80.53,229274.0
10272,V010273,Medium Truck,6,8000,Diesel,93.4,40515.0
10273,V010274,Van,5,1000,Petrol,87.13,249244.0
10274,V010275,Light Truck,0,3500,Diesel,96.71,165334.0
10275,V010276,Van,3,1000,Petrol,84.0,202004.0
10276,V010277,Van,7,1000,Petrol,62.06,118399.0
10277,V010278,Van,11,1000,Petrol,80.15,224295.0
10278,V010279,Light Truck,9,3500,Diesel,92.49,9790.0
10279,V010280,Light Truck,14,3500,Diesel,79.12,312923.0
10280,V010281,Light Truck,11,3500,Diesel,76.48,169178.0
10281,V010282,Van,11,1000,Petrol,62.73,155208.0
10282,V010283,Light Truck,11,3500,Diesel,86.87,44987.0
10283,V010284,Light Truck,3,3500,Diesel,80.33,162712.0
10284,V010285,Medium Truck,2,8000,Diesel,70.95,117976.0
10285,V010286,Heavy Truck,5,20000,Diesel,80.41,254848.0
10286,V010287,Light Truck,13,3500,Diesel,94.68,208853.0
10287,V010288,Van,13,1000,Petrol,78.6,267513.0
10288,V010289,Light Truck,10,3500,Diesel,87.22,338463.0
10289,V010290,Medium Truck,9,8000,Diesel,84.17,121269.0
10290,V010291,Heavy Truck,10,20000,Diesel,69.16,174765.0
10291,V010292,Van,11,1000,Petrol,100.0,196175.0
10292,V010293,Light Truck,0,3500,Diesel,74.45,151740.0
10293,V010294,Medium Truck,4,8000,Diesel,75.03,145172.0
10294,V010295,Van,3,1000,Petrol,83.53,178932.0
10295,V010296,Van,12,1000,Petrol,81.99,160036.0
10296,V010297,Light Truck,11,3500,Diesel,64.53,112815.0
10297,V010298,Van,2,1000,Petrol,72.93,210176.0
10298,V010299,Light Truck,12,3500,Diesel,83.96,256447.0
10299,V010300,Medium Truck,3,8000,Diesel,81.24,135155.0
10300,V010301,Van,1,1000,Petrol,68.73,178692.0
10301,V010302,Medium Truck,5,8000,Diesel,59.35,114587.0
10302,V010303,Heavy Truck,4,20000,Diesel,100.0,151836.0
10303,V010304,Medium Truck,6,8000,Diesel,76.39,28340.0
10304,V010305,Van,6,1000,Petrol,63.39,94612.0
10305,V010306,Motorbike,0,50,Petrol,81.65,88783.0
10306,V010307,Van,3,1000,Petrol,95.13,39046.0
10307,V010308,Van,8,1000,Petrol,100.0,257686.0
10308,V010309,Motorbike,8,50,Petrol,87.8,211921.0
10309,V010310,Van,2,1000,Petrol,78.13,261069.0
10310,V010311,Medium Truck,11,8000,Diesel,87.27,44542.0
10311,V010312,Light Truck,6,3500,Diesel,52.7,124902.0
10312,V010313,Heavy Truck,3,20000,Diesel,87.51,151418.0
10313,V010314,Medium Truck,11,8000,Diesel,75.7,210948.0
10314,V010315,Medium Truck,6,8000,Diesel,73.01,258993.0
10315,V010316,Light Truck,6,3500,Diesel,94.82,150795.0
10316,V010317,Light Truck,6,3500,Diesel,59.49,205868.0
10317,V010318,Light Truck,3,3500,Diesel,87.94,191915.0
10318,V010319,Van,14,1000,Petrol,93.87,191849.0
10319,V010320,Medium Truck,1,8000,Diesel,74.04,182969.0
10320,V010321,Light Truck,0,3500,Diesel,65.91,179134.0
10321,V010322,Light Truck,12,3500,Diesel,86.22,229062.0
10322,V010323,Medium Truck,7,8000,Diesel,83.72,84696.0
10323,V010324,Medium Truck,4,8000,Diesel,91.25,169545.0
10324,V010325,Light Truck,3,3500,Diesel,90.67,208660.0
10325,V010326,Van,4,1000,Petrol,87.07,112795.0
10326,V010327,Medium Truck,8,8000,Diesel,72.06,58403.0
10327,V010328,Heavy Truck,1,20000,Diesel,71.48,134965.0
10328,V010329,Light Truck,13,3500,Diesel,98.85,251335.0
10329,V010330,Light Truck,7,3500,Diesel,77.11,207341.0
10330,V010331,Van,3,1000,Petrol,81.57,196361.0
10331,V010332,Van,1,1000,Petrol,73.47,159268.0
10332,V010333,Van,14,1000,Petrol,80.62,175140.0
10333,V010334,Van,0,1000,Petrol,90.46,169430.0
10334,V010335,Light Truck,11,3500,Diesel,71.53,294086.0
10335,V010336,Heavy Truck,13,20000,Diesel,78.34,139973.0
10336,V010337,Light Truck,2,3500,Diesel,92.91,171574.0
10337,V010338,Medium Truck,3,8000,Diesel,67.31,233289.0
10338,V010339,Medium Truck,14,8000,Diesel,82.76,149745.0
10339,V010340,Light Truck,7,3500,Diesel,75.76,177914.0
10340,V010341,Light Truck,13,3500,Diesel,80.59,262986.0
10341,V010342,Medium Truck,0,8000,Diesel,92.57,326824.0
10342,V010343,Light Truck,2,3500,Diesel,67.54,232080.0
10343,V010344,Van,1,1000,Petrol,86.44,106581.0
10344,V010345,Van,12,1000,Petrol,56.7,220132.0
10345,V010346,Van,2,1000,Petrol,67.41,210180.0
10346,V010347,Van,3,1000,Petrol,92.34,230846.0
10347,V010348,Motorbike,3,50,Petrol,81.22,65517.0
10348,V010349,Medium Truck,8,8000,Diesel,67.25,149285.0
10349,V010350,Light Truck,12,3500,Diesel,80.14,200142.0
10350,V010351,Heavy Truck,3,20000,Diesel,85.75,97779.0
10351,V010352,Van,9,1000,Petrol,94.57,362464.0
10352,V010353,Motorbike,10,50,Petrol,91.02,150570.0
10353,V010354,Medium Truck,0,8000,Diesel,67.8,157129.0
10354,V010355,Medium Truck,5,8000,Diesel,78.26,181198.0
10355,V010356,Light Truck,4,3500,Diesel,86.4,262580.0
10356,V010357,Medium Truck,12,8000,Diesel,100.0,170110.0
10357,V010358,Van,13,1000,Petrol,86.26,167650.0
10358,V010359,Medium Truck,14,8000,Diesel,87.79,117788.0
10359,V010360,Heavy Truck,6,20000,Diesel,86.55,316645.0
10360,V010361,Medium Truck,14,8000,Diesel,94.58,112918.0
10361,V010362,Van,3,1000,Petrol,72.3,78819.0
10362,V010363,Light Truck,6,3500,Diesel,64.17,297121.0
10363,V010364,Heavy Truck,7,20000,Diesel,72.11,207178.0
10364,V010365,Medium Truck,9,8000,Diesel,59.08,166125.0
10365,V010366,Light Truck,14,3500,Diesel,83.49,189122.0
10366,V010367,Motorbike,4,50,Petrol,85.47,186712.0
10367,V010368,Medium Truck,9,8000,Diesel,100.0,172095.0
10368,V010369,Van,13,1000,Petrol,96.62,141781.0
10369,V010370,Light Truck,3,3500,Diesel,63.08,154951.0
10370,V010371,Van,0,1000,Petrol,72.86,149282.0
10371,V010372,Van,4,1000,Petrol,78.03,159797.0
10372,V010373,Van,14,1000,Petrol,61.48,128863.0
10373,V010374,Van,10,1000,Petrol,59.31,228614.0
10374,V010375,Van,12,1000,Petrol,96.52,16714.0
10375,V010376,Light Truck,0,3500,Diesel,88.92,83933.0
10376,V010377,Light Truck,14,3500,Diesel,55.1,177920.0
10377,V010378,Light Truck,11,3500,Diesel,60.7,218496.0
10378,V010379,Light Truck,9,3500,Diesel,90.64,248481.0
10379,V010380,Light Truck,6,3500,Diesel,75.41,79981.0
10380,V010381,Medium Truck,8,8000,Diesel,76.31,210766.0
10381,V010382,Light Truck,12,3500,Diesel,95.43,319749.0
10382,V010383,Heavy Truck,13,20000,Diesel,79.63,157403.0
10383,V010384,Medium Truck,8,8000,Diesel,70.31,150236.0
10384,V010385,Light Truck,14,3500,Diesel,78.37,198549.0
10385,V010386,Light Truck,0,3500,Diesel,89.62,309086.0
10386,V010387,Medium Truck,5,8000,Diesel,74.03,133569.0
10387,V010388,Van,9,1000,Petrol,94.41,292961.0
10388,V010389,Light Truck,7,3500,Diesel,76.13,236680.0
10389,V010390,Light Truck,6,3500,Diesel,91.31,241570.0
10390,V010391,Medium Truck,1,8000,Diesel,90.96,244852.0
10391,V010392,Light Truck,14,3500,Diesel,60.62,45113.0
10392,V010393,Light Truck,14,3500,Diesel,84.23,308977.0
10393,V010394,Medium Truck,10,8000,Diesel,78.75,76383.0
10394,V010395,Medium Truck,10,8000,Diesel,76.29,135685.0
10395,V010396,Van,6,1000,Petrol,93.8,131569.0
10396,V010397,Light Truck,11,3500,Diesel,72.89,286677.0
10397,V010398,Van,2,1000,Petrol,99.07,198008.0
10398,V010399,Medium Truck,0,8000,Diesel,83.47,113751.0
10399,V010400,Van,6,1000,Petrol,69.75,206284.0
10400,V010401,Medium Truck,3,8000,Diesel,94.46,80400.0
10401,V010402,Light Truck,1,3500,Diesel,73.73,72559.0
10402,V010403,Van,13,1000,Petrol,84.6,145129.0
10403,V010404,Van,4,1000,Petrol,89.83,180317.0
10404,V010405,Van,6,1000,Petrol,90.51,90076.0
10405,V010406,Heavy Truck,1,20000,Diesel,80.83,58597.0
10406,V010407,Medium Truck,12,8000,Diesel,92.3,153673.0
10407,V010408,Van,2,1000,Petrol,72.76,307592.0
10408,V010409,Light Truck,7,3500,Diesel,66.68,142563.0
10409,V010410,Van,10,1000,Petrol,100.0,127829.0
10410,V010411,Medium Truck,13,8000,Diesel,83.37,301462.0
10411,V010412,Motorbike,4,50,Petrol,100.0,150058.0
10412,V010413,Heavy Truck,10,20000,Diesel,83.21,203659.0
10413,V010414,Van,8,1000,Petrol,79.38,72916.0
10414,V010415,Medium Truck,4,8000,Diesel,89.65,116872.0
10415,V010416,Motorbike,10,50,Petrol,91.1,246669.0
10416,V010417,Van,1,1000,Petrol,86.68,256775.0
10417,V010418,Van,12,1000,Petrol,89.7,165456.0
10418,V010419,Van,2,1000,Petrol,72.53,309319.0
10419,V010420,Van,6,1000,Petrol,86.64,404198.0
10420,V010421,Medium Truck,6,8000,Diesel,96.58,257259.0
10421,V010422,Heavy Truck,1,20000,Diesel,82.15,287661.0
10422,V010423,Van,2,1000,Petrol,95.92,1000.0
10423,V010424,Medium Truck,0,8000,Diesel,82.96,135881.0
10424,V010425,Medium Truck,7,8000,Diesel,85.84,256382.0
10425,V010426,Heavy Truck,9,20000,Diesel,76.3,217225.0
10426,V010427,Light Truck,0,3500,Diesel,69.17,123981.0
10427,V010428,Light Truck,0,3500,Diesel,78.53,1000.0
10428,V010429,Light Truck,11,3500,Diesel,80.99,276633.0
10429,V010430,Van,13,1000,Petrol,91.01,118954.0
10430,V010431,Medium Truck,10,8000,Diesel,80.02,296030.0
10431,V010432,Heavy Truck,7,20000,Diesel,92.24,109526.0
10432,V010433,Medium Truck,14,8000,Diesel,77.25,309352.0
10433,V010434,Medium Truck,2,8000,Diesel,61.11,307360.0
10434,V010435,Motorbike,11,50,Petrol,85.65,265989.0
10435,V010436,Medium Truck,1,8000,Diesel,80.75,242461.0
10436,V010437,Motorbike,0,50,Petrol,84.18,153229.0
10437,V010438,Heavy Truck,1,20000,Diesel,87.8,267926.0
10438,V010439,Van,14,1000,Petrol,88.92,32064.0
10439,V010440,Light Truck,1,3500,Diesel,92.41,254141.0
10440,V010441,Medium Truck,3,8000,Diesel,66.17,167162.0
10441,V010442,Medium Truck,9,8000,Diesel,66.89,141264.0
10442,V010443,Medium Truck,10,8000,Diesel,85.26,57108.0
10443,V010444,Medium Truck,13,8000,Diesel,73.05,295108.0
10444,V010445,Van,8,1000,Petrol,71.98,42488.0
10445,V010446,Light Truck,7,3500,Diesel,87.27,175761.0
10446,V010447,Medium Truck,3,8000,Diesel,88.54,295307.0
10447,V010448,Van,1,1000,Petrol,73.98,231038.0
10448,V010449,Motorbike,8,50,Petrol,76.3,178656.0
10449,V010450,Light Truck,11,3500,Diesel,70.98,196666.0
10450,V010451,Light Truck,7,3500,Diesel,99.34,229349.0
10451,V010452,Light Truck,5,3500,Diesel,81.88,205939.0
10452,V010453,Van,3,1000,Petrol,77.38,240535.0
10453,V010454,Van,8,1000,Petrol,83.29,93746.0
10454,V010455,Van,0,1000,Petrol,78.86,277364.0
10455,V010456,Motorbike,14,50,Petrol,79.93,152243.0
10456,V010457,Heavy Truck,0,20000,Diesel,84.53,174395.0
10457,V010458,Van,13,1000,Petrol,92.78,278139.0
10458,V010459,Medium Truck,7,8000,Diesel,98.43,246853.0
10459,V010460,Medium Truck,3,8000,Diesel,76.34,1000.0
10460,V010461,Light Truck,5,3500,Diesel,78.99,254899.0
10461,V010462,Light Truck,11,3500,Diesel,67.36,111473.0
10462,V010463,Light Truck,4,3500,Diesel,78.69,145081.0
10463,V010464,Medium Truck,0,8000,Diesel,73.17,238473.0
10464,V010465,Van,3,1000,Petrol,93.66,30416.0
10465,V010466,Motorbike,13,50,Petrol,66.89,286639.0
10466,V010467,Medium Truck,3,8000,Diesel,82.1,135449.0
10467,V010468,Medium Truck,11,8000,Diesel,94.18,165073.0
10468,V010469,Heavy Truck,14,20000,Diesel,92.42,338119.0
10469,V010470,Medium Truck,10,8000,Diesel,100.0,301009.0
10470,V010471,Light Truck,2,3500,Diesel,92.88,97778.0
10471,V010472,Motorbike,7,50,Petrol,82.59,134477.0
10472,V010473,Light Truck,11,3500,Diesel,92.18,252796.0
10473,V010474,Light Truck,0,3500,Diesel,65.31,220215.0
10474,V010475,Light Truck,3,3500,Diesel,69.0,85197.0
10475,V010476,Van,11,1000,Petrol,73.18,196194.0
10476,V010477,Van,5,1000,Petrol,71.03,14778.0
10477,V010478,Heavy Truck,11,20000,Diesel,62.7,270512.0
10478,V010479,Van,0,1000,Petrol,94.42,96737.0
10479,V010480,Light Truck,4,3500,Diesel,93.87,161811.0
10480,V010481,Light Truck,3,3500,Diesel,88.83,50204.0
10481,V010482,Medium Truck,2,8000,Diesel,94.82,7075.0
10482,V010483,Heavy Truck,7,20000,Diesel,87.65,135434.0
10483,V010484,Light Truck,3,3500,Diesel,72.12,91725.0
10484,V010485,Light Truck,9,3500,Diesel,89.35,120551.0
10485,V010486,Light Truck,4,3500,Diesel,81.81,236883.0
10486,V010487,Heavy Truck,3,20000,Diesel,100.0,163227.0
10487,V010488,Van,12,1000,Petrol,62.19,124083.0
10488,V010489,Van,11,1000,Petrol,68.16,49435.0
10489,V010490,Van,12,1000,Petrol,94.39,316824.0
10490,V010491,Van,9,1000,Petrol,79.81,231049.0
10491,V010492,Motorbike,11,50,Petrol,78.83,154476.0
10492,V010493,Van,12,1000,Petrol,76.69,95689.0
10493,V010494,Medium Truck,3,8000,Diesel,74.59,86907.0
10494,V010495,Van,8,1000,Petrol,78.9,227994.0
10495,V010496,Medium Truck,7,8000,Diesel,67.91,77166.0
10496,V010497,Light Truck,4,3500,Diesel,83.56,219871.0
10497,V010498,Light Truck,3,3500,Diesel,85.06,252918.0
10498,V010499,Medium Truck,4,8000,Diesel,79.57,71930.0
10499,V010500,Light Truck,1,3500,Diesel,87.75,197181.0
10500,V010501,Light Truck,10,3500,Diesel,88.9,174744.0
10501,V010502,Van,13,1000,Petrol,81.21,204809.0
10502,V010503,Light Truck,14,3500,Diesel,82.0,176810.0
10503,V010504,Van,10,1000,Petrol,81.28,129114.0
10504,V010505,Medium Truck,1,8000,Diesel,100.0,195192.0
10505,V010506,Light Truck,5,3500,Diesel,89.47,198851.0
10506,V010507,Light Truck,9,3500,Diesel,86.28,136279.0
10507,V010508,Van,7,1000,Petrol,51.67,230539.0
10508,V010509,Light Truck,11,3500,Diesel,74.29,164392.0
10509,V010510,Light Truck,12,3500,Diesel,82.6,236566.0
10510,V010511,Medium Truck,0,8000,Diesel,96.26,184278.0
10511,V010512,Van,14,1000,Petrol,71.21,215114.0
10512,V010513,Medium Truck,3,8000,Diesel,94.17,118122.0
10513,V010514,Van,5,1000,Petrol,73.96,78517.0
10514,V010515,Van,8,1000,Petrol,89.61,201488.0
10515,V010516,Medium Truck,12,8000,Diesel,74.49,92191.0
10516,V010517,Light Truck,11,3500,Diesel,64.94,120324.0
10517,V010518,Light Truck,2,3500,Diesel,73.39,131828.0
10518,V010519,Van,2,1000,Petrol,74.44,94911.0
10519,V010520,Motorbike,1,50,Petrol,66.5,214124.0
10520,V010521,Van,9,1000,Petrol,83.01,49316.0
10521,V010522,Light Truck,8,3500,Diesel,80.88,68349.0
10522,V010523,Light Truck,9,3500,Diesel,74.05,132364.0
10523,V010524,Light Truck,0,3500,Diesel,77.96,177632.0
10524,V010525,Van,3,1000,Petrol,88.28,289370.0
10525,V010526,Van,7,1000,Petrol,100.0,155524.0
10526,V010527,Van,3,1000,Petrol,83.0,128005.0
10527,V010528,Medium Truck,12,8000,Diesel,72.91,119423.0
10528,V010529,Medium Truck,3,8000,Diesel,84.51,333007.0
10529,V010530,Van,9,1000,Petrol,87.03,190226.0
10530,V010531,Heavy Truck,9,20000,Diesel,78.94,148932.0
10531,V010532,Van,13,1000,Petrol,78.72,191888.0
10532,V010533,Van,13,1000,Petrol,94.73,1000.0
10533,V010534,Van,3,1000,Petrol,86.43,353757.0
10534,V010535,Light Truck,14,3500,Diesel,87.07,238762.0
10535,V010536,Medium Truck,10,8000,Diesel,92.33,325051.0
10536,V010537,Medium Truck,14,8000,Diesel,83.83,64728.0
10537,V010538,Van,5,1000,Petrol,88.92,214796.0
10538,V010539,Medium Truck,0,8000,Diesel,76.59,173196.0
10539,V010540,Medium Truck,4,8000,Diesel,90.96,110243.0
10540,V010541,Van,10,1000,Petrol,82.59,113999.0
10541,V010542,Medium Truck,10,8000,Diesel,63.34,185470.0
10542,V010543,Van,12,1000,Petrol,84.26,181958.0
10543,V010544,Van,3,1000,Petrol,60.52,158135.0
10544,V010545,Light Truck,8,3500,Diesel,74.56,170811.0
10545,V010546,Medium Truck,1,8000,Diesel,84.63,26973.0
10546,V010547,Medium Truck,8,8000,Diesel,91.53,222500.0
10547,V010548,Medium Truck,12,8000,Diesel,66.56,259751.0
10548,V010549,Light Truck,4,3500,Diesel,69.43,232956.0
10549,V010550,Light Truck,14,3500,Diesel,72.09,199194.0
10550,V010551,Heavy Truck,12,20000,Diesel,61.26,331445.0
10551,V010552,Heavy Truck,10,20000,Diesel,90.46,15598.0
10552,V010553,Medium Truck,3,8000,Diesel,83.75,194359.0
10553,V010554,Van,7,1000,Petrol,91.55,178669.0
10554,V010555,Light Truck,0,3500,Diesel,63.11,139134.0
10555,V010556,Light Truck,8,3500,Diesel,86.3,237139.0
10556,V010557,Light Truck,10,3500,Diesel,76.53,218736.0
10557,V010558,Medium Truck,7,8000,Diesel,87.7,269125.0
10558,V010559,Medium Truck,4,8000,Diesel,94.4,203807.0
10559,V010560,Light Truck,9,3500,Diesel,95.81,174166.0
10560,V010561,Heavy Truck,3,20000,Diesel,75.68,223719.0
10561,V010562,Light Truck,14,3500,Diesel,72.24,1000.0
10562,V010563,Light Truck,3,3500,Diesel,73.04,207212.0
10563,V010564,Light Truck,11,3500,Diesel,99.37,1000.0
10564,V010565,Light Truck,12,3500,Diesel,95.86,395307.0
10565,V010566,Van,2,1000,Petrol,79.4,199030.0
10566,V010567,Medium Truck,11,8000,Diesel,100.0,64633.0
10567,V010568,Motorbike,0,50,Petrol,74.58,59468.0
10568,V010569,Light Truck,12,3500,Diesel,56.35,194571.0
10569,V010570,Light Truck,14,3500,Diesel,96.31,325071.0
10570,V010571,Light Truck,6,3500,Diesel,95.5,120919.0
10571,V010572,Van,5,1000,Petrol,74.81,22307.0
10572,V010573,Light Truck,4,3500,Diesel,77.9,277385.0
10573,V010574,Heavy Truck,11,20000,Diesel,69.57,166159.0
10574,V010575,Medium Truck,0,8000,Diesel,63.8,244569.0
10575,V010576,Medium Truck,2,8000,Diesel,92.55,47042.0
10576,V010577,Light Truck,14,3500,Diesel,73.38,182037.0
10577,V010578,Medium Truck,4,8000,Diesel,78.62,279958.0
10578,V010579,Medium Truck,5,8000,Diesel,73.04,301367.0
10579,V010580,Van,9,1000,Petrol,78.2,329695.0
10580,V010581,Light Truck,10,3500,Diesel,92.66,164539.0
10581,V010582,Medium Truck,3,8000,Diesel,72.72,152792.0
10582,V010583,Motorbike,11,50,Petrol,79.0,279893.0
10583,V010584,Medium Truck,6,8000,Diesel,68.92,311777.0
10584,V010585,Medium Truck,8,8000,Diesel,76.59,205922.0
10585,V010586,Heavy Truck,1,20000,Diesel,87.3,23288.0
10586,V010587,Light Truck,1,3500,Diesel,76.59,58364.0
10587,V010588,Medium Truck,12,8000,Diesel,96.62,162611.0
10588,V010589,Light Truck,13,3500,Diesel,83.57,102846.0
10589,V010590,Motorbike,3,50,Petrol,92.96,209730.0
10590,V010591,Medium Truck,2,8000,Diesel,92.06,228163.0
10591,V010592,Medium Truck,1,8000,Diesel,63.12,271688.0
10592,V010593,Motorbike,8,50,Petrol,69.91,162509.0
10593,V010594,Light Truck,14,3500,Diesel,87.31,100815.0
10594,V010595,Light Truck,11,3500,Diesel,93.58,119529.0
10595,V010596,Medium Truck,10,8000,Diesel,76.63,241414.0
10596,V010597,Van,12,1000,Petrol,100.0,136216.0
10597,V010598,Van,10,1000,Petrol,73.81,121278.0
10598,V010599,Van,12,1000,Petrol,93.17,262802.0
10599,V010600,Heavy Truck,6,20000,Diesel,78.24,170855.0
10600,V010601,Motorbike,14,50,Petrol,78.96,1000.0
10601,V010602,Heavy Truck,12,20000,Diesel,84.31,109019.0
10602,V010603,Medium Truck,4,8000,Diesel,62.43,168767.0
10603,V010604,Light Truck,9,3500,Diesel,62.09,109712.0
10604,V010605,Van,11,1000,Petrol,88.9,173962.0
10605,V010606,Medium Truck,1,8000,Diesel,59.37,192084.0
10606,V010607,Van,12,1000,Petrol,100.0,102790.0
10607,V010608,Light Truck,0,3500,Diesel,82.23,185357.0
10608,V010609,Van,0,1000,Petrol,98.18,214819.0
10609,V010610,Van,8,1000,Petrol,64.39,140135.0
10610,V010611,Light Truck,9,3500,Diesel,68.72,363738.0
10611,V010612,Motorbike,13,50,Petrol,100.0,86188.0
10612,V010613,Medium Truck,11,8000,Diesel,80.11,148586.0
10613,V010614,Medium Truck,7,8000,Diesel,88.67,71567.0
10614,V010615,Van,9,1000,Petrol,78.07,22748.0
10615,V010616,Light Truck,6,3500,Diesel,69.72,234739.0
10616,V010617,Medium Truck,4,8000,Diesel,66.27,197692.0
10617,V010618,Medium Truck,1,8000,Diesel,78.04,246760.0
10618,V010619,Van,0,1000,Petrol,76.4,135049.0
10619,V010620,Van,4,1000,Petrol,72.17,188161.0
10620,V010621,Medium Truck,14,8000,Diesel,72.56,57067.0
10621,V010622,Light Truck,10,3500,Diesel,80.95,1000.0
10622,V010623,Light Truck,5,3500,Diesel,76.63,239675.0
10623,V010624,Van,3,1000,Petrol,100.0,278543.0
10624,V010625,Van,10,1000,Petrol,100.0,173153.0
10625,V010626,Motorbike,11,50,Petrol,100.0,68116.0
10626,V010627,Van,3,1000,Petrol,86.23,22138.0
10627,V010628,Medium Truck,5,8000,Diesel,74.82,267676.0
10628,V010629,Van,11,1000,Petrol,70.34,150399.0
10629,V010630,Medium Truck,12,8000,Diesel,100.0,160819.0
10630,V010631,Light Truck,12,3500,Diesel,90.49,135180.0
10631,V010632,Light Truck,7,3500,Diesel,67.55,204674.0
10632,V010633,Light Truck,5,3500,Diesel,70.35,110327.0
10633,V010634,Medium Truck,6,8000,Diesel,63.49,175302.0
10634,V010635,Van,1,1000,Petrol,77.92,75672.0
10635,V010636,Medium Truck,1,8000,Diesel,82.79,166570.0
10636,V010637,Medium Truck,4,8000,Diesel,92.88,200994.0
10637,V010638,Van,9,1000,Petrol,84.13,288049.0
10638,V010639,Van,0,1000,Petrol,63.5,114353.0
10639,V010640,Van,0,1000,Petrol,85.03,163580.0
10640,V010641,Van,8,1000,Petrol,94.82,159189.0
10641,V010642,Medium Truck,12,8000,Diesel,61.18,246198.0
10642,V010643,Van,10,1000,Petrol,91.19,49846.0
10643,V010644,Light Truck,5,3500,Diesel,79.59,51211.0
10644,V010645,Medium Truck,9,8000,Diesel,77.19,348468.0
10645,V010646,Van,11,1000,Petrol,82.76,145417.0
10646,V010647,Light Truck,3,3500,Diesel,96.46,171566.0
10647,V010648,Light Truck,2,3500,Diesel,77.35,89556.0
10648,V010649,Light Truck,7,3500,Diesel,76.52,54220.0
10649,V010650,Light Truck,4,3500,Diesel,79.09,241175.0
10650,V010651,Light Truck,12,3500,Diesel,66.31,279649.0
10651,V010652,Van,13,1000,Petrol,85.32,110147.0
10652,V010653,Van,2,1000,Petrol,78.44,145906.0
10653,V010654,Van,5,1000,Petrol,88.92,226474.0
10654,V010655,Van,9,1000,Petrol,69.97,76744.0
10655,V010656,Light Truck,12,3500,Diesel,85.18,225632.0
10656,V010657,Van,6,1000,Petrol,84.47,252165.0
10657,V010658,Van,2,1000,Petrol,79.59,197050.0
10658,V010659,Light Truck,1,3500,Diesel,89.8,196893.0
10659,V010660,Motorbike,1,50,Petrol,88.8,298853.0
10660,V010661,Light Truck,7,3500,Diesel,71.66,186769.0
10661,V010662,Medium Truck,3,8000,Diesel,92.35,219394.0
10662,V010663,Van,9,1000,Petrol,78.23,116517.0
10663,V010664,Light Truck,13,3500,Diesel,68.98,147380.0
10664,V010665,Van,11,1000,Petrol,89.93,1000.0
10665,V010666,Van,9,1000,Petrol,95.57,379321.0
10666,V010667,Motorbike,6,50,Petrol,89.11,296864.0
10667,V010668,Light Truck,2,3500,Diesel,67.8,107996.0
10668,V010669,Light Truck,11,3500,Diesel,94.39,260945.0
10669,V010670,Van,9,1000,Petrol,85.52,263879.0
10670,V010671,Heavy Truck,10,20000,Diesel,77.04,173301.0
10671,V010672,Motorbike,0,50,Petrol,82.95,7046.0
10672,V010673,Light Truck,6,3500,Diesel,76.3,216352.0
10673,V010674,Van,7,1000,Petrol,100.0,191476.0
10674,V010675,Light Truck,6,3500,Diesel,86.67,252124.0
10675,V010676,Heavy Truck,12,20000,Diesel,76.5,49822.0
10676,V010677,Van,11,1000,Petrol,82.79,322007.0
10677,V010678,Medium Truck,5,8000,Diesel,95.59,247610.0
10678,V010679,Van,14,1000,Petrol,85.41,152341.0
10679,V010680,Light Truck,2,3500,Diesel,75.08,137611.0
10680,V010681,Light Truck,2,3500,Diesel,94.79,211815.0
10681,V010682,Medium Truck,7,8000,Diesel,83.76,233453.0
10682,V010683,Van,11,1000,Petrol,77.52,181149.0
10683,V010684,Motorbike,2,50,Petrol,71.25,222580.0
10684,V010685,Medium Truck,7,8000,Diesel,81.37,169152.0
10685,V010686,Heavy Truck,7,20000,Diesel,74.25,246742.0
10686,V010687,Light Truck,5,3500,Diesel,80.47,344543.0
10687,V010688,Heavy Truck,14,20000,Diesel,64.88,107720.0
10688,V010689,Heavy Truck,2,20000,Diesel,97.28,150735.0
10689,V010690,Medium Truck,4,8000,Diesel,67.75,75138.0
10690,V010691,Van,6,1000,Petrol,76.18,51453.0
10691,V010692,Medium Truck,0,8000,Diesel,73.73,187882.0
10692,V010693,Motorbike,9,50,Petrol,64.08,266401.0
10693,V010694,Van,6,1000,Petrol,90.3,301106.0
10694,V010695,Light Truck,4,3500,Diesel,69.78,259446.0
10695,V010696,Van,13,1000,Petrol,88.19,257966.0
10696,V010697,Medium Truck,8,8000,Diesel,100.0,175291.0
10697,V010698,Light Truck,5,3500,Diesel,89.43,118237.0
10698,V010699,Medium Truck,13,8000,Diesel,58.64,394799.0
10699,V010700,Light Truck,2,3500,Diesel,71.35,9719.0
10700,V010701,Medium Truck,5,8000,Diesel,85.43,255249.0
10701,V010702,Van,14,1000,Petrol,100.0,159262.0
10702,V010703,Light Truck,0,3500,Diesel,59.83,217422.0
10703,V010704,Light Truck,13,3500,Diesel,80.69,1000.0
10704,V010705,Medium Truck,8,8000,Diesel,88.23,227970.0
10705,V010706,Medium Truck,0,8000,Diesel,98.47,241442.0
10706,V010707,Motorbike,4,50,Petrol,63.0,85542.0
10707,V010708,Light Truck,2,3500,Diesel,87.16,127380.0
10708,V010709,Van,7,1000,Petrol,89.48,27300.0
10709,V010710,Light Truck,1,3500,Diesel,75.0,218730.0
10710,V010711,Medium Truck,7,8000,Diesel,66.43,140877.0
10711,V010712,Light Truck,3,3500,Diesel,77.5,242724.0
10712,V010713,Heavy Truck,8,20000,Diesel,73.79,287922.0
10713,V010714,Light Truck,11,3500,Diesel,78.22,257340.0
10714,V010715,Medium Truck,3,8000,Diesel,83.09,168670.0
10715,V010716,Light Truck,4,3500,Diesel,100.0,171949.0
10716,V010717,Van,14,1000,Petrol,78.51,306922.0
10717,V010718,Medium Truck,11,8000,Diesel,81.71,106659.0
10718,V010719,Light Truck,2,3500,Diesel,70.68,259726.0
10719,V010720,Light Truck,3,3500,Diesel,78.76,1000.0
10720,V010721,Medium Truck,12,8000,Diesel,76.14,69306.0
10721,V010722,Light Truck,13,3500,Diesel,73.94,293739.0
10722,V010723,Light Truck,1,3500,Diesel,77.76,459792.0
10723,V010724,Van,12,1000,Petrol,93.34,172288.0
10724,V010725,Van,7,1000,Petrol,89.15,245518.0
10725,V010726,Light Truck,8,3500,Diesel,70.3,67795.0
10726,V010727,Light Truck,4,3500,Diesel,94.9,32048.0
10727,V010728,Van,5,1000,Petrol,82.62,279427.0
10728,V010729,Medium Truck,5,8000,Diesel,87.55,32907.0
10729,V010730,Motorbike,3,50,Petrol,52.46,243993.0
10730,V010731,Medium Truck,8,8000,Diesel,94.78,228577.0
10731,V010732,Light Truck,13,3500,Diesel,83.2,167656.0
10732,V010733,Light Truck,1,3500,Diesel,92.26,157979.0
10733,V010734,Light Truck,14,3500,Diesel,78.93,221364.0
10734,V010735,Van,1,1000,Petrol,85.85,330701.0
10735,V010736,Light Truck,3,3500,Diesel,73.16,106056.0
10736,V010737,Light Truck,7,3500,Diesel,100.0,128069.0
10737,V010738,Light Truck,14,3500,Diesel,74.68,159117.0
10738,V010739,Light Truck,4,3500,Diesel,91.77,144367.0
10739,V010740,Van,8,1000,Petrol,83.14,72676.0
10740,V010741,Van,12,1000,Petrol,79.24,302102.0
10741,V010742,Heavy Truck,3,20000,Diesel,74.54,233567.0
10742,V010743,Light Truck,3,3500,Diesel,94.43,162165.0
10743,V010744,Medium Truck,4,8000,Diesel,58.65,104911.0
10744,V010745,Medium Truck,6,8000,Diesel,74.45,88776.0
10745,V010746,Medium Truck,7,8000,Diesel,72.89,106432.0
10746,V010747,Light Truck,5,3500,Diesel,83.76,335523.0
10747,V010748,Light Truck,3,3500,Diesel,71.96,70732.0
10748,V010749,Light Truck,9,3500,Diesel,63.25,208487.0
10749,V010750,Light Truck,13,3500,Diesel,85.2,148737.0
10750,V010751,Light Truck,11,3500,Diesel,83.11,72689.0
10751,V010752,Medium Truck,11,8000,Diesel,100.0,223668.0
10752,V010753,Medium Truck,11,8000,Diesel,78.11,202405.0
10753,V010754,Light Truck,6,3500,Diesel,73.73,399315.0
10754,V010755,Light Truck,5,3500,Diesel,50.47,161702.0
10755,V010756,Van,1,1000,Petrol,77.97,169109.0
10756,V010757,Van,9,1000,Petrol,93.13,292009.0
10757,V010758,Light Truck,10,3500,Diesel,68.5,283066.0
10758,V010759,Van,2,1000,Petrol,94.32,268184.0
10759,V010760,Medium Truck,4,8000,Diesel,88.23,248518.0
10760,V010761,Medium Truck,8,8000,Diesel,85.53,190215.0
10761,V010762,Light Truck,6,3500,Diesel,100.0,277562.0
10762,V010763,Heavy Truck,13,20000,Diesel,83.14,150776.0
10763,V010764,Motorbike,9,50,Petrol,92.27,212450.0
10764,V010765,Medium Truck,10,8000,Diesel,77.32,259641.0
10765,V010766,Heavy Truck,14,20000,Diesel,68.55,1000.0
10766,V010767,Medium Truck,3,8000,Diesel,68.92,233086.0
10767,V010768,Van,14,1000,Petrol,81.74,183906.0
10768,V010769,Light Truck,1,3500,Diesel,70.7,105711.0
10769,V010770,Van,1,1000,Petrol,79.25,165111.0
10770,V010771,Medium Truck,7,8000,Diesel,95.03,307573.0
10771,V010772,Medium Truck,2,8000,Diesel,82.19,92127.0
10772,V010773,Light Truck,14,3500,Diesel,96.14,259949.0
10773,V010774,Medium Truck,10,8000,Diesel,83.06,25843.0
10774,V010775,Medium Truck,9,8000,Diesel,99.41,220679.0
10775,V010776,Heavy Truck,5,20000,Diesel,82.45,78702.0
10776,V010777,Van,8,1000,Petrol,99.56,250288.0
10777,V010778,Light Truck,13,3500,Diesel,65.81,219584.0
10778,V010779,Light Truck,12,3500,Diesel,95.07,263208.0
10779,V010780,Heavy Truck,14,20000,Diesel,76.24,146073.0
10780,V010781,Medium Truck,8,8000,Diesel,74.18,266604.0
10781,V010782,Medium Truck,12,8000,Diesel,72.15,218953.0
10782,V010783,Van,8,1000,Petrol,87.41,84930.0
10783,V010784,Medium Truck,14,8000,Diesel,89.62,220527.0
10784,V010785,Light Truck,1,3500,Diesel,67.23,154806.0
10785,V010786,Medium Truck,3,8000,Diesel,95.66,147206.0
10786,V010787,Light Truck,12,3500,Diesel,80.89,113293.0
10787,V010788,Medium Truck,3,8000,Diesel,100.0,225120.0
10788,V010789,Van,2,1000,Petrol,78.03,188762.0
10789,V010790,Light Truck,7,3500,Diesel,86.4,136582.0
10790,V010791,Medium Truck,6,8000,Diesel,96.9,184238.0
10791,V010792,Medium Truck,8,8000,Diesel,82.34,139486.0
10792,V010793,Medium Truck,3,8000,Diesel,91.87,130130.0
10793,V010794,Light Truck,0,3500,Diesel,79.24,225283.0
10794,V010795,Van,14,1000,Petrol,95.28,252075.0
10795,V010796,Light Truck,9,3500,Diesel,86.36,75716.0
10796,V010797,Medium Truck,2,8000,Diesel,77.06,198517.0
10797,V010798,Van,0,1000,Petrol,72.53,269329.0
10798,V010799,Van,14,1000,Petrol,73.65,162357.0
10799,V010800,Light Truck,8,3500,Diesel,69.82,309493.0
10800,V010801,Light Truck,2,3500,Diesel,96.08,330994.0
10801,V010802,Heavy Truck,8,20000,Diesel,70.04,174632.0
10802,V010803,Heavy Truck,7,20000,Diesel,62.73,261673.0
10803,V010804,Light Truck,0,3500,Diesel,67.47,224018.0
10804,V010805,Van,3,1000,Petrol,81.38,110423.0
10805,V010806,Light Truck,12,3500,Diesel,83.41,81328.0
10806,V010807,Medium Truck,3,8000,Diesel,89.93,149490.0
10807,V010808,Light Truck,1,3500,Diesel,78.26,142370.0
10808,V010809,Van,4,1000,Petrol,78.86,105209.0
10809,V010810,Medium Truck,4,8000,Diesel,85.78,107980.0
10810,V010811,Medium Truck,13,8000,Diesel,47.84,94382.0
10811,V010812,Van,9,1000,Petrol,67.73,274391.0
10812,V010813,Heavy Truck,0,20000,Diesel,69.61,221551.0
10813,V010814,Van,11,1000,Petrol,80.23,118206.0
10814,V010815,Heavy Truck,3,20000,Diesel,71.63,215818.0
10815,V010816,Light Truck,9,3500,Diesel,77.56,201266.0
10816,V010817,Medium Truck,6,8000,Diesel,83.91,202897.0
10817,V010818,Van,9,1000,Petrol,98.83,146570.0
10818,V010819,Light Truck,9,3500,Diesel,70.2,198052.0
10819,V010820,Medium Truck,4,8000,Diesel,88.83,1000.0
10820,V010821,Light Truck,14,3500,Diesel,65.48,234975.0
10821,V010822,Light Truck,6,3500,Diesel,84.99,99054.0
10822,V010823,Van,4,1000,Petrol,92.53,297874.0
10823,V010824,Van,12,1000,Petrol,87.9,205115.0
10824,V010825,Van,2,1000,Petrol,100.0,391846.0
10825,V010826,Light Truck,12,3500,Diesel,86.56,252692.0
10826,V010827,Medium Truck,8,8000,Diesel,85.19,120331.0
10827,V010828,Van,9,1000,Petrol,100.0,1000.0
10828,V010829,Light Truck,3,3500,Diesel,65.09,117459.0
10829,V010830,Medium Truck,5,8000,Diesel,98.74,117168.0
10830,V010831,Medium Truck,0,8000,Diesel,83.76,69739.0
10831,V010832,Light Truck,9,3500,Diesel,89.52,224275.0
10832,V010833,Van,3,1000,Petrol,64.26,203505.0
10833,V010834,Medium Truck,5,8000,Diesel,91.82,253037.0
10834,V010835,Heavy Truck,13,20000,Diesel,78.5,24671.0
10835,V010836,Light Truck,2,3500,Diesel,93.29,115818.0
10836,V010837,Heavy Truck,2,20000,Diesel,74.83,242265.0
10837,V010838,Van,11,1000,Petrol,82.17,49799.0
10838,V010839,Motorbike,9,50,Petrol,100.0,190020.0
10839,V010840,Heavy Truck,10,20000,Diesel,67.17,153489.0
10840,V010841,Van,0,1000,Petrol,73.6,200748.0
10841,V010842,Heavy Truck,11,20000,Diesel,94.4,1000.0
10842,V010843,Van,13,1000,Petrol,78.36,253859.0
10843,V010844,Van,2,1000,Petrol,85.6,108860.0
10844,V010845,Light Truck,9,3500,Diesel,75.84,225150.0
10845,V010846,Heavy Truck,7,20000,Diesel,79.67,104505.0
10846,V010847,Heavy Truck,9,20000,Diesel,75.98,137874.0
10847,V010848,Heavy Truck,6,20000,Diesel,95.74,148792.0
10848,V010849,Medium Truck,0,8000,Diesel,79.68,100576.0
10849,V010850,Light Truck,4,3500,Diesel,98.31,162800.0
10850,V010851,Van,14,1000,Petrol,66.09,318935.0
10851,V010852,Light Truck,10,3500,Diesel,100.0,100964.0
10852,V010853,Medium Truck,10,8000,Diesel,93.94,92255.0
10853,V010854,Light Truck,4,3500,Diesel,100.0,135252.0
10854,V010855,Heavy Truck,9,20000,Diesel,88.32,233161.0
10855,V010856,Heavy Truck,3,20000,Diesel,92.76,276571.0
10856,V010857,Light Truck,11,3500,Diesel,85.56,220856.0
10857,V010858,Light Truck,7,3500,Diesel,100.0,111450.0
10858,V010859,Van,5,1000,Petrol,67.65,49608.0
10859,V010860,Van,8,1000,Petrol,65.57,70351.0
10860,V010861,Light Truck,5,3500,Diesel,77.5,161114.0
10861,V010862,Heavy Truck,4,20000,Diesel,76.47,119349.0
10862,V010863,Medium Truck,14,8000,Diesel,89.94,179776.0
10863,V010864,Heavy Truck,11,20000,Diesel,72.53,220336.0
10864,V010865,Medium Truck,8,8000,Diesel,70.58,349937.0
10865,V010866,Van,3,1000,Petrol,88.53,56655.0
10866,V010867,Light Truck,0,3500,Diesel,66.2,187748.0
10867,V010868,Light Truck,8,3500,Diesel,80.48,216978.0
10868,V010869,Heavy Truck,3,20000,Diesel,87.1,231054.0
10869,V010870,Medium Truck,0,8000,Diesel,83.79,86661.0
10870,V010871,Van,13,1000,Petrol,59.21,232135.0
10871,V010872,Medium Truck,14,8000,Diesel,87.25,217093.0
10872,V010873,Medium Truck,14,8000,Diesel,100.0,244773.0
10873,V010874,Medium Truck,6,8000,Diesel,78.31,165846.0
10874,V010875,Van,10,1000,Petrol,81.92,244067.0
10875,V010876,Light Truck,10,3500,Diesel,84.05,63094.0
10876,V010877,Light Truck,9,3500,Diesel,89.37,164838.0
10877,V010878,Light Truck,5,3500,Diesel,77.49,153983.0
10878,V010879,Light Truck,13,3500,Diesel,81.91,243609.0
10879,V010880,Medium Truck,9,8000,Diesel,63.71,391203.0
10880,V010881,Motorbike,0,50,Petrol,83.91,266599.0
10881,V010882,Medium Truck,11,8000,Diesel,93.6,176074.0
10882,V010883,Van,11,1000,Petrol,82.23,115532.0
10883,V010884,Medium Truck,11,8000,Diesel,75.09,130323.0
10884,V010885,Light Truck,4,3500,Diesel,92.97,121518.0
10885,V010886,Van,0,1000,Petrol,81.94,214174.0
10886,V010887,Medium Truck,1,8000,Diesel,94.33,181856.0
10887,V010888,Van,4,1000,Petrol,86.88,1000.0
10888,V010889,Heavy Truck,8,20000,Diesel,91.34,191149.0
10889,V010890,Medium Truck,0,8000,Diesel,71.98,180590.0
10890,V010891,Medium Truck,8,8000,Diesel,71.56,145780.0
10891,V010892,Medium Truck,4,8000,Diesel,97.65,233320.0
10892,V010893,Heavy Truck,12,20000,Diesel,87.28,151931.0
10893,V010894,Motorbike,14,50,Petrol,66.69,221878.0
10894,V010895,Light Truck,2,3500,Diesel,62.76,122834.0
10895,V010896,Motorbike,0,50,Petrol,70.51,166834.0
10896,V010897,Light Truck,4,3500,Diesel,94.47,25906.0
10897,V010898,Medium Truck,4,8000,Diesel,62.81,286322.0
10898,V010899,Medium Truck,14,8000,Diesel,80.82,1000.0
10899,V010900,Motorbike,2,50,Petrol,64.18,99629.0
10900,V010901,Light Truck,3,3500,Diesel,89.41,106146.0
10901,V010902,Medium Truck,4,8000,Diesel,78.2,88017.0
10902,V010903,Medium Truck,6,8000,Diesel,100.0,215532.0
10903,V010904,Light Truck,7,3500,Diesel,72.61,237198.0
10904,V010905,Van,11,1000,Petrol,89.04,272893.0
10905,V010906,Medium Truck,0,8000,Diesel,74.64,253149.0
10906,V010907,Light Truck,5,3500,Diesel,66.81,136900.0
10907,V010908,Van,2,1000,Petrol,71.66,165903.0
10908,V010909,Light Truck,13,3500,Diesel,84.41,323382.0
10909,V010910,Medium Truck,6,8000,Diesel,96.38,239215.0
10910,V010911,Van,6,1000,Petrol,85.49,173766.0
10911,V010912,Medium Truck,3,8000,Diesel,77.29,254120.0
10912,V010913,Light Truck,10,3500,Diesel,95.94,228333.0
10913,V010914,Medium Truck,14,8000,Diesel,83.97,247978.0
10914,V010915,Light Truck,3,3500,Diesel,78.1,112270.0
10915,V010916,Light Truck,9,3500,Diesel,99.9,130453.0
10916,V010917,Light Truck,7,3500,Diesel,83.18,113402.0
10917,V010918,Light Truck,2,3500,Diesel,88.78,137178.0
10918,V010919,Heavy Truck,1,20000,Diesel,67.82,227639.0
10919,V010920,Light Truck,6,3500,Diesel,87.26,224387.0
10920,V010921,Light Truck,9,3500,Diesel,68.94,163531.0
10921,V010922,Medium Truck,12,8000,Diesel,92.11,132121.0
10922,V010923,Van,5,1000,Petrol,62.17,297738.0
10923,V010924,Motorbike,6,50,Petrol,68.68,236273.0
10924,V010925,Medium Truck,3,8000,Diesel,97.53,189171.0
10925,V010926,Van,8,1000,Petrol,100.0,333235.0
10926,V010927,Light Truck,4,3500,Diesel,100.0,266970.0
10927,V010928,Light Truck,10,3500,Diesel,86.72,231651.0
10928,V010929,Van,12,1000,Petrol,66.88,35948.0
10929,V010930,Van,3,1000,Petrol,80.21,232860.0
10930,V010931,Medium Truck,7,8000,Diesel,97.51,174613.0
10931,V010932,Light Truck,9,3500,Diesel,80.46,101615.0
10932,V010933,Van,6,1000,Petrol,75.05,304571.0
10933,V010934,Van,9,1000,Petrol,65.52,33643.0
10934,V010935,Light Truck,7,3500,Diesel,100.0,70743.0
10935,V010936,Van,7,1000,Petrol,70.25,313399.0
10936,V010937,Van,9,1000,Petrol,66.01,68395.0
10937,V010938,Medium Truck,8,8000,Diesel,95.39,316902.0
10938,V010939,Medium Truck,5,8000,Diesel,85.49,210416.0
10939,V010940,Light Truck,10,3500,Diesel,74.64,325924.0
10940,V010941,Light Truck,6,3500,Diesel,82.44,132902.0
10941,V010942,Light Truck,2,3500,Diesel,51.39,268364.0
10942,V010943,Heavy Truck,2,20000,Diesel,100.0,104933.0
10943,V010944,Medium Truck,13,8000,Diesel,65.43,172962.0
10944,V010945,Van,5,1000,Petrol,91.47,196172.0
10945,V010946,Light Truck,11,3500,Diesel,78.38,254886.0
10946,V010947,Medium Truck,7,8000,Diesel,100.0,60238.0
10947,V010948,Light Truck,9,3500,Diesel,57.75,155911.0
10948,V010949,Medium Truck,6,8000,Diesel,81.99,206464.0
10949,V010950,Van,9,1000,Petrol,81.3,164419.0
10950,V010951,Medium Truck,14,8000,Diesel,75.25,186137.0
10951,V010952,Van,12,1000,Petrol,70.68,287371.0
10952,V010953,Van,12,1000,Petrol,94.31,84464.0
10953,V010954,Medium Truck,10,8000,Diesel,100.0,309437.0
10954,V010955,Van,6,1000,Petrol,75.37,43459.0
10955,V010956,Van,4,1000,Petrol,54.56,1000.0
10956,V010957,Medium Truck,9,8000,Diesel,93.59,183980.0
10957,V010958,Van,12,1000,Petrol,79.45,142480.0
10958,V010959,Medium Truck,1,8000,Diesel,73.57,40148.0
10959,V010960,Heavy Truck,6,20000,Diesel,95.0,156744.0
10960,V010961,Medium Truck,14,8000,Diesel,83.53,61197.0
10961,V010962,Light Truck,2,3500,Diesel,86.01,147105.0
10962,V010963,Light Truck,8,3500,Diesel,97.13,216880.0
10963,V010964,Van,13,1000,Petrol,89.41,95817.0
10964,V010965,Motorbike,13,50,Petrol,86.02,191427.0
10965,V010966,Light Truck,8,3500,Diesel,100.0,56821.0
10966,V010967,Medium Truck,4,8000,Diesel,91.95,261303.0
10967,V010968,Van,5,1000,Petrol,81.74,196216.0
10968,V010969,Van,10,1000,Petrol,100.0,184339.0
10969,V010970,Heavy Truck,9,20000,Diesel,70.25,118193.0
10970,V010971,Medium Truck,10,8000,Diesel,91.33,160988.0
10971,V010972,Motorbike,8,50,Petrol,91.02,274606.0
10972,V010973,Light Truck,4,3500,Diesel,83.59,68645.0
10973,V010974,Van,13,1000,Petrol,83.43,257439.0
10974,V010975,Light Truck,5,3500,Diesel,74.76,177417.0
10975,V010976,Van,4,1000,Petrol,96.58,78844.0
10976,V010977,Medium Truck,1,8000,Diesel,89.46,163259.0
10977,V010978,Heavy Truck,4,20000,Diesel,63.95,168960.0
10978,V010979,Medium Truck,0,8000,Diesel,84.91,265679.0
10979,V010980,Van,9,1000,Petrol,67.24,94257.0
10980,V010981,Heavy Truck,3,20000,Diesel,66.72,1000.0
10981,V010982,Light Truck,8,3500,Diesel,83.64,22029.0
10982,V010983,Light Truck,14,3500,Diesel,100.0,36570.0
10983,V010984,Van,4,1000,Petrol,79.94,258994.0
10984,V010985,Medium Truck,2,8000,Diesel,77.85,236501.0
10985,V010986,Light Truck,4,3500,Diesel,75.95,120246.0
10986,V010987,Van,11,1000,Petrol,47.26,44621.0
10987,V010988,Van,6,1000,Petrol,84.97,378514.0
10988,V010989,Heavy Truck,6,20000,Diesel,98.56,267995.0
10989,V010990,Van,2,1000,Petrol,81.93,87179.0
10990,V010991,Heavy Truck,9,20000,Diesel,68.92,168571.0
10991,V010992,Motorbike,9,50,Petrol,96.01,129989.0
10992,V010993,Van,5,1000,Petrol,79.6,112572.0
10993,V010994,Light Truck,4,3500,Diesel,86.76,102632.0
10994,V010995,Light Truck,7,3500,Diesel,96.54,125682.0
10995,V010996,Medium Truck,2,8000,Diesel,79.73,35072.0
10996,V010997,Van,1,1000,Petrol,79.54,132738.0
10997,V010998,Van,0,1000,Petrol,100.0,65866.0
10998,V010999,Light Truck,3,3500,Diesel,82.68,90733.0
10999,V011000,Heavy Truck,13,20000,Diesel,88.61,55273.0
11000,V011001,Light Truck,11,3500,Diesel,85.77,146807.0
11001,V011002,Heavy Truck,4,20000,Diesel,70.89,109407.0
11002,V011003,Light Truck,10,3500,Diesel,72.41,63935.0
11003,V011004,Medium Truck,14,8000,Diesel,65.13,296215.0
11004,V011005,Medium Truck,0,8000,Diesel,77.18,200193.0
11005,V011006,Motorbike,4,50,Petrol,92.12,127268.0
11006,V011007,Van,9,1000,Petrol,77.65,174912.0
11007,V011008,Van,3,1000,Petrol,76.71,265927.0
11008,V011009,Light Truck,9,3500,Diesel,90.13,183840.0
11009,V011010,Motorbike,12,50,Petrol,65.18,240982.0
11010,V011011,Medium Truck,13,8000,Diesel,64.03,113999.0
11011,V011012,Van,1,1000,Petrol,66.24,76546.0
11012,V011013,Heavy Truck,5,20000,Diesel,88.68,11066.0
11013,V011014,Van,11,1000,Petrol,71.47,92586.0
11014,V011015,Medium Truck,11,8000,Diesel,68.07,240167.0
11015,V011016,Light Truck,1,3500,Diesel,67.29,291427.0
11016,V011017,Van,3,1000,Petrol,98.91,337608.0
11017,V011018,Heavy Truck,3,20000,Diesel,80.92,169995.0
11018,V011019,Light Truck,0,3500,Diesel,56.62,265150.0
11019,V011020,Van,10,1000,Petrol,75.49,199464.0
11020,V011021,Van,2,1000,Petrol,80.98,169424.0
11021,V011022,Van,3,1000,Petrol,100.0,42898.0
11022,V011023,Van,1,1000,Petrol,73.81,189742.0
11023,V011024,Light Truck,12,3500,Diesel,75.85,144831.0
11024,V011025,Light Truck,0,3500,Diesel,65.2,10206.0
11025,V011026,Light Truck,6,3500,Diesel,92.04,17356.0
11026,V011027,Light Truck,12,3500,Diesel,84.37,140215.0
11027,V011028,Van,1,1000,Petrol,86.33,224767.0
11028,V011029,Heavy Truck,5,20000,Diesel,76.46,197168.0
11029,V011030,Van,11,1000,Petrol,88.95,135163.0
11030,V011031,Medium Truck,11,8000,Diesel,92.24,152645.0
11031,V011032,Light Truck,3,3500,Diesel,64.85,172314.0
11032,V011033,Van,2,1000,Petrol,86.0,19658.0
11033,V011034,Van,4,1000,Petrol,84.4,152294.0
11034,V011035,Motorbike,12,50,Petrol,69.72,215964.0
11035,V011036,Van,11,1000,Petrol,78.85,247402.0
11036,V011037,Medium Truck,6,8000,Diesel,67.21,193486.0
11037,V011038,Heavy Truck,10,20000,Diesel,62.48,202846.0
11038,V011039,Light Truck,11,3500,Diesel,83.92,293305.0
11039,V011040,Light Truck,0,3500,Diesel,92.45,316121.0
11040,V011041,Light Truck,7,3500,Diesel,63.68,211591.0
11041,V011042,Medium Truck,3,8000,Diesel,95.44,61996.0
11042,V011043,Light Truck,3,3500,Diesel,77.98,75101.0
11043,V011044,Van,2,1000,Petrol,68.33,276843.0
11044,V011045,Light Truck,0,3500,Diesel,89.58,176798.0
11045,V011046,Van,0,1000,Petrol,78.85,334330.0
11046,V011047,Van,6,1000,Petrol,74.13,188049.0
11047,V011048,Light Truck,1,3500,Diesel,81.72,61163.0
11048,V011049,Van,8,1000,Petrol,75.26,132672.0
11049,V011050,Van,0,1000,Petrol,78.26,111327.0
11050,V011051,Medium Truck,7,8000,Diesel,70.84,141744.0
11051,V011052,Medium Truck,3,8000,Diesel,83.02,81674.0
11052,V011053,Van,12,1000,Petrol,89.63,67958.0
11053,V011054,Light Truck,1,3500,Diesel,100.0,229795.0
11054,V011055,Heavy Truck,14,20000,Diesel,94.97,178548.0
11055,V011056,Medium Truck,11,8000,Diesel,91.09,294585.0
11056,V011057,Van,9,1000,Petrol,59.4,136410.0
11057,V011058,Van,2,1000,Petrol,72.75,88845.0
11058,V011059,Medium Truck,8,8000,Diesel,83.2,206339.0
11059,V011060,Medium Truck,7,8000,Diesel,66.66,116833.0
11060,V011061,Van,6,1000,Petrol,68.24,203159.0
11061,V011062,Van,13,1000,Petrol,65.0,56385.0
11062,V011063,Van,9,1000,Petrol,82.85,93028.0
11063,V011064,Van,11,1000,Petrol,92.29,242395.0
11064,V011065,Light Truck,9,3500,Diesel,83.83,285169.0
11065,V011066,Van,12,1000,Petrol,71.13,352774.0
11066,V011067,Van,8,1000,Petrol,74.25,1000.0
11067,V011068,Light Truck,9,3500,Diesel,88.48,371318.0
11068,V011069,Heavy Truck,10,20000,Diesel,77.45,261954.0
11069,V011070,Light Truck,2,3500,Diesel,100.0,259576.0
11070,V011071,Medium Truck,13,8000,Diesel,75.12,269546.0
11071,V011072,Van,7,1000,Petrol,65.09,141173.0
11072,V011073,Motorbike,5,50,Petrol,78.82,109369.0
11073,V011074,Van,2,1000,Petrol,89.94,38098.0
11074,V011075,Van,4,1000,Petrol,85.86,308882.0
11075,V011076,Motorbike,13,50,Petrol,95.08,1000.0
11076,V011077,Van,3,1000,Petrol,89.19,250245.0
11077,V011078,Light Truck,9,3500,Diesel,100.0,180794.0
11078,V011079,Van,6,1000,Petrol,85.91,272177.0
11079,V011080,Van,5,1000,Petrol,50.82,186270.0
11080,V011081,Heavy Truck,9,20000,Diesel,82.78,186062.0
11081,V011082,Van,0,1000,Petrol,82.98,204582.0
11082,V011083,Medium Truck,2,8000,Diesel,85.8,54710.0
11083,V011084,Light Truck,5,3500,Diesel,77.01,278677.0
11084,V011085,Light Truck,3,3500,Diesel,83.29,149061.0
11085,V011086,Medium Truck,9,8000,Diesel,94.28,113713.0
11086,V011087,Light Truck,1,3500,Diesel,75.82,176821.0
11087,V011088,Medium Truck,10,8000,Diesel,71.41,264685.0
11088,V011089,Light Truck,10,3500,Diesel,76.82,141420.0
11089,V011090,Light Truck,5,3500,Diesel,74.04,197112.0
11090,V011091,Light Truck,12,3500,Diesel,79.93,183946.0
11091,V011092,Medium Truck,2,8000,Diesel,79.04,228583.0
11092,V011093,Light Truck,7,3500,Diesel,100.0,130175.0
11093,V011094,Medium Truck,1,8000,Diesel,86.22,84569.0
11094,V011095,Heavy Truck,12,20000,Diesel,90.67,113887.0
11095,V011096,Light Truck,3,3500,Diesel,78.94,181873.0
11096,V011097,Medium Truck,9,8000,Diesel,100.0,1000.0
11097,V011098,Van,12,1000,Petrol,80.68,86263.0
11098,V011099,Medium Truck,14,8000,Diesel,92.91,48245.0
11099,V011100,Heavy Truck,10,20000,Diesel,88.51,15462.0
11100,V011101,Medium Truck,8,8000,Diesel,89.7,244834.0
11101,V011102,Light Truck,10,3500,Diesel,76.45,157043.0
11102,V011103,Light Truck,6,3500,Diesel,78.18,130196.0
11103,V011104,Van,14,1000,Petrol,80.4,207237.0
11104,V011105,Van,8,1000,Petrol,82.37,124829.0
11105,V011106,Medium Truck,7,8000,Diesel,82.56,64429.0
11106,V011107,Medium Truck,0,8000,Diesel,55.63,154634.0
11107,V011108,Van,4,1000,Petrol,75.87,216093.0
11108,V011109,Medium Truck,1,8000,Diesel,79.31,110386.0
11109,V011110,Medium Truck,9,8000,Diesel,66.37,223611.0
11110,V011111,Light Truck,2,3500,Diesel,92.68,301863.0
11111,V011112,Medium Truck,7,8000,Diesel,84.35,364587.0
11112,V011113,Medium Truck,7,8000,Diesel,66.63,371791.0
11113,V011114,Light Truck,9,3500,Diesel,77.47,170504.0
11114,V011115,Heavy Truck,0,20000,Diesel,81.82,165117.0
11115,V011116,Medium Truck,8,8000,Diesel,71.67,185373.0
11116,V011117,Medium Truck,7,8000,Diesel,92.89,195269.0
11117,V011118,Van,0,1000,Petrol,76.58,326268.0
11118,V011119,Light Truck,1,3500,Diesel,77.61,232004.0
11119,V011120,Van,8,1000,Petrol,74.56,211896.0
11120,V011121,Light Truck,11,3500,Diesel,71.61,198015.0
11121,V011122,Heavy Truck,13,20000,Diesel,61.04,67005.0
11122,V011123,Light Truck,6,3500,Diesel,71.83,195280.0
11123,V011124,Medium Truck,10,8000,Diesel,64.9,251909.0
11124,V011125,Van,3,1000,Petrol,80.23,81793.0
11125,V011126,Medium Truck,10,8000,Diesel,74.41,169280.0
11126,V011127,Medium Truck,7,8000,Diesel,100.0,336431.0
11127,V011128,Light Truck,14,3500,Diesel,73.73,25447.0
11128,V011129,Light Truck,4,3500,Diesel,100.0,163571.0
11129,V011130,Van,12,1000,Petrol,80.51,139071.0
11130,V011131,Heavy Truck,3,20000,Diesel,70.6,59036.0
11131,V011132,Heavy Truck,9,20000,Diesel,54.08,281217.0
11132,V011133,Van,10,1000,Petrol,73.33,4737.0
11133,V011134,Van,14,1000,Petrol,100.0,104170.0
11134,V011135,Light Truck,9,3500,Diesel,88.95,140300.0
11135,V011136,Light Truck,10,3500,Diesel,73.16,311511.0
11136,V011137,Light Truck,9,3500,Diesel,84.46,368176.0
11137,V011138,Medium Truck,7,8000,Diesel,92.04,91307.0
11138,V011139,Motorbike,0,50,Petrol,100.0,235983.0
11139,V011140,Medium Truck,6,8000,Diesel,78.15,260202.0
11140,V011141,Light Truck,2,3500,Diesel,96.03,248527.0
11141,V011142,Medium Truck,3,8000,Diesel,73.86,145508.0
11142,V011143,Heavy Truck,14,20000,Diesel,62.01,262170.0
11143,V011144,Light Truck,7,3500,Diesel,100.0,226733.0
11144,V011145,Light Truck,13,3500,Diesel,69.62,188939.0
11145,V011146,Light Truck,3,3500,Diesel,72.95,282825.0
11146,V011147,Motorbike,1,50,Petrol,69.94,287199.0
11147,V011148,Medium Truck,13,8000,Diesel,98.43,252928.0
11148,V011149,Van,0,1000,Petrol,78.12,108226.0
11149,V011150,Light Truck,7,3500,Diesel,96.02,41843.0
11150,V011151,Medium Truck,6,8000,Diesel,90.1,106887.0
11151,V011152,Van,4,1000,Petrol,100.0,75440.0
11152,V011153,Medium Truck,6,8000,Diesel,91.27,279138.0
11153,V011154,Van,9,1000,Petrol,90.31,266692.0
11154,V011155,Medium Truck,11,8000,Diesel,78.39,204005.0
11155,V011156,Heavy Truck,11,20000,Diesel,86.39,110017.0
11156,V011157,Light Truck,11,3500,Diesel,94.62,216588.0
11157,V011158,Medium Truck,4,8000,Diesel,70.96,153315.0
11158,V011159,Van,11,1000,Petrol,88.9,182806.0
11159,V011160,Medium Truck,4,8000,Diesel,71.54,1000.0
11160,V011161,Light Truck,9,3500,Diesel,94.17,91236.0
11161,V011162,Medium Truck,7,8000,Diesel,75.88,230850.0
11162,V011163,Medium Truck,9,8000,Diesel,60.74,338279.0
11163,V011164,Van,3,1000,Petrol,76.65,194581.0
11164,V011165,Van,8,1000,Petrol,82.36,63573.0
11165,V011166,Heavy Truck,4,20000,Diesel,78.99,84701.0
11166,V011167,Motorbike,14,50,Petrol,88.12,202663.0
11167,V011168,Medium Truck,9,8000,Diesel,62.32,251129.0
11168,V011169,Van,6,1000,Petrol,82.7,134379.0
11169,V011170,Light Truck,7,3500,Diesel,96.28,113748.0
11170,V011171,Van,10,1000,Petrol,71.86,204606.0
11171,V011172,Motorbike,3,50,Petrol,84.16,254410.0
11172,V011173,Van,8,1000,Petrol,76.7,102889.0
11173,V011174,Heavy Truck,6,20000,Diesel,70.78,194020.0
11174,V011175,Medium Truck,9,8000,Diesel,68.89,266273.0
11175,V011176,Light Truck,6,3500,Diesel,93.98,239255.0
11176,V011177,Medium Truck,1,8000,Diesel,85.04,176786.0
11177,V011178,Light Truck,14,3500,Diesel,96.8,170825.0
11178,V011179,Medium Truck,11,8000,Diesel,95.93,90420.0
11179,V011180,Van,9,1000,Petrol,74.38,250799.0
11180,V011181,Van,2,1000,Petrol,100.0,206376.0
11181,V011182,Van,6,1000,Petrol,63.73,174101.0
11182,V011183,Light Truck,6,3500,Diesel,74.07,200724.0
11183,V011184,Van,10,1000,Petrol,82.5,106420.0
11184,V011185,Van,2,1000,Petrol,76.68,6211.0
11185,V011186,Light Truck,0,3500,Diesel,81.6,226066.0
11186,V011187,Motorbike,4,50,Petrol,68.53,148125.0
11187,V011188,Light Truck,14,3500,Diesel,84.16,3621.0
11188,V011189,Van,11,1000,Petrol,73.53,147827.0
11189,V011190,Heavy Truck,3,20000,Diesel,59.93,1000.0
11190,V011191,Van,14,1000,Petrol,82.24,360727.0
11191,V011192,Motorbike,3,50,Petrol,70.36,247488.0
11192,V011193,Light Truck,9,3500,Diesel,84.79,148099.0
11193,V011194,Van,10,1000,Petrol,83.34,85175.0
11194,V011195,Medium Truck,10,8000,Diesel,78.73,5043.0
11195,V011196,Motorbike,7,50,Petrol,56.11,193732.0
11196,V011197,Light Truck,6,3500,Diesel,76.12,112472.0
11197,V011198,Medium Truck,4,8000,Diesel,88.96,259659.0
11198,V011199,Light Truck,8,3500,Diesel,85.66,166471.0
11199,V011200,Light Truck,3,3500,Diesel,85.32,111258.0
11200,V011201,Medium Truck,1,8000,Diesel,69.0,43855.0
11201,V011202,Heavy Truck,13,20000,Diesel,68.82,30894.0
11202,V011203,Van,7,1000,Petrol,63.18,101804.0
11203,V011204,Van,10,1000,Petrol,46.08,168358.0
11204,V011205,Medium Truck,2,8000,Diesel,84.98,199663.0
11205,V011206,Heavy Truck,9,20000,Diesel,77.36,252725.0
11206,V011207,Motorbike,11,50,Petrol,96.42,195522.0
11207,V011208,Heavy Truck,11,20000,Diesel,66.84,182881.0
11208,V011209,Medium Truck,7,8000,Diesel,83.89,36899.0
11209,V011210,Medium Truck,4,8000,Diesel,96.73,216251.0
11210,V011211,Light Truck,7,3500,Diesel,86.06,5580.0
11211,V011212,Van,6,1000,Petrol,96.82,254817.0
11212,V011213,Van,12,1000,Petrol,65.49,224998.0
11213,V011214,Van,11,1000,Petrol,67.18,139787.0
11214,V011215,Light Truck,0,3500,Diesel,86.56,302457.0
11215,V011216,Van,1,1000,Petrol,75.25,65947.0
11216,V011217,Van,6,1000,Petrol,90.13,71144.0
11217,V011218,Light Truck,4,3500,Diesel,81.26,137632.0
11218,V011219,Motorbike,6,50,Petrol,82.3,60498.0
11219,V011220,Medium Truck,2,8000,Diesel,67.98,265896.0
11220,V011221,Light Truck,3,3500,Diesel,89.2,31455.0
11221,V011222,Medium Truck,3,8000,Diesel,64.48,232751.0
11222,V011223,Light Truck,7,3500,Diesel,83.16,148964.0
11223,V011224,Medium Truck,8,8000,Diesel,74.83,10964.0
11224,V011225,Medium Truck,5,8000,Diesel,100.0,160542.0
11225,V011226,Light Truck,8,3500,Diesel,72.74,25866.0
11226,V011227,Medium Truck,13,8000,Diesel,85.24,136586.0
11227,V011228,Van,8,1000,Petrol,72.88,314991.0
11228,V011229,Van,12,1000,Petrol,79.62,235110.0
11229,V011230,Light Truck,9,3500,Diesel,76.19,130935.0
11230,V011231,Light Truck,5,3500,Diesel,91.32,244345.0
11231,V011232,Van,7,1000,Petrol,80.68,82193.0
11232,V011233,Medium Truck,8,8000,Diesel,75.77,215517.0
11233,V011234,Medium Truck,3,8000,Diesel,76.87,494828.0
11234,V011235,Van,3,1000,Petrol,95.55,214726.0
11235,V011236,Heavy Truck,11,20000,Diesel,96.37,17957.0
11236,V011237,Van,9,1000,Petrol,91.05,274618.0
11237,V011238,Motorbike,1,50,Petrol,60.22,180624.0
11238,V011239,Van,7,1000,Petrol,70.28,190511.0
11239,V011240,Motorbike,6,50,Petrol,85.36,321350.0
11240,V011241,Light Truck,12,3500,Diesel,100.0,228288.0
11241,V011242,Medium Truck,14,8000,Diesel,74.02,157280.0
11242,V011243,Light Truck,1,3500,Diesel,82.09,5605.0
11243,V011244,Light Truck,9,3500,Diesel,84.3,212383.0
11244,V011245,Heavy Truck,6,20000,Diesel,62.52,1000.0
11245,V011246,Van,9,1000,Petrol,58.88,293874.0
11246,V011247,Van,5,1000,Petrol,81.92,114084.0
11247,V011248,Light Truck,8,3500,Diesel,67.07,49783.0
11248,V011249,Van,14,1000,Petrol,77.86,2537.0
11249,V011250,Medium Truck,6,8000,Diesel,90.51,35343.0
11250,V011251,Heavy Truck,2,20000,Diesel,64.5,140636.0
11251,V011252,Medium Truck,11,8000,Diesel,67.66,275760.0
11252,V011253,Medium Truck,7,8000,Diesel,67.28,205282.0
11253,V011254,Light Truck,1,3500,Diesel,86.33,98149.0
11254,V011255,Van,4,1000,Petrol,90.27,161956.0
11255,V011256,Van,7,1000,Petrol,53.75,194682.0
11256,V011257,Motorbike,14,50,Petrol,72.77,253284.0
11257,V011258,Van,5,1000,Petrol,76.72,192446.0
11258,V011259,Heavy Truck,10,20000,Diesel,79.36,160723.0
11259,V011260,Van,4,1000,Petrol,62.93,212609.0
11260,V011261,Light Truck,5,3500,Diesel,84.6,168593.0
11261,V011262,Van,14,1000,Petrol,96.02,5844.0
11262,V011263,Light Truck,1,3500,Diesel,89.49,217891.0
11263,V011264,Van,10,1000,Petrol,76.5,202236.0
11264,V011265,Van,10,1000,Petrol,100.0,137207.0
11265,V011266,Motorbike,3,50,Petrol,72.42,214824.0
11266,V011267,Medium Truck,11,8000,Diesel,94.47,144116.0
11267,V011268,Medium Truck,1,8000,Diesel,66.69,280816.0
11268,V011269,Medium Truck,5,8000,Diesel,80.74,68309.0
11269,V011270,Medium Truck,8,8000,Diesel,86.01,54455.0
11270,V011271,Medium Truck,0,8000,Diesel,95.52,255771.0
11271,V011272,Light Truck,11,3500,Diesel,59.73,176820.0
11272,V011273,Medium Truck,3,8000,Diesel,90.17,72254.0
11273,V011274,Van,9,1000,Petrol,79.38,171876.0
11274,V011275,Light Truck,2,3500,Diesel,72.51,259047.0
11275,V011276,Heavy Truck,11,20000,Diesel,88.55,145927.0
11276,V011277,Light Truck,6,3500,Diesel,93.74,175439.0
11277,V011278,Van,13,1000,Petrol,100.0,208356.0
11278,V011279,Light Truck,11,3500,Diesel,92.14,183463.0
11279,V011280,Van,8,1000,Petrol,91.51,195986.0
11280,V011281,Van,13,1000,Petrol,90.57,142656.0
11281,V011282,Light Truck,7,3500,Diesel,58.51,345025.0
11282,V011283,Van,6,1000,Petrol,68.55,181763.0
11283,V011284,Medium Truck,12,8000,Diesel,77.34,100896.0
11284,V011285,Medium Truck,1,8000,Diesel,89.8,280642.0
11285,V011286,Van,10,1000,Petrol,71.45,68759.0
11286,V011287,Light Truck,6,3500,Diesel,86.87,230958.0
11287,V011288,Medium Truck,2,8000,Diesel,95.68,1000.0
11288,V011289,Van,14,1000,Petrol,73.72,164938.0
11289,V011290,Medium Truck,9,8000,Diesel,87.88,108577.0
11290,V011291,Van,9,1000,Petrol,77.28,275519.0
11291,V011292,Van,2,1000,Petrol,81.99,20089.0
11292,V011293,Van,13,1000,Petrol,82.01,4730.0
11293,V011294,Heavy Truck,7,20000,Diesel,94.52,20787.0
11294,V011295,Light Truck,13,3500,Diesel,91.18,157711.0
11295,V011296,Light Truck,0,3500,Diesel,89.02,256663.0
11296,V011297,Van,8,1000,Petrol,65.24,164052.0
11297,V011298,Medium Truck,12,8000,Diesel,75.8,443737.0
11298,V011299,Medium Truck,3,8000,Diesel,70.67,262093.0
11299,V011300,Light Truck,6,3500,Diesel,73.0,224648.0
11300,V011301,Light Truck,0,3500,Diesel,87.17,228537.0
11301,V011302,Van,13,1000,Petrol,75.34,168142.0
11302,V011303,Motorbike,2,50,Petrol,73.66,143692.0
11303,V011304,Van,5,1000,Petrol,66.56,295241.0
11304,V011305,Medium Truck,8,8000,Diesel,92.29,191873.0
11305,V011306,Van,8,1000,Petrol,69.33,226949.0
11306,V011307,Van,3,1000,Petrol,87.21,247486.0
11307,V011308,Van,4,1000,Petrol,100.0,188698.0
11308,V011309,Light Truck,9,3500,Diesel,88.49,174521.0
11309,V011310,Medium Truck,2,8000,Diesel,100.0,125716.0
11310,V011311,Medium Truck,12,8000,Diesel,55.75,109683.0
11311,V011312,Light Truck,14,3500,Diesel,66.18,145268.0
11312,V011313,Van,5,1000,Petrol,83.96,162860.0
11313,V011314,Van,11,1000,Petrol,69.77,151205.0
11314,V011315,Van,8,1000,Petrol,85.93,144473.0
11315,V011316,Medium Truck,5,8000,Diesel,53.77,142655.0
11316,V011317,Van,4,1000,Petrol,87.11,94662.0
11317,V011318,Van,12,1000,Petrol,83.1,229352.0
11318,V011319,Van,10,1000,Petrol,75.42,189973.0
11319,V011320,Light Truck,3,3500,Diesel,59.43,124789.0
11320,V011321,Medium Truck,5,8000,Diesel,97.17,295368.0
11321,V011322,Medium Truck,8,8000,Diesel,100.0,295236.0
11322,V011323,Heavy Truck,9,20000,Diesel,77.35,227614.0
11323,V011324,Van,5,1000,Petrol,89.77,183462.0
11324,V011325,Van,2,1000,Petrol,91.95,330577.0
11325,V011326,Van,10,1000,Petrol,87.42,75567.0
11326,V011327,Van,6,1000,Petrol,83.59,211045.0
11327,V011328,Medium Truck,10,8000,Diesel,54.11,239299.0
11328,V011329,Medium Truck,13,8000,Diesel,100.0,191389.0
11329,V011330,Light Truck,5,3500,Diesel,81.79,243871.0
11330,V011331,Light Truck,10,3500,Diesel,77.32,421366.0
11331,V011332,Van,2,1000,Petrol,86.44,139103.0
11332,V011333,Light Truck,13,3500,Diesel,98.39,291880.0
11333,V011334,Van,4,1000,Petrol,67.57,265998.0
11334,V011335,Heavy Truck,3,20000,Diesel,94.18,216414.0
11335,V011336,Medium Truck,11,8000,Diesel,80.58,130881.0
11336,V011337,Van,14,1000,Petrol,89.96,268841.0
11337,V011338,Light Truck,4,3500,Diesel,89.14,328995.0
11338,V011339,Heavy Truck,14,20000,Diesel,73.22,131974.0
11339,V011340,Van,2,1000,Petrol,79.31,314499.0
11340,V011341,Van,14,1000,Petrol,86.94,208324.0
11341,V011342,Light Truck,11,3500,Diesel,75.24,139469.0
11342,V011343,Light Truck,0,3500,Diesel,73.34,295424.0
11343,V011344,Light Truck,8,3500,Diesel,69.06,70928.0
11344,V011345,Medium Truck,14,8000,Diesel,85.74,83959.0
11345,V011346,Van,6,1000,Petrol,70.67,253177.0
11346,V011347,Van,11,1000,Petrol,67.77,260010.0
11347,V011348,Van,13,1000,Petrol,94.58,102766.0
11348,V011349,Medium Truck,6,8000,Diesel,54.37,111075.0
11349,V011350,Van,0,1000,Petrol,82.3,216546.0
11350,V011351,Light Truck,7,3500,Diesel,96.11,304546.0
11351,V011352,Van,8,1000,Petrol,100.0,108637.0
11352,V011353,Van,14,1000,Petrol,87.57,119937.0
11353,V011354,Medium Truck,8,8000,Diesel,79.45,274452.0
11354,V011355,Heavy Truck,13,20000,Diesel,84.77,198358.0
11355,V011356,Light Truck,5,3500,Diesel,78.09,54990.0
11356,V011357,Medium Truck,4,8000,Diesel,98.11,133822.0
11357,V011358,Light Truck,13,3500,Diesel,81.52,172093.0
11358,V011359,Light Truck,13,3500,Diesel,88.05,269466.0
11359,V011360,Medium Truck,12,8000,Diesel,79.91,1000.0
11360,V011361,Van,9,1000,Petrol,86.84,275588.0
11361,V011362,Heavy Truck,5,20000,Diesel,79.4,292861.0
11362,V011363,Medium Truck,7,8000,Diesel,77.42,295314.0
11363,V011364,Motorbike,11,50,Petrol,87.8,337503.0
11364,V011365,Medium Truck,7,8000,Diesel,82.54,1000.0
11365,V011366,Medium Truck,6,8000,Diesel,69.56,202665.0
11366,V011367,Light Truck,5,3500,Diesel,100.0,260632.0
11367,V011368,Light Truck,7,3500,Diesel,68.85,137652.0
11368,V011369,Light Truck,1,3500,Diesel,98.17,206996.0
11369,V011370,Motorbike,3,50,Petrol,60.19,165506.0
11370,V011371,Medium Truck,8,8000,Diesel,89.27,260640.0
11371,V011372,Light Truck,6,3500,Diesel,89.54,181279.0
11372,V011373,Light Truck,14,3500,Diesel,100.0,232961.0
11373,V011374,Heavy Truck,12,20000,Diesel,79.72,145754.0
11374,V011375,Light Truck,8,3500,Diesel,84.42,175286.0
11375,V011376,Light Truck,14,3500,Diesel,93.74,1000.0
11376,V011377,Van,13,1000,Petrol,57.99,310245.0
11377,V011378,Medium Truck,1,8000,Diesel,79.76,192853.0
11378,V011379,Van,1,1000,Petrol,63.52,132026.0
11379,V011380,Light Truck,8,3500,Diesel,70.21,183501.0
11380,V011381,Van,12,1000,Petrol,82.44,368058.0
11381,V011382,Light Truck,2,3500,Diesel,64.17,236535.0
11382,V011383,Medium Truck,14,8000,Diesel,85.55,85421.0
11383,V011384,Light Truck,3,3500,Diesel,66.61,26242.0
11384,V011385,Light Truck,0,3500,Diesel,97.73,81931.0
11385,V011386,Van,3,1000,Petrol,89.13,245199.0
11386,V011387,Heavy Truck,5,20000,Diesel,85.97,241696.0
11387,V011388,Light Truck,3,3500,Diesel,100.0,109775.0
11388,V011389,Heavy Truck,2,20000,Diesel,88.96,187184.0
11389,V011390,Light Truck,13,3500,Diesel,79.93,161968.0
11390,V011391,Light Truck,12,3500,Diesel,78.54,80648.0
11391,V011392,Light Truck,1,3500,Diesel,91.44,160461.0
11392,V011393,Van,11,1000,Petrol,81.73,224129.0
11393,V011394,Van,3,1000,Petrol,80.54,67374.0
11394,V011395,Medium Truck,3,8000,Diesel,95.32,194095.0
11395,V011396,Medium Truck,11,8000,Diesel,79.94,234382.0
11396,V011397,Light Truck,6,3500,Diesel,74.72,227834.0
11397,V011398,Medium Truck,4,8000,Diesel,70.98,71454.0
11398,V011399,Medium Truck,6,8000,Diesel,76.04,122812.0
11399,V011400,Heavy Truck,3,20000,Diesel,100.0,252159.0
11400,V011401,Heavy Truck,13,20000,Diesel,81.29,68511.0
11401,V011402,Van,9,1000,Petrol,72.3,86384.0
11402,V011403,Medium Truck,9,8000,Diesel,88.95,217686.0
11403,V011404,Van,2,1000,Petrol,67.17,143149.0
11404,V011405,Van,13,1000,Petrol,76.92,277359.0
11405,V011406,Van,7,1000,Petrol,87.54,195157.0
11406,V011407,Medium Truck,5,8000,Diesel,73.42,81927.0
11407,V011408,Van,3,1000,Petrol,81.9,159308.0
11408,V011409,Van,3,1000,Petrol,77.5,326209.0
11409,V011410,Van,12,1000,Petrol,96.95,232865.0
11410,V011411,Heavy Truck,6,20000,Diesel,96.2,15955.0
11411,V011412,Heavy Truck,5,20000,Diesel,93.92,314999.0
11412,V011413,Medium Truck,12,8000,Diesel,91.64,237906.0
11413,V011414,Heavy Truck,12,20000,Diesel,67.65,263579.0
11414,V011415,Light Truck,5,3500,Diesel,88.77,251826.0
11415,V011416,Light Truck,1,3500,Diesel,89.71,112962.0
11416,V011417,Van,1,1000,Petrol,87.58,157679.0
11417,V011418,Medium Truck,12,8000,Diesel,74.65,233160.0
11418,V011419,Light Truck,1,3500,Diesel,85.22,291744.0
11419,V011420,Motorbike,13,50,Petrol,97.42,192178.0
11420,V011421,Light Truck,14,3500,Diesel,54.72,167835.0
11421,V011422,Medium Truck,11,8000,Diesel,81.73,348563.0
11422,V011423,Light Truck,5,3500,Diesel,80.7,95536.0
11423,V011424,Van,11,1000,Petrol,61.41,347476.0
11424,V011425,Medium Truck,0,8000,Diesel,97.37,131401.0
11425,V011426,Medium Truck,2,8000,Diesel,72.27,97932.0
11426,V011427,Medium Truck,5,8000,Diesel,87.87,182606.0
11427,V011428,Van,5,1000,Petrol,78.79,182428.0
11428,V011429,Van,6,1000,Petrol,100.0,223771.0
11429,V011430,Heavy Truck,4,20000,Diesel,90.52,142907.0
11430,V011431,Heavy Truck,6,20000,Diesel,78.96,48827.0
11431,V011432,Light Truck,0,3500,Diesel,83.36,291055.0
11432,V011433,Van,3,1000,Petrol,80.06,84903.0
11433,V011434,Medium Truck,3,8000,Diesel,95.76,154708.0
11434,V011435,Heavy Truck,0,20000,Diesel,91.38,1000.0
11435,V011436,Van,13,1000,Petrol,63.1,79100.0
11436,V011437,Heavy Truck,7,20000,Diesel,63.37,148248.0
11437,V011438,Light Truck,7,3500,Diesel,67.39,143123.0
11438,V011439,Van,4,1000,Petrol,100.0,259591.0
11439,V011440,Medium Truck,3,8000,Diesel,87.0,389254.0
11440,V011441,Heavy Truck,1,20000,Diesel,95.2,66901.0
11441,V011442,Light Truck,3,3500,Diesel,77.26,227918.0
11442,V011443,Medium Truck,14,8000,Diesel,94.72,143521.0
11443,V011444,Light Truck,4,3500,Diesel,67.84,182827.0
11444,V011445,Van,2,1000,Petrol,84.29,182250.0
11445,V011446,Light Truck,4,3500,Diesel,89.0,285174.0
11446,V011447,Van,5,1000,Petrol,100.0,139453.0
11447,V011448,Light Truck,14,3500,Diesel,100.0,132600.0
11448,V011449,Light Truck,5,3500,Diesel,71.42,119424.0
11449,V011450,Medium Truck,0,8000,Diesel,56.56,197848.0
11450,V011451,Van,2,1000,Petrol,98.62,270644.0
11451,V011452,Van,13,1000,Petrol,54.82,347669.0
11452,V011453,Medium Truck,11,8000,Diesel,67.55,172346.0
11453,V011454,Medium Truck,4,8000,Diesel,75.73,157494.0
11454,V011455,Van,8,1000,Petrol,81.82,216839.0
11455,V011456,Light Truck,8,3500,Diesel,84.64,338121.0
11456,V011457,Van,12,1000,Petrol,79.08,190005.0
11457,V011458,Medium Truck,3,8000,Diesel,92.01,80697.0
11458,V011459,Medium Truck,11,8000,Diesel,95.69,231114.0
11459,V011460,Van,4,1000,Petrol,90.8,122355.0
11460,V011461,Light Truck,5,3500,Diesel,99.35,197203.0
11461,V011462,Heavy Truck,12,20000,Diesel,61.47,143336.0
11462,V011463,Heavy Truck,0,20000,Diesel,100.0,310571.0
11463,V011464,Motorbike,1,50,Petrol,66.5,162983.0
11464,V011465,Motorbike,11,50,Petrol,91.4,79538.0
11465,V011466,Van,3,1000,Petrol,75.76,192755.0
11466,V011467,Light Truck,8,3500,Diesel,87.63,215487.0
11467,V011468,Van,3,1000,Petrol,86.66,96773.0
11468,V011469,Light Truck,11,3500,Diesel,88.6,101312.0
11469,V011470,Light Truck,0,3500,Diesel,90.64,31043.0
11470,V011471,Van,12,1000,Petrol,78.29,93776.0
11471,V011472,Van,3,1000,Petrol,87.7,50797.0
11472,V011473,Medium Truck,11,8000,Diesel,86.85,224787.0
11473,V011474,Heavy Truck,7,20000,Diesel,92.19,163336.0
11474,V011475,Heavy Truck,4,20000,Diesel,94.54,234227.0
11475,V011476,Light Truck,10,3500,Diesel,91.74,233229.0
11476,V011477,Van,3,1000,Petrol,82.8,184516.0
11477,V011478,Heavy Truck,9,20000,Diesel,81.48,284111.0
11478,V011479,Van,8,1000,Petrol,77.64,102837.0
11479,V011480,Motorbike,3,50,Petrol,96.24,326056.0
11480,V011481,Van,14,1000,Petrol,76.45,133281.0
11481,V011482,Medium Truck,11,8000,Diesel,95.45,179919.0
11482,V011483,Heavy Truck,8,20000,Diesel,100.0,187108.0
11483,V011484,Medium Truck,2,8000,Diesel,67.83,80586.0
11484,V011485,Van,12,1000,Petrol,56.86,187856.0
11485,V011486,Medium Truck,3,8000,Diesel,100.0,98310.0
11486,V011487,Motorbike,3,50,Petrol,98.94,225496.0
11487,V011488,Heavy Truck,11,20000,Diesel,91.57,286590.0
11488,V011489,Light Truck,1,3500,Diesel,75.72,178744.0
11489,V011490,Medium Truck,8,8000,Diesel,69.25,215944.0
11490,V011491,Van,1,1000,Petrol,58.62,194943.0
11491,V011492,Medium Truck,14,8000,Diesel,63.18,240142.0
11492,V011493,Van,10,1000,Petrol,88.58,313444.0
11493,V011494,Van,1,1000,Petrol,74.32,151315.0
11494,V011495,Medium Truck,5,8000,Diesel,70.15,179746.0
11495,V011496,Motorbike,1,50,Petrol,80.02,75438.0
11496,V011497,Van,13,1000,Petrol,66.54,262684.0
11497,V011498,Light Truck,8,3500,Diesel,87.68,165391.0
11498,V011499,Van,11,1000,Petrol,71.95,319767.0
11499,V011500,Van,7,1000,Petrol,85.2,283899.0
11500,V011501,Heavy Truck,7,20000,Diesel,81.5,154983.0
11501,V011502,Medium Truck,9,8000,Diesel,85.5,178405.0
11502,V011503,Heavy Truck,3,20000,Diesel,96.53,234089.0
11503,V011504,Medium Truck,7,8000,Diesel,82.05,179051.0
11504,V011505,Light Truck,3,3500,Diesel,89.72,211285.0
11505,V011506,Medium Truck,13,8000,Diesel,90.56,100659.0
11506,V011507,Light Truck,12,3500,Diesel,99.43,136300.0
11507,V011508,Medium Truck,9,8000,Diesel,100.0,50349.0
11508,V011509,Medium Truck,9,8000,Diesel,79.47,251511.0
11509,V011510,Light Truck,13,3500,Diesel,87.52,205157.0
11510,V011511,Van,2,1000,Petrol,87.8,232495.0
11511,V011512,Van,1,1000,Petrol,89.58,178479.0
11512,V011513,Medium Truck,8,8000,Diesel,78.88,101323.0
11513,V011514,Van,3,1000,Petrol,71.88,107511.0
11514,V011515,Medium Truck,10,8000,Diesel,63.85,206361.0
11515,V011516,Van,7,1000,Petrol,91.25,134949.0
11516,V011517,Van,13,1000,Petrol,70.81,137184.0
11517,V011518,Van,11,1000,Petrol,100.0,111755.0
11518,V011519,Medium Truck,12,8000,Diesel,76.43,122575.0
11519,V011520,Medium Truck,10,8000,Diesel,76.38,220136.0
11520,V011521,Van,2,1000,Petrol,76.7,175969.0
11521,V011522,Van,7,1000,Petrol,65.77,24759.0
11522,V011523,Light Truck,1,3500,Diesel,94.46,122152.0
11523,V011524,Light Truck,2,3500,Diesel,56.89,185056.0
11524,V011525,Medium Truck,6,8000,Diesel,70.69,328755.0
11525,V011526,Motorbike,4,50,Petrol,82.13,258642.0
11526,V011527,Van,0,1000,Petrol,74.57,235300.0
11527,V011528,Van,0,1000,Petrol,77.6,144284.0
11528,V011529,Medium Truck,7,8000,Diesel,100.0,269765.0
11529,V011530,Medium Truck,8,8000,Diesel,83.34,333615.0
11530,V011531,Light Truck,7,3500,Diesel,94.13,115415.0
11531,V011532,Motorbike,4,50,Petrol,85.96,176845.0
11532,V011533,Medium Truck,2,8000,Diesel,75.7,133795.0
11533,V011534,Light Truck,9,3500,Diesel,74.98,143653.0
11534,V011535,Motorbike,13,50,Petrol,78.21,96569.0
11535,V011536,Light Truck,7,3500,Diesel,92.27,228153.0
11536,V011537,Light Truck,2,3500,Diesel,85.87,226387.0
11537,V011538,Van,10,1000,Petrol,72.08,179840.0
11538,V011539,Light Truck,2,3500,Diesel,76.24,109311.0
11539,V011540,Light Truck,7,3500,Diesel,81.47,300058.0
11540,V011541,Heavy Truck,8,20000,Diesel,81.63,214761.0
11541,V011542,Medium Truck,10,8000,Diesel,77.34,264254.0
11542,V011543,Medium Truck,7,8000,Diesel,89.68,175970.0
11543,V011544,Van,12,1000,Petrol,95.84,170172.0
11544,V011545,Medium Truck,0,8000,Diesel,82.58,356988.0
11545,V011546,Van,2,1000,Petrol,63.54,132247.0
11546,V011547,Light Truck,8,3500,Diesel,75.52,140682.0
11547,V011548,Light Truck,8,3500,Diesel,73.8,327698.0
11548,V011549,Medium Truck,5,8000,Diesel,74.53,156289.0
11549,V011550,Heavy Truck,0,20000,Diesel,100.0,178450.0
11550,V011551,Medium Truck,2,8000,Diesel,83.68,323449.0
11551,V011552,Light Truck,5,3500,Diesel,95.74,25354.0
11552,V011553,Van,14,1000,Petrol,86.42,288246.0
11553,V011554,Medium Truck,4,8000,Diesel,79.1,157548.0
11554,V011555,Light Truck,1,3500,Diesel,87.22,405657.0
11555,V011556,Light Truck,0,3500,Diesel,78.27,75724.0
11556,V011557,Motorbike,8,50,Petrol,72.56,275509.0
11557,V011558,Light Truck,3,3500,Diesel,66.85,163444.0
11558,V011559,Medium Truck,3,8000,Diesel,90.65,100639.0
11559,V011560,Van,0,1000,Petrol,78.08,166606.0
11560,V011561,Light Truck,12,3500,Diesel,95.33,243761.0
11561,V011562,Medium Truck,12,8000,Diesel,69.93,269055.0
11562,V011563,Van,10,1000,Petrol,78.33,142260.0
11563,V011564,Heavy Truck,0,20000,Diesel,80.45,54990.0
11564,V011565,Van,7,1000,Petrol,92.25,375640.0
11565,V011566,Van,2,1000,Petrol,70.1,185188.0
11566,V011567,Van,7,1000,Petrol,76.57,22112.0
11567,V011568,Medium Truck,14,8000,Diesel,66.15,277962.0
11568,V011569,Light Truck,1,3500,Diesel,80.64,244442.0
11569,V011570,Van,2,1000,Petrol,86.12,44403.0
11570,V011571,Medium Truck,1,8000,Diesel,71.85,206861.0
11571,V011572,Van,5,1000,Petrol,96.17,166714.0
11572,V011573,Van,8,1000,Petrol,75.6,223605.0
11573,V011574,Medium Truck,6,8000,Diesel,99.63,131081.0
11574,V011575,Light Truck,4,3500,Diesel,83.53,266366.0
11575,V011576,Light Truck,0,3500,Diesel,100.0,267903.0
11576,V011577,Light Truck,0,3500,Diesel,100.0,154077.0
11577,V011578,Heavy Truck,9,20000,Diesel,98.11,236199.0
11578,V011579,Van,12,1000,Petrol,58.99,88892.0
11579,V011580,Van,6,1000,Petrol,82.1,274027.0
11580,V011581,Light Truck,14,3500,Diesel,77.22,134318.0
11581,V011582,Heavy Truck,1,20000,Diesel,96.91,172553.0
11582,V011583,Heavy Truck,11,20000,Diesel,90.61,134509.0
11583,V011584,Heavy Truck,5,20000,Diesel,81.48,135305.0
11584,V011585,Van,5,1000,Petrol,88.16,103771.0
11585,V011586,Motorbike,6,50,Petrol,88.3,158833.0
11586,V011587,Van,3,1000,Petrol,89.27,186748.0
11587,V011588,Medium Truck,7,8000,Diesel,72.43,280575.0
11588,V011589,Light Truck,10,3500,Diesel,96.57,51865.0
11589,V011590,Medium Truck,3,8000,Diesel,76.67,343478.0
11590,V011591,Van,9,1000,Petrol,78.61,246177.0
11591,V011592,Light Truck,5,3500,Diesel,71.32,183565.0
11592,V011593,Light Truck,13,3500,Diesel,99.23,126623.0
11593,V011594,Motorbike,10,50,Petrol,83.73,221056.0
11594,V011595,Heavy Truck,9,20000,Diesel,80.79,354457.0
11595,V011596,Light Truck,4,3500,Diesel,70.22,49530.0
11596,V011597,Van,13,1000,Petrol,92.76,373500.0
11597,V011598,Motorbike,0,50,Petrol,86.27,120400.0
11598,V011599,Light Truck,7,3500,Diesel,65.46,172916.0
11599,V011600,Medium Truck,13,8000,Diesel,85.13,120054.0
11600,V011601,Heavy Truck,11,20000,Diesel,65.62,43778.0
11601,V011602,Light Truck,2,3500,Diesel,62.63,109905.0
11602,V011603,Light Truck,3,3500,Diesel,85.14,86571.0
11603,V011604,Van,10,1000,Petrol,85.72,132307.0
11604,V011605,Van,3,1000,Petrol,86.04,1000.0
11605,V011606,Medium Truck,2,8000,Diesel,90.99,176947.0
11606,V011607,Light Truck,11,3500,Diesel,76.75,181288.0
11607,V011608,Medium Truck,5,8000,Diesel,100.0,283289.0
11608,V011609,Medium Truck,9,8000,Diesel,73.06,146550.0
11609,V011610,Van,6,1000,Petrol,67.65,240451.0
11610,V011611,Light Truck,12,3500,Diesel,71.45,1000.0
11611,V011612,Light Truck,9,3500,Diesel,76.11,262399.0
11612,V011613,Heavy Truck,6,20000,Diesel,68.16,322763.0
11613,V011614,Light Truck,8,3500,Diesel,90.24,235035.0
11614,V011615,Light Truck,3,3500,Diesel,82.56,90883.0
11615,V011616,Van,8,1000,Petrol,66.57,158912.0
11616,V011617,Medium Truck,9,8000,Diesel,85.44,329726.0
11617,V011618,Van,3,1000,Petrol,92.85,293653.0
11618,V011619,Van,0,1000,Petrol,97.82,133674.0
11619,V011620,Van,10,1000,Petrol,66.48,211801.0
11620,V011621,Medium Truck,0,8000,Diesel,80.43,216746.0
11621,V011622,Medium Truck,2,8000,Diesel,69.01,280376.0
11622,V011623,Heavy Truck,9,20000,Diesel,60.9,236726.0
11623,V011624,Medium Truck,2,8000,Diesel,65.79,221658.0
11624,V011625,Light Truck,4,3500,Diesel,98.56,1000.0
11625,V011626,Van,5,1000,Petrol,94.16,377378.0
11626,V011627,Medium Truck,0,8000,Diesel,80.67,281091.0
11627,V011628,Light Truck,12,3500,Diesel,89.8,250887.0
11628,V011629,Medium Truck,6,8000,Diesel,98.23,138166.0
11629,V011630,Van,9,1000,Petrol,100.0,34050.0
11630,V011631,Medium Truck,12,8000,Diesel,100.0,122504.0
11631,V011632,Medium Truck,6,8000,Diesel,64.46,388874.0
11632,V011633,Medium Truck,10,8000,Diesel,85.13,146166.0
11633,V011634,Light Truck,6,3500,Diesel,63.39,84772.0
11634,V011635,Medium Truck,14,8000,Diesel,71.94,140565.0
11635,V011636,Motorbike,13,50,Petrol,76.48,87283.0
11636,V011637,Medium Truck,7,8000,Diesel,74.45,121331.0
11637,V011638,Medium Truck,2,8000,Diesel,88.09,191597.0
11638,V011639,Light Truck,2,3500,Diesel,74.2,184985.0
11639,V011640,Light Truck,2,3500,Diesel,98.14,72829.0
11640,V011641,Van,5,1000,Petrol,74.95,243769.0
11641,V011642,Medium Truck,11,8000,Diesel,95.07,186180.0
11642,V011643,Medium Truck,10,8000,Diesel,95.13,181872.0
11643,V011644,Light Truck,13,3500,Diesel,86.36,308285.0
11644,V011645,Light Truck,12,3500,Diesel,82.8,72137.0
11645,V011646,Light Truck,5,3500,Diesel,89.73,207441.0
11646,V011647,Motorbike,6,50,Petrol,100.0,232831.0
11647,V011648,Van,2,1000,Petrol,66.68,344102.0
11648,V011649,Light Truck,3,3500,Diesel,86.7,183723.0
11649,V011650,Light Truck,1,3500,Diesel,88.51,116320.0
11650,V011651,Motorbike,10,50,Petrol,79.48,218876.0
11651,V011652,Van,12,1000,Petrol,89.14,408201.0
11652,V011653,Van,1,1000,Petrol,98.27,123327.0
11653,V011654,Van,9,1000,Petrol,91.46,126292.0
11654,V011655,Medium Truck,3,8000,Diesel,94.55,328901.0
11655,V011656,Heavy Truck,4,20000,Diesel,91.35,225164.0
11656,V011657,Van,9,1000,Petrol,81.23,279215.0
11657,V011658,Van,7,1000,Petrol,78.79,275023.0
11658,V011659,Medium Truck,13,8000,Diesel,91.1,216925.0
11659,V011660,Medium Truck,6,8000,Diesel,91.51,176633.0
11660,V011661,Medium Truck,1,8000,Diesel,87.16,150207.0
11661,V011662,Van,13,1000,Petrol,88.37,105886.0
11662,V011663,Van,12,1000,Petrol,80.3,1000.0
11663,V011664,Van,9,1000,Petrol,71.26,329474.0
11664,V011665,Light Truck,3,3500,Diesel,100.0,136770.0
11665,V011666,Heavy Truck,14,20000,Diesel,98.48,45798.0
11666,V011667,Medium Truck,2,8000,Diesel,76.42,170008.0
11667,V011668,Light Truck,12,3500,Diesel,69.32,254444.0
11668,V011669,Van,0,1000,Petrol,79.07,299972.0
11669,V011670,Heavy Truck,10,20000,Diesel,71.54,128666.0
11670,V011671,Heavy Truck,5,20000,Diesel,79.66,318309.0
11671,V011672,Van,5,1000,Petrol,94.4,120966.0
11672,V011673,Heavy Truck,2,20000,Diesel,74.43,113446.0
11673,V011674,Van,4,1000,Petrol,81.48,182290.0
11674,V011675,Light Truck,14,3500,Diesel,74.79,196973.0
11675,V011676,Heavy Truck,9,20000,Diesel,96.12,320478.0
11676,V011677,Van,5,1000,Petrol,81.71,229034.0
11677,V011678,Light Truck,9,3500,Diesel,75.29,302689.0
11678,V011679,Light Truck,14,3500,Diesel,67.3,311735.0
11679,V011680,Medium Truck,5,8000,Diesel,59.73,184572.0
11680,V011681,Heavy Truck,12,20000,Diesel,83.2,171192.0
11681,V011682,Medium Truck,6,8000,Diesel,70.3,195442.0
11682,V011683,Heavy Truck,10,20000,Diesel,79.76,265162.0
11683,V011684,Medium Truck,12,8000,Diesel,77.81,330616.0
11684,V011685,Van,11,1000,Petrol,61.71,100997.0
11685,V011686,Heavy Truck,10,20000,Diesel,87.5,239878.0
11686,V011687,Van,3,1000,Petrol,81.55,14023.0
11687,V011688,Motorbike,11,50,Petrol,83.23,172407.0
11688,V011689,Heavy Truck,9,20000,Diesel,84.92,309467.0
11689,V011690,Medium Truck,2,8000,Diesel,81.43,47280.0
11690,V011691,Van,5,1000,Petrol,89.27,199783.0
11691,V011692,Medium Truck,1,8000,Diesel,79.61,110943.0
11692,V011693,Medium Truck,6,8000,Diesel,96.37,111346.0
11693,V011694,Medium Truck,9,8000,Diesel,78.14,298072.0
11694,V011695,Medium Truck,10,8000,Diesel,86.7,118166.0
11695,V011696,Medium Truck,6,8000,Diesel,72.74,192088.0
11696,V011697,Light Truck,1,3500,Diesel,96.11,137485.0
11697,V011698,Light Truck,9,3500,Diesel,91.1,298005.0
11698,V011699,Light Truck,7,3500,Diesel,85.7,271616.0
11699,V011700,Van,6,1000,Petrol,80.02,198756.0
11700,V011701,Light Truck,7,3500,Diesel,88.71,311631.0
11701,V011702,Medium Truck,4,8000,Diesel,66.02,143998.0
11702,V011703,Light Truck,12,3500,Diesel,77.01,136074.0
11703,V011704,Van,3,1000,Petrol,100.0,174546.0
11704,V011705,Light Truck,9,3500,Diesel,83.07,103723.0
11705,V011706,Heavy Truck,12,20000,Diesel,69.45,297517.0
11706,V011707,Heavy Truck,10,20000,Diesel,73.52,252173.0
11707,V011708,Light Truck,11,3500,Diesel,81.49,150372.0
11708,V011709,Van,11,1000,Petrol,81.57,220287.0
11709,V011710,Light Truck,7,3500,Diesel,100.0,107832.0
11710,V011711,Light Truck,5,3500,Diesel,90.34,268014.0
11711,V011712,Light Truck,5,3500,Diesel,100.0,98847.0
11712,V011713,Van,7,1000,Petrol,86.75,103618.0
11713,V011714,Heavy Truck,2,20000,Diesel,97.9,100439.0
11714,V011715,Light Truck,12,3500,Diesel,81.22,117845.0
11715,V011716,Medium Truck,8,8000,Diesel,74.47,301374.0
11716,V011717,Light Truck,12,3500,Diesel,90.32,100340.0
11717,V011718,Medium Truck,7,8000,Diesel,86.57,190780.0
11718,V011719,Van,7,1000,Petrol,73.13,145564.0
11719,V011720,Medium Truck,3,8000,Diesel,91.94,15550.0
11720,V011721,Van,4,1000,Petrol,100.0,177088.0
11721,V011722,Medium Truck,13,8000,Diesel,81.95,1000.0
11722,V011723,Van,2,1000,Petrol,100.0,181979.0
11723,V011724,Van,1,1000,Petrol,93.9,86182.0
11724,V011725,Motorbike,13,50,Petrol,69.05,260032.0
11725,V011726,Heavy Truck,6,20000,Diesel,94.61,276799.0
11726,V011727,Van,11,1000,Petrol,74.59,226637.0
11727,V011728,Van,5,1000,Petrol,90.22,370882.0
11728,V011729,Van,11,1000,Petrol,63.85,309091.0
11729,V011730,Light Truck,2,3500,Diesel,100.0,126278.0
11730,V011731,Light Truck,14,3500,Diesel,70.12,128990.0
11731,V011732,Light Truck,1,3500,Diesel,63.34,268083.0
11732,V011733,Heavy Truck,5,20000,Diesel,78.23,225399.0
11733,V011734,Light Truck,12,3500,Diesel,80.06,70654.0
11734,V011735,Van,3,1000,Petrol,73.65,92681.0
11735,V011736,Light Truck,0,3500,Diesel,79.67,172061.0
11736,V011737,Van,0,1000,Petrol,82.39,279022.0
11737,V011738,Medium Truck,11,8000,Diesel,99.79,103764.0
11738,V011739,Light Truck,7,3500,Diesel,88.72,182488.0
11739,V011740,Van,6,1000,Petrol,82.64,212188.0
11740,V011741,Light Truck,5,3500,Diesel,80.01,276116.0
11741,V011742,Light Truck,3,3500,Diesel,75.27,173545.0
11742,V011743,Medium Truck,4,8000,Diesel,70.12,215432.0
11743,V011744,Van,10,1000,Petrol,50.31,42856.0
11744,V011745,Heavy Truck,0,20000,Diesel,95.65,228496.0
11745,V011746,Van,9,1000,Petrol,100.0,226417.0
11746,V011747,Light Truck,5,3500,Diesel,85.54,165644.0
11747,V011748,Medium Truck,11,8000,Diesel,79.69,271225.0
11748,V011749,Motorbike,2,50,Petrol,99.91,377749.0
11749,V011750,Light Truck,13,3500,Diesel,73.94,308633.0
11750,V011751,Motorbike,2,50,Petrol,88.18,250408.0
11751,V011752,Van,6,1000,Petrol,94.3,149226.0
11752,V011753,Light Truck,8,3500,Diesel,84.88,203822.0
11753,V011754,Medium Truck,8,8000,Diesel,68.47,120423.0
11754,V011755,Van,13,1000,Petrol,95.05,205706.0
11755,V011756,Van,7,1000,Petrol,100.0,311439.0
11756,V011757,Van,7,1000,Petrol,67.57,188484.0
11757,V011758,Light Truck,8,3500,Diesel,85.07,30820.0
11758,V011759,Medium Truck,2,8000,Diesel,73.05,211691.0
11759,V011760,Medium Truck,11,8000,Diesel,59.77,101689.0
11760,V011761,Van,4,1000,Petrol,93.28,212226.0
11761,V011762,Medium Truck,11,8000,Diesel,79.31,144829.0
11762,V011763,Light Truck,5,3500,Diesel,95.46,48785.0
11763,V011764,Light Truck,11,3500,Diesel,89.52,308559.0
11764,V011765,Van,10,1000,Petrol,79.08,135095.0
11765,V011766,Light Truck,11,3500,Diesel,85.26,46982.0
11766,V011767,Heavy Truck,8,20000,Diesel,94.05,310140.0
11767,V011768,Light Truck,0,3500,Diesel,82.75,133572.0
11768,V011769,Light Truck,1,3500,Diesel,80.98,269348.0
11769,V011770,Medium Truck,2,8000,Diesel,88.55,310059.0
11770,V011771,Medium Truck,4,8000,Diesel,69.33,148371.0
11771,V011772,Heavy Truck,10,20000,Diesel,77.45,314880.0
11772,V011773,Light Truck,9,3500,Diesel,70.8,153385.0
11773,V011774,Light Truck,5,3500,Diesel,96.09,298224.0
11774,V011775,Medium Truck,8,8000,Diesel,96.22,215246.0
11775,V011776,Light Truck,13,3500,Diesel,76.23,213605.0
11776,V011777,Light Truck,9,3500,Diesel,89.05,154904.0
11777,V011778,Motorbike,14,50,Petrol,63.75,208914.0
11778,V011779,Medium Truck,1,8000,Diesel,68.91,2508.0
11779,V011780,Van,0,1000,Petrol,92.04,223801.0
11780,V011781,Light Truck,5,3500,Diesel,87.19,454862.0
11781,V011782,Van,3,1000,Petrol,65.68,143814.0
11782,V011783,Van,12,1000,Petrol,84.26,282374.0
11783,V011784,Medium Truck,0,8000,Diesel,67.41,175191.0
11784,V011785,Van,9,1000,Petrol,70.88,249761.0
11785,V011786,Medium Truck,2,8000,Diesel,83.91,72303.0
11786,V011787,Heavy Truck,14,20000,Diesel,73.51,2556.0
11787,V011788,Light Truck,9,3500,Diesel,83.53,104175.0
11788,V011789,Medium Truck,0,8000,Diesel,95.04,295779.0
11789,V011790,Van,14,1000,Petrol,100.0,182715.0
11790,V011791,Light Truck,0,3500,Diesel,84.03,156627.0
11791,V011792,Van,8,1000,Petrol,80.96,254419.0
11792,V011793,Heavy Truck,5,20000,Diesel,86.27,332874.0
11793,V011794,Light Truck,10,3500,Diesel,88.57,146859.0
11794,V011795,Medium Truck,5,8000,Diesel,96.96,207076.0
11795,V011796,Van,5,1000,Petrol,73.97,209961.0
11796,V011797,Medium Truck,3,8000,Diesel,84.57,1000.0
11797,V011798,Medium Truck,12,8000,Diesel,87.74,364364.0
11798,V011799,Medium Truck,10,8000,Diesel,91.13,135007.0
11799,V011800,Heavy Truck,5,20000,Diesel,89.64,50281.0
11800,V011801,Light Truck,10,3500,Diesel,89.74,92624.0
11801,V011802,Light Truck,13,3500,Diesel,77.11,139756.0
11802,V011803,Light Truck,10,3500,Diesel,56.52,178186.0
11803,V011804,Heavy Truck,13,20000,Diesel,70.09,241755.0
11804,V011805,Van,0,1000,Petrol,79.36,235554.0
11805,V011806,Medium Truck,6,8000,Diesel,79.04,59105.0
11806,V011807,Medium Truck,3,8000,Diesel,73.29,164662.0
11807,V011808,Light Truck,11,3500,Diesel,75.26,166526.0
11808,V011809,Medium Truck,2,8000,Diesel,71.69,264606.0
11809,V011810,Medium Truck,14,8000,Diesel,100.0,195613.0
11810,V011811,Van,5,1000,Petrol,86.85,229987.0
11811,V011812,Light Truck,9,3500,Diesel,86.58,148325.0
11812,V011813,Van,4,1000,Petrol,96.26,179972.0
11813,V011814,Van,7,1000,Petrol,96.18,137701.0
11814,V011815,Heavy Truck,10,20000,Diesel,86.83,91179.0
11815,V011816,Van,2,1000,Petrol,68.61,207752.0
11816,V011817,Van,12,1000,Petrol,77.46,144155.0
11817,V011818,Light Truck,11,3500,Diesel,93.32,361816.0
11818,V011819,Medium Truck,12,8000,Diesel,65.0,77021.0
11819,V011820,Motorbike,9,50,Petrol,85.11,160364.0
11820,V011821,Van,0,1000,Petrol,70.62,212192.0
11821,V011822,Light Truck,13,3500,Diesel,78.88,200672.0
11822,V011823,Van,1,1000,Petrol,77.84,262352.0
11823,V011824,Medium Truck,13,8000,Diesel,92.35,238462.0
11824,V011825,Heavy Truck,5,20000,Diesel,69.05,279650.0
11825,V011826,Van,4,1000,Petrol,65.82,50644.0
11826,V011827,Medium Truck,9,8000,Diesel,72.13,119359.0
11827,V011828,Medium Truck,6,8000,Diesel,69.1,1000.0
11828,V011829,Van,4,1000,Petrol,78.24,162001.0
11829,V011830,Van,6,1000,Petrol,86.14,300587.0
11830,V011831,Heavy Truck,5,20000,Diesel,75.65,257220.0
11831,V011832,Light Truck,9,3500,Diesel,93.14,292427.0
11832,V011833,Van,8,1000,Petrol,77.1,138929.0
11833,V011834,Heavy Truck,3,20000,Diesel,80.1,143595.0
11834,V011835,Motorbike,11,50,Petrol,79.04,242950.0
11835,V011836,Van,1,1000,Petrol,84.53,176836.0
11836,V011837,Van,2,1000,Petrol,75.47,298032.0
11837,V011838,Motorbike,1,50,Petrol,69.39,215540.0
11838,V011839,Medium Truck,14,8000,Diesel,91.56,370285.0
11839,V011840,Medium Truck,8,8000,Diesel,97.56,249281.0
11840,V011841,Van,13,1000,Petrol,79.81,204749.0
11841,V011842,Van,5,1000,Petrol,81.02,307698.0
11842,V011843,Light Truck,12,3500,Diesel,71.83,179508.0
11843,V011844,Medium Truck,13,8000,Diesel,80.49,182635.0
11844,V011845,Van,9,1000,Petrol,72.97,207252.0
11845,V011846,Motorbike,2,50,Petrol,100.0,67734.0
11846,V011847,Medium Truck,9,8000,Diesel,62.75,230186.0
11847,V011848,Van,4,1000,Petrol,85.41,276385.0
11848,V011849,Light Truck,2,3500,Diesel,86.27,225442.0
11849,V011850,Medium Truck,14,8000,Diesel,89.17,124341.0
11850,V011851,Van,5,1000,Petrol,84.56,212938.0
11851,V011852,Medium Truck,11,8000,Diesel,97.62,11786.0
11852,V011853,Light Truck,3,3500,Diesel,78.16,289845.0
11853,V011854,Van,11,1000,Petrol,86.31,160303.0
11854,V011855,Van,10,1000,Petrol,70.03,113527.0
11855,V011856,Light Truck,10,3500,Diesel,71.81,245780.0
11856,V011857,Heavy Truck,13,20000,Diesel,78.9,82906.0
11857,V011858,Van,8,1000,Petrol,81.4,225235.0
11858,V011859,Medium Truck,14,8000,Diesel,88.36,234509.0
11859,V011860,Motorbike,14,50,Petrol,87.09,289380.0
11860,V011861,Van,11,1000,Petrol,74.18,78793.0
11861,V011862,Van,8,1000,Petrol,85.39,251485.0
11862,V011863,Van,3,1000,Petrol,59.59,169209.0
11863,V011864,Heavy Truck,13,20000,Diesel,65.18,43444.0
11864,V011865,Medium Truck,10,8000,Diesel,74.1,203033.0
11865,V011866,Van,11,1000,Petrol,81.12,81301.0
11866,V011867,Light Truck,10,3500,Diesel,90.41,99787.0
11867,V011868,Light Truck,11,3500,Diesel,90.12,226908.0
11868,V011869,Van,14,1000,Petrol,63.57,122754.0
11869,V011870,Medium Truck,4,8000,Diesel,100.0,267029.0
11870,V011871,Light Truck,9,3500,Diesel,89.9,205403.0
11871,V011872,Medium Truck,5,8000,Diesel,63.46,207608.0
11872,V011873,Van,4,1000,Petrol,78.21,162195.0
11873,V011874,Light Truck,7,3500,Diesel,37.39,1000.0
11874,V011875,Medium Truck,3,8000,Diesel,100.0,83078.0
11875,V011876,Van,13,1000,Petrol,89.41,149360.0
11876,V011877,Van,14,1000,Petrol,73.11,90967.0
11877,V011878,Light Truck,9,3500,Diesel,89.29,138035.0
11878,V011879,Van,4,1000,Petrol,99.17,94410.0
11879,V011880,Light Truck,3,3500,Diesel,93.45,117203.0
11880,V011881,Van,12,1000,Petrol,93.8,158001.0
11881,V011882,Light Truck,2,3500,Diesel,90.45,59820.0
11882,V011883,Medium Truck,0,8000,Diesel,64.41,230763.0
11883,V011884,Van,7,1000,Petrol,79.96,51898.0
11884,V011885,Light Truck,7,3500,Diesel,91.22,102062.0
11885,V011886,Heavy Truck,14,20000,Diesel,85.9,152380.0
11886,V011887,Medium Truck,12,8000,Diesel,76.42,318855.0
11887,V011888,Van,8,1000,Petrol,83.28,167531.0
11888,V011889,Heavy Truck,2,20000,Diesel,54.82,153101.0
11889,V011890,Van,1,1000,Petrol,90.15,109485.0
11890,V011891,Medium Truck,13,8000,Diesel,86.68,112241.0
11891,V011892,Van,12,1000,Petrol,93.11,39760.0
11892,V011893,Medium Truck,11,8000,Diesel,84.29,121813.0
11893,V011894,Medium Truck,12,8000,Diesel,86.46,90834.0
11894,V011895,Light Truck,8,3500,Diesel,67.84,227300.0
11895,V011896,Van,2,1000,Petrol,87.46,130353.0
11896,V011897,Van,2,1000,Petrol,99.63,51435.0
11897,V011898,Light Truck,3,3500,Diesel,75.66,252570.0
11898,V011899,Light Truck,12,3500,Diesel,71.69,229221.0
11899,V011900,Van,0,1000,Petrol,90.46,237211.0
11900,V011901,Medium Truck,4,8000,Diesel,89.41,181657.0
11901,V011902,Light Truck,1,3500,Diesel,76.64,1000.0
11902,V011903,Heavy Truck,7,20000,Diesel,100.0,410549.0
11903,V011904,Heavy Truck,4,20000,Diesel,83.59,240480.0
11904,V011905,Light Truck,13,3500,Diesel,66.23,194681.0
11905,V011906,Medium Truck,2,8000,Diesel,86.84,111396.0
11906,V011907,Light Truck,10,3500,Diesel,91.05,28729.0
11907,V011908,Light Truck,3,3500,Diesel,69.55,108765.0
11908,V011909,Heavy Truck,4,20000,Diesel,92.96,200485.0
11909,V011910,Motorbike,4,50,Petrol,86.09,70712.0
11910,V011911,Medium Truck,5,8000,Diesel,75.18,117297.0
11911,V011912,Van,8,1000,Petrol,84.58,111790.0
11912,V011913,Medium Truck,1,8000,Diesel,95.23,51624.0
11913,V011914,Light Truck,9,3500,Diesel,71.13,244356.0
11914,V011915,Light Truck,9,3500,Diesel,84.63,151224.0
11915,V011916,Heavy Truck,1,20000,Diesel,57.6,159865.0
11916,V011917,Light Truck,7,3500,Diesel,74.07,129772.0
11917,V011918,Van,0,1000,Petrol,89.27,239225.0
11918,V011919,Light Truck,13,3500,Diesel,93.72,155561.0
11919,V011920,Van,12,1000,Petrol,80.1,258219.0
11920,V011921,Light Truck,6,3500,Diesel,100.0,149541.0
11921,V011922,Medium Truck,11,8000,Diesel,74.39,73072.0
11922,V011923,Medium Truck,11,8000,Diesel,90.68,245442.0
11923,V011924,Medium Truck,11,8000,Diesel,82.03,197123.0
11924,V011925,Van,2,1000,Petrol,85.54,127838.0
11925,V011926,Van,11,1000,Petrol,63.74,133970.0
11926,V011927,Medium Truck,14,8000,Diesel,78.96,117335.0
11927,V011928,Medium Truck,2,8000,Diesel,100.0,296537.0
11928,V011929,Light Truck,13,3500,Diesel,71.49,186309.0
11929,V011930,Light Truck,0,3500,Diesel,62.02,341293.0
11930,V011931,Light Truck,7,3500,Diesel,90.48,103290.0
11931,V011932,Van,2,1000,Petrol,95.55,164576.0
11932,V011933,Heavy Truck,8,20000,Diesel,80.02,113468.0
11933,V011934,Light Truck,2,3500,Diesel,93.73,134428.0
11934,V011935,Van,9,1000,Petrol,100.0,136742.0
11935,V011936,Light Truck,10,3500,Diesel,76.16,257150.0
11936,V011937,Light Truck,2,3500,Diesel,53.98,263692.0
11937,V011938,Van,1,1000,Petrol,100.0,171125.0
11938,V011939,Motorbike,13,50,Petrol,65.77,126530.0
11939,V011940,Van,6,1000,Petrol,96.54,302685.0
11940,V011941,Light Truck,12,3500,Diesel,96.96,243041.0
11941,V011942,Medium Truck,0,8000,Diesel,72.41,396731.0
11942,V011943,Van,10,1000,Petrol,87.42,163810.0
11943,V011944,Van,13,1000,Petrol,89.95,267157.0
11944,V011945,Light Truck,7,3500,Diesel,74.52,174556.0
11945,V011946,Van,9,1000,Petrol,93.5,248290.0
11946,V011947,Van,7,1000,Petrol,100.0,103989.0
11947,V011948,Medium Truck,13,8000,Diesel,85.65,35307.0
11948,V011949,Van,7,1000,Petrol,81.04,236518.0
11949,V011950,Light Truck,11,3500,Diesel,82.25,242176.0
11950,V011951,Van,12,1000,Petrol,62.97,179278.0
11951,V011952,Light Truck,10,3500,Diesel,81.56,137495.0
11952,V011953,Medium Truck,2,8000,Diesel,68.24,292539.0
11953,V011954,Light Truck,3,3500,Diesel,80.66,150295.0
11954,V011955,Motorbike,14,50,Petrol,79.41,80817.0
11955,V011956,Van,5,1000,Petrol,80.48,47270.0
11956,V011957,Motorbike,12,50,Petrol,83.86,368787.0
11957,V011958,Light Truck,10,3500,Diesel,100.0,345761.0
11958,V011959,Van,9,1000,Petrol,64.33,183524.0
11959,V011960,Medium Truck,2,8000,Diesel,97.98,222886.0
11960,V011961,Medium Truck,9,8000,Diesel,69.46,95028.0
11961,V011962,Light Truck,8,3500,Diesel,100.0,59326.0
11962,V011963,Van,8,1000,Petrol,76.93,189538.0
11963,V011964,Light Truck,2,3500,Diesel,97.15,137687.0
11964,V011965,Light Truck,6,3500,Diesel,66.72,124739.0
11965,V011966,Medium Truck,6,8000,Diesel,80.34,54247.0
11966,V011967,Heavy Truck,1,20000,Diesel,92.75,159992.0
11967,V011968,Medium Truck,12,8000,Diesel,71.2,192437.0
11968,V011969,Medium Truck,1,8000,Diesel,89.01,208790.0
11969,V011970,Heavy Truck,10,20000,Diesel,85.37,299657.0
11970,V011971,Van,3,1000,Petrol,89.06,151404.0
11971,V011972,Light Truck,6,3500,Diesel,81.57,238045.0
11972,V011973,Motorbike,4,50,Petrol,67.43,49732.0
11973,V011974,Medium Truck,4,8000,Diesel,89.78,155153.0
11974,V011975,Medium Truck,3,8000,Diesel,78.82,120486.0
11975,V011976,Medium Truck,0,8000,Diesel,80.92,136383.0
11976,V011977,Light Truck,12,3500,Diesel,83.5,136104.0
11977,V011978,Medium Truck,5,8000,Diesel,79.32,91323.0
11978,V011979,Motorbike,6,50,Petrol,67.63,311348.0
11979,V011980,Light Truck,8,3500,Diesel,71.47,280382.0
11980,V011981,Van,9,1000,Petrol,100.0,147947.0
11981,V011982,Light Truck,11,3500,Diesel,64.83,198301.0
11982,V011983,Van,6,1000,Petrol,100.0,338044.0
11983,V011984,Heavy Truck,0,20000,Diesel,65.25,161930.0
11984,V011985,Van,7,1000,Petrol,58.26,233242.0
11985,V011986,Medium Truck,4,8000,Diesel,52.86,157437.0
11986,V011987,Light Truck,12,3500,Diesel,77.35,44859.0
11987,V011988,Light Truck,10,3500,Diesel,83.67,314779.0
11988,V011989,Van,10,1000,Petrol,83.41,341732.0
11989,V011990,Light Truck,3,3500,Diesel,96.57,206421.0
11990,V011991,Light Truck,7,3500,Diesel,84.65,87519.0
11991,V011992,Heavy Truck,1,20000,Diesel,83.77,224175.0
11992,V011993,Van,7,1000,Petrol,84.75,277517.0
11993,V011994,Van,9,1000,Petrol,100.0,228911.0
11994,V011995,Light Truck,9,3500,Diesel,84.76,191103.0
11995,V011996,Van,13,1000,Petrol,79.52,86508.0
11996,V011997,Van,10,1000,Petrol,66.52,279605.0
11997,V011998,Light Truck,0,3500,Diesel,100.0,273159.0
11998,V011999,Van,4,1000,Petrol,80.43,105806.0
11999,V012000,Light Truck,11,3500,Diesel,72.52,1000.0
12000,V012001,Van,5,1000,Petrol,97.68,113790.0
12001,V012002,Van,3,1000,Petrol,87.42,181945.0
12002,V012003,Medium Truck,9,8000,Diesel,78.59,221668.0
12003,V012004,Light Truck,8,3500,Diesel,91.41,1000.0
12004,V012005,Medium Truck,7,8000,Diesel,98.31,105715.0
12005,V012006,Light Truck,14,3500,Diesel,70.73,175137.0
12006,V012007,Heavy Truck,10,20000,Diesel,68.33,105754.0
12007,V012008,Van,3,1000,Petrol,76.11,339594.0
12008,V012009,Heavy Truck,7,20000,Diesel,72.98,225886.0
12009,V012010,Light Truck,2,3500,Diesel,67.09,237204.0
12010,V012011,Light Truck,4,3500,Diesel,84.16,110071.0
12011,V012012,Light Truck,9,3500,Diesel,82.37,1000.0
12012,V012013,Light Truck,1,3500,Diesel,69.88,197700.0
12013,V012014,Light Truck,12,3500,Diesel,68.84,94327.0
12014,V012015,Van,2,1000,Petrol,90.56,116466.0
12015,V012016,Light Truck,11,3500,Diesel,85.01,113547.0
12016,V012017,Medium Truck,5,8000,Diesel,47.47,100439.0
12017,V012018,Medium Truck,1,8000,Diesel,76.36,194762.0
12018,V012019,Light Truck,10,3500,Diesel,92.3,162327.0
12019,V012020,Heavy Truck,6,20000,Diesel,71.97,207845.0
12020,V012021,Van,7,1000,Petrol,76.67,109892.0
12021,V012022,Light Truck,10,3500,Diesel,92.81,84408.0
12022,V012023,Medium Truck,13,8000,Diesel,71.3,172518.0
12023,V012024,Medium Truck,10,8000,Diesel,75.61,49123.0
12024,V012025,Van,0,1000,Petrol,83.66,152122.0
12025,V012026,Van,12,1000,Petrol,77.43,329585.0
12026,V012027,Light Truck,6,3500,Diesel,74.29,261921.0
12027,V012028,Van,11,1000,Petrol,65.51,404935.0
12028,V012029,Light Truck,1,3500,Diesel,82.14,60144.0
12029,V012030,Light Truck,12,3500,Diesel,69.89,188249.0
12030,V012031,Light Truck,2,3500,Diesel,71.74,157286.0
12031,V012032,Van,14,1000,Petrol,77.43,283549.0
12032,V012033,Heavy Truck,3,20000,Diesel,71.13,153419.0
12033,V012034,Heavy Truck,9,20000,Diesel,84.67,161406.0
12034,V012035,Light Truck,4,3500,Diesel,92.77,57523.0
12035,V012036,Van,0,1000,Petrol,78.64,199215.0
12036,V012037,Van,5,1000,Petrol,84.99,22147.0
12037,V012038,Light Truck,3,3500,Diesel,91.97,322850.0
12038,V012039,Medium Truck,10,8000,Diesel,83.15,325358.0
12039,V012040,Motorbike,5,50,Petrol,83.47,168090.0
12040,V012041,Medium Truck,3,8000,Diesel,98.64,178000.0
12041,V012042,Light Truck,6,3500,Diesel,54.79,357595.0
12042,V012043,Light Truck,10,3500,Diesel,67.46,1000.0
12043,V012044,Light Truck,13,3500,Diesel,74.06,180416.0
12044,V012045,Medium Truck,9,8000,Diesel,79.03,1000.0
12045,V012046,Medium Truck,10,8000,Diesel,74.44,133559.0
12046,V012047,Medium Truck,2,8000,Diesel,68.46,274967.0
12047,V012048,Light Truck,14,3500,Diesel,52.15,178345.0
12048,V012049,Van,6,1000,Petrol,78.56,173436.0
12049,V012050,Van,11,1000,Petrol,84.06,80439.0
12050,V012051,Light Truck,5,3500,Diesel,84.91,276688.0
12051,V012052,Heavy Truck,8,20000,Diesel,67.0,307879.0
12052,V012053,Heavy Truck,2,20000,Diesel,88.85,56359.0
12053,V012054,Light Truck,0,3500,Diesel,68.36,30135.0
12054,V012055,Motorbike,3,50,Petrol,85.99,60535.0
12055,V012056,Van,8,1000,Petrol,95.65,114824.0
12056,V012057,Motorbike,14,50,Petrol,96.53,235932.0
12057,V012058,Van,4,1000,Petrol,57.41,191992.0
12058,V012059,Light Truck,10,3500,Diesel,87.01,258647.0
12059,V012060,Light Truck,7,3500,Diesel,70.44,266343.0
12060,V012061,Van,13,1000,Petrol,87.37,157639.0
12061,V012062,Medium Truck,13,8000,Diesel,81.36,221439.0
12062,V012063,Heavy Truck,13,20000,Diesel,88.38,220721.0
12063,V012064,Heavy Truck,9,20000,Diesel,81.62,246475.0
12064,V012065,Heavy Truck,7,20000,Diesel,84.33,211904.0
12065,V012066,Light Truck,8,3500,Diesel,81.55,161759.0
12066,V012067,Medium Truck,4,8000,Diesel,76.92,257500.0
12067,V012068,Van,10,1000,Petrol,86.06,294420.0
12068,V012069,Medium Truck,8,8000,Diesel,89.99,128375.0
12069,V012070,Van,8,1000,Petrol,86.11,92940.0
12070,V012071,Light Truck,1,3500,Diesel,82.09,221021.0
12071,V012072,Light Truck,5,3500,Diesel,84.54,271074.0
12072,V012073,Van,11,1000,Petrol,85.56,178743.0
12073,V012074,Van,9,1000,Petrol,74.17,225346.0
12074,V012075,Light Truck,14,3500,Diesel,100.0,297670.0
12075,V012076,Light Truck,1,3500,Diesel,71.19,262879.0
12076,V012077,Light Truck,2,3500,Diesel,89.33,130594.0
12077,V012078,Light Truck,1,3500,Diesel,86.07,316227.0
12078,V012079,Van,9,1000,Petrol,100.0,124235.0
12079,V012080,Medium Truck,1,8000,Diesel,74.21,264985.0
12080,V012081,Van,10,1000,Petrol,100.0,152006.0
12081,V012082,Light Truck,3,3500,Diesel,84.66,188616.0
12082,V012083,Van,12,1000,Petrol,66.51,69813.0
12083,V012084,Van,13,1000,Petrol,73.77,231707.0
12084,V012085,Light Truck,10,3500,Diesel,90.25,146937.0
12085,V012086,Medium Truck,3,8000,Diesel,79.71,275249.0
12086,V012087,Heavy Truck,2,20000,Diesel,54.44,285183.0
12087,V012088,Light Truck,4,3500,Diesel,67.61,367896.0
12088,V012089,Van,3,1000,Petrol,84.62,91507.0
12089,V012090,Medium Truck,13,8000,Diesel,82.45,223390.0
12090,V012091,Van,2,1000,Petrol,89.14,340240.0
12091,V012092,Medium Truck,1,8000,Diesel,86.44,211311.0
12092,V012093,Van,6,1000,Petrol,82.12,25141.0
12093,V012094,Medium Truck,8,8000,Diesel,78.63,16453.0
12094,V012095,Light Truck,7,3500,Diesel,87.61,151918.0
12095,V012096,Light Truck,5,3500,Diesel,94.61,270480.0
12096,V012097,Motorbike,2,50,Petrol,100.0,252810.0
12097,V012098,Van,4,1000,Petrol,100.0,298850.0
12098,V012099,Van,10,1000,Petrol,91.76,123756.0
12099,V012100,Heavy Truck,8,20000,Diesel,75.33,20199.0
12100,V012101,Medium Truck,14,8000,Diesel,73.89,262406.0
12101,V012102,Light Truck,13,3500,Diesel,76.25,197772.0
12102,V012103,Medium Truck,9,8000,Diesel,69.89,150172.0
12103,V012104,Medium Truck,3,8000,Diesel,88.48,182847.0
12104,V012105,Light Truck,8,3500,Diesel,90.46,365684.0
12105,V012106,Light Truck,4,3500,Diesel,82.39,182085.0
12106,V012107,Medium Truck,13,8000,Diesel,59.02,353742.0
12107,V012108,Heavy Truck,5,20000,Diesel,75.15,300019.0
12108,V012109,Van,2,1000,Petrol,84.03,259152.0
12109,V012110,Medium Truck,4,8000,Diesel,70.77,180952.0
12110,V012111,Motorbike,5,50,Petrol,84.65,338006.0
12111,V012112,Light Truck,13,3500,Diesel,78.3,229900.0
12112,V012113,Heavy Truck,13,20000,Diesel,62.28,98668.0
12113,V012114,Medium Truck,7,8000,Diesel,79.87,117009.0
12114,V012115,Medium Truck,10,8000,Diesel,92.46,195416.0
12115,V012116,Heavy Truck,5,20000,Diesel,80.01,141019.0
12116,V012117,Medium Truck,9,8000,Diesel,59.78,122747.0
12117,V012118,Light Truck,9,3500,Diesel,84.01,120308.0
12118,V012119,Van,8,1000,Petrol,94.5,180533.0
12119,V012120,Heavy Truck,9,20000,Diesel,83.5,144220.0
12120,V012121,Van,10,1000,Petrol,67.01,219320.0
12121,V012122,Heavy Truck,14,20000,Diesel,52.07,177156.0
12122,V012123,Van,4,1000,Petrol,71.45,188458.0
12123,V012124,Van,12,1000,Petrol,64.85,149864.0
12124,V012125,Light Truck,10,3500,Diesel,81.31,155697.0
12125,V012126,Medium Truck,7,8000,Diesel,64.57,324785.0
12126,V012127,Heavy Truck,14,20000,Diesel,78.89,114279.0
12127,V012128,Medium Truck,10,8000,Diesel,71.1,174122.0
12128,V012129,Medium Truck,12,8000,Diesel,100.0,453832.0
12129,V012130,Light Truck,1,3500,Diesel,82.85,5567.0
12130,V012131,Medium Truck,9,8000,Diesel,74.2,74999.0
12131,V012132,Van,9,1000,Petrol,74.97,163751.0
12132,V012133,Medium Truck,4,8000,Diesel,71.42,49349.0
12133,V012134,Van,4,1000,Petrol,72.5,143131.0
12134,V012135,Light Truck,7,3500,Diesel,72.77,144188.0
12135,V012136,Light Truck,12,3500,Diesel,73.69,134943.0
12136,V012137,Motorbike,4,50,Petrol,96.19,76452.0
12137,V012138,Van,12,1000,Petrol,78.55,75739.0
12138,V012139,Light Truck,2,3500,Diesel,66.61,268251.0
12139,V012140,Light Truck,0,3500,Diesel,100.0,259401.0
12140,V012141,Van,3,1000,Petrol,85.86,159509.0
12141,V012142,Light Truck,9,3500,Diesel,73.31,143308.0
12142,V012143,Van,13,1000,Petrol,91.36,351925.0
12143,V012144,Van,5,1000,Petrol,100.0,34960.0
12144,V012145,Van,13,1000,Petrol,73.12,37600.0
12145,V012146,Medium Truck,6,8000,Diesel,69.93,283549.0
12146,V012147,Van,10,1000,Petrol,94.29,1000.0
12147,V012148,Van,13,1000,Petrol,79.04,128925.0
12148,V012149,Van,6,1000,Petrol,90.8,134769.0
12149,V012150,Light Truck,12,3500,Diesel,79.16,260310.0
12150,V012151,Van,1,1000,Petrol,88.42,229094.0
12151,V012152,Medium Truck,8,8000,Diesel,71.87,42516.0
12152,V012153,Light Truck,6,3500,Diesel,92.29,293639.0
12153,V012154,Medium Truck,12,8000,Diesel,91.63,271254.0
12154,V012155,Van,9,1000,Petrol,68.21,162113.0
12155,V012156,Light Truck,10,3500,Diesel,90.21,127582.0
12156,V012157,Van,7,1000,Petrol,80.7,295761.0
12157,V012158,Light Truck,5,3500,Diesel,69.69,229504.0
12158,V012159,Light Truck,13,3500,Diesel,100.0,127729.0
12159,V012160,Light Truck,10,3500,Diesel,78.74,237168.0
12160,V012161,Heavy Truck,14,20000,Diesel,78.88,242588.0
12161,V012162,Motorbike,13,50,Petrol,62.9,88002.0
12162,V012163,Medium Truck,0,8000,Diesel,99.42,159126.0
12163,V012164,Van,8,1000,Petrol,81.15,104976.0
12164,V012165,Van,4,1000,Petrol,77.21,65613.0
12165,V012166,Van,4,1000,Petrol,80.47,86750.0
12166,V012167,Light Truck,12,3500,Diesel,100.0,126425.0
12167,V012168,Light Truck,4,3500,Diesel,75.68,482277.0
12168,V012169,Medium Truck,5,8000,Diesel,74.21,224038.0
12169,V012170,Light Truck,4,3500,Diesel,85.17,119850.0
12170,V012171,Light Truck,12,3500,Diesel,80.31,160902.0
12171,V012172,Van,10,1000,Petrol,75.13,235246.0
12172,V012173,Heavy Truck,14,20000,Diesel,74.34,180729.0
12173,V012174,Medium Truck,13,8000,Diesel,89.68,135783.0
12174,V012175,Light Truck,0,3500,Diesel,75.43,289254.0
12175,V012176,Medium Truck,7,8000,Diesel,84.55,83100.0
12176,V012177,Van,8,1000,Petrol,79.12,152955.0
12177,V012178,Light Truck,4,3500,Diesel,86.32,1000.0
12178,V012179,Light Truck,3,3500,Diesel,78.79,137357.0
12179,V012180,Van,10,1000,Petrol,71.21,219595.0
12180,V012181,Light Truck,0,3500,Diesel,88.2,172021.0
12181,V012182,Medium Truck,10,8000,Diesel,78.66,158665.0
12182,V012183,Heavy Truck,4,20000,Diesel,91.48,286791.0
12183,V012184,Van,7,1000,Petrol,100.0,246568.0
12184,V012185,Light Truck,13,3500,Diesel,72.71,178571.0
12185,V012186,Van,0,1000,Petrol,67.72,231251.0
12186,V012187,Light Truck,12,3500,Diesel,88.79,164621.0
12187,V012188,Medium Truck,10,8000,Diesel,73.64,171455.0
12188,V012189,Medium Truck,9,8000,Diesel,75.25,157803.0
12189,V012190,Motorbike,12,50,Petrol,84.07,134084.0
12190,V012191,Heavy Truck,14,20000,Diesel,75.44,195615.0
12191,V012192,Medium Truck,4,8000,Diesel,71.87,199203.0
12192,V012193,Van,1,1000,Petrol,71.57,407445.0
12193,V012194,Van,0,1000,Petrol,96.1,161058.0
12194,V012195,Heavy Truck,5,20000,Diesel,77.0,192669.0
12195,V012196,Van,10,1000,Petrol,83.82,15491.0
12196,V012197,Light Truck,0,3500,Diesel,66.58,181150.0
12197,V012198,Light Truck,6,3500,Diesel,83.88,121528.0
12198,V012199,Medium Truck,5,8000,Diesel,72.7,234113.0
12199,V012200,Medium Truck,14,8000,Diesel,73.12,303727.0
12200,V012201,Medium Truck,14,8000,Diesel,82.51,139926.0
12201,V012202,Van,9,1000,Petrol,73.18,73841.0
12202,V012203,Medium Truck,7,8000,Diesel,92.88,105857.0
12203,V012204,Light Truck,5,3500,Diesel,63.21,129250.0
12204,V012205,Van,8,1000,Petrol,79.53,158954.0
12205,V012206,Light Truck,0,3500,Diesel,89.05,150802.0
12206,V012207,Van,0,1000,Petrol,82.82,213691.0
12207,V012208,Medium Truck,6,8000,Diesel,88.26,230775.0
12208,V012209,Heavy Truck,7,20000,Diesel,96.33,135470.0
12209,V012210,Medium Truck,2,8000,Diesel,64.88,109704.0
12210,V012211,Light Truck,7,3500,Diesel,74.0,220882.0
12211,V012212,Heavy Truck,12,20000,Diesel,76.41,219579.0
12212,V012213,Heavy Truck,13,20000,Diesel,100.0,250051.0
12213,V012214,Van,12,1000,Petrol,76.51,149678.0
12214,V012215,Van,1,1000,Petrol,86.91,212772.0
12215,V012216,Light Truck,1,3500,Diesel,91.5,87047.0
12216,V012217,Van,5,1000,Petrol,81.32,158380.0
12217,V012218,Van,1,1000,Petrol,91.78,85206.0
12218,V012219,Medium Truck,11,8000,Diesel,100.0,97243.0
12219,V012220,Light Truck,14,3500,Diesel,55.05,254094.0
12220,V012221,Van,7,1000,Petrol,88.8,130668.0
12221,V012222,Light Truck,0,3500,Diesel,66.12,160378.0
12222,V012223,Light Truck,14,3500,Diesel,55.83,151781.0
12223,V012224,Light Truck,8,3500,Diesel,94.02,146673.0
12224,V012225,Medium Truck,3,8000,Diesel,98.0,295018.0
12225,V012226,Medium Truck,10,8000,Diesel,100.0,315763.0
12226,V012227,Light Truck,13,3500,Diesel,95.51,238999.0
12227,V012228,Medium Truck,10,8000,Diesel,84.04,206257.0
12228,V012229,Van,8,1000,Petrol,80.74,109077.0
12229,V012230,Van,4,1000,Petrol,100.0,35112.0
12230,V012231,Van,11,1000,Petrol,80.41,83496.0
12231,V012232,Light Truck,13,3500,Diesel,83.78,170573.0
12232,V012233,Light Truck,5,3500,Diesel,88.29,247216.0
12233,V012234,Medium Truck,7,8000,Diesel,69.56,206682.0
12234,V012235,Medium Truck,7,8000,Diesel,71.37,275031.0
12235,V012236,Medium Truck,1,8000,Diesel,100.0,236051.0
12236,V012237,Light Truck,6,3500,Diesel,89.41,373374.0
12237,V012238,Van,10,1000,Petrol,100.0,14476.0
12238,V012239,Medium Truck,4,8000,Diesel,78.31,30576.0
12239,V012240,Van,0,1000,Petrol,85.56,83621.0
12240,V012241,Light Truck,11,3500,Diesel,96.92,106169.0
12241,V012242,Light Truck,8,3500,Diesel,84.73,95920.0
12242,V012243,Light Truck,8,3500,Diesel,86.84,208227.0
12243,V012244,Medium Truck,5,8000,Diesel,68.71,396880.0
12244,V012245,Light Truck,7,3500,Diesel,89.4,168377.0
12245,V012246,Medium Truck,14,8000,Diesel,68.77,117437.0
12246,V012247,Motorbike,3,50,Petrol,78.43,287571.0
12247,V012248,Light Truck,0,3500,Diesel,76.68,105378.0
12248,V012249,Medium Truck,10,8000,Diesel,77.13,330674.0
12249,V012250,Medium Truck,5,8000,Diesel,76.21,300891.0
12250,V012251,Heavy Truck,11,20000,Diesel,77.62,346617.0
12251,V012252,Light Truck,9,3500,Diesel,66.3,243674.0
12252,V012253,Medium Truck,3,8000,Diesel,100.0,119754.0
12253,V012254,Van,14,1000,Petrol,76.36,227614.0
12254,V012255,Light Truck,10,3500,Diesel,81.03,238754.0
12255,V012256,Motorbike,6,50,Petrol,80.33,261542.0
12256,V012257,Light Truck,12,3500,Diesel,73.89,150418.0
12257,V012258,Medium Truck,6,8000,Diesel,94.14,100771.0
12258,V012259,Heavy Truck,11,20000,Diesel,75.64,163258.0
12259,V012260,Medium Truck,10,8000,Diesel,83.56,109587.0
12260,V012261,Van,0,1000,Petrol,83.77,201982.0
12261,V012262,Light Truck,8,3500,Diesel,98.9,111282.0
12262,V012263,Light Truck,6,3500,Diesel,60.9,219635.0
12263,V012264,Van,6,1000,Petrol,69.18,220115.0
12264,V012265,Van,12,1000,Petrol,96.2,130536.0
12265,V012266,Van,5,1000,Petrol,82.11,298199.0
12266,V012267,Motorbike,9,50,Petrol,73.32,144685.0
12267,V012268,Van,10,1000,Petrol,97.54,81673.0
12268,V012269,Van,7,1000,Petrol,97.92,159051.0
12269,V012270,Van,14,1000,Petrol,79.73,123362.0
12270,V012271,Light Truck,3,3500,Diesel,81.7,286882.0
12271,V012272,Light Truck,14,3500,Diesel,67.74,9930.0
12272,V012273,Heavy Truck,5,20000,Diesel,94.59,171279.0
12273,V012274,Medium Truck,6,8000,Diesel,72.41,187824.0
12274,V012275,Light Truck,9,3500,Diesel,73.62,184764.0
12275,V012276,Light Truck,1,3500,Diesel,42.58,200463.0
12276,V012277,Light Truck,2,3500,Diesel,100.0,181052.0
12277,V012278,Light Truck,12,3500,Diesel,87.01,181447.0
12278,V012279,Van,6,1000,Petrol,73.19,150681.0
12279,V012280,Van,7,1000,Petrol,100.0,277291.0
12280,V012281,Van,7,1000,Petrol,91.02,199186.0
12281,V012282,Medium Truck,0,8000,Diesel,86.74,320949.0
12282,V012283,Van,11,1000,Petrol,88.98,138812.0
12283,V012284,Light Truck,5,3500,Diesel,97.62,164212.0
12284,V012285,Van,7,1000,Petrol,84.76,102465.0
12285,V012286,Medium Truck,12,8000,Diesel,48.31,134717.0
12286,V012287,Light Truck,10,3500,Diesel,75.8,354090.0
12287,V012288,Medium Truck,6,8000,Diesel,100.0,252771.0
12288,V012289,Heavy Truck,0,20000,Diesel,70.0,164544.0
12289,V012290,Van,8,1000,Petrol,80.82,224382.0
12290,V012291,Light Truck,1,3500,Diesel,63.08,235176.0
12291,V012292,Van,11,1000,Petrol,64.02,101696.0
12292,V012293,Van,1,1000,Petrol,83.79,336862.0
12293,V012294,Light Truck,5,3500,Diesel,68.26,101848.0
12294,V012295,Medium Truck,11,8000,Diesel,86.67,120005.0
12295,V012296,Heavy Truck,13,20000,Diesel,79.81,202218.0
12296,V012297,Van,11,1000,Petrol,82.86,205324.0
12297,V012298,Light Truck,7,3500,Diesel,82.05,296977.0
12298,V012299,Medium Truck,6,8000,Diesel,93.48,184099.0
12299,V012300,Light Truck,10,3500,Diesel,85.21,137444.0
12300,V012301,Motorbike,9,50,Petrol,76.75,174372.0
12301,V012302,Light Truck,8,3500,Diesel,90.02,163338.0
12302,V012303,Van,3,1000,Petrol,81.88,158879.0
12303,V012304,Medium Truck,2,8000,Diesel,81.31,1000.0
12304,V012305,Van,9,1000,Petrol,84.25,183567.0
12305,V012306,Heavy Truck,10,20000,Diesel,91.46,294052.0
12306,V012307,Light Truck,1,3500,Diesel,77.54,210500.0
12307,V012308,Medium Truck,7,8000,Diesel,73.35,332544.0
12308,V012309,Heavy Truck,1,20000,Diesel,67.64,250101.0
12309,V012310,Motorbike,13,50,Petrol,93.74,11395.0
12310,V012311,Medium Truck,1,8000,Diesel,83.23,279529.0
12311,V012312,Light Truck,13,3500,Diesel,75.83,54059.0
12312,V012313,Light Truck,3,3500,Diesel,91.84,357993.0
12313,V012314,Van,6,1000,Petrol,85.51,362924.0
12314,V012315,Medium Truck,7,8000,Diesel,93.57,187824.0
12315,V012316,Light Truck,2,3500,Diesel,94.89,91501.0
12316,V012317,Light Truck,11,3500,Diesel,92.84,122080.0
12317,V012318,Motorbike,2,50,Petrol,67.62,200981.0
12318,V012319,Van,12,1000,Petrol,97.27,38753.0
12319,V012320,Light Truck,6,3500,Diesel,82.68,188991.0
12320,V012321,Medium Truck,12,8000,Diesel,89.33,125051.0
12321,V012322,Van,9,1000,Petrol,88.36,174246.0
12322,V012323,Medium Truck,9,8000,Diesel,100.0,182645.0
12323,V012324,Van,1,1000,Petrol,95.17,158501.0
12324,V012325,Light Truck,13,3500,Diesel,69.67,121547.0
12325,V012326,Medium Truck,5,8000,Diesel,85.76,179223.0
12326,V012327,Van,2,1000,Petrol,79.99,178659.0
12327,V012328,Motorbike,2,50,Petrol,86.31,182259.0
12328,V012329,Medium Truck,10,8000,Diesel,81.67,294735.0
12329,V012330,Medium Truck,12,8000,Diesel,78.95,294001.0
12330,V012331,Light Truck,5,3500,Diesel,85.84,250952.0
12331,V012332,Light Truck,11,3500,Diesel,74.9,310903.0
12332,V012333,Van,8,1000,Petrol,97.5,82290.0
12333,V012334,Light Truck,7,3500,Diesel,71.59,69802.0
12334,V012335,Van,3,1000,Petrol,75.28,44638.0
12335,V012336,Van,1,1000,Petrol,98.58,44281.0
12336,V012337,Van,14,1000,Petrol,81.13,118632.0
12337,V012338,Medium Truck,4,8000,Diesel,85.73,221112.0
12338,V012339,Van,0,1000,Petrol,75.71,173374.0
12339,V012340,Van,12,1000,Petrol,82.15,62108.0
12340,V012341,Van,2,1000,Petrol,83.29,101083.0
12341,V012342,Medium Truck,10,8000,Diesel,74.51,190182.0
12342,V012343,Van,10,1000,Petrol,82.67,100537.0
12343,V012344,Light Truck,12,3500,Diesel,76.02,133237.0
12344,V012345,Medium Truck,14,8000,Diesel,91.89,114065.0
12345,V012346,Light Truck,13,3500,Diesel,96.24,221035.0
12346,V012347,Light Truck,5,3500,Diesel,72.81,109088.0
12347,V012348,Light Truck,6,3500,Diesel,83.93,23114.0
12348,V012349,Light Truck,12,3500,Diesel,93.01,171931.0
12349,V012350,Medium Truck,3,8000,Diesel,75.08,231768.0
12350,V012351,Heavy Truck,6,20000,Diesel,70.81,228651.0
12351,V012352,Van,8,1000,Petrol,82.83,293229.0
12352,V012353,Van,7,1000,Petrol,71.03,220323.0
12353,V012354,Van,6,1000,Petrol,87.28,384588.0
12354,V012355,Light Truck,8,3500,Diesel,94.55,421042.0
12355,V012356,Van,9,1000,Petrol,72.48,338178.0
12356,V012357,Van,9,1000,Petrol,92.73,190540.0
12357,V012358,Light Truck,10,3500,Diesel,96.99,279743.0
12358,V012359,Van,8,1000,Petrol,96.14,356333.0
12359,V012360,Medium Truck,6,8000,Diesel,72.68,64417.0
12360,V012361,Medium Truck,3,8000,Diesel,90.33,264870.0
12361,V012362,Light Truck,3,3500,Diesel,90.44,115119.0
12362,V012363,Medium Truck,9,8000,Diesel,68.53,80276.0
12363,V012364,Van,6,1000,Petrol,100.0,76591.0
12364,V012365,Medium Truck,13,8000,Diesel,69.07,236572.0
12365,V012366,Light Truck,12,3500,Diesel,78.37,233379.0
12366,V012367,Light Truck,3,3500,Diesel,63.35,229690.0
12367,V012368,Medium Truck,10,8000,Diesel,87.77,305411.0
12368,V012369,Light Truck,6,3500,Diesel,79.36,145780.0
12369,V012370,Light Truck,7,3500,Diesel,96.57,175353.0
12370,V012371,Van,4,1000,Petrol,100.0,172875.0
12371,V012372,Van,2,1000,Petrol,89.84,201409.0
12372,V012373,Motorbike,4,50,Petrol,90.21,176466.0
12373,V012374,Light Truck,0,3500,Diesel,81.25,97364.0
12374,V012375,Medium Truck,14,8000,Diesel,92.2,130098.0
12375,V012376,Van,11,1000,Petrol,78.2,110036.0
12376,V012377,Medium Truck,8,8000,Diesel,78.96,52606.0
12377,V012378,Van,8,1000,Petrol,76.66,220511.0
12378,V012379,Light Truck,1,3500,Diesel,90.8,146633.0
12379,V012380,Heavy Truck,13,20000,Diesel,92.81,72436.0
12380,V012381,Light Truck,7,3500,Diesel,74.37,122934.0
12381,V012382,Van,6,1000,Petrol,86.55,115684.0
12382,V012383,Light Truck,9,3500,Diesel,100.0,339426.0
12383,V012384,Medium Truck,8,8000,Diesel,82.14,219072.0
12384,V012385,Van,12,1000,Petrol,88.02,227030.0
12385,V012386,Medium Truck,2,8000,Diesel,70.88,278149.0
12386,V012387,Van,9,1000,Petrol,81.94,81247.0
12387,V012388,Medium Truck,7,8000,Diesel,98.19,381975.0
12388,V012389,Light Truck,13,3500,Diesel,91.79,38348.0
12389,V012390,Van,10,1000,Petrol,100.0,169579.0
12390,V012391,Van,12,1000,Petrol,80.58,62741.0
12391,V012392,Van,14,1000,Petrol,86.27,73757.0
12392,V012393,Light Truck,2,3500,Diesel,94.39,1000.0
12393,V012394,Light Truck,12,3500,Diesel,50.67,282023.0
12394,V012395,Medium Truck,14,8000,Diesel,69.83,316073.0
12395,V012396,Light Truck,10,3500,Diesel,85.22,203189.0
12396,V012397,Medium Truck,13,8000,Diesel,63.11,214853.0
12397,V012398,Motorbike,11,50,Petrol,46.93,157159.0
12398,V012399,Light Truck,2,3500,Diesel,68.02,144681.0
12399,V012400,Light Truck,5,3500,Diesel,73.54,148365.0
12400,V012401,Heavy Truck,5,20000,Diesel,66.45,225023.0
12401,V012402,Van,11,1000,Petrol,69.18,199155.0
12402,V012403,Medium Truck,0,8000,Diesel,96.76,151109.0
12403,V012404,Medium Truck,7,8000,Diesel,84.41,337331.0
12404,V012405,Heavy Truck,5,20000,Diesel,68.76,184976.0
12405,V012406,Heavy Truck,0,20000,Diesel,82.65,148963.0
12406,V012407,Van,9,1000,Petrol,86.81,154677.0
12407,V012408,Heavy Truck,12,20000,Diesel,83.58,123041.0
12408,V012409,Van,1,1000,Petrol,66.04,71474.0
12409,V012410,Light Truck,9,3500,Diesel,100.0,179593.0
12410,V012411,Light Truck,0,3500,Diesel,87.05,137618.0
12411,V012412,Medium Truck,1,8000,Diesel,100.0,166767.0
12412,V012413,Light Truck,6,3500,Diesel,69.95,187702.0
12413,V012414,Van,12,1000,Petrol,78.57,164102.0
12414,V012415,Light Truck,12,3500,Diesel,100.0,160388.0
12415,V012416,Motorbike,0,50,Petrol,90.94,260927.0
12416,V012417,Van,10,1000,Petrol,91.38,206037.0
12417,V012418,Medium Truck,8,8000,Diesel,76.65,30553.0
12418,V012419,Medium Truck,8,8000,Diesel,97.15,109398.0
12419,V012420,Medium Truck,3,8000,Diesel,88.88,191904.0
12420,V012421,Heavy Truck,9,20000,Diesel,55.73,107740.0
12421,V012422,Medium Truck,2,8000,Diesel,83.63,381691.0
12422,V012423,Light Truck,8,3500,Diesel,62.6,179166.0
12423,V012424,Medium Truck,11,8000,Diesel,91.72,203454.0
12424,V012425,Medium Truck,11,8000,Diesel,69.62,195597.0
12425,V012426,Medium Truck,4,8000,Diesel,92.78,182729.0
12426,V012427,Light Truck,3,3500,Diesel,80.43,153213.0
12427,V012428,Van,11,1000,Petrol,100.0,184584.0
12428,V012429,Heavy Truck,0,20000,Diesel,85.81,289713.0
12429,V012430,Medium Truck,13,8000,Diesel,100.0,187102.0
12430,V012431,Van,3,1000,Petrol,84.89,221365.0
12431,V012432,Van,14,1000,Petrol,93.39,195490.0
12432,V012433,Light Truck,9,3500,Diesel,75.52,86405.0
12433,V012434,Heavy Truck,3,20000,Diesel,94.76,133942.0
12434,V012435,Medium Truck,9,8000,Diesel,62.48,222688.0
12435,V012436,Light Truck,0,3500,Diesel,73.77,215216.0
12436,V012437,Medium Truck,3,8000,Diesel,59.7,316284.0
12437,V012438,Light Truck,13,3500,Diesel,73.42,225441.0
12438,V012439,Van,11,1000,Petrol,83.85,227913.0
12439,V012440,Van,9,1000,Petrol,61.84,112570.0
12440,V012441,Medium Truck,8,8000,Diesel,65.71,267943.0
12441,V012442,Medium Truck,8,8000,Diesel,58.84,27209.0
12442,V012443,Light Truck,14,3500,Diesel,71.31,18744.0
12443,V012444,Van,4,1000,Petrol,85.28,138206.0
12444,V012445,Medium Truck,5,8000,Diesel,88.24,233044.0
12445,V012446,Light Truck,8,3500,Diesel,66.58,135996.0
12446,V012447,Light Truck,3,3500,Diesel,78.06,148495.0
12447,V012448,Van,1,1000,Petrol,88.52,1000.0
12448,V012449,Light Truck,13,3500,Diesel,45.56,133710.0
12449,V012450,Medium Truck,5,8000,Diesel,93.19,246889.0
12450,V012451,Medium Truck,13,8000,Diesel,80.4,106935.0
12451,V012452,Medium Truck,2,8000,Diesel,71.16,191189.0
12452,V012453,Light Truck,5,3500,Diesel,81.45,277006.0
12453,V012454,Light Truck,6,3500,Diesel,83.92,227053.0
12454,V012455,Van,3,1000,Petrol,90.66,55139.0
12455,V012456,Van,10,1000,Petrol,76.28,178805.0
12456,V012457,Light Truck,3,3500,Diesel,73.96,102390.0
12457,V012458,Van,6,1000,Petrol,67.15,263649.0
12458,V012459,Light Truck,6,3500,Diesel,86.64,1000.0
12459,V012460,Van,1,1000,Petrol,67.46,274971.0
12460,V012461,Van,0,1000,Petrol,91.75,266292.0
12461,V012462,Van,9,1000,Petrol,83.51,300068.0
12462,V012463,Medium Truck,2,8000,Diesel,56.67,249629.0
12463,V012464,Heavy Truck,0,20000,Diesel,78.47,163692.0
12464,V012465,Light Truck,14,3500,Diesel,76.83,132552.0
12465,V012466,Van,0,1000,Petrol,71.61,160509.0
12466,V012467,Light Truck,11,3500,Diesel,83.6,278346.0
12467,V012468,Medium Truck,14,8000,Diesel,80.24,196838.0
12468,V012469,Van,10,1000,Petrol,57.28,160174.0
12469,V012470,Light Truck,14,3500,Diesel,81.28,126833.0
12470,V012471,Light Truck,4,3500,Diesel,89.57,230084.0
12471,V012472,Medium Truck,0,8000,Diesel,77.68,1000.0
12472,V012473,Heavy Truck,9,20000,Diesel,65.69,220052.0
12473,V012474,Light Truck,9,3500,Diesel,71.33,160094.0
12474,V012475,Van,6,1000,Petrol,63.46,60398.0
12475,V012476,Light Truck,0,3500,Diesel,51.27,274284.0
12476,V012477,Medium Truck,12,8000,Diesel,77.32,168024.0
12477,V012478,Light Truck,12,3500,Diesel,96.97,57178.0
12478,V012479,Heavy Truck,7,20000,Diesel,89.37,109459.0
12479,V012480,Light Truck,11,3500,Diesel,78.18,158611.0
12480,V012481,Van,3,1000,Petrol,66.02,213752.0
12481,V012482,Medium Truck,13,8000,Diesel,81.69,97507.0
12482,V012483,Light Truck,2,3500,Diesel,90.87,262407.0
12483,V012484,Van,7,1000,Petrol,86.21,302150.0
12484,V012485,Van,9,1000,Petrol,78.72,139820.0
12485,V012486,Medium Truck,14,8000,Diesel,87.2,116616.0
12486,V012487,Light Truck,12,3500,Diesel,66.78,154451.0
12487,V012488,Medium Truck,14,8000,Diesel,100.0,193689.0
12488,V012489,Medium Truck,6,8000,Diesel,71.1,212591.0
12489,V012490,Light Truck,12,3500,Diesel,90.27,176362.0
12490,V012491,Light Truck,3,3500,Diesel,81.71,174181.0
12491,V012492,Van,11,1000,Petrol,73.24,218325.0
12492,V012493,Light Truck,3,3500,Diesel,87.91,273071.0
12493,V012494,Light Truck,2,3500,Diesel,94.91,179728.0
12494,V012495,Medium Truck,9,8000,Diesel,81.71,239739.0
12495,V012496,Light Truck,8,3500,Diesel,68.9,176313.0
12496,V012497,Van,11,1000,Petrol,100.0,279787.0
12497,V012498,Light Truck,13,3500,Diesel,94.1,116827.0
12498,V012499,Heavy Truck,3,20000,Diesel,79.29,156224.0
12499,V012500,Light Truck,8,3500,Diesel,78.64,70685.0
12500,V012501,Medium Truck,5,8000,Diesel,75.25,315094.0
12501,V012502,Van,1,1000,Petrol,97.78,105562.0
12502,V012503,Heavy Truck,9,20000,Diesel,87.73,94889.0
12503,V012504,Heavy Truck,10,20000,Diesel,70.3,335114.0
12504,V012505,Medium Truck,8,8000,Diesel,92.04,220645.0
12505,V012506,Van,10,1000,Petrol,74.67,216139.0
12506,V012507,Motorbike,9,50,Petrol,91.18,158219.0
12507,V012508,Light Truck,3,3500,Diesel,72.26,235698.0
12508,V012509,Heavy Truck,6,20000,Diesel,67.94,173064.0
12509,V012510,Van,12,1000,Petrol,92.61,1000.0
12510,V012511,Light Truck,11,3500,Diesel,68.9,223703.0
12511,V012512,Light Truck,0,3500,Diesel,82.49,119987.0
12512,V012513,Van,9,1000,Petrol,65.75,190979.0
12513,V012514,Van,6,1000,Petrol,83.51,184737.0
12514,V012515,Van,13,1000,Petrol,65.37,219476.0
12515,V012516,Van,10,1000,Petrol,65.86,138469.0
12516,V012517,Light Truck,6,3500,Diesel,91.86,119162.0
12517,V012518,Light Truck,8,3500,Diesel,91.19,171520.0
12518,V012519,Heavy Truck,0,20000,Diesel,70.17,103399.0
12519,V012520,Medium Truck,6,8000,Diesel,92.27,245901.0
12520,V012521,Light Truck,13,3500,Diesel,79.91,65609.0
12521,V012522,Heavy Truck,4,20000,Diesel,74.33,147546.0
12522,V012523,Heavy Truck,10,20000,Diesel,73.89,263964.0
12523,V012524,Medium Truck,2,8000,Diesel,83.68,389945.0
12524,V012525,Light Truck,6,3500,Diesel,62.4,116959.0
12525,V012526,Light Truck,5,3500,Diesel,86.3,247937.0
12526,V012527,Van,4,1000,Petrol,98.11,255808.0
12527,V012528,Heavy Truck,1,20000,Diesel,68.89,161123.0
12528,V012529,Van,7,1000,Petrol,98.17,242344.0
12529,V012530,Van,11,1000,Petrol,98.91,92866.0
12530,V012531,Van,13,1000,Petrol,70.99,162951.0
12531,V012532,Van,9,1000,Petrol,83.11,58553.0
12532,V012533,Light Truck,14,3500,Diesel,100.0,228693.0
12533,V012534,Van,2,1000,Petrol,85.16,364562.0
12534,V012535,Medium Truck,2,8000,Diesel,54.7,317570.0
12535,V012536,Van,7,1000,Petrol,89.43,156089.0
12536,V012537,Heavy Truck,14,20000,Diesel,87.69,216967.0
12537,V012538,Heavy Truck,7,20000,Diesel,76.95,135512.0
12538,V012539,Light Truck,7,3500,Diesel,76.5,108748.0
12539,V012540,Heavy Truck,12,20000,Diesel,77.52,377394.0
12540,V012541,Light Truck,5,3500,Diesel,73.91,281224.0
12541,V012542,Light Truck,3,3500,Diesel,87.42,173344.0
12542,V012543,Van,5,1000,Petrol,62.59,109649.0
12543,V012544,Heavy Truck,6,20000,Diesel,85.46,349097.0
12544,V012545,Van,7,1000,Petrol,70.16,138582.0
12545,V012546,Van,8,1000,Petrol,74.26,79980.0
12546,V012547,Medium Truck,14,8000,Diesel,93.05,136367.0
12547,V012548,Van,3,1000,Petrol,89.03,231439.0
12548,V012549,Medium Truck,5,8000,Diesel,88.25,68617.0
12549,V012550,Medium Truck,10,8000,Diesel,89.34,246088.0
12550,V012551,Medium Truck,12,8000,Diesel,90.55,184095.0
12551,V012552,Van,9,1000,Petrol,93.08,219094.0
12552,V012553,Medium Truck,10,8000,Diesel,76.61,84917.0
12553,V012554,Medium Truck,5,8000,Diesel,68.01,198975.0
12554,V012555,Medium Truck,0,8000,Diesel,68.46,160400.0
12555,V012556,Light Truck,3,3500,Diesel,71.52,220141.0
12556,V012557,Light Truck,14,3500,Diesel,100.0,61744.0
12557,V012558,Heavy Truck,10,20000,Diesel,55.93,153790.0
12558,V012559,Medium Truck,13,8000,Diesel,70.93,140316.0
12559,V012560,Light Truck,12,3500,Diesel,93.69,195453.0
12560,V012561,Heavy Truck,4,20000,Diesel,93.28,99700.0
12561,V012562,Light Truck,13,3500,Diesel,56.14,114082.0
12562,V012563,Van,12,1000,Petrol,87.73,92766.0
12563,V012564,Light Truck,0,3500,Diesel,63.94,283292.0
12564,V012565,Van,3,1000,Petrol,100.0,146605.0
12565,V012566,Van,14,1000,Petrol,72.2,205890.0
12566,V012567,Van,8,1000,Petrol,79.29,313661.0
12567,V012568,Van,13,1000,Petrol,77.87,137289.0
12568,V012569,Medium Truck,12,8000,Diesel,81.81,162963.0
12569,V012570,Van,13,1000,Petrol,64.57,211224.0
12570,V012571,Heavy Truck,13,20000,Diesel,74.01,244198.0
12571,V012572,Van,11,1000,Petrol,71.56,124972.0
12572,V012573,Van,4,1000,Petrol,73.46,19194.0
12573,V012574,Light Truck,5,3500,Diesel,96.5,245300.0
12574,V012575,Medium Truck,13,8000,Diesel,82.26,259697.0
12575,V012576,Medium Truck,3,8000,Diesel,88.57,151081.0
12576,V012577,Van,11,1000,Petrol,91.7,214192.0
12577,V012578,Light Truck,10,3500,Diesel,68.74,192122.0
12578,V012579,Light Truck,11,3500,Diesel,82.63,86335.0
12579,V012580,Heavy Truck,7,20000,Diesel,79.43,115336.0
12580,V012581,Heavy Truck,14,20000,Diesel,76.48,314160.0
12581,V012582,Light Truck,8,3500,Diesel,64.76,250448.0
12582,V012583,Light Truck,13,3500,Diesel,63.36,231840.0
12583,V012584,Medium Truck,13,8000,Diesel,79.13,214175.0
12584,V012585,Van,12,1000,Petrol,82.25,1000.0
12585,V012586,Medium Truck,14,8000,Diesel,65.64,257200.0
12586,V012587,Van,8,1000,Petrol,100.0,183005.0
12587,V012588,Light Truck,12,3500,Diesel,54.95,280355.0
12588,V012589,Medium Truck,11,8000,Diesel,70.89,262971.0
12589,V012590,Van,0,1000,Petrol,66.23,160624.0
12590,V012591,Van,0,1000,Petrol,59.96,200773.0
12591,V012592,Van,13,1000,Petrol,100.0,250483.0
12592,V012593,Medium Truck,3,8000,Diesel,68.32,97878.0
12593,V012594,Van,11,1000,Petrol,87.93,79956.0
12594,V012595,Medium Truck,9,8000,Diesel,55.52,332306.0
12595,V012596,Medium Truck,8,8000,Diesel,70.61,295155.0
12596,V012597,Medium Truck,5,8000,Diesel,91.76,78520.0
12597,V012598,Van,5,1000,Petrol,91.33,174434.0
12598,V012599,Heavy Truck,11,20000,Diesel,93.43,271702.0
12599,V012600,Light Truck,3,3500,Diesel,86.14,181660.0
12600,V012601,Van,11,1000,Petrol,68.88,178832.0
12601,V012602,Medium Truck,4,8000,Diesel,100.0,131851.0
12602,V012603,Van,7,1000,Petrol,62.05,1000.0
12603,V012604,Light Truck,10,3500,Diesel,65.06,239303.0
12604,V012605,Van,13,1000,Petrol,94.23,134727.0
12605,V012606,Van,1,1000,Petrol,100.0,303077.0
12606,V012607,Van,8,1000,Petrol,92.4,142453.0
12607,V012608,Medium Truck,13,8000,Diesel,91.33,271238.0
12608,V012609,Medium Truck,14,8000,Diesel,76.54,143576.0
12609,V012610,Van,7,1000,Petrol,75.81,117133.0
12610,V012611,Light Truck,3,3500,Diesel,62.89,55146.0
12611,V012612,Medium Truck,10,8000,Diesel,90.07,145914.0
12612,V012613,Heavy Truck,12,20000,Diesel,85.45,144086.0
12613,V012614,Medium Truck,9,8000,Diesel,78.77,202039.0
12614,V012615,Medium Truck,10,8000,Diesel,67.56,206766.0
12615,V012616,Medium Truck,8,8000,Diesel,81.47,43375.0
12616,V012617,Heavy Truck,7,20000,Diesel,71.09,47328.0
12617,V012618,Light Truck,14,3500,Diesel,61.45,257093.0
12618,V012619,Light Truck,4,3500,Diesel,69.13,339356.0
12619,V012620,Light Truck,14,3500,Diesel,71.86,26082.0
12620,V012621,Van,6,1000,Petrol,98.37,308234.0
12621,V012622,Van,13,1000,Petrol,88.66,223955.0
12622,V012623,Light Truck,0,3500,Diesel,65.47,89039.0
12623,V012624,Van,5,1000,Petrol,91.5,115611.0
12624,V012625,Heavy Truck,7,20000,Diesel,99.38,224290.0
12625,V012626,Motorbike,5,50,Petrol,86.96,149956.0
12626,V012627,Medium Truck,12,8000,Diesel,100.0,203981.0
12627,V012628,Light Truck,0,3500,Diesel,92.19,68186.0
12628,V012629,Heavy Truck,9,20000,Diesel,73.81,247444.0
12629,V012630,Light Truck,14,3500,Diesel,100.0,39724.0
12630,V012631,Heavy Truck,9,20000,Diesel,82.72,163218.0
12631,V012632,Motorbike,7,50,Petrol,85.56,209825.0
12632,V012633,Heavy Truck,14,20000,Diesel,56.18,177936.0
12633,V012634,Medium Truck,10,8000,Diesel,72.12,138413.0
12634,V012635,Van,3,1000,Petrol,60.9,232394.0
12635,V012636,Light Truck,12,3500,Diesel,47.39,221800.0
12636,V012637,Heavy Truck,6,20000,Diesel,71.55,219973.0
12637,V012638,Light Truck,7,3500,Diesel,82.23,283072.0
12638,V012639,Medium Truck,7,8000,Diesel,74.42,163470.0
12639,V012640,Light Truck,7,3500,Diesel,77.61,208880.0
12640,V012641,Medium Truck,2,8000,Diesel,71.52,121503.0
12641,V012642,Light Truck,0,3500,Diesel,54.14,121934.0
12642,V012643,Light Truck,9,3500,Diesel,84.29,266460.0
12643,V012644,Light Truck,14,3500,Diesel,89.32,270615.0
12644,V012645,Medium Truck,4,8000,Diesel,88.89,291588.0
12645,V012646,Van,7,1000,Petrol,80.37,320022.0
12646,V012647,Light Truck,5,3500,Diesel,98.64,143795.0
12647,V012648,Light Truck,8,3500,Diesel,100.0,156923.0
12648,V012649,Medium Truck,5,8000,Diesel,85.69,205731.0
12649,V012650,Medium Truck,6,8000,Diesel,74.88,147817.0
12650,V012651,Medium Truck,13,8000,Diesel,67.62,132232.0
12651,V012652,Medium Truck,6,8000,Diesel,59.82,194273.0
12652,V012653,Medium Truck,13,8000,Diesel,73.07,71067.0
12653,V012654,Heavy Truck,2,20000,Diesel,72.46,270948.0
12654,V012655,Medium Truck,11,8000,Diesel,55.74,363448.0
12655,V012656,Medium Truck,2,8000,Diesel,54.85,120828.0
12656,V012657,Heavy Truck,11,20000,Diesel,100.0,155378.0
12657,V012658,Medium Truck,8,8000,Diesel,69.94,221243.0
12658,V012659,Van,1,1000,Petrol,64.16,136754.0
12659,V012660,Heavy Truck,12,20000,Diesel,97.18,105119.0
12660,V012661,Medium Truck,1,8000,Diesel,82.78,345615.0
12661,V012662,Van,8,1000,Petrol,78.91,172325.0
12662,V012663,Light Truck,3,3500,Diesel,92.21,77454.0
12663,V012664,Medium Truck,3,8000,Diesel,90.23,161349.0
12664,V012665,Van,6,1000,Petrol,100.0,133611.0
12665,V012666,Light Truck,3,3500,Diesel,100.0,73386.0
12666,V012667,Van,14,1000,Petrol,87.89,211519.0
12667,V012668,Van,2,1000,Petrol,68.87,90268.0
12668,V012669,Heavy Truck,9,20000,Diesel,84.73,307951.0
12669,V012670,Light Truck,13,3500,Diesel,88.42,204626.0
12670,V012671,Van,10,1000,Petrol,78.91,38873.0
12671,V012672,Light Truck,3,3500,Diesel,68.09,250975.0
12672,V012673,Van,6,1000,Petrol,81.76,130082.0
12673,V012674,Van,3,1000,Petrol,85.56,153169.0
12674,V012675,Medium Truck,14,8000,Diesel,76.83,275130.0
12675,V012676,Heavy Truck,7,20000,Diesel,81.56,149122.0
12676,V012677,Van,8,1000,Petrol,87.4,226517.0
12677,V012678,Heavy Truck,13,20000,Diesel,98.17,45506.0
12678,V012679,Van,11,1000,Petrol,79.44,204259.0
12679,V012680,Medium Truck,1,8000,Diesel,100.0,194897.0
12680,V012681,Heavy Truck,13,20000,Diesel,85.87,105135.0
12681,V012682,Van,5,1000,Petrol,67.72,173195.0
12682,V012683,Medium Truck,5,8000,Diesel,92.1,263947.0
12683,V012684,Van,4,1000,Petrol,74.48,291885.0
12684,V012685,Heavy Truck,14,20000,Diesel,100.0,97100.0
12685,V012686,Van,0,1000,Petrol,82.19,119029.0
12686,V012687,Medium Truck,6,8000,Diesel,85.25,234042.0
12687,V012688,Light Truck,8,3500,Diesel,82.66,127243.0
12688,V012689,Van,14,1000,Petrol,66.63,132912.0
12689,V012690,Light Truck,7,3500,Diesel,100.0,239769.0
12690,V012691,Light Truck,11,3500,Diesel,72.89,39952.0
12691,V012692,Medium Truck,10,8000,Diesel,74.04,191170.0
12692,V012693,Light Truck,10,3500,Diesel,99.08,164078.0
12693,V012694,Light Truck,6,3500,Diesel,86.8,102489.0
12694,V012695,Van,0,1000,Petrol,77.25,70024.0
12695,V012696,Motorbike,5,50,Petrol,65.62,276645.0
12696,V012697,Light Truck,10,3500,Diesel,100.0,137916.0
12697,V012698,Heavy Truck,1,20000,Diesel,94.22,198774.0
12698,V012699,Medium Truck,14,8000,Diesel,69.98,88330.0
12699,V012700,Van,11,1000,Petrol,84.41,155196.0
12700,V012701,Medium Truck,14,8000,Diesel,70.65,333163.0
12701,V012702,Light Truck,1,3500,Diesel,91.18,228708.0
12702,V012703,Medium Truck,14,8000,Diesel,93.28,163693.0
12703,V012704,Medium Truck,7,8000,Diesel,83.33,226129.0
12704,V012705,Medium Truck,6,8000,Diesel,81.96,155992.0
12705,V012706,Light Truck,10,3500,Diesel,70.02,44902.0
12706,V012707,Van,10,1000,Petrol,78.29,245014.0
12707,V012708,Light Truck,6,3500,Diesel,92.68,225260.0
12708,V012709,Van,4,1000,Petrol,87.13,221791.0
12709,V012710,Light Truck,14,3500,Diesel,88.17,278749.0
12710,V012711,Medium Truck,7,8000,Diesel,71.39,98370.0
12711,V012712,Medium Truck,0,8000,Diesel,79.76,301260.0
12712,V012713,Van,9,1000,Petrol,84.72,81396.0
12713,V012714,Van,12,1000,Petrol,88.07,327233.0
12714,V012715,Van,11,1000,Petrol,77.88,219203.0
12715,V012716,Motorbike,6,50,Petrol,89.25,142243.0
12716,V012717,Heavy Truck,10,20000,Diesel,81.04,259870.0
12717,V012718,Light Truck,7,3500,Diesel,92.93,256684.0
12718,V012719,Light Truck,4,3500,Diesel,85.54,234803.0
12719,V012720,Light Truck,2,3500,Diesel,66.83,121067.0
12720,V012721,Medium Truck,10,8000,Diesel,57.87,37612.0
12721,V012722,Light Truck,14,3500,Diesel,77.45,242708.0
12722,V012723,Medium Truck,0,8000,Diesel,63.18,362640.0
12723,V012724,Light Truck,13,3500,Diesel,65.31,175764.0
12724,V012725,Van,14,1000,Petrol,89.77,277107.0
12725,V012726,Heavy Truck,14,20000,Diesel,72.91,245075.0
12726,V012727,Light Truck,3,3500,Diesel,94.74,200348.0
12727,V012728,Medium Truck,13,8000,Diesel,92.55,291405.0
12728,V012729,Medium Truck,6,8000,Diesel,79.7,230146.0
12729,V012730,Van,6,1000,Petrol,90.58,233625.0
12730,V012731,Van,3,1000,Petrol,86.93,24790.0
12731,V012732,Van,7,1000,Petrol,76.54,126278.0
12732,V012733,Heavy Truck,10,20000,Diesel,74.59,240568.0
12733,V012734,Light Truck,4,3500,Diesel,80.34,200444.0
12734,V012735,Medium Truck,9,8000,Diesel,85.15,137809.0
12735,V012736,Light Truck,0,3500,Diesel,85.41,274246.0
12736,V012737,Medium Truck,0,8000,Diesel,64.81,210207.0
12737,V012738,Heavy Truck,7,20000,Diesel,82.47,72988.0
12738,V012739,Light Truck,3,3500,Diesel,61.6,153338.0
12739,V012740,Light Truck,3,3500,Diesel,92.13,133902.0
12740,V012741,Medium Truck,0,8000,Diesel,69.95,45958.0
12741,V012742,Medium Truck,7,8000,Diesel,77.5,287544.0
12742,V012743,Medium Truck,6,8000,Diesel,100.0,332328.0
12743,V012744,Heavy Truck,14,20000,Diesel,92.92,388798.0
12744,V012745,Medium Truck,9,8000,Diesel,70.79,328897.0
12745,V012746,Heavy Truck,2,20000,Diesel,100.0,342587.0
12746,V012747,Motorbike,4,50,Petrol,84.93,126368.0
12747,V012748,Van,4,1000,Petrol,79.76,25131.0
12748,V012749,Light Truck,9,3500,Diesel,81.03,252596.0
12749,V012750,Van,10,1000,Petrol,100.0,307591.0
12750,V012751,Heavy Truck,8,20000,Diesel,63.63,96037.0
12751,V012752,Heavy Truck,2,20000,Diesel,61.26,108475.0
12752,V012753,Medium Truck,9,8000,Diesel,94.02,424609.0
12753,V012754,Van,2,1000,Petrol,95.44,185277.0
12754,V012755,Light Truck,2,3500,Diesel,73.51,227128.0
12755,V012756,Motorbike,1,50,Petrol,85.11,215556.0
12756,V012757,Van,7,1000,Petrol,71.26,242936.0
12757,V012758,Heavy Truck,1,20000,Diesel,91.73,237027.0
12758,V012759,Van,6,1000,Petrol,77.17,288039.0
12759,V012760,Light Truck,11,3500,Diesel,100.0,142111.0
12760,V012761,Medium Truck,5,8000,Diesel,98.54,206458.0
12761,V012762,Light Truck,12,3500,Diesel,81.3,250382.0
12762,V012763,Medium Truck,0,8000,Diesel,83.11,186013.0
12763,V012764,Light Truck,5,3500,Diesel,84.95,115303.0
12764,V012765,Heavy Truck,10,20000,Diesel,90.02,110907.0
12765,V012766,Light Truck,11,3500,Diesel,79.33,132427.0
12766,V012767,Van,5,1000,Petrol,96.14,1000.0
12767,V012768,Van,11,1000,Petrol,82.05,171853.0
12768,V012769,Light Truck,12,3500,Diesel,80.93,170954.0
12769,V012770,Van,14,1000,Petrol,100.0,156153.0
12770,V012771,Light Truck,1,3500,Diesel,93.25,262837.0
12771,V012772,Light Truck,12,3500,Diesel,69.59,209277.0
12772,V012773,Van,5,1000,Petrol,92.82,146216.0
12773,V012774,Light Truck,14,3500,Diesel,78.81,203343.0
12774,V012775,Van,11,1000,Petrol,84.0,81630.0
12775,V012776,Heavy Truck,14,20000,Diesel,65.91,311801.0
12776,V012777,Medium Truck,10,8000,Diesel,81.38,296522.0
12777,V012778,Heavy Truck,9,20000,Diesel,100.0,89116.0
12778,V012779,Van,9,1000,Petrol,88.66,180432.0
12779,V012780,Heavy Truck,3,20000,Diesel,88.66,103275.0
12780,V012781,Light Truck,9,3500,Diesel,82.98,166860.0
12781,V012782,Light Truck,13,3500,Diesel,75.96,293891.0
12782,V012783,Heavy Truck,10,20000,Diesel,99.77,275476.0
12783,V012784,Heavy Truck,13,20000,Diesel,82.66,131764.0
12784,V012785,Light Truck,13,3500,Diesel,96.86,225575.0
12785,V012786,Light Truck,10,3500,Diesel,82.64,228509.0
12786,V012787,Van,12,1000,Petrol,100.0,110510.0
12787,V012788,Heavy Truck,4,20000,Diesel,90.37,212345.0
12788,V012789,Light Truck,5,3500,Diesel,71.53,172948.0
12789,V012790,Motorbike,5,50,Petrol,81.67,348745.0
12790,V012791,Light Truck,9,3500,Diesel,58.51,97792.0
12791,V012792,Motorbike,1,50,Petrol,93.39,67967.0
12792,V012793,Van,11,1000,Petrol,63.32,321595.0
12793,V012794,Light Truck,0,3500,Diesel,81.21,140328.0
12794,V012795,Light Truck,14,3500,Diesel,71.27,29670.0
12795,V012796,Motorbike,9,50,Petrol,82.4,43430.0
12796,V012797,Motorbike,13,50,Petrol,72.23,179103.0
12797,V012798,Medium Truck,5,8000,Diesel,70.48,176306.0
12798,V012799,Van,13,1000,Petrol,97.13,154494.0
12799,V012800,Medium Truck,3,8000,Diesel,100.0,86251.0
12800,V012801,Light Truck,4,3500,Diesel,62.94,250732.0
12801,V012802,Van,14,1000,Petrol,72.06,183412.0
12802,V012803,Van,4,1000,Petrol,84.53,208614.0
12803,V012804,Heavy Truck,7,20000,Diesel,85.34,251208.0
12804,V012805,Light Truck,9,3500,Diesel,74.2,90868.0
12805,V012806,Light Truck,7,3500,Diesel,76.54,158562.0
12806,V012807,Light Truck,0,3500,Diesel,82.15,42846.0
12807,V012808,Light Truck,3,3500,Diesel,69.54,267978.0
12808,V012809,Van,12,1000,Petrol,87.57,174534.0
12809,V012810,Heavy Truck,8,20000,Diesel,88.43,229590.0
12810,V012811,Light Truck,9,3500,Diesel,89.12,127493.0
12811,V012812,Van,10,1000,Petrol,73.11,279492.0
12812,V012813,Light Truck,7,3500,Diesel,81.07,90294.0
12813,V012814,Van,2,1000,Petrol,89.41,58140.0
12814,V012815,Medium Truck,8,8000,Diesel,60.14,167892.0
12815,V012816,Medium Truck,9,8000,Diesel,85.72,389752.0
12816,V012817,Van,8,1000,Petrol,74.22,320630.0
12817,V012818,Van,7,1000,Petrol,71.47,235016.0
12818,V012819,Light Truck,11,3500,Diesel,66.68,285601.0
12819,V012820,Light Truck,13,3500,Diesel,76.83,287170.0
12820,V012821,Van,4,1000,Petrol,94.09,87742.0
12821,V012822,Motorbike,8,50,Petrol,84.21,180674.0
12822,V012823,Heavy Truck,10,20000,Diesel,81.92,311982.0
12823,V012824,Motorbike,1,50,Petrol,77.99,102857.0
12824,V012825,Van,14,1000,Petrol,82.41,175284.0
12825,V012826,Heavy Truck,13,20000,Diesel,93.88,212355.0
12826,V012827,Van,2,1000,Petrol,85.32,134339.0
12827,V012828,Van,7,1000,Petrol,90.21,131839.0
12828,V012829,Light Truck,2,3500,Diesel,87.85,7627.0
12829,V012830,Motorbike,2,50,Petrol,68.47,255905.0
12830,V012831,Medium Truck,12,8000,Diesel,83.38,143729.0
12831,V012832,Motorbike,8,50,Petrol,88.84,149899.0
12832,V012833,Van,4,1000,Petrol,76.98,245130.0
12833,V012834,Heavy Truck,12,20000,Diesel,81.62,1000.0
12834,V012835,Heavy Truck,13,20000,Diesel,67.84,273387.0
12835,V012836,Medium Truck,14,8000,Diesel,69.49,117821.0
12836,V012837,Heavy Truck,9,20000,Diesel,71.04,204830.0
12837,V012838,Light Truck,5,3500,Diesel,83.82,101623.0
12838,V012839,Van,2,1000,Petrol,82.45,79125.0
12839,V012840,Van,8,1000,Petrol,85.98,26504.0
12840,V012841,Medium Truck,4,8000,Diesel,100.0,30465.0
12841,V012842,Medium Truck,1,8000,Diesel,86.62,148792.0
12842,V012843,Light Truck,12,3500,Diesel,86.62,164476.0
12843,V012844,Light Truck,13,3500,Diesel,78.66,166075.0
12844,V012845,Light Truck,11,3500,Diesel,83.06,207157.0
12845,V012846,Medium Truck,9,8000,Diesel,88.75,195041.0
12846,V012847,Van,8,1000,Petrol,91.66,266767.0
12847,V012848,Light Truck,5,3500,Diesel,94.28,155238.0
12848,V012849,Medium Truck,11,8000,Diesel,68.59,24697.0
12849,V012850,Van,8,1000,Petrol,89.8,156201.0
12850,V012851,Van,13,1000,Petrol,86.24,228517.0
12851,V012852,Heavy Truck,12,20000,Diesel,95.26,245749.0
12852,V012853,Heavy Truck,13,20000,Diesel,100.0,285566.0
12853,V012854,Motorbike,6,50,Petrol,74.19,104401.0
12854,V012855,Light Truck,3,3500,Diesel,67.07,223484.0
12855,V012856,Van,0,1000,Petrol,71.27,69780.0
12856,V012857,Light Truck,4,3500,Diesel,86.15,312993.0
12857,V012858,Light Truck,5,3500,Diesel,76.52,70661.0
12858,V012859,Van,11,1000,Petrol,84.14,167123.0
12859,V012860,Light Truck,3,3500,Diesel,84.02,192859.0
12860,V012861,Van,2,1000,Petrol,72.53,143256.0
12861,V012862,Van,4,1000,Petrol,52.33,207141.0
12862,V012863,Van,4,1000,Petrol,75.71,154059.0
12863,V012864,Heavy Truck,1,20000,Diesel,83.03,72728.0
12864,V012865,Medium Truck,12,8000,Diesel,78.2,203823.0
12865,V012866,Heavy Truck,7,20000,Diesel,100.0,60037.0
12866,V012867,Light Truck,11,3500,Diesel,76.74,225898.0
12867,V012868,Light Truck,9,3500,Diesel,88.46,235808.0
12868,V012869,Medium Truck,0,8000,Diesel,66.46,1000.0
12869,V012870,Van,6,1000,Petrol,88.13,218297.0
12870,V012871,Van,5,1000,Petrol,73.52,205697.0
12871,V012872,Medium Truck,10,8000,Diesel,80.78,51615.0
12872,V012873,Light Truck,14,3500,Diesel,81.97,138335.0
12873,V012874,Van,7,1000,Petrol,71.73,44937.0
12874,V012875,Motorbike,9,50,Petrol,89.14,289281.0
12875,V012876,Medium Truck,13,8000,Diesel,77.64,115841.0
12876,V012877,Medium Truck,9,8000,Diesel,69.5,90993.0
12877,V012878,Light Truck,2,3500,Diesel,96.46,33867.0
12878,V012879,Van,1,1000,Petrol,77.09,208902.0
12879,V012880,Van,2,1000,Petrol,88.89,179207.0
12880,V012881,Medium Truck,13,8000,Diesel,92.57,108440.0
12881,V012882,Medium Truck,10,8000,Diesel,85.9,69903.0
12882,V012883,Medium Truck,10,8000,Diesel,66.06,118621.0
12883,V012884,Light Truck,13,3500,Diesel,92.92,112699.0
12884,V012885,Medium Truck,10,8000,Diesel,56.8,61094.0
12885,V012886,Medium Truck,4,8000,Diesel,98.53,178739.0
12886,V012887,Light Truck,11,3500,Diesel,100.0,192379.0
12887,V012888,Light Truck,3,3500,Diesel,100.0,116867.0
12888,V012889,Van,8,1000,Petrol,100.0,183142.0
12889,V012890,Light Truck,0,3500,Diesel,88.92,89260.0
12890,V012891,Light Truck,1,3500,Diesel,75.03,99998.0
12891,V012892,Medium Truck,3,8000,Diesel,69.18,232164.0
12892,V012893,Light Truck,1,3500,Diesel,75.94,177455.0
12893,V012894,Light Truck,9,3500,Diesel,80.1,158790.0
12894,V012895,Van,3,1000,Petrol,98.76,204210.0
12895,V012896,Light Truck,6,3500,Diesel,71.53,46512.0
12896,V012897,Medium Truck,9,8000,Diesel,70.35,204904.0
12897,V012898,Light Truck,9,3500,Diesel,75.44,245263.0
12898,V012899,Light Truck,14,3500,Diesel,74.38,50945.0
12899,V012900,Heavy Truck,13,20000,Diesel,75.83,242568.0
12900,V012901,Van,12,1000,Petrol,92.18,332253.0
12901,V012902,Medium Truck,10,8000,Diesel,82.19,141574.0
12902,V012903,Van,10,1000,Petrol,79.15,84873.0
12903,V012904,Van,1,1000,Petrol,91.83,175038.0
12904,V012905,Heavy Truck,6,20000,Diesel,100.0,127307.0
12905,V012906,Light Truck,3,3500,Diesel,69.64,160724.0
12906,V012907,Van,14,1000,Petrol,65.82,217391.0
12907,V012908,Light Truck,6,3500,Diesel,72.22,149632.0
12908,V012909,Light Truck,12,3500,Diesel,78.09,291543.0
12909,V012910,Medium Truck,4,8000,Diesel,69.71,168021.0
12910,V012911,Light Truck,10,3500,Diesel,86.99,41446.0
12911,V012912,Light Truck,9,3500,Diesel,100.0,213723.0
12912,V012913,Medium Truck,2,8000,Diesel,73.49,138487.0
12913,V012914,Light Truck,7,3500,Diesel,100.0,103205.0
12914,V012915,Van,0,1000,Petrol,92.38,128235.0
12915,V012916,Van,2,1000,Petrol,77.37,288822.0
12916,V012917,Van,2,1000,Petrol,79.22,234433.0
12917,V012918,Medium Truck,11,8000,Diesel,87.03,128215.0
12918,V012919,Van,13,1000,Petrol,61.33,107609.0
12919,V012920,Medium Truck,1,8000,Diesel,79.73,229041.0
12920,V012921,Light Truck,8,3500,Diesel,92.55,99316.0
12921,V012922,Light Truck,10,3500,Diesel,70.08,178965.0
12922,V012923,Heavy Truck,14,20000,Diesel,75.1,85502.0
12923,V012924,Medium Truck,12,8000,Diesel,100.0,158502.0
12924,V012925,Van,14,1000,Petrol,78.11,36577.0
12925,V012926,Van,13,1000,Petrol,80.38,117913.0
12926,V012927,Medium Truck,0,8000,Diesel,81.75,213241.0
12927,V012928,Light Truck,13,3500,Diesel,91.04,351077.0
12928,V012929,Light Truck,10,3500,Diesel,79.93,148685.0
12929,V012930,Light Truck,9,3500,Diesel,78.08,267494.0
12930,V012931,Light Truck,13,3500,Diesel,96.6,152478.0
12931,V012932,Van,4,1000,Petrol,85.37,1000.0
12932,V012933,Light Truck,13,3500,Diesel,90.24,229337.0
12933,V012934,Van,5,1000,Petrol,100.0,91643.0
12934,V012935,Van,3,1000,Petrol,96.56,306489.0
12935,V012936,Light Truck,10,3500,Diesel,80.41,276089.0
12936,V012937,Light Truck,9,3500,Diesel,72.52,68802.0
12937,V012938,Light Truck,5,3500,Diesel,88.42,54071.0
12938,V012939,Medium Truck,13,8000,Diesel,66.62,251961.0
12939,V012940,Light Truck,9,3500,Diesel,76.74,122653.0
12940,V012941,Motorbike,11,50,Petrol,91.25,153610.0
12941,V012942,Heavy Truck,12,20000,Diesel,88.91,1000.0
12942,V012943,Van,14,1000,Petrol,79.09,116930.0
12943,V012944,Medium Truck,11,8000,Diesel,99.29,193788.0
12944,V012945,Light Truck,0,3500,Diesel,87.43,133065.0
12945,V012946,Van,14,1000,Petrol,100.0,283138.0
12946,V012947,Van,4,1000,Petrol,80.98,184609.0
12947,V012948,Light Truck,14,3500,Diesel,85.14,226995.0
12948,V012949,Motorbike,1,50,Petrol,65.32,157474.0
12949,V012950,Medium Truck,14,8000,Diesel,86.55,228864.0
12950,V012951,Medium Truck,5,8000,Diesel,85.92,88934.0
12951,V012952,Medium Truck,2,8000,Diesel,68.58,89109.0
12952,V012953,Heavy Truck,3,20000,Diesel,87.1,164976.0
12953,V012954,Motorbike,2,50,Petrol,87.62,274501.0
12954,V012955,Motorbike,11,50,Petrol,69.2,153190.0
12955,V012956,Light Truck,14,3500,Diesel,82.61,162602.0
12956,V012957,Light Truck,0,3500,Diesel,76.14,137268.0
12957,V012958,Van,0,1000,Petrol,71.73,229519.0
12958,V012959,Light Truck,13,3500,Diesel,60.92,52620.0
12959,V012960,Light Truck,9,3500,Diesel,76.61,64051.0
12960,V012961,Medium Truck,7,8000,Diesel,86.8,366290.0
12961,V012962,Light Truck,2,3500,Diesel,89.59,233673.0
12962,V012963,Light Truck,5,3500,Diesel,87.0,154975.0
12963,V012964,Heavy Truck,3,20000,Diesel,77.85,34192.0
12964,V012965,Medium Truck,2,8000,Diesel,97.13,219239.0
12965,V012966,Medium Truck,5,8000,Diesel,73.45,223706.0
12966,V012967,Light Truck,12,3500,Diesel,68.16,189728.0
12967,V012968,Van,13,1000,Petrol,75.88,58746.0
12968,V012969,Light Truck,12,3500,Diesel,79.25,505166.0
12969,V012970,Heavy Truck,8,20000,Diesel,79.54,170096.0
12970,V012971,Van,5,1000,Petrol,59.54,145500.0
12971,V012972,Medium Truck,12,8000,Diesel,88.45,34256.0
12972,V012973,Van,11,1000,Petrol,67.43,113217.0
12973,V012974,Light Truck,11,3500,Diesel,78.99,283568.0
12974,V012975,Heavy Truck,9,20000,Diesel,92.72,105249.0
12975,V012976,Heavy Truck,10,20000,Diesel,84.63,171152.0
12976,V012977,Van,14,1000,Petrol,87.57,224353.0
12977,V012978,Van,10,1000,Petrol,68.47,123538.0
12978,V012979,Van,7,1000,Petrol,77.09,281789.0
12979,V012980,Medium Truck,0,8000,Diesel,93.1,185264.0
12980,V012981,Heavy Truck,14,20000,Diesel,88.38,159008.0
12981,V012982,Van,5,1000,Petrol,98.22,229711.0
12982,V012983,Van,14,1000,Petrol,85.23,173143.0
12983,V012984,Van,4,1000,Petrol,77.97,225048.0
12984,V012985,Medium Truck,10,8000,Diesel,85.91,153142.0
12985,V012986,Light Truck,12,3500,Diesel,93.46,14461.0
12986,V012987,Light Truck,13,3500,Diesel,88.22,55224.0
12987,V012988,Heavy Truck,5,20000,Diesel,63.06,198316.0
12988,V012989,Medium Truck,3,8000,Diesel,54.83,161650.0
12989,V012990,Light Truck,0,3500,Diesel,71.52,340553.0
12990,V012991,Van,1,1000,Petrol,90.13,196196.0
12991,V012992,Medium Truck,13,8000,Diesel,83.67,202161.0
12992,V012993,Light Truck,14,3500,Diesel,70.3,143403.0
12993,V012994,Van,7,1000,Petrol,93.4,85785.0
12994,V012995,Van,12,1000,Petrol,89.19,17828.0
12995,V012996,Van,11,1000,Petrol,83.76,298338.0
12996,V012997,Light Truck,8,3500,Diesel,89.44,181370.0
12997,V012998,Light Truck,14,3500,Diesel,100.0,4602.0
12998,V012999,Van,0,1000,Petrol,62.5,48723.0
12999,V013000,Van,14,1000,Petrol,79.46,192368.0
13000,V013001,Medium Truck,3,8000,Diesel,84.42,244607.0
13001,V013002,Medium Truck,8,8000,Diesel,75.32,166773.0
13002,V013003,Light Truck,9,3500,Diesel,85.31,180850.0
13003,V013004,Heavy Truck,12,20000,Diesel,82.38,2695.0
13004,V013005,Light Truck,10,3500,Diesel,97.16,245702.0
13005,V013006,Light Truck,12,3500,Diesel,78.47,267364.0
13006,V013007,Light Truck,11,3500,Diesel,81.12,178420.0
13007,V013008,Medium Truck,8,8000,Diesel,88.89,223385.0
13008,V013009,Light Truck,11,3500,Diesel,97.17,269293.0
13009,V013010,Medium Truck,6,8000,Diesel,59.87,186116.0
13010,V013011,Light Truck,0,3500,Diesel,100.0,230870.0
13011,V013012,Light Truck,9,3500,Diesel,72.76,157913.0
13012,V013013,Light Truck,8,3500,Diesel,95.77,166197.0
13013,V013014,Van,11,1000,Petrol,75.97,144821.0
13014,V013015,Van,3,1000,Petrol,89.91,197628.0
13015,V013016,Van,9,1000,Petrol,86.42,105688.0
13016,V013017,Light Truck,7,3500,Diesel,100.0,65189.0
13017,V013018,Motorbike,3,50,Petrol,72.56,178864.0
13018,V013019,Heavy Truck,8,20000,Diesel,59.35,116034.0
13019,V013020,Van,0,1000,Petrol,76.49,255307.0
13020,V013021,Heavy Truck,7,20000,Diesel,76.19,172418.0
13021,V013022,Van,6,1000,Petrol,74.85,230807.0
13022,V013023,Van,10,1000,Petrol,80.78,102936.0
13023,V013024,Van,7,1000,Petrol,72.43,30258.0
13024,V013025,Light Truck,12,3500,Diesel,85.16,156883.0
13025,V013026,Light Truck,8,3500,Diesel,68.02,298228.0
13026,V013027,Light Truck,10,3500,Diesel,84.07,328746.0
13027,V013028,Medium Truck,3,8000,Diesel,87.61,96285.0
13028,V013029,Light Truck,3,3500,Diesel,75.38,50922.0
13029,V013030,Van,11,1000,Petrol,66.77,145876.0
13030,V013031,Medium Truck,6,8000,Diesel,80.53,94149.0
13031,V013032,Medium Truck,3,8000,Diesel,87.24,228365.0
13032,V013033,Heavy Truck,4,20000,Diesel,100.0,274376.0
13033,V013034,Motorbike,1,50,Petrol,94.18,92901.0
13034,V013035,Van,4,1000,Petrol,78.37,10041.0
13035,V013036,Light Truck,3,3500,Diesel,100.0,101041.0
13036,V013037,Medium Truck,8,8000,Diesel,92.9,169037.0
13037,V013038,Van,9,1000,Petrol,96.18,176586.0
13038,V013039,Van,6,1000,Petrol,80.88,260586.0
13039,V013040,Van,7,1000,Petrol,68.97,287532.0
13040,V013041,Van,9,1000,Petrol,74.49,149645.0
13041,V013042,Van,7,1000,Petrol,94.15,172351.0
13042,V013043,Motorbike,1,50,Petrol,75.11,118744.0
13043,V013044,Medium Truck,13,8000,Diesel,82.29,94993.0
13044,V013045,Light Truck,13,3500,Diesel,73.83,284132.0
13045,V013046,Medium Truck,12,8000,Diesel,80.6,8258.0
13046,V013047,Light Truck,0,3500,Diesel,85.74,347387.0
13047,V013048,Medium Truck,6,8000,Diesel,86.46,107141.0
13048,V013049,Light Truck,10,3500,Diesel,58.76,360766.0
13049,V013050,Medium Truck,14,8000,Diesel,71.41,332794.0
13050,V013051,Heavy Truck,4,20000,Diesel,62.99,21759.0
13051,V013052,Medium Truck,2,8000,Diesel,62.42,281149.0
13052,V013053,Van,12,1000,Petrol,68.7,215345.0
13053,V013054,Heavy Truck,13,20000,Diesel,73.25,159467.0
13054,V013055,Medium Truck,12,8000,Diesel,93.27,209683.0
13055,V013056,Light Truck,2,3500,Diesel,80.49,60882.0
13056,V013057,Van,4,1000,Petrol,64.73,1000.0
13057,V013058,Van,9,1000,Petrol,90.92,277957.0
13058,V013059,Van,2,1000,Petrol,82.37,310108.0
13059,V013060,Van,4,1000,Petrol,75.0,166844.0
13060,V013061,Light Truck,14,3500,Diesel,72.91,271185.0
13061,V013062,Van,6,1000,Petrol,68.4,287490.0
13062,V013063,Van,3,1000,Petrol,69.83,244932.0
13063,V013064,Light Truck,13,3500,Diesel,70.42,133742.0
13064,V013065,Heavy Truck,11,20000,Diesel,80.19,168145.0
13065,V013066,Light Truck,13,3500,Diesel,81.67,143667.0
13066,V013067,Heavy Truck,9,20000,Diesel,87.92,297493.0
13067,V013068,Light Truck,0,3500,Diesel,62.26,85328.0
13068,V013069,Medium Truck,2,8000,Diesel,62.86,176549.0
13069,V013070,Light Truck,7,3500,Diesel,69.67,252515.0
13070,V013071,Light Truck,6,3500,Diesel,92.37,188504.0
13071,V013072,Medium Truck,12,8000,Diesel,65.37,101133.0
13072,V013073,Light Truck,7,3500,Diesel,77.07,44816.0
13073,V013074,Medium Truck,3,8000,Diesel,87.74,166902.0
13074,V013075,Light Truck,3,3500,Diesel,80.29,150502.0
13075,V013076,Light Truck,9,3500,Diesel,100.0,288784.0
13076,V013077,Van,2,1000,Petrol,72.46,403934.0
13077,V013078,Van,13,1000,Petrol,73.8,390742.0
13078,V013079,Medium Truck,5,8000,Diesel,81.01,158037.0
13079,V013080,Light Truck,8,3500,Diesel,76.55,215124.0
13080,V013081,Light Truck,13,3500,Diesel,70.51,83914.0
13081,V013082,Van,5,1000,Petrol,88.68,98124.0
13082,V013083,Medium Truck,7,8000,Diesel,72.8,189639.0
13083,V013084,Medium Truck,13,8000,Diesel,66.94,182664.0
13084,V013085,Medium Truck,10,8000,Diesel,70.1,254719.0
13085,V013086,Light Truck,10,3500,Diesel,55.7,231241.0
13086,V013087,Light Truck,7,3500,Diesel,82.88,165804.0
13087,V013088,Light Truck,10,3500,Diesel,95.42,244110.0
13088,V013089,Van,8,1000,Petrol,84.19,183447.0
13089,V013090,Heavy Truck,14,20000,Diesel,61.81,239740.0
13090,V013091,Heavy Truck,10,20000,Diesel,80.8,130116.0
13091,V013092,Van,13,1000,Petrol,92.57,117547.0
13092,V013093,Heavy Truck,1,20000,Diesel,90.93,97005.0
13093,V013094,Van,14,1000,Petrol,92.86,240953.0
13094,V013095,Light Truck,13,3500,Diesel,84.47,183472.0
13095,V013096,Light Truck,10,3500,Diesel,71.86,206133.0
13096,V013097,Light Truck,12,3500,Diesel,86.76,162237.0
13097,V013098,Light Truck,1,3500,Diesel,87.89,137816.0
13098,V013099,Light Truck,5,3500,Diesel,89.9,100225.0
13099,V013100,Motorbike,0,50,Petrol,73.25,211847.0
13100,V013101,Van,2,1000,Petrol,100.0,118707.0
13101,V013102,Motorbike,4,50,Petrol,84.46,193234.0
13102,V013103,Motorbike,14,50,Petrol,83.21,184948.0
13103,V013104,Van,7,1000,Petrol,67.21,321633.0
13104,V013105,Light Truck,11,3500,Diesel,58.9,277501.0
13105,V013106,Van,8,1000,Petrol,77.73,227744.0
13106,V013107,Heavy Truck,6,20000,Diesel,85.66,43809.0
13107,V013108,Medium Truck,0,8000,Diesel,95.76,280065.0
13108,V013109,Light Truck,6,3500,Diesel,70.91,166258.0
13109,V013110,Van,6,1000,Petrol,86.91,1000.0
13110,V013111,Medium Truck,0,8000,Diesel,100.0,231726.0
13111,V013112,Light Truck,8,3500,Diesel,92.59,210616.0
13112,V013113,Heavy Truck,11,20000,Diesel,71.04,16122.0
13113,V013114,Light Truck,0,3500,Diesel,89.42,243015.0
13114,V013115,Medium Truck,11,8000,Diesel,88.48,88407.0
13115,V013116,Medium Truck,0,8000,Diesel,74.51,211111.0
13116,V013117,Van,7,1000,Petrol,83.05,135984.0
13117,V013118,Van,5,1000,Petrol,63.19,298578.0
13118,V013119,Van,0,1000,Petrol,100.0,236113.0
13119,V013120,Light Truck,3,3500,Diesel,68.07,109996.0
13120,V013121,Van,9,1000,Petrol,100.0,277264.0
13121,V013122,Light Truck,7,3500,Diesel,78.35,191709.0
13122,V013123,Medium Truck,0,8000,Diesel,84.43,115114.0
13123,V013124,Light Truck,5,3500,Diesel,100.0,132335.0
13124,V013125,Medium Truck,14,8000,Diesel,64.03,131859.0
13125,V013126,Van,12,1000,Petrol,94.95,52603.0
13126,V013127,Van,9,1000,Petrol,83.46,206474.0
13127,V013128,Van,2,1000,Petrol,87.89,185929.0
13128,V013129,Van,8,1000,Petrol,80.91,248794.0
13129,V013130,Medium Truck,14,8000,Diesel,91.71,287558.0
13130,V013131,Medium Truck,2,8000,Diesel,76.25,304143.0
13131,V013132,Medium Truck,7,8000,Diesel,92.17,85467.0
13132,V013133,Van,14,1000,Petrol,91.89,119567.0
13133,V013134,Van,11,1000,Petrol,79.71,169112.0
13134,V013135,Heavy Truck,11,20000,Diesel,72.83,298686.0
13135,V013136,Heavy Truck,4,20000,Diesel,80.64,97939.0
13136,V013137,Light Truck,12,3500,Diesel,66.14,195045.0
13137,V013138,Medium Truck,2,8000,Diesel,73.73,276199.0
13138,V013139,Medium Truck,2,8000,Diesel,83.52,123207.0
13139,V013140,Light Truck,11,3500,Diesel,81.68,73827.0
13140,V013141,Van,13,1000,Petrol,71.34,87781.0
13141,V013142,Medium Truck,5,8000,Diesel,87.31,225742.0
13142,V013143,Van,5,1000,Petrol,87.26,27831.0
13143,V013144,Medium Truck,7,8000,Diesel,62.56,231399.0
13144,V013145,Van,0,1000,Petrol,94.98,207364.0
13145,V013146,Light Truck,1,3500,Diesel,64.62,255060.0
13146,V013147,Van,3,1000,Petrol,86.39,1000.0
13147,V013148,Medium Truck,4,8000,Diesel,79.25,215727.0
13148,V013149,Van,14,1000,Petrol,84.09,9160.0
13149,V013150,Light Truck,6,3500,Diesel,92.45,144653.0
13150,V013151,Medium Truck,1,8000,Diesel,63.53,237309.0
13151,V013152,Van,11,1000,Petrol,81.59,127476.0
13152,V013153,Light Truck,2,3500,Diesel,64.28,223846.0
13153,V013154,Medium Truck,2,8000,Diesel,99.37,138588.0
13154,V013155,Medium Truck,7,8000,Diesel,85.56,199978.0
13155,V013156,Van,1,1000,Petrol,78.63,121660.0
13156,V013157,Medium Truck,3,8000,Diesel,80.1,255151.0
13157,V013158,Heavy Truck,12,20000,Diesel,97.79,376836.0
13158,V013159,Medium Truck,7,8000,Diesel,89.59,121992.0
13159,V013160,Heavy Truck,12,20000,Diesel,100.0,258471.0
13160,V013161,Van,2,1000,Petrol,66.2,155407.0
13161,V013162,Van,0,1000,Petrol,93.62,76962.0
13162,V013163,Light Truck,6,3500,Diesel,85.51,257734.0
13163,V013164,Medium Truck,10,8000,Diesel,87.89,257743.0
13164,V013165,Van,4,1000,Petrol,90.2,131473.0
13165,V013166,Medium Truck,10,8000,Diesel,75.96,396322.0
13166,V013167,Van,6,1000,Petrol,64.26,154981.0
13167,V013168,Medium Truck,10,8000,Diesel,91.09,140255.0
13168,V013169,Motorbike,11,50,Petrol,82.98,22419.0
13169,V013170,Light Truck,12,3500,Diesel,89.76,242781.0
13170,V013171,Light Truck,6,3500,Diesel,78.4,61149.0
13171,V013172,Light Truck,2,3500,Diesel,80.49,166531.0
13172,V013173,Van,8,1000,Petrol,92.81,210119.0
13173,V013174,Medium Truck,3,8000,Diesel,71.18,132371.0
13174,V013175,Light Truck,10,3500,Diesel,72.55,234296.0
13175,V013176,Light Truck,3,3500,Diesel,61.16,95134.0
13176,V013177,Medium Truck,12,8000,Diesel,85.16,252675.0
13177,V013178,Van,11,1000,Petrol,89.7,187222.0
13178,V013179,Medium Truck,12,8000,Diesel,92.56,174962.0
13179,V013180,Van,6,1000,Petrol,82.77,176470.0
13180,V013181,Light Truck,8,3500,Diesel,93.58,299659.0
13181,V013182,Medium Truck,6,8000,Diesel,84.53,209710.0
13182,V013183,Van,8,1000,Petrol,90.41,113281.0
13183,V013184,Heavy Truck,3,20000,Diesel,72.03,8148.0
13184,V013185,Medium Truck,13,8000,Diesel,83.8,94870.0
13185,V013186,Medium Truck,3,8000,Diesel,67.02,107729.0
13186,V013187,Light Truck,0,3500,Diesel,74.08,325277.0
13187,V013188,Medium Truck,3,8000,Diesel,86.87,199910.0
13188,V013189,Light Truck,8,3500,Diesel,69.05,124760.0
13189,V013190,Light Truck,14,3500,Diesel,87.14,266382.0
13190,V013191,Medium Truck,3,8000,Diesel,89.59,184937.0
13191,V013192,Light Truck,3,3500,Diesel,88.14,73431.0
13192,V013193,Light Truck,9,3500,Diesel,88.61,105745.0
13193,V013194,Medium Truck,0,8000,Diesel,100.0,199045.0
13194,V013195,Heavy Truck,6,20000,Diesel,100.0,269433.0
13195,V013196,Heavy Truck,7,20000,Diesel,98.04,74574.0
13196,V013197,Light Truck,9,3500,Diesel,87.88,328367.0
13197,V013198,Van,12,1000,Petrol,88.33,294816.0
13198,V013199,Van,14,1000,Petrol,83.71,126070.0
13199,V013200,Motorbike,7,50,Petrol,88.42,243548.0
13200,V013201,Light Truck,5,3500,Diesel,65.02,158196.0
13201,V013202,Light Truck,6,3500,Diesel,76.48,332302.0
13202,V013203,Van,4,1000,Petrol,76.7,131456.0
13203,V013204,Light Truck,11,3500,Diesel,100.0,1000.0
13204,V013205,Van,9,1000,Petrol,71.22,187322.0
13205,V013206,Medium Truck,13,8000,Diesel,80.32,162660.0
13206,V013207,Light Truck,4,3500,Diesel,91.06,234516.0
13207,V013208,Van,6,1000,Petrol,72.69,271051.0
13208,V013209,Light Truck,7,3500,Diesel,74.3,245364.0
13209,V013210,Medium Truck,6,8000,Diesel,65.76,276489.0
13210,V013211,Van,4,1000,Petrol,70.12,255663.0
13211,V013212,Light Truck,13,3500,Diesel,66.24,189959.0
13212,V013213,Motorbike,8,50,Petrol,80.84,183840.0
13213,V013214,Heavy Truck,5,20000,Diesel,80.92,227726.0
13214,V013215,Motorbike,1,50,Petrol,83.42,278191.0
13215,V013216,Medium Truck,13,8000,Diesel,70.38,139420.0
13216,V013217,Van,7,1000,Petrol,71.34,204688.0
13217,V013218,Light Truck,8,3500,Diesel,91.61,205768.0
13218,V013219,Light Truck,11,3500,Diesel,54.27,258848.0
13219,V013220,Light Truck,14,3500,Diesel,70.61,307200.0
13220,V013221,Medium Truck,3,8000,Diesel,86.28,206379.0
13221,V013222,Medium Truck,8,8000,Diesel,99.41,66873.0
13222,V013223,Medium Truck,13,8000,Diesel,66.78,337196.0
13223,V013224,Light Truck,0,3500,Diesel,97.57,54288.0
13224,V013225,Van,5,1000,Petrol,99.19,172555.0
13225,V013226,Medium Truck,3,8000,Diesel,63.08,253359.0
13226,V013227,Medium Truck,14,8000,Diesel,100.0,247121.0
13227,V013228,Medium Truck,14,8000,Diesel,87.83,112993.0
13228,V013229,Van,2,1000,Petrol,83.48,90367.0
13229,V013230,Light Truck,6,3500,Diesel,75.01,329833.0
13230,V013231,Medium Truck,2,8000,Diesel,50.65,227687.0
13231,V013232,Heavy Truck,9,20000,Diesel,98.18,117339.0
13232,V013233,Light Truck,1,3500,Diesel,84.06,215160.0
13233,V013234,Medium Truck,6,8000,Diesel,78.89,146223.0
13234,V013235,Light Truck,0,3500,Diesel,85.83,303627.0
13235,V013236,Medium Truck,14,8000,Diesel,86.52,196788.0
13236,V013237,Medium Truck,4,8000,Diesel,76.38,293731.0
13237,V013238,Motorbike,0,50,Petrol,76.95,283511.0
13238,V013239,Van,5,1000,Petrol,61.86,168743.0
13239,V013240,Heavy Truck,4,20000,Diesel,80.6,190862.0
13240,V013241,Medium Truck,7,8000,Diesel,73.34,101612.0
13241,V013242,Medium Truck,4,8000,Diesel,80.98,278838.0
13242,V013243,Van,6,1000,Petrol,80.27,170072.0
13243,V013244,Van,6,1000,Petrol,92.54,323766.0
13244,V013245,Heavy Truck,12,20000,Diesel,88.23,229181.0
13245,V013246,Light Truck,5,3500,Diesel,97.38,106065.0
13246,V013247,Light Truck,11,3500,Diesel,66.75,124032.0
13247,V013248,Heavy Truck,12,20000,Diesel,71.24,200282.0
13248,V013249,Medium Truck,7,8000,Diesel,83.25,118428.0
13249,V013250,Van,6,1000,Petrol,80.32,9080.0
13250,V013251,Heavy Truck,10,20000,Diesel,89.16,311536.0
13251,V013252,Light Truck,5,3500,Diesel,79.5,1000.0
13252,V013253,Medium Truck,5,8000,Diesel,74.34,138724.0
13253,V013254,Light Truck,1,3500,Diesel,89.94,189292.0
13254,V013255,Motorbike,2,50,Petrol,88.68,102063.0
13255,V013256,Van,7,1000,Petrol,83.21,80235.0
13256,V013257,Van,13,1000,Petrol,88.78,102569.0
13257,V013258,Van,6,1000,Petrol,84.82,225105.0
13258,V013259,Motorbike,6,50,Petrol,73.96,1000.0
13259,V013260,Heavy Truck,1,20000,Diesel,98.81,169730.0
13260,V013261,Light Truck,11,3500,Diesel,100.0,220793.0
13261,V013262,Light Truck,11,3500,Diesel,79.07,78994.0
13262,V013263,Heavy Truck,1,20000,Diesel,98.88,247853.0
13263,V013264,Light Truck,4,3500,Diesel,84.86,141006.0
13264,V013265,Light Truck,2,3500,Diesel,94.25,118081.0
13265,V013266,Light Truck,12,3500,Diesel,99.54,225625.0
13266,V013267,Light Truck,3,3500,Diesel,84.47,210168.0
13267,V013268,Van,0,1000,Petrol,60.55,167904.0
13268,V013269,Motorbike,5,50,Petrol,95.28,51534.0
13269,V013270,Medium Truck,13,8000,Diesel,86.28,130974.0
13270,V013271,Van,3,1000,Petrol,82.35,176355.0
13271,V013272,Motorbike,7,50,Petrol,91.15,162149.0
13272,V013273,Medium Truck,3,8000,Diesel,88.17,202836.0
13273,V013274,Van,8,1000,Petrol,73.05,196691.0
13274,V013275,Van,14,1000,Petrol,83.19,219113.0
13275,V013276,Light Truck,9,3500,Diesel,88.76,158087.0
13276,V013277,Medium Truck,10,8000,Diesel,77.74,117536.0
13277,V013278,Van,0,1000,Petrol,84.4,124040.0
13278,V013279,Motorbike,0,50,Petrol,79.25,168351.0
13279,V013280,Medium Truck,1,8000,Diesel,84.9,182713.0
13280,V013281,Medium Truck,6,8000,Diesel,86.91,113189.0
13281,V013282,Van,14,1000,Petrol,92.08,78412.0
13282,V013283,Medium Truck,6,8000,Diesel,61.32,34528.0
13283,V013284,Light Truck,6,3500,Diesel,85.77,213174.0
13284,V013285,Light Truck,8,3500,Diesel,79.11,38094.0
13285,V013286,Light Truck,7,3500,Diesel,76.63,144610.0
13286,V013287,Light Truck,13,3500,Diesel,86.39,289722.0
13287,V013288,Medium Truck,0,8000,Diesel,83.78,102598.0
13288,V013289,Light Truck,3,3500,Diesel,57.3,276343.0
13289,V013290,Van,6,1000,Petrol,72.96,317690.0
13290,V013291,Light Truck,9,3500,Diesel,81.09,179454.0
13291,V013292,Light Truck,9,3500,Diesel,67.63,46646.0
13292,V013293,Van,1,1000,Petrol,86.25,326861.0
13293,V013294,Van,8,1000,Petrol,82.55,101777.0
13294,V013295,Heavy Truck,5,20000,Diesel,74.18,248543.0
13295,V013296,Medium Truck,2,8000,Diesel,78.53,125655.0
13296,V013297,Motorbike,0,50,Petrol,83.05,269667.0
13297,V013298,Motorbike,11,50,Petrol,93.71,246242.0
13298,V013299,Medium Truck,7,8000,Diesel,74.53,206585.0
13299,V013300,Van,6,1000,Petrol,97.84,255932.0
13300,V013301,Heavy Truck,3,20000,Diesel,90.66,301274.0
13301,V013302,Light Truck,4,3500,Diesel,77.13,196120.0
13302,V013303,Heavy Truck,7,20000,Diesel,62.15,152044.0
13303,V013304,Van,10,1000,Petrol,67.11,1000.0
13304,V013305,Light Truck,3,3500,Diesel,89.27,177746.0
13305,V013306,Medium Truck,1,8000,Diesel,76.73,90506.0
13306,V013307,Medium Truck,12,8000,Diesel,87.87,200798.0
13307,V013308,Motorbike,10,50,Petrol,65.95,225478.0
13308,V013309,Van,2,1000,Petrol,90.13,152600.0
13309,V013310,Van,11,1000,Petrol,89.75,264627.0
13310,V013311,Medium Truck,0,8000,Diesel,92.06,52892.0
13311,V013312,Heavy Truck,2,20000,Diesel,100.0,168187.0
13312,V013313,Light Truck,14,3500,Diesel,76.81,117650.0
13313,V013314,Medium Truck,10,8000,Diesel,80.57,308229.0
13314,V013315,Van,10,1000,Petrol,87.74,150044.0
13315,V013316,Van,2,1000,Petrol,90.45,133854.0
13316,V013317,Light Truck,8,3500,Diesel,93.65,22473.0
13317,V013318,Light Truck,2,3500,Diesel,90.72,275036.0
13318,V013319,Van,13,1000,Petrol,84.33,140465.0
13319,V013320,Medium Truck,10,8000,Diesel,78.36,285712.0
13320,V013321,Van,3,1000,Petrol,73.44,94148.0
13321,V013322,Medium Truck,13,8000,Diesel,80.37,280526.0
13322,V013323,Medium Truck,6,8000,Diesel,72.93,145335.0
13323,V013324,Medium Truck,12,8000,Diesel,82.83,133341.0
13324,V013325,Van,1,1000,Petrol,97.73,116978.0
13325,V013326,Heavy Truck,4,20000,Diesel,65.33,52536.0
13326,V013327,Light Truck,9,3500,Diesel,100.0,146700.0
13327,V013328,Van,11,1000,Petrol,65.89,134556.0
13328,V013329,Light Truck,3,3500,Diesel,72.89,66663.0
13329,V013330,Medium Truck,3,8000,Diesel,63.79,11775.0
13330,V013331,Medium Truck,1,8000,Diesel,67.54,117737.0
13331,V013332,Van,4,1000,Petrol,91.86,153795.0
13332,V013333,Light Truck,7,3500,Diesel,85.19,116626.0
13333,V013334,Light Truck,14,3500,Diesel,79.7,246165.0
13334,V013335,Light Truck,0,3500,Diesel,84.08,314038.0
13335,V013336,Heavy Truck,11,20000,Diesel,75.43,202472.0
13336,V013337,Van,7,1000,Petrol,80.99,176479.0
13337,V013338,Van,9,1000,Petrol,53.38,281634.0
13338,V013339,Heavy Truck,13,20000,Diesel,76.1,233057.0
13339,V013340,Light Truck,9,3500,Diesel,91.22,43500.0
13340,V013341,Light Truck,1,3500,Diesel,93.62,122211.0
13341,V013342,Van,12,1000,Petrol,96.65,172954.0
13342,V013343,Van,0,1000,Petrol,92.52,179126.0
13343,V013344,Light Truck,11,3500,Diesel,69.0,158697.0
13344,V013345,Van,1,1000,Petrol,56.52,188786.0
13345,V013346,Medium Truck,3,8000,Diesel,83.36,164239.0
13346,V013347,Medium Truck,6,8000,Diesel,88.73,349972.0
13347,V013348,Van,6,1000,Petrol,66.09,362250.0
13348,V013349,Van,11,1000,Petrol,100.0,240210.0
13349,V013350,Motorbike,11,50,Petrol,81.22,132549.0
13350,V013351,Light Truck,2,3500,Diesel,90.28,233713.0
13351,V013352,Medium Truck,3,8000,Diesel,73.37,125610.0
13352,V013353,Light Truck,0,3500,Diesel,85.65,226394.0
13353,V013354,Light Truck,3,3500,Diesel,90.67,202267.0
13354,V013355,Van,9,1000,Petrol,88.59,185212.0
13355,V013356,Van,10,1000,Petrol,83.29,209575.0
13356,V013357,Light Truck,6,3500,Diesel,79.25,115768.0
13357,V013358,Light Truck,7,3500,Diesel,67.9,135327.0
13358,V013359,Medium Truck,7,8000,Diesel,100.0,316001.0
13359,V013360,Van,2,1000,Petrol,60.12,144546.0
13360,V013361,Light Truck,3,3500,Diesel,85.32,52548.0
13361,V013362,Van,7,1000,Petrol,90.26,309047.0
13362,V013363,Van,8,1000,Petrol,65.05,114942.0
13363,V013364,Medium Truck,14,8000,Diesel,93.31,137362.0
13364,V013365,Light Truck,12,3500,Diesel,84.27,87972.0
13365,V013366,Van,6,1000,Petrol,83.43,135128.0
13366,V013367,Van,5,1000,Petrol,66.26,409624.0
13367,V013368,Motorbike,10,50,Petrol,100.0,263580.0
13368,V013369,Light Truck,10,3500,Diesel,73.56,151125.0
13369,V013370,Van,0,1000,Petrol,96.84,191381.0
13370,V013371,Van,9,1000,Petrol,89.02,206755.0
13371,V013372,Medium Truck,11,8000,Diesel,90.28,212084.0
13372,V013373,Light Truck,13,3500,Diesel,70.23,206739.0
13373,V013374,Van,7,1000,Petrol,92.47,146901.0
13374,V013375,Medium Truck,9,8000,Diesel,88.63,62404.0
13375,V013376,Van,10,1000,Petrol,72.91,51816.0
13376,V013377,Van,6,1000,Petrol,79.58,247477.0
13377,V013378,Light Truck,1,3500,Diesel,41.22,249985.0
13378,V013379,Light Truck,6,3500,Diesel,78.64,225389.0
13379,V013380,Medium Truck,5,8000,Diesel,63.56,120324.0
13380,V013381,Van,3,1000,Petrol,92.86,263723.0
13381,V013382,Light Truck,0,3500,Diesel,100.0,145191.0
13382,V013383,Light Truck,10,3500,Diesel,82.76,141578.0
13383,V013384,Heavy Truck,2,20000,Diesel,78.93,21186.0
13384,V013385,Heavy Truck,4,20000,Diesel,84.58,295213.0
13385,V013386,Van,10,1000,Petrol,88.79,149213.0
13386,V013387,Van,6,1000,Petrol,32.07,155365.0
13387,V013388,Heavy Truck,1,20000,Diesel,91.63,239824.0
13388,V013389,Heavy Truck,7,20000,Diesel,84.26,150196.0
13389,V013390,Van,1,1000,Petrol,100.0,145110.0
13390,V013391,Medium Truck,8,8000,Diesel,64.14,98289.0
13391,V013392,Van,8,1000,Petrol,71.32,258633.0
13392,V013393,Van,1,1000,Petrol,95.24,77805.0
13393,V013394,Light Truck,6,3500,Diesel,82.67,310606.0
13394,V013395,Van,12,1000,Petrol,73.67,199297.0
13395,V013396,Van,9,1000,Petrol,71.95,68652.0
13396,V013397,Light Truck,11,3500,Diesel,61.47,188829.0
13397,V013398,Van,12,1000,Petrol,89.22,186108.0
13398,V013399,Light Truck,9,3500,Diesel,80.59,338794.0
13399,V013400,Motorbike,13,50,Petrol,86.84,1000.0
13400,V013401,Heavy Truck,12,20000,Diesel,86.73,220938.0
13401,V013402,Medium Truck,10,8000,Diesel,73.04,90738.0
13402,V013403,Medium Truck,6,8000,Diesel,89.94,259251.0
13403,V013404,Van,9,1000,Petrol,71.83,257534.0
13404,V013405,Light Truck,4,3500,Diesel,61.65,268102.0
13405,V013406,Van,2,1000,Petrol,82.17,184401.0
13406,V013407,Medium Truck,8,8000,Diesel,67.63,139625.0
13407,V013408,Medium Truck,13,8000,Diesel,80.7,224925.0
13408,V013409,Light Truck,4,3500,Diesel,65.1,275570.0
13409,V013410,Van,4,1000,Petrol,81.09,137621.0
13410,V013411,Light Truck,10,3500,Diesel,75.35,301408.0
13411,V013412,Light Truck,6,3500,Diesel,77.44,273405.0
13412,V013413,Medium Truck,9,8000,Diesel,73.12,57838.0
13413,V013414,Medium Truck,12,8000,Diesel,79.33,43653.0
13414,V013415,Medium Truck,6,8000,Diesel,84.2,305299.0
13415,V013416,Light Truck,2,3500,Diesel,73.5,170782.0
13416,V013417,Medium Truck,1,8000,Diesel,68.93,19431.0
13417,V013418,Medium Truck,1,8000,Diesel,95.57,449122.0
13418,V013419,Light Truck,11,3500,Diesel,72.94,98630.0
13419,V013420,Motorbike,4,50,Petrol,57.78,250883.0
13420,V013421,Van,1,1000,Petrol,82.9,261411.0
13421,V013422,Medium Truck,13,8000,Diesel,85.51,256284.0
13422,V013423,Van,0,1000,Petrol,62.13,160193.0
13423,V013424,Van,1,1000,Petrol,57.14,260114.0
13424,V013425,Van,2,1000,Petrol,49.2,2485.0
13425,V013426,Heavy Truck,5,20000,Diesel,91.95,199701.0
13426,V013427,Light Truck,2,3500,Diesel,77.36,69947.0
13427,V013428,Light Truck,3,3500,Diesel,85.65,158608.0
13428,V013429,Light Truck,4,3500,Diesel,72.4,314763.0
13429,V013430,Motorbike,9,50,Petrol,73.55,179642.0
13430,V013431,Van,0,1000,Petrol,94.53,255677.0
13431,V013432,Light Truck,9,3500,Diesel,87.9,286447.0
13432,V013433,Medium Truck,6,8000,Diesel,82.31,104308.0
13433,V013434,Medium Truck,10,8000,Diesel,74.8,337833.0
13434,V013435,Van,10,1000,Petrol,57.69,159346.0
13435,V013436,Medium Truck,5,8000,Diesel,94.43,111543.0
13436,V013437,Medium Truck,12,8000,Diesel,72.95,1000.0
13437,V013438,Van,12,1000,Petrol,80.45,202305.0
13438,V013439,Medium Truck,11,8000,Diesel,91.52,96234.0
13439,V013440,Medium Truck,0,8000,Diesel,87.53,39115.0
13440,V013441,Van,12,1000,Petrol,83.06,179571.0
13441,V013442,Medium Truck,6,8000,Diesel,76.63,267761.0
13442,V013443,Van,3,1000,Petrol,80.26,168736.0
13443,V013444,Light Truck,14,3500,Diesel,100.0,301437.0
13444,V013445,Medium Truck,10,8000,Diesel,85.38,87425.0
13445,V013446,Light Truck,10,3500,Diesel,88.06,297821.0
13446,V013447,Van,13,1000,Petrol,76.03,157640.0
13447,V013448,Van,13,1000,Petrol,86.29,191937.0
13448,V013449,Medium Truck,13,8000,Diesel,71.24,176133.0
13449,V013450,Medium Truck,13,8000,Diesel,83.66,95927.0
13450,V013451,Heavy Truck,10,20000,Diesel,87.36,90339.0
13451,V013452,Van,11,1000,Petrol,100.0,267039.0
13452,V013453,Medium Truck,6,8000,Diesel,72.03,135309.0
13453,V013454,Medium Truck,2,8000,Diesel,71.86,334268.0
13454,V013455,Van,11,1000,Petrol,68.17,243977.0
13455,V013456,Heavy Truck,12,20000,Diesel,94.29,310920.0
13456,V013457,Motorbike,14,50,Petrol,82.46,99064.0
13457,V013458,Light Truck,6,3500,Diesel,70.57,254533.0
13458,V013459,Van,12,1000,Petrol,79.41,265104.0
13459,V013460,Heavy Truck,8,20000,Diesel,70.49,419767.0
13460,V013461,Medium Truck,5,8000,Diesel,88.68,276663.0
13461,V013462,Medium Truck,8,8000,Diesel,68.16,94441.0
13462,V013463,Van,2,1000,Petrol,64.33,181770.0
13463,V013464,Heavy Truck,3,20000,Diesel,82.58,132221.0
13464,V013465,Light Truck,7,3500,Diesel,72.63,252311.0
13465,V013466,Van,14,1000,Petrol,96.24,113345.0
13466,V013467,Light Truck,3,3500,Diesel,69.13,351199.0
13467,V013468,Heavy Truck,5,20000,Diesel,66.59,270951.0
13468,V013469,Light Truck,10,3500,Diesel,95.88,223041.0
13469,V013470,Van,7,1000,Petrol,92.14,170527.0
13470,V013471,Motorbike,0,50,Petrol,87.87,79123.0
13471,V013472,Light Truck,2,3500,Diesel,93.1,116176.0
13472,V013473,Van,12,1000,Petrol,84.79,202473.0
13473,V013474,Van,9,1000,Petrol,77.04,275486.0
13474,V013475,Van,9,1000,Petrol,100.0,168402.0
13475,V013476,Light Truck,12,3500,Diesel,72.85,284087.0
13476,V013477,Motorbike,10,50,Petrol,44.8,164495.0
13477,V013478,Heavy Truck,7,20000,Diesel,88.54,28010.0
13478,V013479,Medium Truck,10,8000,Diesel,60.56,217402.0
13479,V013480,Medium Truck,11,8000,Diesel,61.39,199254.0
13480,V013481,Van,0,1000,Petrol,88.51,292550.0
13481,V013482,Van,12,1000,Petrol,100.0,153400.0
13482,V013483,Van,3,1000,Petrol,82.5,196632.0
13483,V013484,Medium Truck,3,8000,Diesel,74.33,112123.0
13484,V013485,Motorbike,13,50,Petrol,69.02,141622.0
13485,V013486,Van,0,1000,Petrol,95.17,280289.0
13486,V013487,Light Truck,11,3500,Diesel,83.17,329064.0
13487,V013488,Medium Truck,9,8000,Diesel,74.76,178445.0
13488,V013489,Medium Truck,8,8000,Diesel,74.69,60161.0
13489,V013490,Heavy Truck,8,20000,Diesel,97.07,366626.0
13490,V013491,Van,3,1000,Petrol,96.67,254421.0
13491,V013492,Van,9,1000,Petrol,96.7,185269.0
13492,V013493,Medium Truck,0,8000,Diesel,82.14,177512.0
13493,V013494,Light Truck,10,3500,Diesel,97.15,238399.0
13494,V013495,Heavy Truck,8,20000,Diesel,85.39,169002.0
13495,V013496,Light Truck,3,3500,Diesel,89.25,143218.0
13496,V013497,Van,7,1000,Petrol,76.7,93568.0
13497,V013498,Medium Truck,3,8000,Diesel,88.6,228853.0
13498,V013499,Van,5,1000,Petrol,84.03,307623.0
13499,V013500,Light Truck,14,3500,Diesel,67.38,83964.0
13500,V013501,Medium Truck,0,8000,Diesel,92.27,37604.0
13501,V013502,Light Truck,8,3500,Diesel,54.93,192733.0
13502,V013503,Van,6,1000,Petrol,92.84,176301.0
13503,V013504,Light Truck,4,3500,Diesel,94.87,221379.0
13504,V013505,Light Truck,10,3500,Diesel,88.42,120665.0
13505,V013506,Light Truck,12,3500,Diesel,69.2,180259.0
13506,V013507,Light Truck,14,3500,Diesel,93.87,356798.0
13507,V013508,Van,12,1000,Petrol,63.9,270685.0
13508,V013509,Van,14,1000,Petrol,84.85,331224.0
13509,V013510,Van,0,1000,Petrol,100.0,201848.0
13510,V013511,Light Truck,8,3500,Diesel,91.88,128298.0
13511,V013512,Van,8,1000,Petrol,88.81,155654.0
13512,V013513,Light Truck,13,3500,Diesel,74.7,201304.0
13513,V013514,Light Truck,5,3500,Diesel,92.65,76701.0
13514,V013515,Medium Truck,14,8000,Diesel,73.37,56641.0
13515,V013516,Van,8,1000,Petrol,70.34,149689.0
13516,V013517,Light Truck,1,3500,Diesel,79.13,81289.0
13517,V013518,Medium Truck,9,8000,Diesel,74.71,36766.0
13518,V013519,Medium Truck,13,8000,Diesel,82.36,216902.0
13519,V013520,Motorbike,5,50,Petrol,82.28,89773.0
13520,V013521,Van,3,1000,Petrol,89.15,164879.0
13521,V013522,Van,3,1000,Petrol,100.0,82613.0
13522,V013523,Light Truck,14,3500,Diesel,84.14,167777.0
13523,V013524,Van,6,1000,Petrol,100.0,110674.0
13524,V013525,Light Truck,4,3500,Diesel,80.02,89241.0
13525,V013526,Light Truck,0,3500,Diesel,92.23,136267.0
13526,V013527,Van,8,1000,Petrol,84.06,327509.0
13527,V013528,Light Truck,2,3500,Diesel,76.05,225300.0
13528,V013529,Light Truck,9,3500,Diesel,82.83,265822.0
13529,V013530,Light Truck,6,3500,Diesel,73.83,220852.0
13530,V013531,Medium Truck,6,8000,Diesel,82.74,224981.0
13531,V013532,Medium Truck,8,8000,Diesel,69.75,126202.0
13532,V013533,Light Truck,10,3500,Diesel,48.13,242873.0
13533,V013534,Light Truck,1,3500,Diesel,80.44,239273.0
13534,V013535,Van,5,1000,Petrol,80.93,227817.0
13535,V013536,Van,3,1000,Petrol,90.18,184357.0
13536,V013537,Van,3,1000,Petrol,100.0,242379.0
13537,V013538,Medium Truck,13,8000,Diesel,93.22,198861.0
13538,V013539,Van,12,1000,Petrol,77.12,231403.0
13539,V013540,Medium Truck,8,8000,Diesel,100.0,123864.0
13540,V013541,Light Truck,4,3500,Diesel,66.86,120948.0
13541,V013542,Medium Truck,5,8000,Diesel,74.08,89463.0
13542,V013543,Van,8,1000,Petrol,78.27,207719.0
13543,V013544,Van,6,1000,Petrol,100.0,195387.0
13544,V013545,Van,7,1000,Petrol,83.86,189330.0
13545,V013546,Van,7,1000,Petrol,84.98,371364.0
13546,V013547,Van,7,1000,Petrol,61.16,349497.0
13547,V013548,Van,12,1000,Petrol,78.35,55900.0
13548,V013549,Motorbike,11,50,Petrol,83.72,192541.0
13549,V013550,Van,9,1000,Petrol,78.45,245420.0
13550,V013551,Van,1,1000,Petrol,100.0,103069.0
13551,V013552,Motorbike,5,50,Petrol,96.48,258155.0
13552,V013553,Medium Truck,0,8000,Diesel,92.83,132560.0
13553,V013554,Medium Truck,0,8000,Diesel,100.0,73993.0
13554,V013555,Van,13,1000,Petrol,60.95,117420.0
13555,V013556,Medium Truck,14,8000,Diesel,100.0,224883.0
13556,V013557,Heavy Truck,6,20000,Diesel,80.53,88620.0
13557,V013558,Van,11,1000,Petrol,75.71,318325.0
13558,V013559,Van,2,1000,Petrol,72.17,229657.0
13559,V013560,Van,4,1000,Petrol,69.35,173712.0
13560,V013561,Medium Truck,14,8000,Diesel,89.41,225011.0
13561,V013562,Motorbike,13,50,Petrol,80.72,44820.0
13562,V013563,Medium Truck,10,8000,Diesel,65.28,393289.0
13563,V013564,Van,12,1000,Petrol,76.41,193933.0
13564,V013565,Medium Truck,13,8000,Diesel,89.9,256856.0
13565,V013566,Light Truck,4,3500,Diesel,56.51,227232.0
13566,V013567,Light Truck,7,3500,Diesel,92.24,294260.0
13567,V013568,Van,2,1000,Petrol,92.56,23568.0
13568,V013569,Medium Truck,0,8000,Diesel,95.25,250402.0
13569,V013570,Medium Truck,3,8000,Diesel,69.62,173369.0
13570,V013571,Medium Truck,14,8000,Diesel,72.36,244667.0
13571,V013572,Van,13,1000,Petrol,89.79,202992.0
13572,V013573,Light Truck,11,3500,Diesel,81.6,127110.0
13573,V013574,Van,13,1000,Petrol,98.12,205857.0
13574,V013575,Light Truck,9,3500,Diesel,81.13,179181.0
13575,V013576,Light Truck,1,3500,Diesel,75.96,1000.0
13576,V013577,Van,10,1000,Petrol,100.0,165738.0
13577,V013578,Light Truck,10,3500,Diesel,72.55,100805.0
13578,V013579,Van,12,1000,Petrol,100.0,78761.0
13579,V013580,Medium Truck,12,8000,Diesel,91.95,245429.0
13580,V013581,Medium Truck,10,8000,Diesel,100.0,180404.0
13581,V013582,Van,10,1000,Petrol,89.91,238487.0
13582,V013583,Light Truck,11,3500,Diesel,94.82,277697.0
13583,V013584,Van,12,1000,Petrol,95.22,111188.0
13584,V013585,Light Truck,12,3500,Diesel,84.58,271677.0
13585,V013586,Van,2,1000,Petrol,84.36,137691.0
13586,V013587,Van,5,1000,Petrol,74.52,172256.0
13587,V013588,Light Truck,2,3500,Diesel,85.72,294941.0
13588,V013589,Medium Truck,0,8000,Diesel,83.3,303353.0
13589,V013590,Light Truck,0,3500,Diesel,77.53,186999.0
13590,V013591,Light Truck,11,3500,Diesel,66.36,246346.0
13591,V013592,Medium Truck,8,8000,Diesel,80.99,268746.0
13592,V013593,Medium Truck,5,8000,Diesel,88.09,238836.0
13593,V013594,Medium Truck,8,8000,Diesel,84.72,158217.0
13594,V013595,Light Truck,14,3500,Diesel,80.51,143776.0
13595,V013596,Van,4,1000,Petrol,85.45,228586.0
13596,V013597,Light Truck,3,3500,Diesel,94.89,127458.0
13597,V013598,Heavy Truck,14,20000,Diesel,91.99,125403.0
13598,V013599,Medium Truck,5,8000,Diesel,68.82,61638.0
13599,V013600,Van,4,1000,Petrol,100.0,234997.0
13600,V013601,Light Truck,7,3500,Diesel,74.63,249241.0
13601,V013602,Van,12,1000,Petrol,69.16,152396.0
13602,V013603,Medium Truck,13,8000,Diesel,83.91,155009.0
13603,V013604,Van,3,1000,Petrol,86.99,143850.0
13604,V013605,Motorbike,9,50,Petrol,82.9,194045.0
13605,V013606,Medium Truck,0,8000,Diesel,52.14,408615.0
13606,V013607,Light Truck,11,3500,Diesel,100.0,235058.0
13607,V013608,Van,2,1000,Petrol,77.38,189650.0
13608,V013609,Light Truck,4,3500,Diesel,79.78,144978.0
13609,V013610,Medium Truck,14,8000,Diesel,90.59,283032.0
13610,V013611,Van,0,1000,Petrol,84.75,276267.0
13611,V013612,Medium Truck,14,8000,Diesel,92.71,251747.0
13612,V013613,Van,13,1000,Petrol,66.08,169013.0
13613,V013614,Van,14,1000,Petrol,83.86,223971.0
13614,V013615,Van,10,1000,Petrol,59.02,122021.0
13615,V013616,Medium Truck,7,8000,Diesel,78.07,277147.0
13616,V013617,Van,9,1000,Petrol,56.13,33011.0
13617,V013618,Medium Truck,6,8000,Diesel,91.63,96733.0
13618,V013619,Medium Truck,12,8000,Diesel,53.78,196304.0
13619,V013620,Light Truck,9,3500,Diesel,78.71,183347.0
13620,V013621,Light Truck,10,3500,Diesel,78.89,126432.0
13621,V013622,Medium Truck,11,8000,Diesel,80.31,407778.0
13622,V013623,Medium Truck,5,8000,Diesel,87.8,140054.0
13623,V013624,Light Truck,13,3500,Diesel,76.79,235124.0
13624,V013625,Light Truck,13,3500,Diesel,82.16,34404.0
13625,V013626,Heavy Truck,2,20000,Diesel,68.25,326396.0
13626,V013627,Light Truck,6,3500,Diesel,95.85,304957.0
13627,V013628,Medium Truck,1,8000,Diesel,78.04,109941.0
13628,V013629,Medium Truck,7,8000,Diesel,90.56,69113.0
13629,V013630,Van,4,1000,Petrol,75.5,1000.0
13630,V013631,Medium Truck,4,8000,Diesel,91.85,208460.0
13631,V013632,Van,1,1000,Petrol,92.43,91344.0
13632,V013633,Van,13,1000,Petrol,80.64,291809.0
13633,V013634,Medium Truck,6,8000,Diesel,79.91,112913.0
13634,V013635,Medium Truck,11,8000,Diesel,86.05,148236.0
13635,V013636,Medium Truck,0,8000,Diesel,76.88,171773.0
13636,V013637,Motorbike,8,50,Petrol,89.89,116425.0
13637,V013638,Medium Truck,11,8000,Diesel,83.56,157877.0
13638,V013639,Light Truck,4,3500,Diesel,80.43,87073.0
13639,V013640,Light Truck,12,3500,Diesel,75.76,89071.0
13640,V013641,Light Truck,11,3500,Diesel,73.32,259370.0
13641,V013642,Van,13,1000,Petrol,87.37,210481.0
13642,V013643,Medium Truck,6,8000,Diesel,73.97,210012.0
13643,V013644,Light Truck,7,3500,Diesel,94.41,147595.0
13644,V013645,Heavy Truck,10,20000,Diesel,73.62,30129.0
13645,V013646,Medium Truck,2,8000,Diesel,58.15,205660.0
13646,V013647,Light Truck,14,3500,Diesel,94.77,222241.0
13647,V013648,Light Truck,8,3500,Diesel,90.37,248174.0
13648,V013649,Light Truck,3,3500,Diesel,89.09,86536.0
13649,V013650,Medium Truck,0,8000,Diesel,85.3,251040.0
13650,V013651,Van,0,1000,Petrol,82.57,245323.0
13651,V013652,Van,11,1000,Petrol,90.49,39826.0
13652,V013653,Light Truck,5,3500,Diesel,95.64,204768.0
13653,V013654,Motorbike,10,50,Petrol,82.88,319048.0
13654,V013655,Medium Truck,12,8000,Diesel,83.38,311474.0
13655,V013656,Light Truck,0,3500,Diesel,91.86,133295.0
13656,V013657,Light Truck,3,3500,Diesel,100.0,281150.0
13657,V013658,Van,2,1000,Petrol,81.96,278972.0
13658,V013659,Light Truck,13,3500,Diesel,73.17,90818.0
13659,V013660,Medium Truck,13,8000,Diesel,74.59,324563.0
13660,V013661,Van,0,1000,Petrol,84.69,239704.0
13661,V013662,Van,0,1000,Petrol,94.4,340897.0
13662,V013663,Van,2,1000,Petrol,89.07,299316.0
13663,V013664,Van,8,1000,Petrol,100.0,91404.0
13664,V013665,Light Truck,6,3500,Diesel,77.47,135877.0
13665,V013666,Van,13,1000,Petrol,69.55,261117.0
13666,V013667,Light Truck,5,3500,Diesel,90.59,222788.0
13667,V013668,Medium Truck,3,8000,Diesel,85.26,351227.0
13668,V013669,Van,11,1000,Petrol,98.96,1000.0
13669,V013670,Van,8,1000,Petrol,95.62,257721.0
13670,V013671,Van,14,1000,Petrol,83.19,209753.0
13671,V013672,Van,2,1000,Petrol,84.64,182951.0
13672,V013673,Van,5,1000,Petrol,70.96,245246.0
13673,V013674,Van,11,1000,Petrol,73.87,1000.0
13674,V013675,Van,13,1000,Petrol,92.64,67201.0
13675,V013676,Light Truck,9,3500,Diesel,70.48,254924.0
13676,V013677,Van,13,1000,Petrol,87.16,305636.0
13677,V013678,Light Truck,1,3500,Diesel,83.14,156803.0
13678,V013679,Van,10,1000,Petrol,67.78,107658.0
13679,V013680,Motorbike,13,50,Petrol,86.42,97126.0
13680,V013681,Van,0,1000,Petrol,71.43,211752.0
13681,V013682,Motorbike,8,50,Petrol,72.3,148331.0
13682,V013683,Medium Truck,6,8000,Diesel,95.29,226616.0
13683,V013684,Medium Truck,11,8000,Diesel,93.87,120080.0
13684,V013685,Van,8,1000,Petrol,73.05,213834.0
13685,V013686,Light Truck,8,3500,Diesel,83.47,128630.0
13686,V013687,Light Truck,7,3500,Diesel,88.13,78493.0
13687,V013688,Light Truck,11,3500,Diesel,82.07,209566.0
13688,V013689,Light Truck,3,3500,Diesel,95.54,251968.0
13689,V013690,Medium Truck,14,8000,Diesel,68.76,234896.0
13690,V013691,Van,4,1000,Petrol,76.07,208149.0
13691,V013692,Van,5,1000,Petrol,76.3,148267.0
13692,V013693,Van,5,1000,Petrol,66.96,39577.0
13693,V013694,Van,10,1000,Petrol,74.93,172198.0
13694,V013695,Medium Truck,6,8000,Diesel,91.07,220097.0
13695,V013696,Van,6,1000,Petrol,95.13,235665.0
13696,V013697,Light Truck,7,3500,Diesel,100.0,167650.0
13697,V013698,Heavy Truck,0,20000,Diesel,92.3,198811.0
13698,V013699,Light Truck,9,3500,Diesel,100.0,169616.0
13699,V013700,Heavy Truck,1,20000,Diesel,67.59,204293.0
13700,V013701,Heavy Truck,6,20000,Diesel,95.22,221859.0
13701,V013702,Motorbike,10,50,Petrol,79.71,116284.0
13702,V013703,Light Truck,5,3500,Diesel,100.0,229386.0
13703,V013704,Van,9,1000,Petrol,73.87,228948.0
13704,V013705,Motorbike,9,50,Petrol,72.57,254084.0
13705,V013706,Heavy Truck,4,20000,Diesel,77.43,238510.0
13706,V013707,Van,11,1000,Petrol,73.89,252552.0
13707,V013708,Medium Truck,9,8000,Diesel,96.23,133720.0
13708,V013709,Light Truck,13,3500,Diesel,88.55,256726.0
13709,V013710,Medium Truck,8,8000,Diesel,92.6,167148.0
13710,V013711,Heavy Truck,12,20000,Diesel,83.53,180637.0
13711,V013712,Medium Truck,2,8000,Diesel,53.43,185782.0
13712,V013713,Van,3,1000,Petrol,78.09,102631.0
13713,V013714,Van,2,1000,Petrol,94.84,88536.0
13714,V013715,Light Truck,1,3500,Diesel,83.93,187890.0
13715,V013716,Van,1,1000,Petrol,96.6,217180.0
13716,V013717,Van,13,1000,Petrol,98.65,245053.0
13717,V013718,Van,12,1000,Petrol,75.37,131525.0
13718,V013719,Van,7,1000,Petrol,72.39,120729.0
13719,V013720,Motorbike,9,50,Petrol,83.07,202831.0
13720,V013721,Light Truck,1,3500,Diesel,93.15,121161.0
13721,V013722,Van,12,1000,Petrol,71.64,218810.0
13722,V013723,Medium Truck,7,8000,Diesel,70.77,136164.0
13723,V013724,Van,0,1000,Petrol,73.79,240720.0
13724,V013725,Medium Truck,5,8000,Diesel,93.69,255732.0
13725,V013726,Medium Truck,0,8000,Diesel,98.31,326544.0
13726,V013727,Motorbike,10,50,Petrol,98.62,68537.0
13727,V013728,Medium Truck,9,8000,Diesel,65.84,110821.0
13728,V013729,Light Truck,5,3500,Diesel,92.12,102915.0
13729,V013730,Heavy Truck,4,20000,Diesel,73.17,170052.0
13730,V013731,Medium Truck,10,8000,Diesel,89.44,188500.0
13731,V013732,Van,12,1000,Petrol,75.18,309782.0
13732,V013733,Medium Truck,6,8000,Diesel,100.0,296718.0
13733,V013734,Light Truck,9,3500,Diesel,89.4,76439.0
13734,V013735,Van,6,1000,Petrol,80.76,326508.0
13735,V013736,Medium Truck,0,8000,Diesel,61.89,133129.0
13736,V013737,Light Truck,2,3500,Diesel,96.3,212921.0
13737,V013738,Van,8,1000,Petrol,83.7,122464.0
13738,V013739,Light Truck,5,3500,Diesel,77.36,118697.0
13739,V013740,Light Truck,7,3500,Diesel,92.04,113180.0
13740,V013741,Motorbike,5,50,Petrol,92.57,159776.0
13741,V013742,Light Truck,1,3500,Diesel,84.72,244368.0
13742,V013743,Van,1,1000,Petrol,84.17,203230.0
13743,V013744,Heavy Truck,7,20000,Diesel,94.99,1000.0
13744,V013745,Van,8,1000,Petrol,55.96,119799.0
13745,V013746,Van,3,1000,Petrol,100.0,191924.0
13746,V013747,Light Truck,9,3500,Diesel,56.06,77524.0
13747,V013748,Light Truck,0,3500,Diesel,85.96,119965.0
13748,V013749,Medium Truck,6,8000,Diesel,92.52,296407.0
13749,V013750,Van,12,1000,Petrol,69.62,148146.0
13750,V013751,Van,10,1000,Petrol,100.0,260208.0
13751,V013752,Heavy Truck,1,20000,Diesel,59.08,84233.0
13752,V013753,Medium Truck,13,8000,Diesel,68.36,51685.0
13753,V013754,Medium Truck,6,8000,Diesel,85.13,1000.0
13754,V013755,Medium Truck,6,8000,Diesel,70.54,132718.0
13755,V013756,Van,0,1000,Petrol,67.01,124192.0
13756,V013757,Van,9,1000,Petrol,64.28,97081.0
13757,V013758,Light Truck,3,3500,Diesel,72.25,261333.0
13758,V013759,Medium Truck,3,8000,Diesel,74.93,231336.0
13759,V013760,Light Truck,14,3500,Diesel,79.29,219856.0
13760,V013761,Medium Truck,9,8000,Diesel,91.0,66714.0
13761,V013762,Medium Truck,10,8000,Diesel,83.25,287378.0
13762,V013763,Medium Truck,3,8000,Diesel,73.71,211406.0
13763,V013764,Van,6,1000,Petrol,89.06,219128.0
13764,V013765,Light Truck,6,3500,Diesel,67.78,81312.0
13765,V013766,Van,8,1000,Petrol,54.45,231537.0
13766,V013767,Light Truck,7,3500,Diesel,89.35,211642.0
13767,V013768,Medium Truck,3,8000,Diesel,92.74,251289.0
13768,V013769,Van,7,1000,Petrol,100.0,131278.0
13769,V013770,Medium Truck,13,8000,Diesel,79.34,210164.0
13770,V013771,Light Truck,13,3500,Diesel,97.01,237529.0
13771,V013772,Light Truck,6,3500,Diesel,92.95,206932.0
13772,V013773,Light Truck,12,3500,Diesel,71.2,184008.0
13773,V013774,Light Truck,3,3500,Diesel,85.76,286065.0
13774,V013775,Medium Truck,8,8000,Diesel,79.83,129188.0
13775,V013776,Van,6,1000,Petrol,100.0,219248.0
13776,V013777,Van,7,1000,Petrol,89.68,62636.0
13777,V013778,Van,0,1000,Petrol,82.83,257386.0
13778,V013779,Van,6,1000,Petrol,73.0,247549.0
13779,V013780,Light Truck,8,3500,Diesel,80.21,101429.0
13780,V013781,Van,7,1000,Petrol,65.96,164288.0
13781,V013782,Light Truck,11,3500,Diesel,86.4,281082.0
13782,V013783,Van,14,1000,Petrol,82.38,155623.0
13783,V013784,Van,14,1000,Petrol,98.68,137192.0
13784,V013785,Light Truck,13,3500,Diesel,82.63,45166.0
13785,V013786,Heavy Truck,1,20000,Diesel,95.42,50260.0
13786,V013787,Medium Truck,6,8000,Diesel,77.05,168781.0
13787,V013788,Medium Truck,0,8000,Diesel,100.0,162853.0
13788,V013789,Van,7,1000,Petrol,62.48,227458.0
13789,V013790,Van,1,1000,Petrol,60.08,211220.0
13790,V013791,Medium Truck,2,8000,Diesel,75.32,133806.0
13791,V013792,Light Truck,0,3500,Diesel,63.31,291653.0
13792,V013793,Heavy Truck,2,20000,Diesel,100.0,304930.0
13793,V013794,Motorbike,1,50,Petrol,93.12,271811.0
13794,V013795,Light Truck,11,3500,Diesel,95.31,233890.0
13795,V013796,Medium Truck,11,8000,Diesel,100.0,139182.0
13796,V013797,Light Truck,7,3500,Diesel,81.78,161056.0
13797,V013798,Light Truck,7,3500,Diesel,77.31,170728.0
13798,V013799,Light Truck,5,3500,Diesel,84.55,302534.0
13799,V013800,Van,2,1000,Petrol,88.1,87116.0
13800,V013801,Heavy Truck,6,20000,Diesel,66.52,123526.0
13801,V013802,Heavy Truck,11,20000,Diesel,91.43,46447.0
13802,V013803,Heavy Truck,1,20000,Diesel,85.71,266808.0
13803,V013804,Light Truck,5,3500,Diesel,100.0,208586.0
13804,V013805,Van,8,1000,Petrol,74.91,93970.0
13805,V013806,Light Truck,9,3500,Diesel,85.14,224428.0
13806,V013807,Medium Truck,4,8000,Diesel,95.9,157887.0
13807,V013808,Van,10,1000,Petrol,90.21,226255.0
13808,V013809,Van,13,1000,Petrol,93.08,62786.0
13809,V013810,Medium Truck,6,8000,Diesel,100.0,52326.0
13810,V013811,Light Truck,12,3500,Diesel,61.63,113254.0
13811,V013812,Light Truck,11,3500,Diesel,87.38,282270.0
13812,V013813,Light Truck,14,3500,Diesel,89.1,122310.0
13813,V013814,Light Truck,11,3500,Diesel,57.18,89315.0
13814,V013815,Van,0,1000,Petrol,89.27,140569.0
13815,V013816,Van,9,1000,Petrol,98.69,196897.0
13816,V013817,Medium Truck,2,8000,Diesel,70.5,286796.0
13817,V013818,Heavy Truck,6,20000,Diesel,94.75,212028.0
13818,V013819,Medium Truck,8,8000,Diesel,88.69,260790.0
13819,V013820,Light Truck,2,3500,Diesel,73.21,98004.0
13820,V013821,Light Truck,6,3500,Diesel,86.2,123300.0
13821,V013822,Heavy Truck,6,20000,Diesel,66.67,224411.0
13822,V013823,Medium Truck,11,8000,Diesel,65.63,110163.0
13823,V013824,Light Truck,5,3500,Diesel,83.24,149494.0
13824,V013825,Van,6,1000,Petrol,83.73,230322.0
13825,V013826,Van,8,1000,Petrol,67.2,347960.0
13826,V013827,Medium Truck,7,8000,Diesel,62.52,101900.0
13827,V013828,Light Truck,5,3500,Diesel,70.32,193929.0
13828,V013829,Light Truck,9,3500,Diesel,78.42,1000.0
13829,V013830,Van,1,1000,Petrol,82.04,124706.0
13830,V013831,Van,8,1000,Petrol,69.91,189327.0
13831,V013832,Medium Truck,3,8000,Diesel,86.36,202297.0
13832,V013833,Light Truck,14,3500,Diesel,69.45,28034.0
13833,V013834,Van,11,1000,Petrol,94.23,200001.0
13834,V013835,Medium Truck,9,8000,Diesel,74.3,228261.0
13835,V013836,Heavy Truck,2,20000,Diesel,98.2,125508.0
13836,V013837,Medium Truck,7,8000,Diesel,97.36,293982.0
13837,V013838,Light Truck,9,3500,Diesel,81.56,262770.0
13838,V013839,Medium Truck,8,8000,Diesel,95.6,204040.0
13839,V013840,Van,1,1000,Petrol,73.76,91041.0
13840,V013841,Light Truck,4,3500,Diesel,84.64,59409.0
13841,V013842,Motorbike,14,50,Petrol,96.22,238080.0
13842,V013843,Light Truck,0,3500,Diesel,89.74,332385.0
13843,V013844,Heavy Truck,8,20000,Diesel,87.92,132172.0
13844,V013845,Heavy Truck,13,20000,Diesel,98.12,193036.0
13845,V013846,Motorbike,13,50,Petrol,76.1,174925.0
13846,V013847,Motorbike,9,50,Petrol,81.49,225205.0
13847,V013848,Heavy Truck,11,20000,Diesel,95.69,147064.0
13848,V013849,Medium Truck,8,8000,Diesel,69.94,203850.0
13849,V013850,Van,9,1000,Petrol,86.97,225339.0
13850,V013851,Light Truck,9,3500,Diesel,80.4,116721.0
13851,V013852,Medium Truck,10,8000,Diesel,74.61,8285.0
13852,V013853,Van,4,1000,Petrol,100.0,229339.0
13853,V013854,Van,12,1000,Petrol,72.2,99528.0
13854,V013855,Van,7,1000,Petrol,66.09,100207.0
13855,V013856,Light Truck,2,3500,Diesel,78.31,297828.0
13856,V013857,Light Truck,12,3500,Diesel,64.87,281102.0
13857,V013858,Van,2,1000,Petrol,62.61,215467.0
13858,V013859,Light Truck,2,3500,Diesel,93.35,278924.0
13859,V013860,Light Truck,1,3500,Diesel,79.62,126679.0
13860,V013861,Medium Truck,5,8000,Diesel,79.78,231196.0
13861,V013862,Light Truck,5,3500,Diesel,93.29,139587.0
13862,V013863,Medium Truck,1,8000,Diesel,77.25,138369.0
13863,V013864,Light Truck,6,3500,Diesel,96.42,40514.0
13864,V013865,Heavy Truck,9,20000,Diesel,73.21,76017.0
13865,V013866,Light Truck,10,3500,Diesel,85.69,184311.0
13866,V013867,Heavy Truck,13,20000,Diesel,63.12,124766.0
13867,V013868,Medium Truck,8,8000,Diesel,75.82,183033.0
13868,V013869,Van,0,1000,Petrol,90.33,175397.0
13869,V013870,Medium Truck,4,8000,Diesel,70.55,59858.0
13870,V013871,Van,11,1000,Petrol,100.0,165674.0
13871,V013872,Heavy Truck,4,20000,Diesel,93.27,79609.0
13872,V013873,Light Truck,5,3500,Diesel,82.24,143129.0
13873,V013874,Light Truck,4,3500,Diesel,66.15,200469.0
13874,V013875,Van,13,1000,Petrol,85.96,228330.0
13875,V013876,Van,12,1000,Petrol,88.03,292133.0
13876,V013877,Medium Truck,5,8000,Diesel,90.46,146557.0
13877,V013878,Medium Truck,6,8000,Diesel,57.12,216824.0
13878,V013879,Heavy Truck,8,20000,Diesel,85.27,203364.0
13879,V013880,Medium Truck,12,8000,Diesel,90.08,83064.0
13880,V013881,Van,2,1000,Petrol,78.22,188448.0
13881,V013882,Heavy Truck,8,20000,Diesel,81.23,204531.0
13882,V013883,Van,4,1000,Petrol,51.94,71072.0
13883,V013884,Light Truck,1,3500,Diesel,74.16,217708.0
13884,V013885,Light Truck,0,3500,Diesel,72.81,201084.0
13885,V013886,Light Truck,4,3500,Diesel,99.67,275045.0
13886,V013887,Van,8,1000,Petrol,68.0,171195.0
13887,V013888,Van,5,1000,Petrol,100.0,243177.0
13888,V013889,Medium Truck,10,8000,Diesel,93.82,165059.0
13889,V013890,Medium Truck,7,8000,Diesel,100.0,271572.0
13890,V013891,Light Truck,6,3500,Diesel,59.58,331437.0
13891,V013892,Light Truck,12,3500,Diesel,82.7,57497.0
13892,V013893,Medium Truck,9,8000,Diesel,65.44,220230.0
13893,V013894,Light Truck,1,3500,Diesel,83.04,181941.0
13894,V013895,Light Truck,8,3500,Diesel,72.52,245705.0
13895,V013896,Light Truck,6,3500,Diesel,100.0,199052.0
13896,V013897,Light Truck,0,3500,Diesel,73.37,12413.0
13897,V013898,Light Truck,11,3500,Diesel,78.04,22628.0
13898,V013899,Medium Truck,8,8000,Diesel,70.46,58447.0
13899,V013900,Van,10,1000,Petrol,100.0,102329.0
13900,V013901,Medium Truck,12,8000,Diesel,88.03,76313.0
13901,V013902,Medium Truck,6,8000,Diesel,99.92,30656.0
13902,V013903,Heavy Truck,4,20000,Diesel,82.5,255504.0
13903,V013904,Medium Truck,14,8000,Diesel,69.73,49427.0
13904,V013905,Van,7,1000,Petrol,77.62,1000.0
13905,V013906,Medium Truck,2,8000,Diesel,78.95,128953.0
13906,V013907,Medium Truck,0,8000,Diesel,75.1,236928.0
13907,V013908,Motorbike,8,50,Petrol,83.01,254316.0
13908,V013909,Van,9,1000,Petrol,69.56,156113.0
13909,V013910,Light Truck,3,3500,Diesel,75.76,186489.0
13910,V013911,Heavy Truck,10,20000,Diesel,73.12,1000.0
13911,V013912,Van,9,1000,Petrol,96.77,207014.0
13912,V013913,Heavy Truck,12,20000,Diesel,82.85,216905.0
13913,V013914,Light Truck,6,3500,Diesel,78.92,201205.0
13914,V013915,Light Truck,12,3500,Diesel,78.39,46349.0
13915,V013916,Medium Truck,8,8000,Diesel,86.47,248293.0
13916,V013917,Van,0,1000,Petrol,76.66,276583.0
13917,V013918,Light Truck,2,3500,Diesel,73.25,121188.0
13918,V013919,Van,4,1000,Petrol,99.13,330999.0
13919,V013920,Heavy Truck,9,20000,Diesel,92.34,274613.0
13920,V013921,Van,3,1000,Petrol,83.43,213895.0
13921,V013922,Light Truck,2,3500,Diesel,75.31,258968.0
13922,V013923,Van,10,1000,Petrol,98.64,145924.0
13923,V013924,Medium Truck,5,8000,Diesel,96.41,239537.0
13924,V013925,Heavy Truck,6,20000,Diesel,65.82,148064.0
13925,V013926,Van,11,1000,Petrol,69.51,175689.0
13926,V013927,Heavy Truck,11,20000,Diesel,82.69,56598.0
13927,V013928,Van,4,1000,Petrol,95.54,34590.0
13928,V013929,Light Truck,10,3500,Diesel,91.02,219637.0
13929,V013930,Van,14,1000,Petrol,73.33,181714.0
13930,V013931,Medium Truck,12,8000,Diesel,69.4,317060.0
13931,V013932,Van,14,1000,Petrol,100.0,371977.0
13932,V013933,Light Truck,8,3500,Diesel,81.42,199443.0
13933,V013934,Light Truck,1,3500,Diesel,73.25,56782.0
13934,V013935,Heavy Truck,9,20000,Diesel,88.4,249361.0
13935,V013936,Van,5,1000,Petrol,88.14,120959.0
13936,V013937,Heavy Truck,5,20000,Diesel,86.05,210062.0
13937,V013938,Light Truck,0,3500,Diesel,79.43,291349.0
13938,V013939,Light Truck,13,3500,Diesel,70.87,243121.0
13939,V013940,Heavy Truck,13,20000,Diesel,70.04,148608.0
13940,V013941,Medium Truck,9,8000,Diesel,71.31,156597.0
13941,V013942,Medium Truck,1,8000,Diesel,78.12,217169.0
13942,V013943,Van,5,1000,Petrol,99.48,247857.0
13943,V013944,Medium Truck,10,8000,Diesel,71.11,220312.0
13944,V013945,Van,8,1000,Petrol,68.71,142146.0
13945,V013946,Light Truck,4,3500,Diesel,76.92,172682.0
13946,V013947,Van,11,1000,Petrol,58.9,298927.0
13947,V013948,Van,8,1000,Petrol,75.59,147972.0
13948,V013949,Heavy Truck,8,20000,Diesel,85.02,214556.0
13949,V013950,Van,2,1000,Petrol,88.91,202055.0
13950,V013951,Light Truck,14,3500,Diesel,86.3,161173.0
13951,V013952,Van,7,1000,Petrol,90.48,119379.0
13952,V013953,Motorbike,11,50,Petrol,84.63,107872.0
13953,V013954,Light Truck,10,3500,Diesel,74.18,246649.0
13954,V013955,Van,9,1000,Petrol,71.12,125912.0
13955,V013956,Medium Truck,10,8000,Diesel,72.89,229930.0
13956,V013957,Motorbike,4,50,Petrol,100.0,216645.0
13957,V013958,Medium Truck,5,8000,Diesel,68.1,178945.0
13958,V013959,Van,5,1000,Petrol,76.12,143490.0
13959,V013960,Van,4,1000,Petrol,57.92,187890.0
13960,V013961,Light Truck,6,3500,Diesel,79.19,222052.0
13961,V013962,Medium Truck,5,8000,Diesel,100.0,71007.0
13962,V013963,Van,4,1000,Petrol,57.12,82093.0
13963,V013964,Light Truck,9,3500,Diesel,100.0,218846.0
13964,V013965,Van,3,1000,Petrol,88.02,224104.0
13965,V013966,Medium Truck,10,8000,Diesel,89.94,169394.0
13966,V013967,Light Truck,5,3500,Diesel,78.31,159723.0
13967,V013968,Medium Truck,9,8000,Diesel,86.56,194819.0
13968,V013969,Motorbike,7,50,Petrol,79.42,197851.0
13969,V013970,Light Truck,8,3500,Diesel,68.73,113932.0
13970,V013971,Heavy Truck,9,20000,Diesel,60.32,245383.0
13971,V013972,Motorbike,13,50,Petrol,80.98,140728.0
13972,V013973,Van,10,1000,Petrol,70.83,129924.0
13973,V013974,Light Truck,9,3500,Diesel,69.78,140457.0
13974,V013975,Medium Truck,8,8000,Diesel,64.97,129549.0
13975,V013976,Motorbike,10,50,Petrol,82.83,181769.0
13976,V013977,Light Truck,8,3500,Diesel,83.98,146600.0
13977,V013978,Light Truck,5,3500,Diesel,89.07,69712.0
13978,V013979,Light Truck,6,3500,Diesel,76.96,315206.0
13979,V013980,Medium Truck,9,8000,Diesel,81.05,204674.0
13980,V013981,Van,10,1000,Petrol,78.84,5714.0
13981,V013982,Medium Truck,2,8000,Diesel,81.08,214524.0
13982,V013983,Medium Truck,1,8000,Diesel,82.48,253860.0
13983,V013984,Light Truck,4,3500,Diesel,85.84,174309.0
13984,V013985,Light Truck,10,3500,Diesel,77.13,206200.0
13985,V013986,Light Truck,7,3500,Diesel,80.6,272223.0
13986,V013987,Light Truck,0,3500,Diesel,88.59,116908.0
13987,V013988,Van,5,1000,Petrol,68.88,48730.0
13988,V013989,Van,2,1000,Petrol,78.77,238715.0
13989,V013990,Medium Truck,0,8000,Diesel,70.62,1000.0
13990,V013991,Light Truck,11,3500,Diesel,73.49,172823.0
13991,V013992,Medium Truck,13,8000,Diesel,66.97,104257.0
13992,V013993,Motorbike,11,50,Petrol,84.68,59674.0
13993,V013994,Light Truck,11,3500,Diesel,78.64,224289.0
13994,V013995,Medium Truck,3,8000,Diesel,64.95,125544.0
13995,V013996,Medium Truck,12,8000,Diesel,83.52,295899.0
13996,V013997,Heavy Truck,12,20000,Diesel,88.14,299685.0
13997,V013998,Light Truck,7,3500,Diesel,85.21,290598.0
13998,V013999,Light Truck,2,3500,Diesel,100.0,1000.0
13999,V014000,Medium Truck,10,8000,Diesel,72.55,191810.0
14000,V014001,Van,0,1000,Petrol,99.52,149180.0
14001,V014002,Van,7,1000,Petrol,69.24,326315.0
14002,V014003,Van,1,1000,Petrol,60.14,27407.0
14003,V014004,Light Truck,0,3500,Diesel,95.18,176403.0
14004,V014005,Medium Truck,0,8000,Diesel,100.0,71461.0
14005,V014006,Medium Truck,10,8000,Diesel,80.86,208792.0
14006,V014007,Light Truck,11,3500,Diesel,91.18,440984.0
14007,V014008,Van,10,1000,Petrol,64.73,9535.0
14008,V014009,Medium Truck,11,8000,Diesel,76.61,273700.0
14009,V014010,Light Truck,3,3500,Diesel,77.04,203153.0
14010,V014011,Light Truck,8,3500,Diesel,83.63,129744.0
14011,V014012,Heavy Truck,5,20000,Diesel,76.25,248945.0
14012,V014013,Medium Truck,5,8000,Diesel,100.0,260239.0
14013,V014014,Medium Truck,7,8000,Diesel,96.29,53046.0
14014,V014015,Medium Truck,1,8000,Diesel,80.24,226212.0
14015,V014016,Medium Truck,4,8000,Diesel,71.15,169747.0
14016,V014017,Medium Truck,9,8000,Diesel,86.33,124569.0
14017,V014018,Medium Truck,10,8000,Diesel,66.27,52582.0
14018,V014019,Medium Truck,8,8000,Diesel,79.08,129490.0
14019,V014020,Van,3,1000,Petrol,82.23,139893.0
14020,V014021,Light Truck,0,3500,Diesel,84.28,160078.0
14021,V014022,Light Truck,12,3500,Diesel,100.0,282000.0
14022,V014023,Van,6,1000,Petrol,85.76,342918.0
14023,V014024,Van,11,1000,Petrol,82.58,143530.0
14024,V014025,Heavy Truck,14,20000,Diesel,100.0,95914.0
14025,V014026,Light Truck,10,3500,Diesel,58.44,21913.0
14026,V014027,Van,5,1000,Petrol,96.24,63572.0
14027,V014028,Light Truck,1,3500,Diesel,80.63,72401.0
14028,V014029,Light Truck,2,3500,Diesel,96.5,126742.0
14029,V014030,Light Truck,8,3500,Diesel,77.14,294403.0
14030,V014031,Light Truck,11,3500,Diesel,79.35,118958.0
14031,V014032,Van,10,1000,Petrol,93.97,55454.0
14032,V014033,Light Truck,5,3500,Diesel,82.27,191836.0
14033,V014034,Heavy Truck,0,20000,Diesel,62.06,303294.0
14034,V014035,Van,13,1000,Petrol,92.63,165524.0
14035,V014036,Van,1,1000,Petrol,82.75,122496.0
14036,V014037,Light Truck,10,3500,Diesel,84.81,136422.0
14037,V014038,Light Truck,2,3500,Diesel,80.21,226561.0
14038,V014039,Motorbike,7,50,Petrol,79.38,327418.0
14039,V014040,Light Truck,0,3500,Diesel,92.16,102319.0
14040,V014041,Medium Truck,0,8000,Diesel,97.13,150394.0
14041,V014042,Medium Truck,4,8000,Diesel,66.87,162365.0
14042,V014043,Medium Truck,0,8000,Diesel,68.29,74492.0
14043,V014044,Medium Truck,0,8000,Diesel,78.58,278781.0
14044,V014045,Van,2,1000,Petrol,82.27,239038.0
14045,V014046,Motorbike,3,50,Petrol,100.0,145727.0
14046,V014047,Medium Truck,8,8000,Diesel,88.45,160550.0
14047,V014048,Van,10,1000,Petrol,69.01,138972.0
14048,V014049,Motorbike,13,50,Petrol,73.8,194615.0
14049,V014050,Light Truck,2,3500,Diesel,72.6,224894.0
14050,V014051,Heavy Truck,11,20000,Diesel,90.99,68594.0
14051,V014052,Van,4,1000,Petrol,65.04,46942.0
14052,V014053,Medium Truck,4,8000,Diesel,88.04,172026.0
14053,V014054,Van,4,1000,Petrol,100.0,103078.0
14054,V014055,Heavy Truck,5,20000,Diesel,92.85,115422.0
14055,V014056,Light Truck,8,3500,Diesel,95.57,108939.0
14056,V014057,Light Truck,6,3500,Diesel,87.65,154124.0
14057,V014058,Van,1,1000,Petrol,92.11,171233.0
14058,V014059,Medium Truck,8,8000,Diesel,95.48,277369.0
14059,V014060,Medium Truck,7,8000,Diesel,95.64,223618.0
14060,V014061,Motorbike,1,50,Petrol,90.0,329207.0
14061,V014062,Medium Truck,11,8000,Diesel,83.52,120972.0
14062,V014063,Medium Truck,6,8000,Diesel,59.64,129584.0
14063,V014064,Light Truck,4,3500,Diesel,91.3,143338.0
14064,V014065,Light Truck,13,3500,Diesel,87.61,92198.0
14065,V014066,Van,8,1000,Petrol,57.48,187273.0
14066,V014067,Medium Truck,1,8000,Diesel,74.1,143123.0
14067,V014068,Van,13,1000,Petrol,68.17,124705.0
14068,V014069,Light Truck,2,3500,Diesel,87.45,131002.0
14069,V014070,Van,7,1000,Petrol,92.13,121040.0
14070,V014071,Van,2,1000,Petrol,91.86,257234.0
14071,V014072,Heavy Truck,12,20000,Diesel,74.67,114448.0
14072,V014073,Medium Truck,1,8000,Diesel,84.44,168446.0
14073,V014074,Van,2,1000,Petrol,84.28,66233.0
14074,V014075,Van,12,1000,Petrol,83.89,120745.0
14075,V014076,Light Truck,6,3500,Diesel,70.77,221056.0
14076,V014077,Medium Truck,8,8000,Diesel,69.57,260035.0
14077,V014078,Light Truck,0,3500,Diesel,56.67,110855.0
14078,V014079,Light Truck,5,3500,Diesel,65.05,335156.0
14079,V014080,Light Truck,6,3500,Diesel,80.47,101028.0
14080,V014081,Van,10,1000,Petrol,71.36,78375.0
14081,V014082,Van,14,1000,Petrol,84.21,169013.0
14082,V014083,Van,10,1000,Petrol,100.0,26296.0
14083,V014084,Van,0,1000,Petrol,78.48,181947.0
14084,V014085,Medium Truck,14,8000,Diesel,91.41,165783.0
14085,V014086,Light Truck,11,3500,Diesel,83.89,181015.0
14086,V014087,Van,9,1000,Petrol,43.44,56063.0
14087,V014088,Van,7,1000,Petrol,75.43,230134.0
14088,V014089,Van,2,1000,Petrol,73.52,33418.0
14089,V014090,Light Truck,14,3500,Diesel,62.75,305230.0
14090,V014091,Heavy Truck,7,20000,Diesel,85.57,62657.0
14091,V014092,Medium Truck,9,8000,Diesel,90.2,82963.0
14092,V014093,Van,12,1000,Petrol,71.42,121730.0
14093,V014094,Light Truck,0,3500,Diesel,100.0,88724.0
14094,V014095,Van,7,1000,Petrol,67.55,241756.0
14095,V014096,Motorbike,3,50,Petrol,64.43,241028.0
14096,V014097,Motorbike,10,50,Petrol,90.59,132547.0
14097,V014098,Medium Truck,11,8000,Diesel,77.33,158840.0
14098,V014099,Light Truck,3,3500,Diesel,91.08,62799.0
14099,V014100,Medium Truck,14,8000,Diesel,68.98,157929.0
14100,V014101,Medium Truck,6,8000,Diesel,67.43,335137.0
14101,V014102,Motorbike,6,50,Petrol,69.69,64356.0
14102,V014103,Light Truck,11,3500,Diesel,91.03,115190.0
14103,V014104,Van,5,1000,Petrol,50.5,94100.0
14104,V014105,Medium Truck,1,8000,Diesel,73.17,181150.0
14105,V014106,Van,13,1000,Petrol,78.81,103758.0
14106,V014107,Van,6,1000,Petrol,78.73,219274.0
14107,V014108,Van,10,1000,Petrol,100.0,155973.0
14108,V014109,Medium Truck,9,8000,Diesel,100.0,146142.0
14109,V014110,Light Truck,3,3500,Diesel,77.59,191829.0
14110,V014111,Light Truck,1,3500,Diesel,100.0,116217.0
14111,V014112,Light Truck,2,3500,Diesel,91.28,116400.0
14112,V014113,Medium Truck,7,8000,Diesel,75.41,223593.0
14113,V014114,Light Truck,0,3500,Diesel,73.3,232712.0
14114,V014115,Van,13,1000,Petrol,73.51,212375.0
14115,V014116,Light Truck,10,3500,Diesel,73.47,47652.0
14116,V014117,Heavy Truck,14,20000,Diesel,81.97,84818.0
14117,V014118,Light Truck,14,3500,Diesel,88.04,196807.0
14118,V014119,Light Truck,14,3500,Diesel,91.71,78177.0
14119,V014120,Medium Truck,2,8000,Diesel,92.83,293846.0
14120,V014121,Medium Truck,11,8000,Diesel,84.39,141022.0
14121,V014122,Medium Truck,4,8000,Diesel,100.0,163748.0
14122,V014123,Van,2,1000,Petrol,70.14,341788.0
14123,V014124,Medium Truck,3,8000,Diesel,78.69,178145.0
14124,V014125,Medium Truck,1,8000,Diesel,82.38,190475.0
14125,V014126,Light Truck,7,3500,Diesel,76.78,185341.0
14126,V014127,Light Truck,7,3500,Diesel,94.69,114236.0
14127,V014128,Light Truck,3,3500,Diesel,86.23,66208.0
14128,V014129,Van,7,1000,Petrol,81.47,69841.0
14129,V014130,Medium Truck,3,8000,Diesel,74.59,1000.0
14130,V014131,Heavy Truck,4,20000,Diesel,74.75,154514.0
14131,V014132,Light Truck,1,3500,Diesel,85.07,281100.0
14132,V014133,Medium Truck,5,8000,Diesel,81.52,130511.0
14133,V014134,Medium Truck,2,8000,Diesel,100.0,354544.0
14134,V014135,Light Truck,2,3500,Diesel,80.81,17190.0
14135,V014136,Medium Truck,2,8000,Diesel,100.0,209719.0
14136,V014137,Heavy Truck,9,20000,Diesel,71.18,218029.0
14137,V014138,Light Truck,12,3500,Diesel,95.3,125861.0
14138,V014139,Light Truck,13,3500,Diesel,71.02,217915.0
14139,V014140,Van,8,1000,Petrol,78.32,42126.0
14140,V014141,Van,8,1000,Petrol,79.14,120849.0
14141,V014142,Medium Truck,1,8000,Diesel,74.7,252493.0
14142,V014143,Light Truck,6,3500,Diesel,65.55,259581.0
14143,V014144,Van,10,1000,Petrol,100.0,175504.0
14144,V014145,Van,12,1000,Petrol,57.23,170895.0
14145,V014146,Motorbike,10,50,Petrol,87.75,21593.0
14146,V014147,Van,7,1000,Petrol,76.56,431611.0
14147,V014148,Medium Truck,12,8000,Diesel,79.06,236235.0
14148,V014149,Light Truck,8,3500,Diesel,98.97,295300.0
14149,V014150,Light Truck,14,3500,Diesel,85.09,272005.0
14150,V014151,Medium Truck,13,8000,Diesel,76.33,190704.0
14151,V014152,Light Truck,2,3500,Diesel,87.96,105101.0
14152,V014153,Heavy Truck,3,20000,Diesel,81.48,158097.0
14153,V014154,Medium Truck,10,8000,Diesel,61.78,191494.0
14154,V014155,Motorbike,2,50,Petrol,70.26,155470.0
14155,V014156,Van,1,1000,Petrol,65.67,241810.0
14156,V014157,Van,8,1000,Petrol,100.0,143072.0
14157,V014158,Heavy Truck,7,20000,Diesel,88.5,1000.0
14158,V014159,Medium Truck,12,8000,Diesel,87.77,349221.0
14159,V014160,Medium Truck,8,8000,Diesel,84.07,194344.0
14160,V014161,Light Truck,1,3500,Diesel,89.39,169329.0
14161,V014162,Van,7,1000,Petrol,90.6,140472.0
14162,V014163,Light Truck,11,3500,Diesel,99.45,102329.0
14163,V014164,Light Truck,7,3500,Diesel,36.89,161435.0
14164,V014165,Light Truck,7,3500,Diesel,100.0,239828.0
14165,V014166,Van,8,1000,Petrol,84.14,276506.0
14166,V014167,Light Truck,8,3500,Diesel,85.11,208761.0
14167,V014168,Light Truck,13,3500,Diesel,100.0,137117.0
14168,V014169,Light Truck,14,3500,Diesel,65.49,294115.0
14169,V014170,Light Truck,11,3500,Diesel,80.07,273618.0
14170,V014171,Heavy Truck,10,20000,Diesel,80.95,102507.0
14171,V014172,Light Truck,9,3500,Diesel,76.85,271753.0
14172,V014173,Motorbike,13,50,Petrol,80.77,46550.0
14173,V014174,Van,11,1000,Petrol,87.56,180001.0
14174,V014175,Van,14,1000,Petrol,84.03,244782.0
14175,V014176,Van,8,1000,Petrol,100.0,257855.0
14176,V014177,Medium Truck,3,8000,Diesel,76.62,298834.0
14177,V014178,Van,12,1000,Petrol,85.05,72459.0
14178,V014179,Light Truck,5,3500,Diesel,64.18,45546.0
14179,V014180,Medium Truck,3,8000,Diesel,89.15,201384.0
14180,V014181,Van,12,1000,Petrol,82.94,305910.0
14181,V014182,Van,8,1000,Petrol,58.92,65271.0
14182,V014183,Medium Truck,11,8000,Diesel,64.17,139069.0
14183,V014184,Van,6,1000,Petrol,95.06,257918.0
14184,V014185,Light Truck,9,3500,Diesel,69.33,179887.0
14185,V014186,Light Truck,7,3500,Diesel,92.6,130766.0
14186,V014187,Light Truck,13,3500,Diesel,80.53,79051.0
14187,V014188,Motorbike,12,50,Petrol,68.04,131584.0
14188,V014189,Van,8,1000,Petrol,89.43,66969.0
14189,V014190,Heavy Truck,9,20000,Diesel,80.12,153127.0
14190,V014191,Light Truck,9,3500,Diesel,95.56,238350.0
14191,V014192,Medium Truck,0,8000,Diesel,68.09,129543.0
14192,V014193,Heavy Truck,4,20000,Diesel,82.91,148582.0
14193,V014194,Van,9,1000,Petrol,76.25,177343.0
14194,V014195,Light Truck,7,3500,Diesel,68.95,157678.0
14195,V014196,Light Truck,12,3500,Diesel,63.55,212255.0
14196,V014197,Medium Truck,1,8000,Diesel,79.48,181954.0
14197,V014198,Light Truck,2,3500,Diesel,87.52,295173.0
14198,V014199,Light Truck,7,3500,Diesel,89.78,114209.0
14199,V014200,Light Truck,8,3500,Diesel,67.7,124734.0
14200,V014201,Medium Truck,5,8000,Diesel,71.37,185963.0
14201,V014202,Medium Truck,10,8000,Diesel,100.0,229478.0
14202,V014203,Van,9,1000,Petrol,80.63,125447.0
14203,V014204,Heavy Truck,4,20000,Diesel,71.99,227511.0
14204,V014205,Light Truck,10,3500,Diesel,83.41,273732.0
14205,V014206,Light Truck,13,3500,Diesel,80.18,183107.0
14206,V014207,Motorbike,4,50,Petrol,93.57,296727.0
14207,V014208,Van,8,1000,Petrol,93.0,106706.0
14208,V014209,Van,13,1000,Petrol,99.73,89905.0
14209,V014210,Medium Truck,7,8000,Diesel,58.13,82015.0
14210,V014211,Light Truck,6,3500,Diesel,100.0,111163.0
14211,V014212,Van,14,1000,Petrol,80.22,210432.0
14212,V014213,Light Truck,10,3500,Diesel,79.79,249106.0
14213,V014214,Medium Truck,2,8000,Diesel,90.65,304121.0
14214,V014215,Medium Truck,13,8000,Diesel,80.69,232961.0
14215,V014216,Van,5,1000,Petrol,100.0,167751.0
14216,V014217,Medium Truck,12,8000,Diesel,97.62,96909.0
14217,V014218,Van,2,1000,Petrol,84.18,132833.0
14218,V014219,Medium Truck,11,8000,Diesel,87.02,174042.0
14219,V014220,Van,10,1000,Petrol,82.04,162806.0
14220,V014221,Medium Truck,9,8000,Diesel,55.99,189832.0
14221,V014222,Medium Truck,2,8000,Diesel,74.54,212449.0
14222,V014223,Light Truck,1,3500,Diesel,90.49,283771.0
14223,V014224,Medium Truck,13,8000,Diesel,90.49,330393.0
14224,V014225,Light Truck,8,3500,Diesel,79.23,184345.0
14225,V014226,Heavy Truck,3,20000,Diesel,70.78,249601.0
14226,V014227,Light Truck,10,3500,Diesel,86.42,119021.0
14227,V014228,Medium Truck,11,8000,Diesel,85.59,158419.0
14228,V014229,Van,0,1000,Petrol,73.38,146403.0
14229,V014230,Van,6,1000,Petrol,59.6,156787.0
14230,V014231,Medium Truck,13,8000,Diesel,99.14,224621.0
14231,V014232,Medium Truck,6,8000,Diesel,81.21,212435.0
14232,V014233,Medium Truck,3,8000,Diesel,95.17,233963.0
14233,V014234,Light Truck,1,3500,Diesel,86.65,43375.0
14234,V014235,Van,14,1000,Petrol,78.6,162260.0
14235,V014236,Van,2,1000,Petrol,85.13,126765.0
14236,V014237,Van,10,1000,Petrol,90.54,224617.0
14237,V014238,Van,10,1000,Petrol,97.52,157717.0
14238,V014239,Heavy Truck,14,20000,Diesel,98.49,168176.0
14239,V014240,Light Truck,8,3500,Diesel,94.25,99304.0
14240,V014241,Medium Truck,10,8000,Diesel,82.68,227155.0
14241,V014242,Light Truck,4,3500,Diesel,88.0,155399.0
14242,V014243,Medium Truck,6,8000,Diesel,58.71,101224.0
14243,V014244,Van,4,1000,Petrol,56.85,200344.0
14244,V014245,Van,7,1000,Petrol,80.28,232680.0
14245,V014246,Heavy Truck,1,20000,Diesel,71.72,248768.0
14246,V014247,Light Truck,7,3500,Diesel,30.0,253871.0
14247,V014248,Heavy Truck,4,20000,Diesel,100.0,226516.0
14248,V014249,Van,11,1000,Petrol,84.6,101103.0
14249,V014250,Van,5,1000,Petrol,74.7,131095.0
14250,V014251,Light Truck,3,3500,Diesel,83.56,266245.0
14251,V014252,Medium Truck,14,8000,Diesel,91.23,247540.0
14252,V014253,Medium Truck,4,8000,Diesel,94.72,280154.0
14253,V014254,Medium Truck,3,8000,Diesel,84.45,196359.0
14254,V014255,Light Truck,6,3500,Diesel,85.66,143900.0
14255,V014256,Heavy Truck,2,20000,Diesel,68.58,128790.0
14256,V014257,Medium Truck,5,8000,Diesel,93.51,209963.0
14257,V014258,Medium Truck,0,8000,Diesel,70.72,113651.0
14258,V014259,Motorbike,7,50,Petrol,86.23,179860.0
14259,V014260,Medium Truck,4,8000,Diesel,83.83,226669.0
14260,V014261,Van,9,1000,Petrol,79.38,182287.0
14261,V014262,Heavy Truck,12,20000,Diesel,82.35,110947.0
14262,V014263,Van,5,1000,Petrol,84.28,94508.0
14263,V014264,Medium Truck,14,8000,Diesel,75.08,17587.0
14264,V014265,Van,7,1000,Petrol,72.59,101924.0
14265,V014266,Medium Truck,2,8000,Diesel,77.84,129074.0
14266,V014267,Light Truck,6,3500,Diesel,89.55,228574.0
14267,V014268,Van,3,1000,Petrol,95.45,131317.0
14268,V014269,Medium Truck,13,8000,Diesel,65.83,135225.0
14269,V014270,Van,0,1000,Petrol,89.66,360826.0
14270,V014271,Van,12,1000,Petrol,92.13,192494.0
14271,V014272,Van,4,1000,Petrol,77.81,217708.0
14272,V014273,Medium Truck,14,8000,Diesel,79.51,226647.0
14273,V014274,Van,14,1000,Petrol,88.02,144267.0
14274,V014275,Light Truck,7,3500,Diesel,83.49,170215.0
14275,V014276,Van,0,1000,Petrol,68.07,66022.0
14276,V014277,Light Truck,5,3500,Diesel,75.04,138457.0
14277,V014278,Heavy Truck,4,20000,Diesel,76.03,185242.0
14278,V014279,Light Truck,11,3500,Diesel,92.53,126188.0
14279,V014280,Medium Truck,2,8000,Diesel,76.4,113934.0
14280,V014281,Medium Truck,6,8000,Diesel,72.46,92596.0
14281,V014282,Light Truck,6,3500,Diesel,91.83,122337.0
14282,V014283,Light Truck,6,3500,Diesel,61.8,94991.0
14283,V014284,Medium Truck,1,8000,Diesel,95.01,215558.0
14284,V014285,Van,6,1000,Petrol,63.72,353312.0
14285,V014286,Medium Truck,1,8000,Diesel,78.39,236692.0
14286,V014287,Light Truck,1,3500,Diesel,100.0,239765.0
14287,V014288,Heavy Truck,13,20000,Diesel,97.52,124682.0
14288,V014289,Light Truck,13,3500,Diesel,79.07,239494.0
14289,V014290,Heavy Truck,1,20000,Diesel,76.58,285520.0
14290,V014291,Light Truck,7,3500,Diesel,80.67,163223.0
14291,V014292,Medium Truck,12,8000,Diesel,96.62,309224.0
14292,V014293,Light Truck,7,3500,Diesel,91.34,108249.0
14293,V014294,Motorbike,7,50,Petrol,78.69,182499.0
14294,V014295,Van,6,1000,Petrol,100.0,162844.0
14295,V014296,Heavy Truck,0,20000,Diesel,54.46,205820.0
14296,V014297,Medium Truck,3,8000,Diesel,91.18,221720.0
14297,V014298,Medium Truck,12,8000,Diesel,69.79,46011.0
14298,V014299,Van,12,1000,Petrol,82.29,171486.0
14299,V014300,Light Truck,0,3500,Diesel,78.92,141272.0
14300,V014301,Van,3,1000,Petrol,85.59,317791.0
14301,V014302,Light Truck,8,3500,Diesel,79.36,73822.0
14302,V014303,Light Truck,7,3500,Diesel,70.98,243878.0
14303,V014304,Medium Truck,1,8000,Diesel,83.93,237184.0
14304,V014305,Heavy Truck,7,20000,Diesel,81.72,203317.0
14305,V014306,Van,14,1000,Petrol,88.84,67629.0
14306,V014307,Van,9,1000,Petrol,83.47,80642.0
14307,V014308,Van,4,1000,Petrol,88.41,217997.0
14308,V014309,Light Truck,8,3500,Diesel,86.68,160956.0
14309,V014310,Light Truck,11,3500,Diesel,65.86,74554.0
14310,V014311,Motorbike,5,50,Petrol,82.59,149947.0
14311,V014312,Medium Truck,6,8000,Diesel,67.03,207746.0
14312,V014313,Medium Truck,9,8000,Diesel,76.75,293850.0
14313,V014314,Van,4,1000,Petrol,79.21,83583.0
14314,V014315,Heavy Truck,10,20000,Diesel,56.26,147212.0
14315,V014316,Van,10,1000,Petrol,68.07,179404.0
14316,V014317,Medium Truck,6,8000,Diesel,71.09,133434.0
14317,V014318,Medium Truck,10,8000,Diesel,70.37,108370.0
14318,V014319,Heavy Truck,0,20000,Diesel,83.77,88761.0
14319,V014320,Van,8,1000,Petrol,90.24,167199.0
14320,V014321,Van,5,1000,Petrol,82.87,103862.0
14321,V014322,Light Truck,3,3500,Diesel,100.0,235816.0
14322,V014323,Light Truck,12,3500,Diesel,88.5,277529.0
14323,V014324,Light Truck,4,3500,Diesel,100.0,215682.0
14324,V014325,Light Truck,13,3500,Diesel,79.45,63372.0
14325,V014326,Heavy Truck,6,20000,Diesel,84.94,186542.0
14326,V014327,Motorbike,5,50,Petrol,75.5,38949.0
14327,V014328,Heavy Truck,9,20000,Diesel,80.59,318382.0
14328,V014329,Van,6,1000,Petrol,86.0,183291.0
14329,V014330,Van,5,1000,Petrol,81.74,10910.0
14330,V014331,Medium Truck,1,8000,Diesel,75.86,398563.0
14331,V014332,Heavy Truck,1,20000,Diesel,98.93,59310.0
14332,V014333,Light Truck,0,3500,Diesel,75.27,116575.0
14333,V014334,Van,8,1000,Petrol,79.66,120766.0
14334,V014335,Light Truck,7,3500,Diesel,77.64,158100.0
14335,V014336,Van,1,1000,Petrol,71.51,78891.0
14336,V014337,Heavy Truck,13,20000,Diesel,90.21,179280.0
14337,V014338,Heavy Truck,6,20000,Diesel,100.0,129989.0
14338,V014339,Light Truck,2,3500,Diesel,91.88,52341.0
14339,V014340,Heavy Truck,6,20000,Diesel,92.92,367122.0
14340,V014341,Medium Truck,3,8000,Diesel,90.23,112811.0
14341,V014342,Medium Truck,2,8000,Diesel,82.5,158066.0
14342,V014343,Medium Truck,1,8000,Diesel,68.96,45610.0
14343,V014344,Light Truck,2,3500,Diesel,54.8,211585.0
14344,V014345,Light Truck,7,3500,Diesel,71.19,1000.0
14345,V014346,Medium Truck,11,8000,Diesel,70.32,202261.0
14346,V014347,Motorbike,13,50,Petrol,84.04,192034.0
14347,V014348,Motorbike,7,50,Petrol,78.34,286566.0
14348,V014349,Heavy Truck,12,20000,Diesel,92.99,181777.0
14349,V014350,Medium Truck,3,8000,Diesel,85.67,300843.0
14350,V014351,Light Truck,14,3500,Diesel,85.79,92384.0
14351,V014352,Van,11,1000,Petrol,93.18,147448.0
14352,V014353,Medium Truck,3,8000,Diesel,91.66,167217.0
14353,V014354,Van,8,1000,Petrol,82.2,127142.0
14354,V014355,Van,2,1000,Petrol,75.59,160933.0
14355,V014356,Van,14,1000,Petrol,99.97,134342.0
14356,V014357,Van,8,1000,Petrol,60.57,134575.0
14357,V014358,Van,4,1000,Petrol,80.15,160441.0
14358,V014359,Light Truck,5,3500,Diesel,97.86,213162.0
14359,V014360,Medium Truck,9,8000,Diesel,56.3,1000.0
14360,V014361,Van,5,1000,Petrol,77.14,265563.0
14361,V014362,Light Truck,7,3500,Diesel,70.36,30493.0
14362,V014363,Medium Truck,14,8000,Diesel,84.1,151665.0
14363,V014364,Van,6,1000,Petrol,77.75,198932.0
14364,V014365,Van,8,1000,Petrol,66.92,264055.0
14365,V014366,Light Truck,1,3500,Diesel,86.47,201167.0
14366,V014367,Van,14,1000,Petrol,82.82,146982.0
14367,V014368,Medium Truck,0,8000,Diesel,80.33,72436.0
14368,V014369,Medium Truck,3,8000,Diesel,88.5,247682.0
14369,V014370,Medium Truck,14,8000,Diesel,100.0,295981.0
14370,V014371,Van,10,1000,Petrol,70.99,170491.0
14371,V014372,Light Truck,11,3500,Diesel,73.18,230650.0
14372,V014373,Motorbike,3,50,Petrol,90.58,235699.0
14373,V014374,Heavy Truck,2,20000,Diesel,89.92,153822.0
14374,V014375,Van,10,1000,Petrol,79.34,175418.0
14375,V014376,Medium Truck,13,8000,Diesel,74.19,230126.0
14376,V014377,Van,14,1000,Petrol,80.45,130646.0
14377,V014378,Heavy Truck,10,20000,Diesel,87.28,239972.0
14378,V014379,Motorbike,0,50,Petrol,81.76,187167.0
14379,V014380,Light Truck,14,3500,Diesel,100.0,1000.0
14380,V014381,Light Truck,11,3500,Diesel,78.36,77526.0
14381,V014382,Van,7,1000,Petrol,77.12,157192.0
14382,V014383,Medium Truck,12,8000,Diesel,74.12,180485.0
14383,V014384,Medium Truck,7,8000,Diesel,76.78,326823.0
14384,V014385,Light Truck,1,3500,Diesel,79.05,243946.0
14385,V014386,Light Truck,7,3500,Diesel,70.61,66378.0
14386,V014387,Light Truck,4,3500,Diesel,92.06,53398.0
14387,V014388,Heavy Truck,7,20000,Diesel,55.82,238097.0
14388,V014389,Van,8,1000,Petrol,78.48,164713.0
14389,V014390,Heavy Truck,6,20000,Diesel,78.94,248693.0
14390,V014391,Van,13,1000,Petrol,68.61,161787.0
14391,V014392,Medium Truck,9,8000,Diesel,87.37,386610.0
14392,V014393,Van,6,1000,Petrol,81.46,306208.0
14393,V014394,Van,7,1000,Petrol,93.75,94887.0
14394,V014395,Light Truck,14,3500,Diesel,76.84,253853.0
14395,V014396,Medium Truck,7,8000,Diesel,71.47,26548.0
14396,V014397,Light Truck,10,3500,Diesel,73.34,8449.0
14397,V014398,Light Truck,5,3500,Diesel,87.89,191869.0
14398,V014399,Van,13,1000,Petrol,86.72,252359.0
14399,V014400,Light Truck,3,3500,Diesel,81.79,212776.0
14400,V014401,Van,7,1000,Petrol,71.12,148670.0
14401,V014402,Van,11,1000,Petrol,77.5,332979.0
14402,V014403,Heavy Truck,13,20000,Diesel,82.12,93716.0
14403,V014404,Heavy Truck,10,20000,Diesel,74.21,226288.0
14404,V014405,Motorbike,5,50,Petrol,79.0,250255.0
14405,V014406,Medium Truck,14,8000,Diesel,82.39,234309.0
14406,V014407,Van,11,1000,Petrol,88.8,54435.0
14407,V014408,Van,7,1000,Petrol,90.44,1000.0
14408,V014409,Light Truck,6,3500,Diesel,88.8,224562.0
14409,V014410,Medium Truck,10,8000,Diesel,100.0,195371.0
14410,V014411,Van,5,1000,Petrol,97.92,130661.0
14411,V014412,Light Truck,1,3500,Diesel,91.35,201418.0
14412,V014413,Medium Truck,9,8000,Diesel,76.89,265006.0
14413,V014414,Medium Truck,5,8000,Diesel,88.5,226821.0
14414,V014415,Motorbike,9,50,Petrol,89.88,259075.0
14415,V014416,Motorbike,11,50,Petrol,85.24,232790.0
14416,V014417,Light Truck,7,3500,Diesel,68.71,111234.0
14417,V014418,Light Truck,3,3500,Diesel,100.0,38914.0
14418,V014419,Light Truck,2,3500,Diesel,97.59,140795.0
14419,V014420,Medium Truck,14,8000,Diesel,93.15,180327.0
14420,V014421,Van,14,1000,Petrol,99.39,53985.0
14421,V014422,Light Truck,11,3500,Diesel,65.17,112601.0
14422,V014423,Medium Truck,3,8000,Diesel,82.81,129837.0
14423,V014424,Light Truck,1,3500,Diesel,65.27,175133.0
14424,V014425,Light Truck,11,3500,Diesel,83.95,1000.0
14425,V014426,Light Truck,6,3500,Diesel,100.0,48613.0
14426,V014427,Medium Truck,5,8000,Diesel,66.57,354137.0
14427,V014428,Van,11,1000,Petrol,77.29,216951.0
14428,V014429,Van,7,1000,Petrol,69.15,297753.0
14429,V014430,Motorbike,3,50,Petrol,86.64,156745.0
14430,V014431,Medium Truck,14,8000,Diesel,100.0,147775.0
14431,V014432,Heavy Truck,12,20000,Diesel,91.87,1000.0
14432,V014433,Van,14,1000,Petrol,65.0,209059.0
14433,V014434,Heavy Truck,14,20000,Diesel,85.34,28566.0
14434,V014435,Medium Truck,13,8000,Diesel,60.88,115147.0
14435,V014436,Medium Truck,13,8000,Diesel,71.6,243276.0
14436,V014437,Heavy Truck,0,20000,Diesel,94.51,166854.0
14437,V014438,Van,12,1000,Petrol,88.03,8875.0
14438,V014439,Medium Truck,8,8000,Diesel,64.28,148536.0
14439,V014440,Heavy Truck,12,20000,Diesel,82.44,182290.0
14440,V014441,Van,9,1000,Petrol,71.97,321811.0
14441,V014442,Medium Truck,10,8000,Diesel,87.36,54849.0
14442,V014443,Van,9,1000,Petrol,100.0,54895.0
14443,V014444,Light Truck,3,3500,Diesel,63.43,95287.0
14444,V014445,Light Truck,10,3500,Diesel,100.0,99504.0
14445,V014446,Medium Truck,3,8000,Diesel,79.66,106285.0
14446,V014447,Heavy Truck,9,20000,Diesel,76.77,365313.0
14447,V014448,Medium Truck,9,8000,Diesel,94.73,91185.0
14448,V014449,Van,8,1000,Petrol,75.44,137841.0
14449,V014450,Heavy Truck,11,20000,Diesel,77.79,47567.0
14450,V014451,Light Truck,7,3500,Diesel,80.71,144155.0
14451,V014452,Van,9,1000,Petrol,57.82,286112.0
14452,V014453,Motorbike,9,50,Petrol,93.98,153323.0
14453,V014454,Light Truck,6,3500,Diesel,72.47,113474.0
14454,V014455,Light Truck,6,3500,Diesel,77.77,186528.0
14455,V014456,Medium Truck,12,8000,Diesel,83.7,149534.0
14456,V014457,Medium Truck,6,8000,Diesel,63.91,21622.0
14457,V014458,Medium Truck,9,8000,Diesel,100.0,106040.0
14458,V014459,Medium Truck,13,8000,Diesel,66.49,157109.0
14459,V014460,Light Truck,2,3500,Diesel,63.57,108637.0
14460,V014461,Van,10,1000,Petrol,69.53,182332.0
14461,V014462,Van,10,1000,Petrol,76.44,84856.0
14462,V014463,Motorbike,1,50,Petrol,89.25,175001.0
14463,V014464,Van,14,1000,Petrol,95.12,231482.0
14464,V014465,Light Truck,12,3500,Diesel,57.35,344558.0
14465,V014466,Van,7,1000,Petrol,84.21,68005.0
14466,V014467,Van,8,1000,Petrol,88.37,297553.0
14467,V014468,Light Truck,14,3500,Diesel,66.44,102566.0
14468,V014469,Van,5,1000,Petrol,80.3,227399.0
14469,V014470,Medium Truck,2,8000,Diesel,67.15,208630.0
14470,V014471,Heavy Truck,1,20000,Diesel,78.48,142022.0
14471,V014472,Heavy Truck,10,20000,Diesel,95.02,65643.0
14472,V014473,Heavy Truck,1,20000,Diesel,62.38,226322.0
14473,V014474,Van,12,1000,Petrol,89.18,140051.0
14474,V014475,Van,2,1000,Petrol,61.97,120890.0
14475,V014476,Van,6,1000,Petrol,100.0,128382.0
14476,V014477,Light Truck,11,3500,Diesel,72.12,295079.0
14477,V014478,Van,2,1000,Petrol,99.96,103362.0
14478,V014479,Medium Truck,11,8000,Diesel,76.84,268141.0
14479,V014480,Light Truck,11,3500,Diesel,92.61,224130.0
14480,V014481,Light Truck,1,3500,Diesel,80.59,128506.0
14481,V014482,Van,5,1000,Petrol,83.59,112091.0
14482,V014483,Van,5,1000,Petrol,81.51,71986.0
14483,V014484,Medium Truck,9,8000,Diesel,54.23,149766.0
14484,V014485,Light Truck,1,3500,Diesel,71.04,15101.0
14485,V014486,Medium Truck,11,8000,Diesel,63.42,212722.0
14486,V014487,Van,3,1000,Petrol,70.95,211108.0
14487,V014488,Light Truck,8,3500,Diesel,85.13,261369.0
14488,V014489,Motorbike,2,50,Petrol,86.59,73776.0
14489,V014490,Medium Truck,4,8000,Diesel,69.11,198152.0
14490,V014491,Medium Truck,2,8000,Diesel,86.52,210596.0
14491,V014492,Van,4,1000,Petrol,88.42,163031.0
14492,V014493,Van,4,1000,Petrol,94.66,245704.0
14493,V014494,Van,12,1000,Petrol,63.94,79722.0
14494,V014495,Medium Truck,12,8000,Diesel,62.83,325507.0
14495,V014496,Heavy Truck,10,20000,Diesel,89.42,1000.0
14496,V014497,Medium Truck,12,8000,Diesel,68.02,268507.0
14497,V014498,Light Truck,12,3500,Diesel,81.73,240361.0
14498,V014499,Light Truck,12,3500,Diesel,92.01,239708.0
14499,V014500,Light Truck,9,3500,Diesel,85.31,201345.0
14500,V014501,Van,1,1000,Petrol,93.2,85720.0
14501,V014502,Motorbike,12,50,Petrol,76.93,114815.0
14502,V014503,Van,7,1000,Petrol,56.47,235283.0
14503,V014504,Van,7,1000,Petrol,100.0,298217.0
14504,V014505,Light Truck,0,3500,Diesel,77.81,77651.0
14505,V014506,Light Truck,2,3500,Diesel,68.44,170841.0
14506,V014507,Light Truck,0,3500,Diesel,89.43,225204.0
14507,V014508,Van,6,1000,Petrol,100.0,208076.0
14508,V014509,Medium Truck,6,8000,Diesel,61.55,372102.0
14509,V014510,Medium Truck,8,8000,Diesel,77.82,101510.0
14510,V014511,Light Truck,4,3500,Diesel,90.78,210554.0
14511,V014512,Light Truck,2,3500,Diesel,99.95,286341.0
14512,V014513,Light Truck,7,3500,Diesel,85.57,298971.0
14513,V014514,Medium Truck,10,8000,Diesel,76.8,314708.0
14514,V014515,Light Truck,10,3500,Diesel,73.56,87362.0
14515,V014516,Light Truck,2,3500,Diesel,68.25,1429.0
14516,V014517,Light Truck,2,3500,Diesel,77.69,253536.0
14517,V014518,Medium Truck,4,8000,Diesel,99.3,116428.0
14518,V014519,Medium Truck,3,8000,Diesel,68.54,300882.0
14519,V014520,Medium Truck,6,8000,Diesel,72.97,124027.0
14520,V014521,Van,11,1000,Petrol,74.53,146986.0
14521,V014522,Medium Truck,3,8000,Diesel,91.36,298307.0
14522,V014523,Heavy Truck,5,20000,Diesel,73.34,131285.0
14523,V014524,Light Truck,9,3500,Diesel,93.56,152608.0
14524,V014525,Medium Truck,0,8000,Diesel,82.79,197585.0
14525,V014526,Medium Truck,4,8000,Diesel,81.46,120610.0
14526,V014527,Medium Truck,7,8000,Diesel,95.76,227686.0
14527,V014528,Motorbike,5,50,Petrol,100.0,79859.0
14528,V014529,Van,10,1000,Petrol,86.85,239936.0
14529,V014530,Van,6,1000,Petrol,100.0,187329.0
14530,V014531,Light Truck,11,3500,Diesel,79.45,16073.0
14531,V014532,Light Truck,14,3500,Diesel,77.0,169899.0
14532,V014533,Van,14,1000,Petrol,74.17,141416.0
14533,V014534,Motorbike,13,50,Petrol,84.39,226320.0
14534,V014535,Light Truck,1,3500,Diesel,84.38,123356.0
14535,V014536,Motorbike,14,50,Petrol,93.75,309878.0
14536,V014537,Medium Truck,8,8000,Diesel,97.39,91464.0
14537,V014538,Medium Truck,14,8000,Diesel,57.31,211707.0
14538,V014539,Medium Truck,4,8000,Diesel,100.0,204870.0
14539,V014540,Medium Truck,12,8000,Diesel,92.65,224287.0
14540,V014541,Van,13,1000,Petrol,80.83,171673.0
14541,V014542,Van,3,1000,Petrol,78.22,449633.0
14542,V014543,Van,1,1000,Petrol,100.0,219678.0
14543,V014544,Van,0,1000,Petrol,94.59,86498.0
14544,V014545,Medium Truck,3,8000,Diesel,83.23,173882.0
14545,V014546,Light Truck,3,3500,Diesel,90.39,306540.0
14546,V014547,Light Truck,9,3500,Diesel,72.37,264653.0
14547,V014548,Van,10,1000,Petrol,64.6,272857.0
14548,V014549,Motorbike,6,50,Petrol,44.62,176221.0
14549,V014550,Light Truck,12,3500,Diesel,75.77,28566.0
14550,V014551,Van,13,1000,Petrol,95.76,125446.0
14551,V014552,Van,13,1000,Petrol,76.2,205079.0
14552,V014553,Medium Truck,14,8000,Diesel,81.86,304174.0
14553,V014554,Van,6,1000,Petrol,78.43,371337.0
14554,V014555,Van,13,1000,Petrol,79.19,195712.0
14555,V014556,Motorbike,8,50,Petrol,88.17,248797.0
14556,V014557,Medium Truck,12,8000,Diesel,89.66,200439.0
14557,V014558,Van,8,1000,Petrol,87.5,167460.0
14558,V014559,Medium Truck,8,8000,Diesel,82.44,265067.0
14559,V014560,Medium Truck,11,8000,Diesel,100.0,226179.0
14560,V014561,Light Truck,1,3500,Diesel,75.54,261243.0
14561,V014562,Van,10,1000,Petrol,88.01,228422.0
14562,V014563,Van,0,1000,Petrol,72.37,273200.0
14563,V014564,Light Truck,11,3500,Diesel,100.0,366820.0
14564,V014565,Van,14,1000,Petrol,85.62,275985.0
14565,V014566,Heavy Truck,12,20000,Diesel,92.61,152641.0
14566,V014567,Medium Truck,11,8000,Diesel,86.13,170527.0
14567,V014568,Van,7,1000,Petrol,83.86,6716.0
14568,V014569,Medium Truck,1,8000,Diesel,100.0,100509.0
14569,V014570,Light Truck,8,3500,Diesel,85.37,178365.0
14570,V014571,Van,9,1000,Petrol,72.48,11118.0
14571,V014572,Heavy Truck,10,20000,Diesel,79.26,159501.0
14572,V014573,Van,5,1000,Petrol,69.73,232358.0
14573,V014574,Van,12,1000,Petrol,94.28,233870.0
14574,V014575,Light Truck,0,3500,Diesel,66.36,124493.0
14575,V014576,Motorbike,6,50,Petrol,77.74,255937.0
14576,V014577,Light Truck,10,3500,Diesel,85.77,206086.0
14577,V014578,Medium Truck,14,8000,Diesel,87.6,347223.0
14578,V014579,Medium Truck,11,8000,Diesel,82.18,208458.0
14579,V014580,Heavy Truck,5,20000,Diesel,100.0,51738.0
14580,V014581,Van,9,1000,Petrol,84.65,30361.0
14581,V014582,Medium Truck,5,8000,Diesel,77.53,249312.0
14582,V014583,Van,6,1000,Petrol,82.27,372426.0
14583,V014584,Van,3,1000,Petrol,100.0,154021.0
14584,V014585,Light Truck,1,3500,Diesel,72.56,171776.0
14585,V014586,Van,1,1000,Petrol,93.9,3866.0
14586,V014587,Light Truck,10,3500,Diesel,77.25,242320.0
14587,V014588,Medium Truck,11,8000,Diesel,94.94,54522.0
14588,V014589,Medium Truck,2,8000,Diesel,80.96,262697.0
14589,V014590,Medium Truck,6,8000,Diesel,84.51,92311.0
14590,V014591,Van,1,1000,Petrol,95.82,250745.0
14591,V014592,Van,7,1000,Petrol,71.08,217009.0
14592,V014593,Van,11,1000,Petrol,89.78,305070.0
14593,V014594,Heavy Truck,7,20000,Diesel,72.75,46671.0
14594,V014595,Medium Truck,9,8000,Diesel,78.28,331301.0
14595,V014596,Medium Truck,7,8000,Diesel,85.8,30427.0
14596,V014597,Heavy Truck,3,20000,Diesel,76.5,336313.0
14597,V014598,Van,13,1000,Petrol,74.8,249204.0
14598,V014599,Van,9,1000,Petrol,94.42,172739.0
14599,V014600,Motorbike,3,50,Petrol,87.02,202765.0
14600,V014601,Light Truck,7,3500,Diesel,87.34,229460.0
14601,V014602,Medium Truck,9,8000,Diesel,64.09,183827.0
14602,V014603,Medium Truck,1,8000,Diesel,80.99,127346.0
14603,V014604,Heavy Truck,11,20000,Diesel,100.0,245140.0
14604,V014605,Van,12,1000,Petrol,96.46,116397.0
14605,V014606,Van,12,1000,Petrol,90.9,219594.0
14606,V014607,Light Truck,14,3500,Diesel,86.59,233345.0
14607,V014608,Heavy Truck,7,20000,Diesel,81.32,40553.0
14608,V014609,Medium Truck,9,8000,Diesel,75.55,87262.0
14609,V014610,Light Truck,2,3500,Diesel,61.29,132373.0
14610,V014611,Heavy Truck,12,20000,Diesel,60.78,122781.0
14611,V014612,Light Truck,11,3500,Diesel,87.1,129040.0
14612,V014613,Motorbike,4,50,Petrol,65.76,32387.0
14613,V014614,Light Truck,5,3500,Diesel,65.64,168960.0
14614,V014615,Light Truck,11,3500,Diesel,78.98,272468.0
14615,V014616,Medium Truck,14,8000,Diesel,93.56,187616.0
14616,V014617,Medium Truck,14,8000,Diesel,99.82,74365.0
14617,V014618,Medium Truck,7,8000,Diesel,76.41,200753.0
14618,V014619,Light Truck,6,3500,Diesel,86.74,310164.0
14619,V014620,Light Truck,10,3500,Diesel,99.74,157547.0
14620,V014621,Light Truck,3,3500,Diesel,92.08,328226.0
14621,V014622,Van,11,1000,Petrol,88.72,136922.0
14622,V014623,Heavy Truck,10,20000,Diesel,71.64,232889.0
14623,V014624,Van,4,1000,Petrol,64.54,99847.0
14624,V014625,Medium Truck,4,8000,Diesel,80.46,1000.0
14625,V014626,Van,7,1000,Petrol,74.03,274073.0
14626,V014627,Medium Truck,13,8000,Diesel,54.42,207649.0
14627,V014628,Van,7,1000,Petrol,100.0,221571.0
14628,V014629,Light Truck,2,3500,Diesel,77.69,1000.0
14629,V014630,Light Truck,4,3500,Diesel,100.0,192146.0
14630,V014631,Van,7,1000,Petrol,98.51,83869.0
14631,V014632,Van,7,1000,Petrol,79.67,164147.0
14632,V014633,Light Truck,2,3500,Diesel,91.79,151234.0
14633,V014634,Light Truck,8,3500,Diesel,77.31,302540.0
14634,V014635,Light Truck,9,3500,Diesel,66.23,194169.0
14635,V014636,Light Truck,13,3500,Diesel,94.21,252464.0
14636,V014637,Light Truck,11,3500,Diesel,86.53,188627.0
14637,V014638,Van,4,1000,Petrol,99.52,184637.0
14638,V014639,Medium Truck,9,8000,Diesel,89.36,1000.0
14639,V014640,Van,2,1000,Petrol,83.12,294216.0
14640,V014641,Medium Truck,11,8000,Diesel,67.41,29291.0
14641,V014642,Light Truck,12,3500,Diesel,100.0,46237.0
14642,V014643,Medium Truck,10,8000,Diesel,77.46,287829.0
14643,V014644,Van,10,1000,Petrol,86.57,107255.0
14644,V014645,Van,0,1000,Petrol,82.43,106444.0
14645,V014646,Van,0,1000,Petrol,100.0,285757.0
14646,V014647,Light Truck,6,3500,Diesel,69.78,269601.0
14647,V014648,Medium Truck,8,8000,Diesel,71.11,139598.0
14648,V014649,Medium Truck,8,8000,Diesel,93.53,220105.0
14649,V014650,Light Truck,14,3500,Diesel,78.76,137130.0
14650,V014651,Motorbike,2,50,Petrol,81.91,263216.0
14651,V014652,Medium Truck,10,8000,Diesel,92.61,176267.0
14652,V014653,Medium Truck,1,8000,Diesel,96.45,82969.0
14653,V014654,Light Truck,14,3500,Diesel,61.54,282502.0
14654,V014655,Motorbike,6,50,Petrol,91.94,292102.0
14655,V014656,Van,6,1000,Petrol,82.08,215916.0
14656,V014657,Medium Truck,13,8000,Diesel,91.17,124778.0
14657,V014658,Heavy Truck,0,20000,Diesel,75.63,317699.0
14658,V014659,Heavy Truck,7,20000,Diesel,81.47,223895.0
14659,V014660,Light Truck,10,3500,Diesel,74.81,150512.0
14660,V014661,Medium Truck,2,8000,Diesel,87.31,136266.0
14661,V014662,Heavy Truck,2,20000,Diesel,82.25,189747.0
14662,V014663,Medium Truck,13,8000,Diesel,86.71,70235.0
14663,V014664,Medium Truck,10,8000,Diesel,84.67,252457.0
14664,V014665,Light Truck,8,3500,Diesel,64.88,243354.0
14665,V014666,Light Truck,1,3500,Diesel,92.87,120138.0
14666,V014667,Light Truck,6,3500,Diesel,80.48,98252.0
14667,V014668,Van,7,1000,Petrol,76.46,136462.0
14668,V014669,Van,14,1000,Petrol,87.15,178574.0
14669,V014670,Light Truck,13,3500,Diesel,72.46,225147.0
14670,V014671,Light Truck,14,3500,Diesel,84.24,178346.0
14671,V014672,Van,6,1000,Petrol,82.84,222558.0
14672,V014673,Medium Truck,5,8000,Diesel,83.56,155769.0
14673,V014674,Van,5,1000,Petrol,86.97,417809.0
14674,V014675,Medium Truck,6,8000,Diesel,63.05,209253.0
14675,V014676,Medium Truck,9,8000,Diesel,74.45,102902.0
14676,V014677,Medium Truck,12,8000,Diesel,85.55,179970.0
14677,V014678,Heavy Truck,14,20000,Diesel,65.77,374460.0
14678,V014679,Motorbike,10,50,Petrol,78.06,155653.0
14679,V014680,Light Truck,13,3500,Diesel,75.49,210337.0
14680,V014681,Heavy Truck,0,20000,Diesel,75.06,102293.0
14681,V014682,Light Truck,0,3500,Diesel,87.56,181507.0
14682,V014683,Medium Truck,14,8000,Diesel,74.07,161100.0
14683,V014684,Light Truck,13,3500,Diesel,91.55,103759.0
14684,V014685,Light Truck,1,3500,Diesel,71.64,211171.0
14685,V014686,Van,10,1000,Petrol,96.16,288783.0
14686,V014687,Van,0,1000,Petrol,91.64,326328.0
14687,V014688,Light Truck,3,3500,Diesel,64.78,118041.0
14688,V014689,Heavy Truck,2,20000,Diesel,100.0,335359.0
14689,V014690,Light Truck,6,3500,Diesel,72.35,78421.0
14690,V014691,Motorbike,6,50,Petrol,90.45,145741.0
14691,V014692,Van,11,1000,Petrol,65.86,150664.0
14692,V014693,Van,14,1000,Petrol,62.19,286817.0
14693,V014694,Van,10,1000,Petrol,65.25,225545.0
14694,V014695,Light Truck,5,3500,Diesel,81.07,99437.0
14695,V014696,Light Truck,5,3500,Diesel,77.7,202602.0
14696,V014697,Light Truck,14,3500,Diesel,62.45,319649.0
14697,V014698,Motorbike,10,50,Petrol,91.22,197389.0
14698,V014699,Light Truck,2,3500,Diesel,82.67,248170.0
14699,V014700,Light Truck,14,3500,Diesel,52.83,250169.0
14700,V014701,Medium Truck,3,8000,Diesel,98.08,191593.0
14701,V014702,Medium Truck,11,8000,Diesel,85.64,72992.0
14702,V014703,Heavy Truck,0,20000,Diesel,90.44,84746.0
14703,V014704,Medium Truck,7,8000,Diesel,58.9,138743.0
14704,V014705,Van,0,1000,Petrol,86.23,257209.0
14705,V014706,Heavy Truck,11,20000,Diesel,87.22,155201.0
14706,V014707,Heavy Truck,10,20000,Diesel,77.61,264111.0
14707,V014708,Medium Truck,5,8000,Diesel,95.69,278189.0
14708,V014709,Van,13,1000,Petrol,87.14,343950.0
14709,V014710,Heavy Truck,11,20000,Diesel,75.39,200647.0
14710,V014711,Medium Truck,0,8000,Diesel,74.21,230036.0
14711,V014712,Light Truck,2,3500,Diesel,64.1,180653.0
14712,V014713,Heavy Truck,0,20000,Diesel,99.05,189998.0
14713,V014714,Heavy Truck,11,20000,Diesel,68.58,168503.0
14714,V014715,Light Truck,2,3500,Diesel,62.79,74729.0
14715,V014716,Motorbike,8,50,Petrol,83.48,208996.0
14716,V014717,Light Truck,12,3500,Diesel,80.88,109680.0
14717,V014718,Van,6,1000,Petrol,94.09,44073.0
14718,V014719,Light Truck,5,3500,Diesel,55.83,95222.0
14719,V014720,Van,3,1000,Petrol,82.33,150942.0
14720,V014721,Light Truck,7,3500,Diesel,73.35,101162.0
14721,V014722,Van,7,1000,Petrol,93.52,280333.0
14722,V014723,Van,1,1000,Petrol,84.17,164858.0
14723,V014724,Light Truck,10,3500,Diesel,77.29,168295.0
14724,V014725,Van,14,1000,Petrol,61.65,120539.0
14725,V014726,Medium Truck,6,8000,Diesel,91.46,126526.0
14726,V014727,Medium Truck,0,8000,Diesel,66.64,184248.0
14727,V014728,Van,14,1000,Petrol,74.82,176130.0
14728,V014729,Medium Truck,0,8000,Diesel,100.0,105848.0
14729,V014730,Van,14,1000,Petrol,77.22,71027.0
14730,V014731,Light Truck,11,3500,Diesel,85.04,64115.0
14731,V014732,Heavy Truck,12,20000,Diesel,86.08,249957.0
14732,V014733,Light Truck,8,3500,Diesel,79.06,197747.0
14733,V014734,Motorbike,7,50,Petrol,89.88,285039.0
14734,V014735,Light Truck,7,3500,Diesel,98.07,96599.0
14735,V014736,Medium Truck,14,8000,Diesel,97.32,225662.0
14736,V014737,Heavy Truck,11,20000,Diesel,87.98,335233.0
14737,V014738,Van,5,1000,Petrol,74.14,129015.0
14738,V014739,Medium Truck,13,8000,Diesel,89.39,185053.0
14739,V014740,Light Truck,1,3500,Diesel,95.74,151418.0
14740,V014741,Light Truck,14,3500,Diesel,80.23,158449.0
14741,V014742,Light Truck,13,3500,Diesel,75.1,158376.0
14742,V014743,Van,1,1000,Petrol,100.0,196089.0
14743,V014744,Light Truck,4,3500,Diesel,72.92,250356.0
14744,V014745,Light Truck,10,3500,Diesel,71.01,208393.0
14745,V014746,Van,6,1000,Petrol,82.32,1000.0
14746,V014747,Medium Truck,1,8000,Diesel,80.99,91968.0
14747,V014748,Medium Truck,2,8000,Diesel,80.12,245422.0
14748,V014749,Van,8,1000,Petrol,87.83,150382.0
14749,V014750,Medium Truck,12,8000,Diesel,93.39,238112.0
14750,V014751,Medium Truck,5,8000,Diesel,67.91,184902.0
14751,V014752,Medium Truck,13,8000,Diesel,84.19,250812.0
14752,V014753,Van,0,1000,Petrol,64.29,159037.0
14753,V014754,Medium Truck,14,8000,Diesel,60.73,245953.0
14754,V014755,Van,7,1000,Petrol,86.8,371538.0
14755,V014756,Light Truck,14,3500,Diesel,73.81,138773.0
14756,V014757,Van,10,1000,Petrol,79.83,111236.0
14757,V014758,Light Truck,7,3500,Diesel,81.42,264316.0
14758,V014759,Medium Truck,6,8000,Diesel,100.0,242547.0
14759,V014760,Medium Truck,12,8000,Diesel,88.07,122854.0
14760,V014761,Light Truck,8,3500,Diesel,82.41,329677.0
14761,V014762,Medium Truck,11,8000,Diesel,87.46,311478.0
14762,V014763,Heavy Truck,12,20000,Diesel,92.88,100788.0
14763,V014764,Light Truck,7,3500,Diesel,72.89,252642.0
14764,V014765,Van,14,1000,Petrol,97.45,141162.0
14765,V014766,Van,10,1000,Petrol,94.58,165122.0
14766,V014767,Medium Truck,14,8000,Diesel,96.48,164460.0
14767,V014768,Van,2,1000,Petrol,77.29,159516.0
14768,V014769,Van,6,1000,Petrol,81.79,235750.0
14769,V014770,Light Truck,14,3500,Diesel,74.19,284965.0
14770,V014771,Heavy Truck,1,20000,Diesel,92.79,345867.0
14771,V014772,Medium Truck,12,8000,Diesel,87.33,204882.0
14772,V014773,Medium Truck,1,8000,Diesel,64.56,401877.0
14773,V014774,Motorbike,11,50,Petrol,89.7,45983.0
14774,V014775,Van,9,1000,Petrol,100.0,206386.0
14775,V014776,Van,7,1000,Petrol,65.09,277170.0
14776,V014777,Van,5,1000,Petrol,78.97,110015.0
14777,V014778,Medium Truck,6,8000,Diesel,74.59,152278.0
14778,V014779,Van,8,1000,Petrol,68.69,226679.0
14779,V014780,Light Truck,14,3500,Diesel,78.28,163550.0
14780,V014781,Heavy Truck,5,20000,Diesel,73.08,131392.0
14781,V014782,Van,12,1000,Petrol,80.38,102900.0
14782,V014783,Van,3,1000,Petrol,84.13,213723.0
14783,V014784,Medium Truck,5,8000,Diesel,95.09,84454.0
14784,V014785,Medium Truck,7,8000,Diesel,68.89,216070.0
14785,V014786,Medium Truck,11,8000,Diesel,71.79,317821.0
14786,V014787,Light Truck,8,3500,Diesel,88.64,304924.0
14787,V014788,Medium Truck,0,8000,Diesel,98.91,95057.0
14788,V014789,Heavy Truck,10,20000,Diesel,82.09,97167.0
14789,V014790,Van,6,1000,Petrol,75.72,148227.0
14790,V014791,Motorbike,0,50,Petrol,59.31,316064.0
14791,V014792,Medium Truck,8,8000,Diesel,77.39,113536.0
14792,V014793,Medium Truck,8,8000,Diesel,75.55,50697.0
14793,V014794,Medium Truck,14,8000,Diesel,54.93,319946.0
14794,V014795,Medium Truck,11,8000,Diesel,46.77,263014.0
14795,V014796,Van,13,1000,Petrol,93.53,126865.0
14796,V014797,Van,7,1000,Petrol,81.64,155252.0
14797,V014798,Light Truck,4,3500,Diesel,54.27,208921.0
14798,V014799,Van,13,1000,Petrol,92.1,124265.0
14799,V014800,Heavy Truck,0,20000,Diesel,79.55,171761.0
14800,V014801,Medium Truck,3,8000,Diesel,74.73,180122.0
14801,V014802,Van,7,1000,Petrol,93.68,268183.0
14802,V014803,Van,4,1000,Petrol,89.77,260402.0
14803,V014804,Heavy Truck,6,20000,Diesel,79.25,223945.0
14804,V014805,Medium Truck,8,8000,Diesel,82.01,76339.0
14805,V014806,Light Truck,2,3500,Diesel,69.24,11082.0
14806,V014807,Light Truck,7,3500,Diesel,88.58,84173.0
14807,V014808,Medium Truck,5,8000,Diesel,73.13,296015.0
14808,V014809,Van,9,1000,Petrol,90.44,61530.0
14809,V014810,Van,6,1000,Petrol,85.02,174264.0
14810,V014811,Van,4,1000,Petrol,64.9,31387.0
14811,V014812,Light Truck,11,3500,Diesel,97.27,119286.0
14812,V014813,Medium Truck,6,8000,Diesel,92.59,248367.0
14813,V014814,Medium Truck,6,8000,Diesel,90.85,270253.0
14814,V014815,Medium Truck,13,8000,Diesel,57.46,68513.0
14815,V014816,Light Truck,11,3500,Diesel,55.45,239306.0
14816,V014817,Motorbike,0,50,Petrol,96.7,106546.0
14817,V014818,Heavy Truck,10,20000,Diesel,50.27,34960.0
14818,V014819,Light Truck,11,3500,Diesel,55.81,127962.0
14819,V014820,Van,11,1000,Petrol,65.46,125823.0
14820,V014821,Motorbike,10,50,Petrol,69.1,168299.0
14821,V014822,Motorbike,14,50,Petrol,100.0,253593.0
14822,V014823,Light Truck,9,3500,Diesel,76.78,33040.0
14823,V014824,Light Truck,13,3500,Diesel,48.72,88779.0
14824,V014825,Light Truck,4,3500,Diesel,57.29,1000.0
14825,V014826,Medium Truck,0,8000,Diesel,83.36,295063.0
14826,V014827,Van,2,1000,Petrol,69.91,172909.0
14827,V014828,Medium Truck,14,8000,Diesel,95.58,209775.0
14828,V014829,Heavy Truck,6,20000,Diesel,100.0,187389.0
14829,V014830,Medium Truck,13,8000,Diesel,56.55,147232.0
14830,V014831,Motorbike,7,50,Petrol,100.0,179029.0
14831,V014832,Van,4,1000,Petrol,100.0,20597.0
14832,V014833,Van,14,1000,Petrol,93.48,198328.0
14833,V014834,Light Truck,2,3500,Diesel,97.7,93391.0
14834,V014835,Van,11,1000,Petrol,50.46,227801.0
14835,V014836,Van,7,1000,Petrol,75.26,244844.0
14836,V014837,Light Truck,8,3500,Diesel,60.47,74143.0
14837,V014838,Medium Truck,8,8000,Diesel,87.07,267126.0
14838,V014839,Light Truck,5,3500,Diesel,60.67,168446.0
14839,V014840,Medium Truck,7,8000,Diesel,85.99,210446.0
14840,V014841,Van,5,1000,Petrol,100.0,140767.0
14841,V014842,Light Truck,12,3500,Diesel,93.53,203481.0
14842,V014843,Van,11,1000,Petrol,96.98,331420.0
14843,V014844,Van,14,1000,Petrol,72.14,175695.0
14844,V014845,Light Truck,14,3500,Diesel,83.9,193767.0
14845,V014846,Van,11,1000,Petrol,100.0,182784.0
14846,V014847,Medium Truck,12,8000,Diesel,80.69,1000.0
14847,V014848,Van,1,1000,Petrol,68.37,203960.0
14848,V014849,Van,6,1000,Petrol,82.07,79292.0
14849,V014850,Medium Truck,14,8000,Diesel,81.11,258875.0
14850,V014851,Van,4,1000,Petrol,77.08,63820.0
14851,V014852,Heavy Truck,3,20000,Diesel,69.84,214385.0
14852,V014853,Light Truck,1,3500,Diesel,86.58,177052.0
14853,V014854,Van,4,1000,Petrol,69.92,68221.0
14854,V014855,Heavy Truck,5,20000,Diesel,94.45,239272.0
14855,V014856,Medium Truck,13,8000,Diesel,95.28,264200.0
14856,V014857,Medium Truck,12,8000,Diesel,88.41,262449.0
14857,V014858,Heavy Truck,11,20000,Diesel,93.49,64012.0
14858,V014859,Van,6,1000,Petrol,71.53,236552.0
14859,V014860,Van,7,1000,Petrol,98.63,186133.0
14860,V014861,Light Truck,7,3500,Diesel,77.52,62221.0
14861,V014862,Medium Truck,4,8000,Diesel,75.29,210041.0
14862,V014863,Medium Truck,3,8000,Diesel,63.64,131078.0
14863,V014864,Van,3,1000,Petrol,78.92,233836.0
14864,V014865,Heavy Truck,2,20000,Diesel,61.72,1000.0
14865,V014866,Van,3,1000,Petrol,87.07,219244.0
14866,V014867,Light Truck,3,3500,Diesel,90.86,274031.0
14867,V014868,Van,4,1000,Petrol,91.63,1000.0
14868,V014869,Medium Truck,5,8000,Diesel,75.39,138125.0
14869,V014870,Light Truck,1,3500,Diesel,100.0,298446.0
14870,V014871,Van,3,1000,Petrol,85.65,165813.0
14871,V014872,Van,14,1000,Petrol,57.93,1000.0
14872,V014873,Light Truck,14,3500,Diesel,80.48,201703.0
14873,V014874,Van,3,1000,Petrol,100.0,286596.0
14874,V014875,Heavy Truck,9,20000,Diesel,78.98,234931.0
14875,V014876,Light Truck,14,3500,Diesel,92.71,215185.0
14876,V014877,Heavy Truck,0,20000,Diesel,54.35,187135.0
14877,V014878,Van,3,1000,Petrol,76.46,200718.0
14878,V014879,Van,14,1000,Petrol,83.34,103360.0
14879,V014880,Medium Truck,5,8000,Diesel,84.1,174354.0
14880,V014881,Heavy Truck,4,20000,Diesel,66.09,236813.0
14881,V014882,Light Truck,10,3500,Diesel,76.09,83124.0
14882,V014883,Van,8,1000,Petrol,89.61,162479.0
14883,V014884,Medium Truck,0,8000,Diesel,94.2,203646.0
14884,V014885,Light Truck,12,3500,Diesel,80.25,285978.0
14885,V014886,Medium Truck,12,8000,Diesel,88.87,293968.0
14886,V014887,Medium Truck,12,8000,Diesel,64.84,172693.0
14887,V014888,Medium Truck,6,8000,Diesel,80.85,166306.0
14888,V014889,Van,8,1000,Petrol,90.18,213350.0
14889,V014890,Medium Truck,2,8000,Diesel,69.05,261566.0
14890,V014891,Medium Truck,13,8000,Diesel,82.36,102002.0
14891,V014892,Medium Truck,0,8000,Diesel,76.81,221491.0
14892,V014893,Motorbike,11,50,Petrol,94.39,99124.0
14893,V014894,Van,13,1000,Petrol,86.75,62594.0
14894,V014895,Light Truck,2,3500,Diesel,81.97,313690.0
14895,V014896,Van,3,1000,Petrol,86.79,118501.0
14896,V014897,Van,9,1000,Petrol,77.38,119518.0
14897,V014898,Motorbike,11,50,Petrol,78.12,136765.0
14898,V014899,Medium Truck,12,8000,Diesel,63.77,166923.0
14899,V014900,Van,0,1000,Petrol,93.66,271338.0
14900,V014901,Light Truck,10,3500,Diesel,71.16,116174.0
14901,V014902,Van,3,1000,Petrol,84.31,181344.0
14902,V014903,Medium Truck,13,8000,Diesel,69.17,116212.0
14903,V014904,Medium Truck,3,8000,Diesel,100.0,161507.0
14904,V014905,Light Truck,3,3500,Diesel,86.34,269394.0
14905,V014906,Van,13,1000,Petrol,88.27,363680.0
14906,V014907,Light Truck,12,3500,Diesel,64.43,162840.0
14907,V014908,Van,9,1000,Petrol,100.0,80699.0
14908,V014909,Medium Truck,0,8000,Diesel,100.0,298403.0
14909,V014910,Heavy Truck,14,20000,Diesel,98.71,312377.0
14910,V014911,Light Truck,13,3500,Diesel,73.86,102988.0
14911,V014912,Van,4,1000,Petrol,56.31,257322.0
14912,V014913,Light Truck,3,3500,Diesel,96.86,353368.0
14913,V014914,Light Truck,6,3500,Diesel,92.89,124220.0
14914,V014915,Van,13,1000,Petrol,89.12,233967.0
14915,V014916,Light Truck,4,3500,Diesel,89.25,107135.0
14916,V014917,Heavy Truck,9,20000,Diesel,71.89,1000.0
14917,V014918,Van,3,1000,Petrol,83.08,189397.0
14918,V014919,Medium Truck,14,8000,Diesel,85.52,39298.0
14919,V014920,Light Truck,6,3500,Diesel,96.05,60172.0
14920,V014921,Light Truck,5,3500,Diesel,77.73,1000.0
14921,V014922,Light Truck,11,3500,Diesel,74.5,97836.0
14922,V014923,Van,3,1000,Petrol,63.25,173530.0
14923,V014924,Heavy Truck,5,20000,Diesel,77.12,30188.0
14924,V014925,Medium Truck,3,8000,Diesel,68.5,220588.0
14925,V014926,Medium Truck,2,8000,Diesel,66.81,190705.0
14926,V014927,Medium Truck,7,8000,Diesel,78.07,181057.0
14927,V014928,Medium Truck,3,8000,Diesel,69.57,95648.0
14928,V014929,Medium Truck,9,8000,Diesel,100.0,1000.0
14929,V014930,Motorbike,9,50,Petrol,93.18,108904.0
14930,V014931,Van,1,1000,Petrol,73.59,43195.0
14931,V014932,Light Truck,8,3500,Diesel,64.21,1000.0
14932,V014933,Van,3,1000,Petrol,91.27,241671.0
14933,V014934,Van,2,1000,Petrol,93.83,244669.0
14934,V014935,Heavy Truck,11,20000,Diesel,71.26,174726.0
14935,V014936,Light Truck,8,3500,Diesel,75.69,260550.0
14936,V014937,Light Truck,6,3500,Diesel,72.41,76657.0
14937,V014938,Van,5,1000,Petrol,99.95,319640.0
14938,V014939,Van,12,1000,Petrol,86.18,66802.0
14939,V014940,Van,0,1000,Petrol,86.58,124014.0
14940,V014941,Light Truck,7,3500,Diesel,86.05,158469.0
14941,V014942,Medium Truck,7,8000,Diesel,82.32,185176.0
14942,V014943,Medium Truck,12,8000,Diesel,61.34,201492.0
14943,V014944,Van,2,1000,Petrol,77.29,267581.0
14944,V014945,Medium Truck,10,8000,Diesel,68.68,137261.0
14945,V014946,Medium Truck,10,8000,Diesel,81.85,149466.0
14946,V014947,Van,8,1000,Petrol,74.45,144733.0
14947,V014948,Van,2,1000,Petrol,81.09,131041.0
14948,V014949,Medium Truck,4,8000,Diesel,61.1,249697.0
14949,V014950,Medium Truck,4,8000,Diesel,89.23,205101.0
14950,V014951,Heavy Truck,11,20000,Diesel,74.69,305570.0
14951,V014952,Van,5,1000,Petrol,81.82,113446.0
14952,V014953,Medium Truck,2,8000,Diesel,76.89,267558.0
14953,V014954,Medium Truck,3,8000,Diesel,86.4,264828.0
14954,V014955,Heavy Truck,10,20000,Diesel,87.14,195412.0
14955,V014956,Motorbike,3,50,Petrol,79.49,52954.0
14956,V014957,Medium Truck,8,8000,Diesel,83.76,55188.0
14957,V014958,Van,4,1000,Petrol,91.26,248688.0
14958,V014959,Heavy Truck,1,20000,Diesel,83.33,191458.0
14959,V014960,Medium Truck,13,8000,Diesel,83.04,188526.0
14960,V014961,Light Truck,14,3500,Diesel,85.0,190074.0
14961,V014962,Light Truck,6,3500,Diesel,59.42,365152.0
14962,V014963,Motorbike,14,50,Petrol,74.76,174171.0
14963,V014964,Medium Truck,4,8000,Diesel,87.32,64591.0
14964,V014965,Medium Truck,10,8000,Diesel,75.26,329200.0
14965,V014966,Van,10,1000,Petrol,90.24,1000.0
14966,V014967,Medium Truck,2,8000,Diesel,72.45,193693.0
14967,V014968,Medium Truck,12,8000,Diesel,100.0,249131.0
14968,V014969,Van,10,1000,Petrol,86.28,29565.0
14969,V014970,Van,3,1000,Petrol,99.61,98587.0
14970,V014971,Medium Truck,11,8000,Diesel,87.15,258867.0
14971,V014972,Heavy Truck,1,20000,Diesel,65.47,36729.0
14972,V014973,Van,13,1000,Petrol,87.9,154432.0
14973,V014974,Medium Truck,0,8000,Diesel,100.0,233534.0
14974,V014975,Light Truck,5,3500,Diesel,94.27,196260.0
14975,V014976,Medium Truck,1,8000,Diesel,61.75,1000.0
14976,V014977,Van,9,1000,Petrol,79.91,77995.0
14977,V014978,Medium Truck,1,8000,Diesel,75.21,183473.0
14978,V014979,Van,11,1000,Petrol,76.94,73697.0
14979,V014980,Medium Truck,3,8000,Diesel,84.01,141126.0
14980,V014981,Van,8,1000,Petrol,83.48,224912.0
14981,V014982,Van,4,1000,Petrol,92.59,78521.0
14982,V014983,Light Truck,8,3500,Diesel,80.18,232972.0
14983,V014984,Van,1,1000,Petrol,84.88,61183.0
14984,V014985,Medium Truck,1,8000,Diesel,83.23,284596.0
14985,V014986,Medium Truck,12,8000,Diesel,91.31,126515.0
14986,V014987,Light Truck,13,3500,Diesel,66.42,82648.0
14987,V014988,Light Truck,9,3500,Diesel,97.23,122499.0
14988,V014989,Light Truck,7,3500,Diesel,80.51,32300.0
14989,V014990,Medium Truck,10,8000,Diesel,100.0,145467.0
14990,V014991,Light Truck,5,3500,Diesel,84.72,229622.0
14991,V014992,Motorbike,7,50,Petrol,79.69,295345.0
14992,V014993,Motorbike,11,50,Petrol,80.23,54173.0
14993,V014994,Medium Truck,7,8000,Diesel,93.63,243473.0
14994,V014995,Van,6,1000,Petrol,70.3,133469.0
14995,V014996,Medium Truck,2,8000,Diesel,90.91,245536.0
14996,V014997,Medium Truck,6,8000,Diesel,100.0,201289.0
14997,V014998,Medium Truck,12,8000,Diesel,77.8,91515.0
14998,V014999,Medium Truck,14,8000,Diesel,73.72,105680.0
14999,V015000,Light Truck,12,3500,Diesel,75.55,155478.0
